scenario,seed,model,alpha,regime,miss,sar,ks,viol2
DV-R,0,cb_lr,0.05,ID-all,0.06241699867197875,0.21548583881976097,0.03123847519180006,
DV-R,0,cb_lr,0.05,ID,0.06302788844621514,0.21861232608989348,,0.315
DV-R,0,cb_lr,0.1,ID-all,0.11819389110225764,0.3496899073049682,0.03123847519180006,
DV-R,0,cb_lr,0.1,ID,0.11923638778220448,0.3433610814164028,,0.3
DV-R,0,cb_lr,0.2,ID-all,0.21115537848605578,0.4950531760044328,0.03123847519180006,
DV-R,0,cb_lr,0.2,ID,0.21559760956175297,0.4974973275485546,,0.475
DV-R,0,cb_gb,0.05,ID-all,0.05179282868525897,0.2227388530715191,0.041610121302296514,
DV-R,0,cb_gb,0.05,ID,0.053970783532536516,0.22749395898316951,,0.165
DV-R,0,cb_gb,0.1,ID-all,0.10756972111553785,0.3575955063798587,0.041610121302296514,
DV-R,0,cb_gb,0.1,ID,0.10745019920318721,0.3546556350590882,,0.075
DV-R,0,cb_gb,0.2,ID-all,0.18592297476759628,0.5145631317333217,0.041610121302296514,
DV-R,0,cb_gb,0.2,ID,0.18191235059760957,0.5081682200136233,,0.0
DV-R,0,tf_lr,0.05,ID-all,0.055776892430278883,0.2790778992205865,0.033458505240324614,
DV-R,0,tf_lr,0.05,ID,0.053904382470119507,0.2771324739561851,,0.03
DV-R,0,tf_lr,0.1,ID-all,0.10756972111553785,0.43525310033260706,0.033458505240324614,
DV-R,0,tf_lr,0.1,ID,0.1096082337317397,0.4352530653583807,,0.2
DV-R,0,tf_lr,0.2,ID-all,0.20849933598937584,0.5934489833909586,0.033458505240324614,
DV-R,0,tf_lr,0.2,ID,0.20620849933598934,0.5877578028178202,,0.14
DV-R,0,tf_gb,0.05,ID-all,0.043824701195219126,0.2490613281005726,0.0437792832318696,
DV-R,0,tf_gb,0.05,ID,0.04426294820717131,0.24312707131493988,,0.0
DV-R,0,tf_gb,0.1,ID-all,0.07702523240371846,0.3350510316153628,0.0437792832318696,
DV-R,0,tf_gb,0.1,ID,0.07650730411686588,0.339127612476106,,0.0
DV-R,0,tf_gb,0.2,ID-all,0.16733067729083664,0.5213826432657074,0.0437792832318696,
DV-R,0,tf_gb,0.2,ID,0.1660889774236388,0.5234751448565065,,0.02
DV-R,0,cb_ens,0.05,ID-all,0.06374501992031872,0.2684174599467092,0.04139756523382076,
DV-R,0,cb_ens,0.05,ID,0.06116865869853918,0.25847547002399773,,0.135
DV-R,0,cb_ens,0.1,ID-all,0.10889774236387782,0.36810911400320484,0.04139756523382076,
DV-R,0,cb_ens,0.1,ID,0.11087649402390437,0.3738159449609912,,0.275
DV-R,0,cb_ens,0.2,ID-all,0.19256308100929614,0.5194924777613917,0.04139756523382076,
DV-R,0,cb_ens,0.2,ID,0.19342629482071716,0.5238889184021676,,0.03
DV-R,0,tf_ens,0.05,ID-all,0.05046480743691899,0.291188009047186,0.03136927892624668,
DV-R,0,tf_ens,0.05,ID,0.050458167330677275,0.29143236710359444,,0.05
DV-R,0,tf_ens,0.1,ID-all,0.09561752988047809,0.42350890426029864,0.03136927892624668,
DV-R,0,tf_ens,0.1,ID,0.09539176626826029,0.42862593839306995,,0.035
DV-R,0,tf_ens,0.2,ID-all,0.1952191235059761,0.5933790636818036,0.03136927892624668,
DV-R,0,tf_ens,0.2,ID,0.1908764940239044,0.5890772012516311,,0.1
DV-R,0,all_ens,0.05,ID-all,0.05976095617529881,0.29691444080484586,0.03673949891269396,
DV-R,0,all_ens,0.05,ID,0.05630810092961487,0.29846246525598324,,0.13
DV-R,0,all_ens,0.1,ID-all,0.10756972111553785,0.44047377891766576,0.03673949891269396,
DV-R,0,all_ens,0.1,ID,0.10700531208499335,0.4316397032109883,,0.08
DV-R,0,all_ens,0.2,ID-all,0.1646746347941567,0.5669190799785137,0.03673949891269396,
DV-R,0,all_ens,0.2,ID,0.1708964143426295,0.5701126319530943,,0.005
DV-R,1,cb_lr,0.05,ID-all,0.052840158520475564,0.18929396444606061,0.04234521880353765,
DV-R,1,cb_lr,0.05,ID,0.05422721268163805,0.1912271904840992,,0.035
DV-R,1,cb_lr,0.1,ID-all,0.09907529722589167,0.3055893732621524,0.04234521880353765,
DV-R,1,cb_lr,0.1,ID,0.09953764861294584,0.30147152090393353,,0.11
DV-R,1,cb_lr,0.2,ID-all,0.2192866578599736,0.49983429019725034,0.04234521880353765,
DV-R,1,cb_lr,0.2,ID,0.22052179656538967,0.49807907885916153,,0.475
DV-R,1,cb_gb,0.05,ID-all,0.05019815059445178,0.2245055958675059,0.04102421484052576,
DV-R,1,cb_gb,0.05,ID,0.044643328929986785,0.21126332309069754,,0.035
DV-R,1,cb_gb,0.1,ID-all,0.11889035667107001,0.3690214175076403,0.04102421484052576,
DV-R,1,cb_gb,0.1,ID,0.11819682959048876,0.36772696379627123,,0.375
DV-R,1,cb_gb,0.2,ID-all,0.20871862615587847,0.5307577602128019,0.04102421484052576,
DV-R,1,cb_gb,0.2,ID,0.20011889035667108,0.5273811124880234,,0.12
DV-R,1,tf_lr,0.05,ID-all,0.046235138705416116,0.2647879577039459,0.040633796665222655,
DV-R,1,tf_lr,0.05,ID,0.04655217965653897,0.26170679023216203,,0.02
DV-R,1,tf_lr,0.1,ID-all,0.10303830911492734,0.42729888293973506,0.040633796665222655,
DV-R,1,tf_lr,0.1,ID,0.10215323645970939,0.41934398481406077,,0.23
DV-R,1,tf_lr,0.2,ID-all,0.18758256274768825,0.6022470735483111,0.040633796665222655,
DV-R,1,tf_lr,0.2,ID,0.18543593130779393,0.5943938894276235,,0.045
DV-R,1,tf_gb,0.05,ID-all,0.02509907529722589,0.18649907237768001,0.035845380140728814,
DV-R,1,tf_gb,0.05,ID,0.026228533685601057,0.18784938399802434,,0.0
DV-R,1,tf_gb,0.1,ID-all,0.07661822985468957,0.3602933708560023,0.035845380140728814,
DV-R,1,tf_gb,0.1,ID,0.08010568031704095,0.35092751222835367,,0.02
DV-R,1,tf_gb,0.2,ID-all,0.1928665785997358,0.5421090088967869,0.035845380140728814,
DV-R,1,tf_gb,0.2,ID,0.19489431968295903,0.5470212292272381,,0.03
DV-R,1,cb_ens,0.05,ID-all,0.05019815059445178,0.24186186781543692,0.037888390318342346,
DV-R,1,cb_ens,0.05,ID,0.05317701453104359,0.2399347508077683,,0.055
DV-R,1,cb_ens,0.1,ID-all,0.1096433289299868,0.36658986208193917,0.037888390318342346,
DV-R,1,cb_ens,0.1,ID,0.11077278731836197,0.36497996509783076,,0.335
DV-R,1,cb_ens,0.2,ID-all,0.19947159841479525,0.5270405550131799,0.037888390318342346,
DV-R,1,cb_ens,0.2,ID,0.2047886393659181,0.5277605191272149,,0.16
DV-R,1,tf_ens,0.05,ID-all,0.034346103038309116,0.26156984002990724,0.029374065180225232,
DV-R,1,tf_ens,0.05,ID,0.035389696169088505,0.2663095955891578,,0.0
DV-R,1,tf_ens,0.1,ID-all,0.08190224570673713,0.4210063849530349,0.029374065180225232,
DV-R,1,tf_ens,0.1,ID,0.08290620871862614,0.41854434571790816,,0.01
DV-R,1,tf_ens,0.2,ID-all,0.1955085865257596,0.5930359123280362,0.029374065180225232,
DV-R,1,tf_ens,0.2,ID,0.1983091149273448,0.5973827063185126,,0.125
DV-R,1,all_ens,0.05,ID-all,0.04491413474240423,0.2852864854059904,0.037717248104510846,
DV-R,1,all_ens,0.05,ID,0.044768824306472915,0.28633924091459934,,0.0
DV-R,1,all_ens,0.1,ID-all,0.07926023778071334,0.39000705301755817,0.037717248104510846,
DV-R,1,all_ens,0.1,ID,0.08830250990752972,0.40068134034632424,,0.035
DV-R,1,all_ens,0.2,ID-all,0.190224570673712,0.581820414526955,0.037717248104510846,
DV-R,1,all_ens,0.2,ID,0.19396301188903567,0.5875424545478587,,0.1
DV-R,2,cb_lr,0.05,ID-all,0.043184885290148446,0.21282875110521862,0.04818178502389029,
DV-R,2,cb_lr,0.05,ID,0.046497975708502025,0.21140073675931562,,0.035
DV-R,2,cb_lr,0.1,ID-all,0.1106612685560054,0.36202403654860166,0.04818178502389029,
DV-R,2,cb_lr,0.1,ID,0.11083670715249663,0.35749922013890495,,0.32
DV-R,2,cb_lr,0.2,ID-all,0.1862348178137652,0.4879262746341672,0.04818178502389029,
DV-R,2,cb_lr,0.2,ID,0.18882591093117412,0.48689617766901333,,0.0
DV-R,2,cb_gb,0.05,ID-all,0.03913630229419703,0.20074170441998404,0.044570886676149835,
DV-R,2,cb_gb,0.05,ID,0.04004048582995951,0.20617466922250402,,0.0
DV-R,2,cb_gb,0.1,ID-all,0.08906882591093117,0.33586660288526615,0.044570886676149835,
DV-R,2,cb_gb,0.1,ID,0.08900809716599191,0.3361755827832995,,0.06
DV-R,2,cb_gb,0.2,ID-all,0.19433198380566802,0.527714559033678,0.044570886676149835,
DV-R,2,cb_gb,0.2,ID,0.1981983805668016,0.5281747358256631,,0.17
DV-R,2,tf_lr,0.05,ID-all,0.02564102564102564,0.26308883116676907,0.05252215778531568,
DV-R,2,tf_lr,0.05,ID,0.025883940620782725,0.2547952972295087,,0.0
DV-R,2,tf_lr,0.1,ID-all,0.06747638326585695,0.389029259649462,0.05252215778531568,
DV-R,2,tf_lr,0.1,ID,0.06578947368421052,0.39150757986652435,,0.0
DV-R,2,tf_lr,0.2,ID-all,0.21862348178137653,0.6133527596094801,0.05252215778531568,
DV-R,2,tf_lr,0.2,ID,0.21423751686909584,0.6084142714813121,,0.455
DV-R,2,tf_gb,0.05,ID-all,0.037786774628879895,0.22877382777120464,0.04661341503446766,
DV-R,2,tf_gb,0.05,ID,0.040134952766531715,0.22634709779068793,,0.03
DV-R,2,tf_gb,0.1,ID-all,0.10121457489878542,0.38774193397001133,0.04661341503446766,
DV-R,2,tf_gb,0.1,ID,0.10260458839406207,0.38438243505970815,,0.125
DV-R,2,tf_gb,0.2,ID-all,0.18218623481781376,0.5208080981125726,0.04661341503446766,
DV-R,2,tf_gb,0.2,ID,0.1815654520917679,0.5207056222415598,,0.0
DV-R,2,cb_ens,0.05,ID-all,0.03913630229419703,0.22759811298993562,0.05507531823321297,
DV-R,2,cb_ens,0.05,ID,0.043603238866396755,0.23159790921001278,,0.0
DV-R,2,cb_ens,0.1,ID-all,0.09041835357624832,0.37341408185602026,0.05507531823321297,
DV-R,2,cb_ens,0.1,ID,0.08693657219973008,0.36876524400540595,,0.005
DV-R,2,cb_ens,0.2,ID-all,0.19568151147098514,0.5290371148170555,0.05507531823321297,
DV-R,2,cb_ens,0.2,ID,0.19275303643724695,0.5253052654223229,,0.21
DV-R,2,tf_ens,0.05,ID-all,0.0310391363022942,0.28774065117629116,0.06612685560053981,
DV-R,2,tf_ens,0.05,ID,0.03199730094466937,0.2844638342046481,,0.0
DV-R,2,tf_ens,0.1,ID-all,0.08636977058029689,0.40692047297558726,0.06612685560053981,
DV-R,2,tf_ens,0.1,ID,0.08469635627530366,0.4086188178462081,,0.02
DV-R,2,tf_ens,0.2,ID-all,0.18218623481781376,0.5826402945875773,0.06612685560053981,
DV-R,2,tf_ens,0.2,ID,0.18628879892037786,0.587235466398914,,0.085
DV-R,2,all_ens,0.05,ID-all,0.033738191632928474,0.2691504629435499,0.04471678155888682,
DV-R,2,all_ens,0.05,ID,0.034851551956815115,0.2710347723691118,,0.0
DV-R,2,all_ens,0.1,ID-all,0.08502024291497975,0.4343280286856462,0.04471678155888682,
DV-R,2,all_ens,0.1,ID,0.08064777327935223,0.419887478102214,,0.0
DV-R,2,all_ens,0.2,ID-all,0.20242914979757085,0.6006049284147569,0.04471678155888682,
DV-R,2,all_ens,0.2,ID,0.1994399460188934,0.5940436065212202,,0.09
BV-R,0,cb_lr,0.05,ID-all,0.035856573705179286,0.45236544210998103,0.04197528172762666,
BV-R,0,cb_lr,0.05,ID,0.03916334661354582,0.45923261903504153,,0.02
BV-R,0,cb_lr,0.1,ID-all,0.0849933598937583,0.5931939658096926,0.04197528172762666,
BV-R,0,cb_lr,0.1,ID,0.08896414342629483,0.5931451157898016,,0.005
BV-R,0,cb_lr,0.2,ID-all,0.19389110225763612,0.7507622782186647,0.04197528172762666,
BV-R,0,cb_lr,0.2,ID,0.190531208499336,0.7459650269780975,,0.065
BV-R,0,cb_gb,0.05,ID-all,0.05444887118193891,0.49592015533036704,0.05179101196672498,
BV-R,0,cb_gb,0.05,ID,0.05478751660026559,0.5027219838296901,,0.0
BV-R,0,cb_gb,0.1,ID-all,0.09428950863213811,0.6238256242881237,0.05179101196672498,
BV-R,0,cb_gb,0.1,ID,0.0897078353253652,0.612353234596482,,0.005
BV-R,0,cb_gb,0.2,ID-all,0.18326693227091634,0.723344070130376,0.05179101196672498,
BV-R,0,cb_gb,0.2,ID,0.1809229747675963,0.7230047229117624,,0.01
BV-R,0,tf_lr,0.05,ID-all,0.043824701195219126,0.3438858468742838,0.052772039975074625,
BV-R,0,tf_lr,0.05,ID,0.044090305444887117,0.35010032168754635,,0.005
BV-R,0,tf_lr,0.1,ID-all,0.08100929614873838,0.48477695873694615,0.052772039975074625,
BV-R,0,tf_lr,0.1,ID,0.08389110225763613,0.48590709728530596,,0.03
BV-R,0,tf_lr,0.2,ID-all,0.22310756972111553,0.6636695143239787,0.052772039975074625,
BV-R,0,tf_lr,0.2,ID,0.21593625498007968,0.6627068590477445,,0.58
BV-R,0,tf_gb,0.05,ID-all,0.055776892430278883,0.26905359849065635,0.049561898325530526,
BV-R,0,tf_gb,0.05,ID,0.054402390438247,0.2736387981323809,,0.01
BV-R,0,tf_gb,0.1,ID-all,0.07702523240371846,0.39013331012590324,0.049561898325530526,
BV-R,0,tf_gb,0.1,ID,0.07944223107569723,0.39242750876356064,,0.0
BV-R,0,tf_gb,0.2,ID-all,0.1699867197875166,0.5560928134433292,0.049561898325530526,
BV-R,0,tf_gb,0.2,ID,0.16922974767596283,0.5562126484711843,,0.0
BV-R,0,cb_ens,0.05,ID-all,0.04780876494023904,0.5592103505783489,0.03852896666866506,
BV-R,0,cb_ens,0.05,ID,0.04665338645418327,0.5580511309166265,,0.005
BV-R,0,cb_ens,0.1,ID-all,0.08897742363877822,0.6602908974973284,0.03852896666866506,
BV-R,0,cb_ens,0.1,ID,0.09429614873837981,0.6596957145710356,,0.13
BV-R,0,cb_ens,0.2,ID-all,0.18193891102257637,0.7685334701180915,0.03852896666866506,
BV-R,0,cb_ens,0.2,ID,0.1822111553784861,0.7698193798280623,,0.005
BV-R,0,tf_ens,0.05,ID-all,0.049136786188579015,0.3638257559368178,0.028833139852809466,
BV-R,0,tf_ens,0.05,ID,0.05011952191235059,0.3651469332063985,,0.015
BV-R,0,tf_ens,0.1,ID-all,0.08233731739707835,0.48156350834680367,0.028833139852809466,
BV-R,0,tf_ens,0.1,ID,0.08379814077025234,0.48969015641522273,,0.01
BV-R,0,tf_ens,0.2,ID-all,0.18193891102257637,0.6347351307758278,0.028833139852809466,
BV-R,0,tf_ens,0.2,ID,0.1853054448871182,0.638352138037324,,0.1
BV-R,0,all_ens,0.05,ID-all,0.049136786188579015,0.5756731265620687,0.03331861791320809,
BV-R,0,all_ens,0.05,ID,0.049482071713147405,0.5734471761302121,,0.015
BV-R,0,all_ens,0.1,ID-all,0.0849933598937583,0.6718988713051419,0.03331861791320809,
BV-R,0,all_ens,0.1,ID,0.08969455511288181,0.6734472582806029,,0.01
BV-R,0,all_ens,0.2,ID-all,0.1806108897742364,0.7658440525960752,0.03331861791320809,
BV-R,0,all_ens,0.2,ID,0.18267596281540505,0.7661170865365365,,0.07
BV-R,1,cb_lr,0.05,ID-all,0.046235138705416116,0.508810055467792,0.04075502240001996,
BV-R,1,cb_lr,0.05,ID,0.04643328929986789,0.5031474399103072,,0.01
BV-R,1,cb_lr,0.1,ID-all,0.10039630118890357,0.6361890822602303,0.04075502240001996,
BV-R,1,cb_lr,0.1,ID,0.09418758256274767,0.6279149097863913,,0.025
BV-R,1,cb_lr,0.2,ID-all,0.21268163804491413,0.7742060732590881,0.04075502240001996,
BV-R,1,cb_lr,0.2,ID,0.2112087186261559,0.7739456012195413,,0.35
BV-R,1,cb_gb,0.05,ID-all,0.06605019815059446,0.5802147344694158,0.053565730197865355,
BV-R,1,cb_gb,0.05,ID,0.061882430647291944,0.5633167623543859,,0.43
BV-R,1,cb_gb,0.1,ID-all,0.1083223249669749,0.6740542910244071,0.053565730197865355,
BV-R,1,cb_gb,0.1,ID,0.10532364597093792,0.6665015359723523,,0.19
BV-R,1,cb_gb,0.2,ID-all,0.21400264200792601,0.78783901230219,0.053565730197865355,
BV-R,1,cb_gb,0.2,ID,0.21878467635402907,0.7883412708788924,,0.395
BV-R,1,tf_lr,0.05,ID-all,0.05548216644649934,0.3574437679037108,0.02972882872764678,
BV-R,1,tf_lr,0.05,ID,0.054055482166446504,0.3435245447627574,,0.02
BV-R,1,tf_lr,0.1,ID-all,0.09247027741083223,0.49882985105277494,0.02972882872764678,
BV-R,1,tf_lr,0.1,ID,0.0922655217965654,0.49264976581745495,,0.03
BV-R,1,tf_lr,0.2,ID-all,0.202113606340819,0.6909851641462931,0.02972882872764678,
BV-R,1,tf_lr,0.2,ID,0.1998745046235139,0.6913747194569498,,0.13
BV-R,1,tf_gb,0.05,ID-all,0.0488771466314399,0.277649901233792,0.03245284229779815,
BV-R,1,tf_gb,0.05,ID,0.05340819022457067,0.28513335556436464,,0.15
BV-R,1,tf_gb,0.1,ID-all,0.0964332892998679,0.4208526933147869,0.03245284229779815,
BV-R,1,tf_gb,0.1,ID,0.09349405548216644,0.4167916404546379,,0.005
BV-R,1,tf_gb,0.2,ID-all,0.18890356671070013,0.6095713055833173,0.03245284229779815,
BV-R,1,tf_gb,0.2,ID,0.18963011889035666,0.6022906833337117,,0.17
BV-R,1,cb_ens,0.05,ID-all,0.05680317040951123,0.5952612899845896,0.040357473299140544,
BV-R,1,cb_ens,0.05,ID,0.05385733157199471,0.5837830821351193,,0.095
BV-R,1,cb_ens,0.1,ID-all,0.10435931307793923,0.6977619819751524,0.040357473299140544,
BV-R,1,cb_ens,0.1,ID,0.1041215323645971,0.6979666107548881,,0.19
BV-R,1,cb_ens,0.2,ID-all,0.21268163804491413,0.8174924336727223,0.040357473299140544,
BV-R,1,cb_ens,0.2,ID,0.21235138705416112,0.8196209766544073,,0.31
BV-R,1,tf_ens,0.05,ID-all,0.059445178335535004,0.34859557381137735,0.026161583208096452,
BV-R,1,tf_ens,0.05,ID,0.057457067371202125,0.34498875404146234,,0.155
BV-R,1,tf_ens,0.1,ID-all,0.10700132100396301,0.5247476850131982,0.026161583208096452,
BV-R,1,tf_ens,0.1,ID,0.1075231175693527,0.5242567340253429,,0.21
BV-R,1,tf_ens,0.2,ID-all,0.18626155878467635,0.6824455150211924,0.026161583208096452,
BV-R,1,tf_ens,0.2,ID,0.18961690885072657,0.6838299014580811,,0.05
BV-R,1,all_ens,0.05,ID-all,0.047556142668428,0.6070775200957608,0.03723769335950383,
BV-R,1,all_ens,0.05,ID,0.05040290620871862,0.6038625204072596,,0.05
BV-R,1,all_ens,0.1,ID-all,0.1096433289299868,0.7031927920067212,0.03723769335950383,
BV-R,1,all_ens,0.1,ID,0.10237120211360634,0.6969461633542955,,0.125
BV-R,1,all_ens,0.2,ID-all,0.2047556142668428,0.8164529345141744,0.03723769335950383,
BV-R,1,all_ens,0.2,ID,0.19957727873183623,0.8120772260266097,,0.115
BV-R,2,cb_lr,0.05,ID-all,0.06747638326585695,0.4559325084986833,0.0480358901411533,
BV-R,2,cb_lr,0.05,ID,0.0643859649122807,0.4509927724512094,,0.405
BV-R,2,cb_lr,0.1,ID-all,0.1214574898785425,0.6218181472090752,0.0480358901411533,
BV-R,2,cb_lr,0.1,ID,0.1190485829959514,0.6161558426603031,,0.48
BV-R,2,cb_lr,0.2,ID-all,0.20512820512820512,0.7716014839805654,0.0480358901411533,
BV-R,2,cb_lr,0.2,ID,0.207834008097166,0.7742184113705328,,0.16
BV-R,2,cb_gb,0.05,ID-all,0.07827260458839407,0.5374437534845077,0.03454061348798191,
BV-R,2,cb_gb,0.05,ID,0.07396086369770581,0.5306920659985654,,0.715
BV-R,2,cb_gb,0.1,ID-all,0.12550607287449392,0.6289239857412919,0.03454061348798191,
BV-R,2,cb_gb,0.1,ID,0.11758434547908231,0.6211331341270039,,0.47
BV-R,2,cb_gb,0.2,ID-all,0.21592442645074225,0.7470287573534927,0.03454061348798191,
BV-R,2,cb_gb,0.2,ID,0.21679487179487178,0.7472822495469478,,0.365
BV-R,2,tf_lr,0.05,ID-all,0.03508771929824561,0.3017898499450988,0.047014625961994384,
BV-R,2,tf_lr,0.05,ID,0.04079622132253711,0.31412849218741556,,0.0
BV-R,2,tf_lr,0.1,ID-all,0.09986504723346828,0.4807657105300384,0.047014625961994384,
BV-R,2,tf_lr,0.1,ID,0.09344129554655868,0.4630559801635475,,0.045
BV-R,2,tf_lr,0.2,ID-all,0.18353576248313092,0.6518913847857799,0.047014625961994384,
BV-R,2,tf_lr,0.2,ID,0.18569500674763834,0.650432414985389,,0.015
BV-R,2,tf_gb,0.05,ID-all,0.058029689608636977,0.2997900705313965,0.04234598971441077,
BV-R,2,tf_gb,0.05,ID,0.05694331983805668,0.2881077096697201,,0.125
BV-R,2,tf_gb,0.1,ID-all,0.11740890688259109,0.4163541132349924,0.04234598971441077,
BV-R,2,tf_gb,0.1,ID,0.11542510121457489,0.4158005466002072,,0.47
BV-R,2,tf_gb,0.2,ID-all,0.19163292847503374,0.5612745218540368,0.04234598971441077,
BV-R,2,tf_gb,0.2,ID,0.1941767881241565,0.5675210237678422,,0.085
BV-R,2,cb_ens,0.05,ID-all,0.07017543859649122,0.5583841616882533,0.0437684648210964,
BV-R,2,cb_ens,0.05,ID,0.07076923076923076,0.5634918573917922,,0.585
BV-R,2,cb_ens,0.1,ID-all,0.09851551956815115,0.6658748857829201,0.0437684648210964,
BV-R,2,cb_ens,0.1,ID,0.10412955465587044,0.6695369449577996,,0.14
BV-R,2,cb_ens,0.2,ID-all,0.23616734143049933,0.7938568345650615,0.0437684648210964,
BV-R,2,cb_ens,0.2,ID,0.23789473684210527,0.7965632929781404,,0.84
BV-R,2,tf_ens,0.05,ID-all,0.044534412955465584,0.33552770528211995,0.03669256300835248,
BV-R,2,tf_ens,0.05,ID,0.05029014844804319,0.3428971829096924,,0.145
BV-R,2,tf_ens,0.1,ID-all,0.09851551956815115,0.4857204487835035,0.03669256300835248,
BV-R,2,tf_ens,0.1,ID,0.09915654520917679,0.48102242956888175,,0.07
BV-R,2,tf_ens,0.2,ID-all,0.18893387314439947,0.6471376111725676,0.03669256300835248,
BV-R,2,tf_ens,0.2,ID,0.18427125506072875,0.6471666689556794,,0.0
BV-R,2,all_ens,0.05,ID-all,0.06612685560053981,0.5688543657901263,0.036181930918773024,
BV-R,2,all_ens,0.05,ID,0.06632928475033738,0.5709390147687698,,0.43
BV-R,2,all_ens,0.1,ID-all,0.12550607287449392,0.6854184084937222,0.036181930918773024,
BV-R,2,all_ens,0.1,ID,0.12600539811066125,0.6813002697975084,,0.855
BV-R,2,all_ens,0.2,ID-all,0.21187584345479082,0.778841298939617,0.036181930918773024,
BV-R,2,all_ens,0.2,ID,0.21242914979757083,0.7779491604478704,,0.22
DV-P,0,cb_lr,0.05,ID-all,0.08103347034644745,0.19630403415459993,0.08627254322913765,
DV-P,0,cb_lr,0.05,ID,0.08573106283029946,0.20789368443677816,,0.955
DV-P,0,cb_lr,0.05,Target-50,0.027883147386964183,0.0814012742101139,,0.07
DV-P,0,cb_lr,0.05,TargetPAC-50,0.013094539048737523,0.037334491204452015,,0.02
DV-P,0,cb_lr,0.05,Target-100,0.0408602466236054,0.11621704292492714,,0.11
DV-P,0,cb_lr,0.05,TargetPAC-100,0.012615971814445097,0.03960439544262965,,0.0
DV-P,0,cb_lr,0.05,Target-200,0.03993540810334704,0.11803260441394149,,0.02
DV-P,0,cb_lr,0.05,TargetPAC-200,0.02153846153846154,0.06798134590897971,,0.0
DV-P,0,cb_lr,0.1,ID-all,0.13388138578978273,0.3088726258795818,0.08627254322913765,
DV-P,0,cb_lr,0.1,ID,0.1348443922489724,0.31004372744647524,,0.965
DV-P,0,cb_lr,0.1,Target-50,0.08734879624192601,0.21295872939097688,,0.19
DV-P,0,cb_lr,0.1,TargetPAC-50,0.03322665883734586,0.09203120326807021,,0.005
DV-P,0,cb_lr,0.1,Target-100,0.08736347621843805,0.21298810822121056,,0.055
DV-P,0,cb_lr,0.1,TargetPAC-100,0.0495713446858485,0.1370087471047616,,0.005
DV-P,0,cb_lr,0.1,Target-200,0.09048150322959483,0.2179877922932057,,0.02
DV-P,0,cb_lr,0.1,TargetPAC-200,0.0651174398120963,0.1691103466615289,,0.0
DV-P,0,cb_lr,0.2,ID-all,0.26071638285378745,0.47337226684146627,0.08627254322913765,
DV-P,0,cb_lr,0.2,ID,0.26512624779800353,0.47765968049658575,,1.0
DV-P,0,cb_lr,0.2,Target-50,0.17406928948913683,0.3592601731011858,,0.2
DV-P,0,cb_lr,0.2,TargetPAC-50,0.09867293012331178,0.23530527179521088,,0.005
DV-P,0,cb_lr,0.2,Target-100,0.17397827363476218,0.3620846584598702,,0.12
DV-P,0,cb_lr,0.2,TargetPAC-100,0.1250704638872578,0.28699897100831556,,0.005
DV-P,0,cb_lr,0.2,Target-200,0.17317968291250735,0.3626196197031394,,0.035
DV-P,0,cb_lr,0.2,TargetPAC-200,0.13870522607163827,0.3147925780560292,,0.0
DV-P,0,cb_gb,0.05,ID-all,0.058719906048150326,0.1817526601568741,0.08033768946456303,
DV-P,0,cb_gb,0.05,ID,0.06399295361127423,0.19512381313912808,,0.23
DV-P,0,cb_gb,0.05,Target-50,0.030848502642395772,0.10029078164730464,,0.085
DV-P,0,cb_gb,0.05,TargetPAC-50,0.013470346447445682,0.0473865772635277,,0.005
DV-P,0,cb_gb,0.05,Target-100,0.042049324721080444,0.135151452629318,,0.07
DV-P,0,cb_gb,0.05,TargetPAC-100,0.012610099823840282,0.046056390073703816,,0.0
DV-P,0,cb_gb,0.05,Target-200,0.041617733411626535,0.13528176062569822,,0.015
DV-P,0,cb_gb,0.05,TargetPAC-200,0.022489724016441573,0.07867717162597676,,0.0
DV-P,0,cb_gb,0.1,ID-all,0.09982384028185555,0.28660533038508496,0.08033768946456303,
DV-P,0,cb_gb,0.1,ID,0.1002348796241926,0.2899783777524385,,0.005
DV-P,0,cb_gb,0.1,Target-50,0.08376100998238403,0.24301905192742282,,0.065
DV-P,0,cb_gb,0.1,TargetPAC-50,0.029732824427480917,0.09654460238820967,,0.01
DV-P,0,cb_gb,0.1,Target-100,0.08554903112155021,0.2504355744684076,,0.05
DV-P,0,cb_gb,0.1,TargetPAC-100,0.051039342337052256,0.15959073509279176,,0.0
DV-P,0,cb_gb,0.1,Target-200,0.08684086905460951,0.25403210523748987,,0.01
DV-P,0,cb_gb,0.1,TargetPAC-200,0.06342924251321197,0.19273732190890086,,0.0
DV-P,0,cb_gb,0.2,ID-all,0.20610687022900764,0.46740714535822,0.08033768946456303,
DV-P,0,cb_gb,0.2,ID,0.2046799765120376,0.46961456859709244,,0.085
DV-P,0,cb_gb,0.2,Target-50,0.1768761009982384,0.4272132105461614,,0.15
DV-P,0,cb_gb,0.2,TargetPAC-50,0.105079271873165,0.2926140892180072,,0.01
DV-P,0,cb_gb,0.2,Target-100,0.17706106870229008,0.4296648369131717,,0.07
DV-P,0,cb_gb,0.2,TargetPAC-100,0.12775689958896067,0.3463863783895734,,0.005
DV-P,0,cb_gb,0.2,Target-200,0.18241926012918377,0.4378077286949699,,0.01
DV-P,0,cb_gb,0.2,TargetPAC-200,0.1433147386964181,0.3768962929980529,,0.0
DV-P,0,tf_lr,0.05,ID-all,0.08866705813270699,0.2495246067556221,0.2706859085083858,
DV-P,0,tf_lr,0.05,ID,0.08755137991779213,0.24631600692433928,,0.99
DV-P,0,tf_lr,0.05,Target-50,0.03613623018203171,0.11738768238621745,,0.075
DV-P,0,tf_lr,0.05,TargetPAC-50,0.017342924251321196,0.06301150276830646,,0.005
DV-P,0,tf_lr,0.05,Target-100,0.04596887844979449,0.1453473401783194,,0.12
DV-P,0,tf_lr,0.05,TargetPAC-100,0.019497944803288314,0.07043846503830795,,0.01
DV-P,0,tf_lr,0.05,Target-200,0.047821491485613626,0.151965771035342,,0.065
DV-P,0,tf_lr,0.05,TargetPAC-200,0.028414562536699942,0.09824077067802499,,0.005
DV-P,0,tf_lr,0.1,ID-all,0.18438050499119202,0.4237631613431503,0.2706859085083858,
DV-P,0,tf_lr,0.1,ID,0.18083382266588374,0.41761328109644774,,0.99
DV-P,0,tf_lr,0.1,Target-50,0.08921315325895478,0.24588244520172253,,0.145
DV-P,0,tf_lr,0.1,TargetPAC-50,0.03419260129183793,0.112518578032255,,0.0
DV-P,0,tf_lr,0.1,Target-100,0.09460364063417498,0.25992141428924925,,0.09
DV-P,0,tf_lr,0.1,TargetPAC-100,0.05447739283617146,0.16767815697297464,,0.0
DV-P,0,tf_lr,0.1,Target-200,0.09377275396359366,0.25826483291667546,,0.025
DV-P,0,tf_lr,0.1,TargetPAC-200,0.06978567234292425,0.20605445613270057,,0.005
DV-P,0,tf_lr,0.2,ID-all,0.29418672930123313,0.5745433294619808,0.2706859085083858,
DV-P,0,tf_lr,0.2,ID,0.2977657075748679,0.5762051578138877,,1.0
DV-P,0,tf_lr,0.2,Target-50,0.17660305343511454,0.4090417804508047,,0.19
DV-P,0,tf_lr,0.2,TargetPAC-50,0.10983558426306518,0.2894323461115876,,0.01
DV-P,0,tf_lr,0.2,Target-100,0.17740164415736934,0.41194732754553365,,0.09
DV-P,0,tf_lr,0.2,TargetPAC-100,0.1366793893129771,0.3472555936788603,,0.0
DV-P,0,tf_lr,0.2,Target-200,0.1822753963593658,0.41919012691903385,,0.03
DV-P,0,tf_lr,0.2,TargetPAC-200,0.15275102759835582,0.3766325619496562,,0.0
DV-P,0,tf_gb,0.05,ID-all,0.041103934233705224,0.15112532983736143,0.11215359184379076,
DV-P,0,tf_gb,0.05,ID,0.0423429242513212,0.1566216083234861,,0.0
DV-P,0,tf_gb,0.05,Target-50,0.038317674691720496,0.1373137832170397,,0.09
DV-P,0,tf_gb,0.05,TargetPAC-50,0.021106870229007636,0.08453028230314796,,0.045
DV-P,0,tf_gb,0.05,Target-100,0.04795361127422195,0.16839567023795965,,0.1
DV-P,0,tf_gb,0.05,TargetPAC-100,0.021512037580739874,0.08728241218425932,,0.0
DV-P,0,tf_gb,0.05,Target-200,0.04755431591309454,0.1714987122212314,,0.04
DV-P,0,tf_gb,0.05,TargetPAC-200,0.03325895478567234,0.12283422008871236,,0.0
DV-P,0,tf_gb,0.1,ID-all,0.09982384028185555,0.2996705519217863,0.11215359184379076,
DV-P,0,tf_gb,0.1,ID,0.10116852613035818,0.30028401035474145,,0.02
DV-P,0,tf_gb,0.1,Target-50,0.08985907222548443,0.2681679306282151,,0.155
DV-P,0,tf_gb,0.1,TargetPAC-50,0.038740458015267175,0.13966674907833615,,0.01
DV-P,0,tf_gb,0.1,Target-100,0.09158543746330007,0.27537967663972934,,0.13
DV-P,0,tf_gb,0.1,TargetPAC-100,0.05968584850264239,0.2019528722393668,,0.005
DV-P,0,tf_gb,0.1,Target-200,0.0918761009982384,0.27766829423370337,,0.04
DV-P,0,tf_gb,0.1,TargetPAC-200,0.07160892542571932,0.23239433035159088,,0.0
DV-P,0,tf_gb,0.2,ID-all,0.26482677627715795,0.5604251759116642,0.11215359184379076,
DV-P,0,tf_gb,0.2,ID,0.26021432765707575,0.5549644804419231,,0.97
DV-P,0,tf_gb,0.2,Target-50,0.18002055196711683,0.43171894255284315,,0.145
DV-P,0,tf_gb,0.2,TargetPAC-50,0.10880798590722254,0.3072267989675549,,0.0
DV-P,0,tf_gb,0.2,Target-100,0.18261890780974752,0.43803634413770964,,0.095
DV-P,0,tf_gb,0.2,TargetPAC-100,0.1356576629477393,0.3592880589161604,,0.005
DV-P,0,tf_gb,0.2,Target-200,0.18542571931884907,0.44284081082196214,,0.02
DV-P,0,tf_gb,0.2,TargetPAC-200,0.1557017028772754,0.39239378332337693,,0.0
DV-P,0,cb_ens,0.05,ID-all,0.06870229007633588,0.2081539986379947,0.0828279278159481,
DV-P,0,cb_ens,0.05,ID,0.07107457428068115,0.21449584682335185,,0.44
DV-P,0,cb_ens,0.05,Target-50,0.028282442748091604,0.09203576828845289,,0.04
DV-P,0,cb_ens,0.05,TargetPAC-50,0.011823253082795068,0.03867528256857569,,0.005
DV-P,0,cb_ens,0.05,Target-100,0.03697005284791544,0.11948809663843285,,0.05
DV-P,0,cb_ens,0.05,TargetPAC-100,0.011409277745155608,0.0409310084149932,,0.0
DV-P,0,cb_ens,0.05,Target-200,0.03774221961244862,0.1232291969032368,,0.02
DV-P,0,cb_ens,0.05,TargetPAC-200,0.017480916030534352,0.06295504500754795,,0.0
DV-P,0,cb_ens,0.1,ID-all,0.11802701115678214,0.326246946835966,0.0828279278159481,
DV-P,0,cb_ens,0.1,ID,0.1221873165002936,0.33737185884631665,,0.445
DV-P,0,cb_ens,0.1,Target-50,0.08198473282442748,0.23908994931054295,,0.115
DV-P,0,cb_ens,0.1,TargetPAC-50,0.024659424544920726,0.0812218060047583,,0.0
DV-P,0,cb_ens,0.1,Target-100,0.08393129770992366,0.2453678075930554,,0.09
DV-P,0,cb_ens,0.1,TargetPAC-100,0.0464856136230182,0.14652274271041088,,0.0
DV-P,0,cb_ens,0.1,Target-200,0.08204638872577803,0.24344837752022308,,0.02
DV-P,0,cb_ens,0.1,TargetPAC-200,0.06132119788608338,0.18700186742062427,,0.0
DV-P,0,cb_ens,0.2,ID-all,0.25190839694656486,0.5259705344610222,0.0828279278159481,
DV-P,0,cb_ens,0.2,ID,0.2517498532002349,0.52410964160836,,0.995
DV-P,0,cb_ens,0.2,Target-50,0.16744568408690547,0.4097303351371211,,0.145
DV-P,0,cb_ens,0.2,TargetPAC-50,0.09925425719318849,0.280024039194097,,0.0
DV-P,0,cb_ens,0.2,Target-100,0.16876981796829124,0.4147127198606164,,0.09
DV-P,0,cb_ens,0.2,TargetPAC-100,0.12587786259541983,0.3429484357763485,,0.0
DV-P,0,cb_ens,0.2,Target-200,0.16657662947739282,0.41415789295260963,,0.015
DV-P,0,cb_ens,0.2,TargetPAC-200,0.13802113916617734,0.3681240686438082,,0.0
DV-P,0,tf_ens,0.05,ID-all,0.07574867880211392,0.23357902914864026,0.1973817493960136,
DV-P,0,tf_ens,0.05,ID,0.07587492660011744,0.23472774353237544,,0.735
DV-P,0,tf_ens,0.05,Target-50,0.03942160892542572,0.13776715991450356,,0.135
DV-P,0,tf_ens,0.05,TargetPAC-50,0.018611274221961245,0.07227243456536078,,0.005
DV-P,0,tf_ens,0.05,Target-100,0.04965355255431591,0.1685412323109981,,0.15
DV-P,0,tf_ens,0.05,TargetPAC-100,0.019703464474456842,0.08051258875643164,,0.0
DV-P,0,tf_ens,0.05,Target-200,0.0532031708749266,0.1768783359361458,,0.1
DV-P,0,tf_ens,0.05,TargetPAC-200,0.030804462712859654,0.12098043028168894,,0.0
DV-P,0,tf_ens,0.1,ID-all,0.1426893716970053,0.38284369189682016,0.1973817493960136,
DV-P,0,tf_ens,0.1,ID,0.14097475044039928,0.3791738042324804,,0.975
DV-P,0,tf_ens,0.1,Target-50,0.0926570757486788,0.272612624525335,,0.195
DV-P,0,tf_ens,0.1,TargetPAC-50,0.04113329418672929,0.1426018701009081,,0.025
DV-P,0,tf_ens,0.1,Target-100,0.09198179682912506,0.2749357918917826,,0.13
DV-P,0,tf_ens,0.1,TargetPAC-100,0.061341749853200234,0.1980975361635775,,0.01
DV-P,0,tf_ens,0.1,Target-200,0.09629477392836172,0.2893217057250115,,0.05
DV-P,0,tf_ens,0.1,TargetPAC-200,0.07446858485026424,0.230734387544416,,0.0
DV-P,0,tf_ens,0.2,ID-all,0.28361714621256606,0.5946548963804726,0.1973817493960136,
DV-P,0,tf_ens,0.2,ID,0.28254257193188487,0.5940819915079232,,1.0
DV-P,0,tf_ens,0.2,Target-50,0.1711068702290076,0.42792958506074624,,0.18
DV-P,0,tf_ens,0.2,TargetPAC-50,0.10838813857897828,0.3089949814642507,,0.01
DV-P,0,tf_ens,0.2,Target-100,0.17408690546095126,0.43586007563157425,,0.08
DV-P,0,tf_ens,0.2,TargetPAC-100,0.13576335877862597,0.36803117615730896,,0.0
DV-P,0,tf_ens,0.2,Target-200,0.17742219612448623,0.44317976898192785,,0.015
DV-P,0,tf_ens,0.2,TargetPAC-200,0.14813857897827365,0.391210650011831,,0.0
DV-P,0,all_ens,0.05,ID-all,0.0745742806811509,0.24276966842069791,0.14605397945231902,
DV-P,0,all_ens,0.05,ID,0.07515854374633,0.24510828319153355,,0.915
DV-P,0,all_ens,0.05,Target-50,0.035666470933646506,0.12202477626221875,,0.09
DV-P,0,all_ens,0.05,TargetPAC-50,0.017648267762771577,0.061322831254592404,,0.035
DV-P,0,all_ens,0.05,Target-100,0.04713740458015266,0.1612769917684747,,0.11
DV-P,0,all_ens,0.05,TargetPAC-100,0.015484439224897239,0.056625476706657504,,0.005
DV-P,0,all_ens,0.05,Target-200,0.04349970640046976,0.15081335865545678,,0.02
DV-P,0,all_ens,0.05,TargetPAC-200,0.02287140340575455,0.08337011439710029,,0.0
DV-P,0,all_ens,0.1,ID-all,0.11978860833822666,0.35410638157611507,0.14605397945231902,
DV-P,0,all_ens,0.1,ID,0.12614503816793893,0.3658978789933895,,0.435
DV-P,0,all_ens,0.1,Target-50,0.09282736347621844,0.2836592792369112,,0.23
DV-P,0,all_ens,0.1,TargetPAC-50,0.03365825014679976,0.11645398503665134,,0.0
DV-P,0,all_ens,0.1,Target-100,0.08883734586024662,0.2788897908301149,,0.13
DV-P,0,all_ens,0.1,TargetPAC-100,0.054882560187903696,0.18381125124459102,,0.0
DV-P,0,all_ens,0.1,Target-200,0.09063123899001763,0.28665503874199394,,0.025
DV-P,0,all_ens,0.1,TargetPAC-200,0.06830886670581328,0.2247295088336618,,0.0
DV-P,0,all_ens,0.2,ID-all,0.26365237815619497,0.5674382782609383,0.14605397945231902,
DV-P,0,all_ens,0.2,ID,0.2605666470933647,0.5670417589467689,,0.995
DV-P,0,all_ens,0.2,Target-50,0.1661773341162654,0.4352528337603806,,0.05
DV-P,0,all_ens,0.2,TargetPAC-50,0.10209042865531416,0.3069035227887354,,0.0
DV-P,0,all_ens,0.2,Target-100,0.16556664709336466,0.43721341682742265,,0.02
DV-P,0,all_ens,0.2,TargetPAC-100,0.13031415149735762,0.37233067813001486,,0.0
DV-P,0,all_ens,0.2,Target-200,0.1701086318261891,0.4463435113347978,,0.0
DV-P,0,all_ens,0.2,TargetPAC-200,0.1439518496770405,0.4007845107890716,,0.0
DV-P,1,cb_lr,0.05,ID-all,0.10108864696734059,0.26070960405094107,0.08225275986028606,
DV-P,1,cb_lr,0.05,ID,0.1026438569206843,0.25983232920935456,,1.0
DV-P,1,cb_lr,0.05,Target-50,0.02709175738724728,0.09788741340337506,,0.005
DV-P,1,cb_lr,0.05,TargetPAC-50,0.015077760497667186,0.06311789355170379,,0.0
DV-P,1,cb_lr,0.05,Target-100,0.034455676516329706,0.11958915181613192,,0.0
DV-P,1,cb_lr,0.05,TargetPAC-100,0.015046656298600313,0.06443103662986617,,0.0
DV-P,1,cb_lr,0.05,Target-200,0.03507776049766719,0.1263755867159381,,0.0
DV-P,1,cb_lr,0.05,TargetPAC-200,0.01990668740279938,0.08073333231024105,,0.0
DV-P,1,cb_lr,0.1,ID-all,0.16485225505443235,0.36734860374840195,0.08225275986028606,
DV-P,1,cb_lr,0.1,ID,0.15843701399688961,0.35675628134793846,,0.99
DV-P,1,cb_lr,0.1,Target-50,0.06458786936236391,0.17917044129994708,,0.035
DV-P,1,cb_lr,0.1,TargetPAC-50,0.028118195956454123,0.09951407729517235,,0.0
DV-P,1,cb_lr,0.1,Target-100,0.06552099533437014,0.1797176646194962,,0.005
DV-P,1,cb_lr,0.1,TargetPAC-100,0.04178849144634526,0.13613069968460814,,0.0
DV-P,1,cb_lr,0.1,Target-200,0.0655832037325039,0.17981025615600102,,0.0
DV-P,1,cb_lr,0.1,TargetPAC-200,0.052332814930015556,0.15365758952996322,,0.0
DV-P,1,cb_lr,0.2,ID-all,0.2581648522550544,0.4631837795606527,0.08225275986028606,
DV-P,1,cb_lr,0.2,ID,0.2571772939346812,0.4641113301081973,,0.995
DV-P,1,cb_lr,0.2,Target-50,0.13660964230171074,0.3129781930180221,,0.045
DV-P,1,cb_lr,0.2,TargetPAC-50,0.07682737169517885,0.2027315261661763,,0.0
DV-P,1,cb_lr,0.2,Target-100,0.13396578538102644,0.3136876405013947,,0.01
DV-P,1,cb_lr,0.2,TargetPAC-100,0.09317262830482115,0.23473855168720503,,0.0
DV-P,1,cb_lr,0.2,Target-200,0.13127527216174184,0.3145884781766723,,0.0
DV-P,1,cb_lr,0.2,TargetPAC-200,0.10423794712286158,0.26118346891239136,,0.0
DV-P,1,cb_gb,0.05,ID-all,0.07309486780715396,0.2351394788509467,0.06698110802335365,
DV-P,1,cb_gb,0.05,ID,0.0757153965785381,0.23689165427041112,,0.65
DV-P,1,cb_gb,0.05,Target-50,0.025318818040435457,0.0891417458721036,,0.005
DV-P,1,cb_gb,0.05,TargetPAC-50,0.01182737169517885,0.04273758543467567,,0.0
DV-P,1,cb_gb,0.05,Target-100,0.03363919129082426,0.11757829619231433,,0.0
DV-P,1,cb_gb,0.05,TargetPAC-100,0.011337480559875584,0.0419546119235192,,0.0
DV-P,1,cb_gb,0.05,Target-200,0.0338258164852255,0.11717732102116514,,0.0
DV-P,1,cb_gb,0.05,TargetPAC-200,0.01743390357698289,0.05648573073752474,,0.0
DV-P,1,cb_gb,0.1,ID-all,0.14152410575427682,0.3381537400587916,0.06698110802335365,
DV-P,1,cb_gb,0.1,ID,0.14026438569206842,0.33932634795974903,,0.97
DV-P,1,cb_gb,0.1,Target-50,0.07032659409020217,0.21457983578881104,,0.115
DV-P,1,cb_gb,0.1,TargetPAC-50,0.02549766718506999,0.08994270440246342,,0.0
DV-P,1,cb_gb,0.1,Target-100,0.06750388802488336,0.21565189579438993,,0.01
DV-P,1,cb_gb,0.1,TargetPAC-100,0.038141524105754276,0.13834087999583922,,0.0
DV-P,1,cb_gb,0.1,Target-200,0.06410575427682737,0.20919537374337643,,0.0
DV-P,1,cb_gb,0.1,TargetPAC-200,0.046601866251944006,0.18086425500266853,,0.0
DV-P,1,cb_gb,0.2,ID-all,0.2208398133748056,0.4743402646715661,0.06698110802335365,
DV-P,1,cb_gb,0.2,ID,0.22699066874027993,0.47912361943473264,,0.655
DV-P,1,cb_gb,0.2,Target-50,0.15748833592534991,0.3658503373783688,,0.03
DV-P,1,cb_gb,0.2,TargetPAC-50,0.08636858475894245,0.24717154062743465,,0.0
DV-P,1,cb_gb,0.2,Target-100,0.16307153965785381,0.3755596219703852,,0.0
DV-P,1,cb_gb,0.2,TargetPAC-100,0.11875583203732504,0.30330335229458055,,0.0
DV-P,1,cb_gb,0.2,Target-200,0.16397356143079317,0.37743938121897286,,0.0
DV-P,1,cb_gb,0.2,TargetPAC-200,0.1364307931570762,0.33204327092514163,,0.0
DV-P,1,tf_lr,0.05,ID-all,0.07620528771384137,0.22910298769433027,0.2450704943528032,
DV-P,1,tf_lr,0.05,ID,0.07630637636080871,0.22381423909167572,,0.555
DV-P,1,tf_lr,0.05,Target-50,0.03719284603421462,0.1163288032210011,,0.11
DV-P,1,tf_lr,0.05,TargetPAC-50,0.0184447900466563,0.05662993471676913,,0.03
DV-P,1,tf_lr,0.05,Target-100,0.05169517884914463,0.16557665247962688,,0.125
DV-P,1,tf_lr,0.05,TargetPAC-100,0.01955676516329704,0.06153476541735529,,0.0
DV-P,1,tf_lr,0.05,Target-200,0.05097978227060653,0.16815188791926616,,0.0
DV-P,1,tf_lr,0.05,TargetPAC-200,0.025552099533437015,0.08387570344790873,,0.0
DV-P,1,tf_lr,0.1,ID-all,0.18195956454121306,0.3962050251905397,0.2450704943528032,
DV-P,1,tf_lr,0.1,ID,0.18244167962674962,0.3920462772456559,,1.0
DV-P,1,tf_lr,0.1,Target-50,0.09608087091757386,0.25401036726138515,,0.265
DV-P,1,tf_lr,0.1,TargetPAC-50,0.038763608087091755,0.12031222291458457,,0.01
DV-P,1,tf_lr,0.1,Target-100,0.10319595645412133,0.26689809225666783,,0.24
DV-P,1,tf_lr,0.1,TargetPAC-100,0.06095645412130638,0.19008497918999165,,0.005
DV-P,1,tf_lr,0.1,Target-200,0.10453343701399691,0.26635804325218965,,0.0
DV-P,1,tf_lr,0.1,TargetPAC-200,0.07616640746500777,0.2284647869215474,,0.0
DV-P,1,tf_lr,0.2,ID-all,0.3405909797822706,0.5840252445962816,0.2450704943528032,
DV-P,1,tf_lr,0.2,ID,0.3355365474339036,0.5822259821913484,,1.0
DV-P,1,tf_lr,0.2,Target-50,0.17535769828926906,0.37992820135630423,,0.11
DV-P,1,tf_lr,0.2,TargetPAC-50,0.11934681181959565,0.29266167918588365,,0.015
DV-P,1,tf_lr,0.2,Target-100,0.18013996889580094,0.38817823339500324,,0.065
DV-P,1,tf_lr,0.2,TargetPAC-100,0.13865474339035772,0.32391454526591923,,0.0
DV-P,1,tf_lr,0.2,Target-200,0.17926127527216174,0.3905041133747826,,0.0
DV-P,1,tf_lr,0.2,TargetPAC-200,0.15220062208398133,0.34334233293417865,,0.0
DV-P,1,tf_gb,0.05,ID-all,0.07465007776049767,0.22824266309741795,0.08840731203630522,
DV-P,1,tf_gb,0.05,ID,0.07449455676516331,0.22221853969946412,,0.78
DV-P,1,tf_gb,0.05,Target-50,0.03080870917573873,0.10770072954043641,,0.08
DV-P,1,tf_gb,0.05,TargetPAC-50,0.012737169517884915,0.05521402145477506,,0.005
DV-P,1,tf_gb,0.05,Target-100,0.039222395023328145,0.1335049287752093,,0.03
DV-P,1,tf_gb,0.05,TargetPAC-100,0.013188180404354589,0.05927615007012138,,0.0
DV-P,1,tf_gb,0.05,Target-200,0.038965785381026435,0.13543801026046176,,0.0
DV-P,1,tf_gb,0.05,TargetPAC-200,0.02960342146189736,0.0967829170047216,,0.0
DV-P,1,tf_gb,0.1,ID-all,0.1368584758942457,0.352638475039025,0.08840731203630522,
DV-P,1,tf_gb,0.1,ID,0.13632192846034216,0.34994470668480404,,0.93
DV-P,1,tf_gb,0.1,Target-50,0.09167185069984449,0.25714873094110596,,0.26
DV-P,1,tf_gb,0.1,TargetPAC-50,0.030256609642301712,0.10580122196651694,,0.01
DV-P,1,tf_gb,0.1,Target-100,0.0947822706065319,0.26513327096791167,,0.225
DV-P,1,tf_gb,0.1,TargetPAC-100,0.049051321928460345,0.15937448791075653,,0.0
DV-P,1,tf_gb,0.1,Target-200,0.09708398133748056,0.2767545765988302,,0.01
DV-P,1,tf_gb,0.1,TargetPAC-200,0.06636080870917574,0.20064557614629222,,0.0
DV-P,1,tf_gb,0.2,ID-all,0.2410575427682737,0.5010387651323078,0.08840731203630522,
DV-P,1,tf_gb,0.2,ID,0.2459253499222395,0.5043405166381529,,0.95
DV-P,1,tf_gb,0.2,Target-50,0.17401244167962673,0.40899858951689516,,0.13
DV-P,1,tf_gb,0.2,TargetPAC-50,0.11366251944012444,0.3028517170465774,,0.0
DV-P,1,tf_gb,0.2,Target-100,0.1723561430793157,0.4104560287684185,,0.025
DV-P,1,tf_gb,0.2,TargetPAC-100,0.14038102643856923,0.35805455198767844,,0.0
DV-P,1,tf_gb,0.2,Target-200,0.16951788491446348,0.4104373644491418,,0.0
DV-P,1,tf_gb,0.2,TargetPAC-200,0.15003110419906687,0.3830610954700624,,0.0
DV-P,1,cb_ens,0.05,ID-all,0.08864696734059098,0.27942557043209815,0.07017566223899242,
DV-P,1,cb_ens,0.05,ID,0.09268273716951789,0.2760070360157893,,0.975
DV-P,1,cb_ens,0.05,Target-50,0.02752721617418351,0.1019293030622266,,0.04
DV-P,1,cb_ens,0.05,TargetPAC-50,0.01588646967340591,0.05970996358792899,,0.0
DV-P,1,cb_ens,0.05,Target-100,0.03069206842923795,0.11620008814255488,,0.0
DV-P,1,cb_ens,0.05,TargetPAC-100,0.017045101088646965,0.06546673947374448,,0.0
DV-P,1,cb_ens,0.05,Target-200,0.028701399688958008,0.11120478820258578,,0.0
DV-P,1,cb_ens,0.05,TargetPAC-200,0.02028771384136858,0.0727836001878206,,0.0
DV-P,1,cb_ens,0.1,ID-all,0.15863141524105753,0.3747673018513703,0.07017566223899242,
DV-P,1,cb_ens,0.1,ID,0.1563452566096423,0.3710242183519433,,1.0
DV-P,1,cb_ens,0.1,Target-50,0.06772161741835148,0.21569089126427804,,0.04
DV-P,1,cb_ens,0.1,TargetPAC-50,0.025264385692068424,0.094200318581101,,0.0
DV-P,1,cb_ens,0.1,Target-100,0.07,0.22653909227189967,,0.02
DV-P,1,cb_ens,0.1,TargetPAC-100,0.037807153965785385,0.140335666645977,,0.0
DV-P,1,cb_ens,0.1,Target-200,0.07136858475894245,0.2319892478291993,,0.0
DV-P,1,cb_ens,0.1,TargetPAC-200,0.048530326594090206,0.1795030725731517,,0.0
DV-P,1,cb_ens,0.2,ID-all,0.24261275272161742,0.501123375694176,0.07017566223899242,
DV-P,1,cb_ens,0.2,ID,0.24269828926905135,0.5026833359153422,,0.91
DV-P,1,cb_ens,0.2,Target-50,0.14898133748055986,0.3604268263508428,,0.05
DV-P,1,cb_ens,0.2,TargetPAC-50,0.08935458786936237,0.25862838925646364,,0.005
DV-P,1,cb_ens,0.2,Target-100,0.15334370139968895,0.3659894358274608,,0.005
DV-P,1,cb_ens,0.2,TargetPAC-100,0.11311819595645412,0.30606846658658304,,0.0
DV-P,1,cb_ens,0.2,Target-200,0.15283825816485225,0.36626834443869605,,0.0
DV-P,1,cb_ens,0.2,TargetPAC-200,0.13114307931570765,0.3329579517691083,,0.0
DV-P,1,tf_ens,0.05,ID-all,0.10108864696734059,0.28708388124244055,0.15432526833745505,
DV-P,1,tf_ens,0.05,ID,0.09788491446345256,0.28001348571345,,0.93
DV-P,1,tf_ens,0.05,Target-50,0.037939346811819596,0.13604152421941623,,0.1
DV-P,1,tf_ens,0.05,TargetPAC-50,0.017465007776049767,0.0653189272377392,,0.025
DV-P,1,tf_ens,0.05,Target-100,0.051049766718507,0.17732851385894674,,0.09
DV-P,1,tf_ens,0.05,TargetPAC-100,0.014129082426127529,0.05943593942495781,,0.0
DV-P,1,tf_ens,0.05,Target-200,0.052068429237947134,0.19031896531133075,,0.0
DV-P,1,tf_ens,0.05,TargetPAC-200,0.021531881804043546,0.09408258177647219,,0.0
DV-P,1,tf_ens,0.1,ID-all,0.18040435458786935,0.40775612515433296,0.15432526833745505,
DV-P,1,tf_ens,0.1,ID,0.17553654743390357,0.40250733142052725,,1.0
DV-P,1,tf_ens,0.1,Target-50,0.09249611197511666,0.26318596545961176,,0.14
DV-P,1,tf_ens,0.1,TargetPAC-50,0.038265940902021775,0.13495002136729548,,0.005
DV-P,1,tf_ens,0.1,Target-100,0.09583203732503888,0.27172577384241925,,0.07
DV-P,1,tf_ens,0.1,TargetPAC-100,0.06132192846034215,0.20158543039068333,,0.005
DV-P,1,tf_ens,0.1,Target-200,0.09771384136858476,0.27353472349937674,,0.0
DV-P,1,tf_ens,0.1,TargetPAC-200,0.07652410575427684,0.23340227433295666,,0.0
DV-P,1,tf_ens,0.2,ID-all,0.2892690513219285,0.5579616750033086,0.15432526833745505,
DV-P,1,tf_ens,0.2,ID,0.28498444790046656,0.5505687323619047,,1.0
DV-P,1,tf_ens,0.2,Target-50,0.1815552099533437,0.40954857926826377,,0.1
DV-P,1,tf_ens,0.2,TargetPAC-50,0.11208398133748057,0.29860801009844473,,0.005
DV-P,1,tf_ens,0.2,Target-100,0.18218506998444792,0.4112506317211652,,0.04
DV-P,1,tf_ens,0.2,TargetPAC-100,0.1384447900466563,0.3491952789526799,,0.0
DV-P,1,tf_ens,0.2,Target-200,0.1816329704510109,0.41007641677001205,,0.0
DV-P,1,tf_ens,0.2,TargetPAC-200,0.16375583203732502,0.3864995113801521,,0.0
DV-P,1,all_ens,0.05,ID-all,0.08087091757387248,0.2627125228868311,0.123728424648803,
DV-P,1,all_ens,0.05,ID,0.09103421461897357,0.2844463246355189,,0.8
DV-P,1,all_ens,0.05,Target-50,0.030365474339035768,0.11818754070515157,,0.02
DV-P,1,all_ens,0.05,TargetPAC-50,0.015738724727838257,0.06195925342652986,,0.0
DV-P,1,all_ens,0.05,Target-100,0.039074650077760495,0.15470491248993753,,0.005
DV-P,1,all_ens,0.05,TargetPAC-100,0.01588646967340591,0.06216509850884358,,0.0
DV-P,1,all_ens,0.05,Target-200,0.0395334370139969,0.16228920587719345,,0.0
DV-P,1,all_ens,0.05,TargetPAC-200,0.023141524105754277,0.09394131806766776,,0.0
DV-P,1,all_ens,0.1,ID-all,0.16485225505443235,0.41001287567582756,0.123728424648803,
DV-P,1,all_ens,0.1,ID,0.162597200622084,0.4059922273350221,,1.0
DV-P,1,all_ens,0.1,Target-50,0.07383359253499223,0.24365822327086611,,0.125
DV-P,1,all_ens,0.1,TargetPAC-50,0.02912130637636081,0.11415595353658167,,0.0
DV-P,1,all_ens,0.1,Target-100,0.07311041990668742,0.24716389249974896,,0.06
DV-P,1,all_ens,0.1,TargetPAC-100,0.04496111975116641,0.1740301573251891,,0.0
DV-P,1,all_ens,0.1,Target-200,0.07195956454121306,0.25125135077145244,,0.0
DV-P,1,all_ens,0.1,TargetPAC-200,0.053584758942457233,0.1995316148016213,,0.0
DV-P,1,all_ens,0.2,ID-all,0.26749611197511663,0.5513471288918452,0.123728424648803,
DV-P,1,all_ens,0.2,ID,0.26729393468118195,0.5497963371592399,,1.0
DV-P,1,all_ens,0.2,Target-50,0.15501555209953344,0.3912639483291758,,0.025
DV-P,1,all_ens,0.2,TargetPAC-50,0.08846811819595646,0.2755527843229637,,0.005
DV-P,1,all_ens,0.2,Target-100,0.158895800933126,0.4000932346103769,,0.0
DV-P,1,all_ens,0.2,TargetPAC-100,0.11906687402799379,0.3341549072999572,,0.0
DV-P,1,all_ens,0.2,Target-200,0.16245723172628307,0.4064577979458309,,0.0
DV-P,1,all_ens,0.2,TargetPAC-200,0.13809486780715396,0.36759944990855703,,0.0
DV-P,2,cb_lr,0.05,ID-all,0.08296296296296296,0.21879322742394813,0.09047047047047047,
DV-P,2,cb_lr,0.05,ID,0.07891851851851851,0.20801818969457947,,0.675
DV-P,2,cb_lr,0.05,Target-50,0.04522222222222222,0.12091893187441526,,0.12
DV-P,2,cb_lr,0.05,TargetPAC-50,0.022674074074074072,0.06198185772043509,,0.0
DV-P,2,cb_lr,0.05,Target-100,0.05360740740740741,0.14969460097881726,,0.085
DV-P,2,cb_lr,0.05,TargetPAC-100,0.024577777777777778,0.06556574437722333,,0.0
DV-P,2,cb_lr,0.05,Target-200,0.05241481481481481,0.14731065955086373,,0.0
DV-P,2,cb_lr,0.05,TargetPAC-200,0.038518518518518514,0.11130908906491975,,0.0
DV-P,2,cb_lr,0.1,ID-all,0.1511111111111111,0.3344792032345852,0.09047047047047047,
DV-P,2,cb_lr,0.1,ID,0.15389629629629628,0.33719862990864746,,1.0
DV-P,2,cb_lr,0.1,Target-50,0.11882962962962963,0.2754204136400466,,0.565
DV-P,2,cb_lr,0.1,TargetPAC-50,0.04562962962962963,0.12437302741278958,,0.015
DV-P,2,cb_lr,0.1,Target-100,0.12177777777777778,0.28216817795927157,,0.605
DV-P,2,cb_lr,0.1,TargetPAC-100,0.06465925925925926,0.17487927941426393,,0.055
DV-P,2,cb_lr,0.1,Target-200,0.12742962962962964,0.2888764055006686,,1.0
DV-P,2,cb_lr,0.1,TargetPAC-200,0.08875555555555553,0.23938890416445396,,0.0
DV-P,2,cb_lr,0.2,ID-all,0.2637037037037037,0.51271971099583,0.09047047047047047,
DV-P,2,cb_lr,0.2,ID,0.26091851851851855,0.5119771870037383,,0.97
DV-P,2,cb_lr,0.2,Target-50,0.19194814814814815,0.4052116630694237,,0.155
DV-P,2,cb_lr,0.2,TargetPAC-50,0.13975555555555555,0.3119979711727623,,0.01
DV-P,2,cb_lr,0.2,Target-100,0.19306666666666664,0.40896365558489445,,0.06
DV-P,2,cb_lr,0.2,TargetPAC-100,0.16902962962962959,0.36105701631661047,,0.0
DV-P,2,cb_lr,0.2,Target-200,0.1885111111111111,0.40190033676703507,,0.0
DV-P,2,cb_lr,0.2,TargetPAC-200,0.17562962962962964,0.37372334265140394,,0.0
DV-P,2,cb_gb,0.05,ID-all,0.08444444444444445,0.21057913025073044,0.09981981981981981,
DV-P,2,cb_gb,0.05,ID,0.07935555555555555,0.19616326980628185,,0.85
DV-P,2,cb_gb,0.05,Target-50,0.04232592592592592,0.1214525847721616,,0.16
DV-P,2,cb_gb,0.05,TargetPAC-50,0.018325925925925923,0.0609884074358014,,0.05
DV-P,2,cb_gb,0.05,Target-100,0.058466666666666674,0.15167320428340658,,0.275
DV-P,2,cb_gb,0.05,TargetPAC-100,0.01711851851851852,0.06756884455416784,,0.0
DV-P,2,cb_gb,0.05,Target-200,0.05825925925925927,0.14848919893102944,,0.0
DV-P,2,cb_gb,0.05,TargetPAC-200,0.030148148148148143,0.10587688454542203,,0.0
DV-P,2,cb_gb,0.1,ID-all,0.15555555555555556,0.3333385519901059,0.09981981981981981,
DV-P,2,cb_gb,0.1,ID,0.15793333333333334,0.3373767897757961,,0.99
DV-P,2,cb_gb,0.1,Target-50,0.09695555555555554,0.22898970605068136,,0.15
DV-P,2,cb_gb,0.1,TargetPAC-50,0.04484444444444444,0.12598233680011142,,0.005
DV-P,2,cb_gb,0.1,Target-100,0.0971111111111111,0.23239208233272357,,0.075
DV-P,2,cb_gb,0.1,TargetPAC-100,0.0676,0.1691845958849538,,0.0
DV-P,2,cb_gb,0.1,Target-200,0.09777777777777776,0.2363337716942071,,0.0
DV-P,2,cb_gb,0.1,TargetPAC-200,0.0794,0.19320378988873063,,0.0
DV-P,2,cb_gb,0.2,ID-all,0.2874074074074074,0.5229952225893658,0.09981981981981981,
DV-P,2,cb_gb,0.2,ID,0.28705925925925924,0.5182483046880667,,1.0
DV-P,2,cb_gb,0.2,Target-50,0.18056296296296295,0.36748731407654683,,0.21
DV-P,2,cb_gb,0.2,TargetPAC-50,0.11251851851851852,0.25867429775687273,,0.035
DV-P,2,cb_gb,0.2,Target-100,0.18420000000000003,0.3733739649860415,,0.16
DV-P,2,cb_gb,0.2,TargetPAC-100,0.13662222222222223,0.30416527749899375,,0.005
DV-P,2,cb_gb,0.2,Target-200,0.18644444444444438,0.38462133484013383,,0.0
DV-P,2,cb_gb,0.2,TargetPAC-200,0.14628148148148148,0.3152423308099123,,0.0
DV-P,2,tf_lr,0.05,ID-all,0.05185185185185185,0.16664123601941666,0.27991991991991994,
DV-P,2,tf_lr,0.05,ID,0.05091111111111111,0.16197613043812722,,0.16
DV-P,2,tf_lr,0.05,Target-50,0.024955555555555557,0.08053057553897312,,0.015
DV-P,2,tf_lr,0.05,TargetPAC-50,0.010148148148148151,0.030869221807235742,,0.005
DV-P,2,tf_lr,0.05,Target-100,0.03320740740740741,0.10866997620815307,,0.01
DV-P,2,tf_lr,0.05,TargetPAC-100,0.010562962962962963,0.034403211184689704,,0.0
DV-P,2,tf_lr,0.05,Target-200,0.029740740740740734,0.10932812389966501,,0.0
DV-P,2,tf_lr,0.05,TargetPAC-200,0.020844444444444443,0.06625431378413532,,0.0
DV-P,2,tf_lr,0.1,ID-all,0.1437037037037037,0.3520480488254998,0.27991991991991994,
DV-P,2,tf_lr,0.1,ID,0.14197777777777776,0.3452008850753755,,0.695
DV-P,2,tf_lr,0.1,Target-50,0.07448888888888888,0.21011353703829008,,0.08
DV-P,2,tf_lr,0.1,TargetPAC-50,0.025037037037037035,0.0788795253156983,,0.0
DV-P,2,tf_lr,0.1,Target-100,0.0773037037037037,0.2198746994120847,,0.005
DV-P,2,tf_lr,0.1,TargetPAC-100,0.03902962962962963,0.1288974597145717,,0.0
DV-P,2,tf_lr,0.1,Target-200,0.07093333333333332,0.21116775910023847,,0.0
DV-P,2,tf_lr,0.1,TargetPAC-200,0.05294074074074073,0.16985246127009654,,0.0
DV-P,2,tf_lr,0.2,ID-all,0.34074074074074073,0.5874158003348693,0.27991991991991994,
DV-P,2,tf_lr,0.2,ID,0.3310962962962962,0.5789074528303153,,1.0
DV-P,2,tf_lr,0.2,Target-50,0.15217777777777777,0.3621309253805285,,0.055
DV-P,2,tf_lr,0.2,TargetPAC-50,0.08744444444444444,0.23857796325637565,,0.0
DV-P,2,tf_lr,0.2,Target-100,0.15152592592592593,0.36613567010014053,,0.01
DV-P,2,tf_lr,0.2,TargetPAC-100,0.11904444444444444,0.30251774096938555,,0.0
DV-P,2,tf_lr,0.2,Target-200,0.1556222222222222,0.3787210814353628,,0.0
DV-P,2,tf_lr,0.2,TargetPAC-200,0.12663703703703702,0.31967227543864196,,0.0
DV-P,2,tf_gb,0.05,ID-all,0.05037037037037037,0.17001676019480444,0.162022022022022,
DV-P,2,tf_gb,0.05,ID,0.051555555555555556,0.1786835312758246,,0.16
DV-P,2,tf_gb,0.05,Target-50,0.03442222222222222,0.13171928945132755,,0.12
DV-P,2,tf_gb,0.05,TargetPAC-50,0.014807407407407406,0.06765393303652488,,0.025
DV-P,2,tf_gb,0.05,Target-100,0.04574074074074074,0.16770503743937332,,0.145
DV-P,2,tf_gb,0.05,TargetPAC-100,0.015955555555555556,0.07515051936606387,,0.0
DV-P,2,tf_gb,0.05,Target-200,0.042962962962962974,0.15559572602292362,,0.0
DV-P,2,tf_gb,0.05,TargetPAC-200,0.0325925925925926,0.1292004627002165,,0.0
DV-P,2,tf_gb,0.1,ID-all,0.1259259259259259,0.3358739123841456,0.162022022022022,
DV-P,2,tf_gb,0.1,ID,0.13074814814814814,0.3461313727773016,,0.71
DV-P,2,tf_gb,0.1,Target-50,0.08897777777777778,0.2629475639552098,,0.175
DV-P,2,tf_gb,0.1,TargetPAC-50,0.03482222222222222,0.13307511498581312,,0.0
DV-P,2,tf_gb,0.1,Target-100,0.0864962962962963,0.26235289553464397,,0.02
DV-P,2,tf_gb,0.1,TargetPAC-100,0.05474074074074075,0.18972287247767772,,0.0
DV-P,2,tf_gb,0.1,Target-200,0.08742962962962963,0.2630188631486115,,0.0
DV-P,2,tf_gb,0.1,TargetPAC-200,0.07319259259259259,0.2321034493146452,,0.0
DV-P,2,tf_gb,0.2,ID-all,0.26222222222222225,0.5451266731581973,0.162022022022022,
DV-P,2,tf_gb,0.2,ID,0.2688666666666667,0.5515916756668936,,1.0
DV-P,2,tf_gb,0.2,Target-50,0.18529629629629632,0.42535840905181943,,0.345
DV-P,2,tf_gb,0.2,TargetPAC-50,0.11204444444444445,0.3055031731874786,,0.03
DV-P,2,tf_gb,0.2,Target-100,0.19949629629629625,0.44616955870616853,,0.37
DV-P,2,tf_gb,0.2,TargetPAC-100,0.1265037037037037,0.3363961156949198,,0.015
DV-P,2,tf_gb,0.2,Target-200,0.20768148148148147,0.45581161518017654,,0.0
DV-P,2,tf_gb,0.2,TargetPAC-200,0.13474074074074077,0.3588874044569733,,0.0
DV-P,2,cb_ens,0.05,ID-all,0.08592592592592592,0.2334701452064193,0.09785785785785786,
DV-P,2,cb_ens,0.05,ID,0.08121481481481481,0.22761146282516573,,0.755
DV-P,2,cb_ens,0.05,Target-50,0.05249629629629629,0.15003160564348522,,0.25
DV-P,2,cb_ens,0.05,TargetPAC-50,0.02094074074074074,0.06076777239224031,,0.05
DV-P,2,cb_ens,0.05,Target-100,0.06878518518518519,0.19874017782231967,,0.39
DV-P,2,cb_ens,0.05,TargetPAC-100,0.022311111111111108,0.06706680538149543,,0.01
DV-P,2,cb_ens,0.05,Target-200,0.0661925925925926,0.19574091468967136,,0.135
DV-P,2,cb_ens,0.05,TargetPAC-200,0.049422222222222215,0.14344979655422255,,0.0
DV-P,2,cb_ens,0.1,ID-all,0.15703703703703703,0.35968569051567334,0.09785785785785786,
DV-P,2,cb_ens,0.1,ID,0.1565111111111111,0.3630959206826582,,0.98
DV-P,2,cb_ens,0.1,Target-50,0.10485185185185183,0.2698213853551967,,0.21
DV-P,2,cb_ens,0.1,TargetPAC-50,0.05458518518518519,0.1564388518104659,,0.0
DV-P,2,cb_ens,0.1,Target-100,0.10834814814814817,0.27542043331305466,,0.14
DV-P,2,cb_ens,0.1,TargetPAC-100,0.07651111111111111,0.21921638874059382,,0.0
DV-P,2,cb_ens,0.1,Target-200,0.11133333333333337,0.2794225943790885,,0.0
DV-P,2,cb_ens,0.1,TargetPAC-200,0.09524444444444445,0.25255032346229306,,0.0
DV-P,2,cb_ens,0.2,ID-all,0.27111111111111114,0.5352418988155061,0.09785785785785786,
DV-P,2,cb_ens,0.2,ID,0.27485925925925925,0.5409445078832444,,1.0
DV-P,2,cb_ens,0.2,Target-50,0.18680740740740742,0.40932471622785643,,0.355
DV-P,2,cb_ens,0.2,TargetPAC-50,0.12168888888888889,0.29914673321798513,,0.025
DV-P,2,cb_ens,0.2,Target-100,0.18614814814814815,0.41197771363467356,,0.235
DV-P,2,cb_ens,0.2,TargetPAC-100,0.13583703703703706,0.32439618068082104,,0.015
DV-P,2,cb_ens,0.2,Target-200,0.1867111111111111,0.4199885307274295,,0.0
DV-P,2,cb_ens,0.2,TargetPAC-200,0.14008888888888887,0.328764480856154,,0.0
DV-P,2,tf_ens,0.05,ID-all,0.07407407407407407,0.23213412533651778,0.22652652652652652,
DV-P,2,tf_ens,0.05,ID,0.0708,0.2187674331320369,,0.51
DV-P,2,tf_ens,0.05,Target-50,0.030014814814814814,0.11675987596860508,,0.035
DV-P,2,tf_ens,0.05,TargetPAC-50,0.011474074074074074,0.048923569199382816,,0.005
DV-P,2,tf_ens,0.05,Target-100,0.04131111111111111,0.15236424137304688,,0.035
DV-P,2,tf_ens,0.05,TargetPAC-100,0.01217037037037037,0.05726305972964162,,0.0
DV-P,2,tf_ens,0.05,Target-200,0.03891111111111111,0.14777872707239856,,0.0
DV-P,2,tf_ens,0.05,TargetPAC-200,0.02274074074074074,0.11183315494154492,,0.0
DV-P,2,tf_ens,0.1,ID-all,0.1451851851851852,0.37493906378118863,0.22652652652652652,
DV-P,2,tf_ens,0.1,ID,0.1439111111111111,0.37091939906155547,,0.84
DV-P,2,tf_ens,0.1,Target-50,0.0842962962962963,0.24836032542433295,,0.105
DV-P,2,tf_ens,0.1,TargetPAC-50,0.029592592592592587,0.11653299385055238,,0.0
DV-P,2,tf_ens,0.1,Target-100,0.08539999999999999,0.2536460308108849,,0.03
DV-P,2,tf_ens,0.1,TargetPAC-100,0.047599999999999996,0.16627167081443314,,0.0
DV-P,2,tf_ens,0.1,Target-200,0.09228148148148146,0.26276440763008696,,0.0
DV-P,2,tf_ens,0.1,TargetPAC-200,0.0627111111111111,0.201302495732896,,0.0
DV-P,2,tf_ens,0.2,ID-all,0.3214814814814815,0.5974276036301012,0.22652652652652652,
DV-P,2,tf_ens,0.2,ID,0.3174444444444444,0.5991364872321061,,1.0
DV-P,2,tf_ens,0.2,Target-50,0.16763703703703706,0.40347429217744546,,0.075
DV-P,2,tf_ens,0.2,TargetPAC-50,0.10423703703703704,0.291267744593278,,0.0
DV-P,2,tf_ens,0.2,Target-100,0.17214074074074076,0.41239418449709225,,0.025
DV-P,2,tf_ens,0.2,TargetPAC-100,0.13070370370370368,0.34621535788471386,,0.0
DV-P,2,tf_ens,0.2,Target-200,0.16639999999999996,0.41040564191204965,,0.0
DV-P,2,tf_ens,0.2,TargetPAC-200,0.1499851851851852,0.38135210577372236,,0.0
DV-P,2,all_ens,0.05,ID-all,0.0874074074074074,0.2494489130223512,0.17277277277277278,
DV-P,2,all_ens,0.05,ID,0.08911111111111111,0.2536129158913324,,0.81
DV-P,2,all_ens,0.05,Target-50,0.04522222222222222,0.15104941715661607,,0.195
DV-P,2,all_ens,0.05,TargetPAC-50,0.01962962962962963,0.07476286485752154,,0.03
DV-P,2,all_ens,0.05,Target-100,0.06134074074074074,0.20236154982391227,,0.215
DV-P,2,all_ens,0.05,TargetPAC-100,0.017681481481481482,0.07182285532646585,,0.0
DV-P,2,all_ens,0.05,Target-200,0.06398518518518519,0.21150516551904183,,0.0
DV-P,2,all_ens,0.05,TargetPAC-200,0.038799999999999994,0.150039899179652,,0.0
DV-P,2,all_ens,0.1,ID-all,0.17333333333333334,0.407575564405419,0.17277277277277278,
DV-P,2,all_ens,0.1,ID,0.17272592592592592,0.4003814306168896,,1.0
DV-P,2,all_ens,0.1,Target-50,0.1054888888888889,0.2829651197953769,,0.27
DV-P,2,all_ens,0.1,TargetPAC-50,0.047274074074074066,0.15658370519912512,,0.005
DV-P,2,all_ens,0.1,Target-100,0.10324444444444443,0.28102854683853723,,0.135
DV-P,2,all_ens,0.1,TargetPAC-100,0.0742,0.22829431075177475,,0.005
DV-P,2,all_ens,0.1,Target-200,0.10252592592592592,0.28345021611396276,,0.0
DV-P,2,all_ens,0.1,TargetPAC-200,0.0874074074074074,0.24986019172716672,,0.0
DV-P,2,all_ens,0.2,ID-all,0.29777777777777775,0.5919906650343952,0.17277277277277278,
DV-P,2,all_ens,0.2,ID,0.2939777777777778,0.5892367645165262,,1.0
DV-P,2,all_ens,0.2,Target-50,0.1867037037037037,0.4180388740370456,,0.24
DV-P,2,all_ens,0.2,TargetPAC-50,0.11948888888888888,0.30771573777184097,,0.005
DV-P,2,all_ens,0.2,Target-100,0.18910370370370372,0.42381329484573216,,0.165
DV-P,2,all_ens,0.2,TargetPAC-100,0.14538518518518517,0.3505428000489628,,0.0
DV-P,2,all_ens,0.2,Target-200,0.18845185185185184,0.4207295301235234,,0.0
DV-P,2,all_ens,0.2,TargetPAC-200,0.1605185185185185,0.38415782329469295,,0.0
BV-P,0,cb_lr,0.05,ID-all,0.05018359853121175,0.35386546439996475,0.04463554636390495,
BV-P,0,cb_lr,0.05,ID,0.05236842105263158,0.3520126641463603,,0.07
BV-P,0,cb_lr,0.05,Target-50,0.047796817625459,0.31272579180994264,,0.145
BV-P,0,cb_lr,0.05,TargetPAC-50,0.025067319461444307,0.19664228668982672,,0.035
BV-P,0,cb_lr,0.05,Target-100,0.06083231334149326,0.37223789541734953,,0.17
BV-P,0,cb_lr,0.05,TargetPAC-100,0.025061199510403913,0.21005238090409123,,0.005
BV-P,0,cb_lr,0.05,Target-200,0.05809669522643819,0.3668000446108973,,0.04
BV-P,0,cb_lr,0.05,TargetPAC-200,0.043837209302325576,0.3181064285831247,,0.0
BV-P,0,cb_lr,0.1,ID-all,0.10648714810281518,0.48636224858175237,0.04463554636390495,
BV-P,0,cb_lr,0.1,ID,0.11129130966952264,0.4922368591396845,,0.355
BV-P,0,cb_lr,0.1,Target-50,0.11394124847001223,0.4866968839341036,,0.485
BV-P,0,cb_lr,0.1,TargetPAC-50,0.04884332925336597,0.3152538674196236,,0.045
BV-P,0,cb_lr,0.1,Target-100,0.11485924112607097,0.4946110378964873,,0.49
BV-P,0,cb_lr,0.1,TargetPAC-100,0.06519583843329255,0.38845500034442987,,0.005
BV-P,0,cb_lr,0.1,Target-200,0.11634638922888615,0.50046642108225,,0.5
BV-P,0,cb_lr,0.1,TargetPAC-200,0.08002447980416155,0.4354710907907185,,0.02
BV-P,0,cb_lr,0.2,ID-all,0.21052631578947367,0.6503132310698599,0.04463554636390495,
BV-P,0,cb_lr,0.2,ID,0.2164871481028152,0.6531127575774892,,0.465
BV-P,0,cb_lr,0.2,Target-50,0.21181762545899635,0.6398282355898326,,0.395
BV-P,0,cb_lr,0.2,TargetPAC-50,0.1299449204406365,0.5174917379933851,,0.03
BV-P,0,cb_lr,0.2,Target-100,0.2098041615667075,0.6426053163295723,,0.37
BV-P,0,cb_lr,0.2,TargetPAC-100,0.1683108935128519,0.5810085262000034,,0.015
BV-P,0,cb_lr,0.2,Target-200,0.20850061199510403,0.6445804687011331,,0.21
BV-P,0,cb_lr,0.2,TargetPAC-200,0.1835128518971848,0.6062021211733188,,0.0
BV-P,0,cb_gb,0.05,ID-all,0.06731946144430845,0.41209935633623346,0.07303633984721225,
BV-P,0,cb_gb,0.05,ID,0.06567319461444308,0.4094000168561046,,0.14
BV-P,0,cb_gb,0.05,Target-50,0.04359241126070991,0.3014727727973679,,0.145
BV-P,0,cb_gb,0.05,TargetPAC-50,0.021995104039167684,0.15756740407352315,,0.045
BV-P,0,cb_gb,0.05,Target-100,0.05359241126070992,0.36603800005602943,,0.175
BV-P,0,cb_gb,0.05,TargetPAC-100,0.02205018359853121,0.17218715751616798,,0.005
BV-P,0,cb_gb,0.05,Target-200,0.05381884944920441,0.36881228512913056,,0.05
BV-P,0,cb_gb,0.05,TargetPAC-200,0.03502447980416156,0.2949318309618959,,0.0
BV-P,0,cb_gb,0.1,ID-all,0.11627906976744186,0.5387290920367421,0.07303633984721225,
BV-P,0,cb_gb,0.1,ID,0.11645654834761324,0.536442569869243,,0.075
BV-P,0,cb_gb,0.1,Target-50,0.10477968176254589,0.5008080443195407,,0.23
BV-P,0,cb_gb,0.1,TargetPAC-50,0.046168910648714805,0.30981512408792006,,0.02
BV-P,0,cb_gb,0.1,Target-100,0.10390452876376989,0.5079335850557866,,0.13
BV-P,0,cb_gb,0.1,TargetPAC-100,0.06260709914320685,0.39683573535552463,,0.0
BV-P,0,cb_gb,0.1,Target-200,0.10847613219094247,0.5185877641285475,,0.005
BV-P,0,cb_gb,0.1,TargetPAC-200,0.07747246022031824,0.45182442433671816,,0.0
BV-P,0,cb_gb,0.2,ID-all,0.21542227662178703,0.6521284032112639,0.07303633984721225,
BV-P,0,cb_gb,0.2,ID,0.21805997552019585,0.6516658492228803,,0.41
BV-P,0,cb_gb,0.2,Target-50,0.19268053855569156,0.6259788529476527,,0.295
BV-P,0,cb_gb,0.2,TargetPAC-50,0.11648102815177477,0.5278362903924159,,0.01
BV-P,0,cb_gb,0.2,Target-100,0.1914565483476132,0.6274863109676984,,0.22
BV-P,0,cb_gb,0.2,TargetPAC-100,0.14007343941248468,0.5737191844091578,,0.0
BV-P,0,cb_gb,0.2,Target-200,0.1927172582619339,0.6300250190089277,,0.04
BV-P,0,cb_gb,0.2,TargetPAC-200,0.15515911872705018,0.5934713156882282,,0.0
BV-P,0,tf_lr,0.05,ID-all,0.03182374541003672,0.1477891730608591,0.201751572194319,
BV-P,0,tf_lr,0.05,ID,0.03234394124847001,0.15119510671969447,,0.0
BV-P,0,tf_lr,0.05,Target-50,0.01577723378212974,0.08825337945502636,,0.03
BV-P,0,tf_lr,0.05,TargetPAC-50,0.0046695226438188495,0.04098178889623461,,0.0
BV-P,0,tf_lr,0.05,Target-100,0.025,0.12159259706899561,,0.005
BV-P,0,tf_lr,0.05,TargetPAC-100,0.004510403916768666,0.04830401720852269,,0.0
BV-P,0,tf_lr,0.05,Target-200,0.024277845777233784,0.12213844428528706,,0.0
BV-P,0,tf_lr,0.05,TargetPAC-200,0.00879436964504284,0.07509377933967296,,0.0
BV-P,0,tf_lr,0.1,ID-all,0.09547123623011015,0.2672872641088873,0.201751572194319,
BV-P,0,tf_lr,0.1,ID,0.09629742962056302,0.27185605290389697,,0.095
BV-P,0,tf_lr,0.1,Target-50,0.07518359853121175,0.23295074409615368,,0.135
BV-P,0,tf_lr,0.1,TargetPAC-50,0.019400244798041616,0.0984635053987332,,0.0
BV-P,0,tf_lr,0.1,Target-100,0.07488984088127296,0.2371809543391282,,0.07
BV-P,0,tf_lr,0.1,TargetPAC-100,0.03729498164014688,0.1554341164221883,,0.0
BV-P,0,tf_lr,0.1,Target-200,0.07425948592411262,0.2385095701534178,,0.0
BV-P,0,tf_lr,0.1,TargetPAC-200,0.055764993880048956,0.20349563802882004,,0.0
BV-P,0,tf_lr,0.2,ID-all,0.22888616891064872,0.49872650429053295,0.201751572194319,
BV-P,0,tf_lr,0.2,ID,0.23091799265605875,0.4930890307571214,,0.85
BV-P,0,tf_lr,0.2,Target-50,0.17258261933904528,0.3975547119153818,,0.17
BV-P,0,tf_lr,0.2,TargetPAC-50,0.08771113831089351,0.25731984170777694,,0.005
BV-P,0,tf_lr,0.2,Target-100,0.17649326805385557,0.40524403166621836,,0.065
BV-P,0,tf_lr,0.2,TargetPAC-100,0.12290085679314566,0.31607651126222047,,0.005
BV-P,0,tf_lr,0.2,Target-200,0.17511627906976743,0.40442105065594947,,0.0
BV-P,0,tf_lr,0.2,TargetPAC-200,0.14493880048959606,0.35031911673941396,,0.0
BV-P,0,tf_gb,0.05,ID-all,0.051407588739290085,0.18885098202008477,0.05978137002490187,
BV-P,0,tf_gb,0.05,ID,0.05164626682986536,0.1911306489433082,,0.02
BV-P,0,tf_gb,0.05,Target-50,0.03339657282741738,0.13372186963835697,,0.09
BV-P,0,tf_gb,0.05,TargetPAC-50,0.016474908200734394,0.07246043966104809,,0.02
BV-P,0,tf_gb,0.05,Target-100,0.04216034271725826,0.16554083522974344,,0.08
BV-P,0,tf_gb,0.05,TargetPAC-100,0.015679314565483476,0.0740245358097185,,0.0
BV-P,0,tf_gb,0.05,Target-200,0.04501223990208079,0.17139714602543654,,0.0
BV-P,0,tf_gb,0.05,TargetPAC-200,0.0230171358629131,0.10912138892203871,,0.0
BV-P,0,tf_gb,0.1,ID-all,0.08200734394124846,0.2988479150991631,0.05978137002490187,
BV-P,0,tf_gb,0.1,ID,0.08617503059975519,0.30057191189359245,,0.015
BV-P,0,tf_gb,0.1,Target-50,0.09263157894736843,0.28801653510656927,,0.25
BV-P,0,tf_gb,0.1,TargetPAC-50,0.03287025703794369,0.13107026186036463,,0.015
BV-P,0,tf_gb,0.1,Target-100,0.09225214198286412,0.29306786857258244,,0.205
BV-P,0,tf_gb,0.1,TargetPAC-100,0.05245410036719706,0.1936508073492433,,0.0
BV-P,0,tf_gb,0.1,Target-200,0.08799877600979192,0.292546240196329,,0.055
BV-P,0,tf_gb,0.1,TargetPAC-200,0.06421052631578947,0.22818878049359584,,0.0
BV-P,0,tf_gb,0.2,ID-all,0.19583843329253367,0.4876532011869965,0.05978137002490187,
BV-P,0,tf_gb,0.2,ID,0.19593023255813954,0.4819941050960264,,0.06
BV-P,0,tf_gb,0.2,Target-50,0.17705630354957158,0.44217022608074785,,0.13
BV-P,0,tf_gb,0.2,TargetPAC-50,0.10883108935128519,0.32075091839882847,,0.0
BV-P,0,tf_gb,0.2,Target-100,0.18299265605875156,0.4545035976946103,,0.055
BV-P,0,tf_gb,0.2,TargetPAC-100,0.14494492044063648,0.38541363028998,,0.0
BV-P,0,tf_gb,0.2,Target-200,0.18194002447980417,0.45313467533792834,,0.0
BV-P,0,tf_gb,0.2,TargetPAC-200,0.15805385556915547,0.40655331656723226,,0.0
BV-P,0,cb_ens,0.05,ID-all,0.056303549571603426,0.4296322146186394,0.05790317815388511,
BV-P,0,cb_ens,0.05,ID,0.05578947368421053,0.42137651700336304,,0.0
BV-P,0,cb_ens,0.05,Target-50,0.04582619339045287,0.3393858836303611,,0.115
BV-P,0,cb_ens,0.05,TargetPAC-50,0.026034271725826192,0.21841733028365887,,0.02
BV-P,0,cb_ens,0.05,Target-100,0.05916156670746634,0.4292277611996002,,0.095
BV-P,0,cb_ens,0.05,TargetPAC-100,0.027105263157894733,0.2323446732541262,,0.0
BV-P,0,cb_ens,0.05,Target-200,0.05719094247246022,0.42949939693598393,,0.0
BV-P,0,cb_ens,0.05,TargetPAC-200,0.041432068543451654,0.34113687867281217,,0.0
BV-P,0,cb_ens,0.1,ID-all,0.09914320685434516,0.5410227877820544,0.05790317815388511,
BV-P,0,cb_ens,0.1,ID,0.10145042839657283,0.5446196157321261,,0.085
BV-P,0,cb_ens,0.1,Target-50,0.10518359853121176,0.5400924187839014,,0.35
BV-P,0,cb_ens,0.1,TargetPAC-50,0.047986536107711135,0.3515593332050709,,0.02
BV-P,0,cb_ens,0.1,Target-100,0.10556915544675644,0.5501104002166585,,0.29
BV-P,0,cb_ens,0.1,TargetPAC-100,0.06548959608323134,0.4529629057484142,,0.01
BV-P,0,cb_ens,0.1,Target-200,0.10538555691554467,0.5507969609259574,,0.105
BV-P,0,cb_ens,0.1,TargetPAC-200,0.07329253365973072,0.49301152142331084,,0.0
BV-P,0,cb_ens,0.2,ID-all,0.23255813953488372,0.7072180048783596,0.05790317815388511,
BV-P,0,cb_ens,0.2,ID,0.23252753977968177,0.706685886976644,,0.805
BV-P,0,cb_ens,0.2,Target-50,0.20295593635250916,0.6715583765239697,,0.415
BV-P,0,cb_ens,0.2,TargetPAC-50,0.12340269277845778,0.5728209309198882,,0.035
BV-P,0,cb_ens,0.2,Target-100,0.20762545899632806,0.6804291010462746,,0.465
BV-P,0,cb_ens,0.2,TargetPAC-100,0.15571603427172584,0.6236841465943148,,0.07
BV-P,0,cb_ens,0.2,Target-200,0.2095716034271726,0.6841534291795429,,0.535
BV-P,0,cb_ens,0.2,TargetPAC-200,0.16548959608323133,0.6398357155228287,,0.005
BV-P,0,tf_ens,0.05,ID-all,0.056303549571603426,0.22761156482427186,0.1177457476891909,
BV-P,0,tf_ens,0.05,ID,0.05378212974296206,0.2080743438664539,,0.17
BV-P,0,tf_ens,0.05,Target-50,0.020214198286413708,0.10571612444353225,,0.06
BV-P,0,tf_ens,0.05,TargetPAC-50,0.009265605875153,0.056447947215864235,,0.01
BV-P,0,tf_ens,0.05,Target-100,0.03003059975520196,0.14153735549203306,,0.095
BV-P,0,tf_ens,0.05,TargetPAC-100,0.007643818849449205,0.0576015784505064,,0.0
BV-P,0,tf_ens,0.05,Target-200,0.025777233782129746,0.13343798756707262,,0.005
BV-P,0,tf_ens,0.05,TargetPAC-200,0.012919216646266829,0.08780494413855233,,0.0
BV-P,0,tf_ens,0.1,ID-all,0.11872705018359853,0.3462628265533025,0.1177457476891909,
BV-P,0,tf_ens,0.1,ID,0.11916768665850672,0.3466069887365063,,0.455
BV-P,0,tf_ens,0.1,Target-50,0.0852203182374541,0.2759007984568017,,0.155
BV-P,0,tf_ens,0.1,TargetPAC-50,0.0209547123623011,0.10809537852884729,,0.0
BV-P,0,tf_ens,0.1,Target-100,0.08601591187270502,0.2822170797952462,,0.035
BV-P,0,tf_ens,0.1,TargetPAC-100,0.044877600979192175,0.18362568229266865,,0.0
BV-P,0,tf_ens,0.1,Target-200,0.08730110159118729,0.2836014762975884,,0.0
BV-P,0,tf_ens,0.1,TargetPAC-200,0.06673194614443084,0.24381136006629336,,0.0
BV-P,0,tf_ens,0.2,ID-all,0.22031823745410037,0.5250276743165734,0.1177457476891909,
BV-P,0,tf_ens,0.2,ID,0.2218971848225214,0.5217731028409486,,0.585
BV-P,0,tf_ens,0.2,Target-50,0.17347613219094246,0.4375354811254599,,0.25
BV-P,0,tf_ens,0.2,TargetPAC-50,0.09915544675642597,0.30443913477131934,,0.01
BV-P,0,tf_ens,0.2,Target-100,0.1752141982864137,0.44273122740028625,,0.15
BV-P,0,tf_ens,0.2,TargetPAC-100,0.12657894736842107,0.35985860024601257,,0.01
BV-P,0,tf_ens,0.2,Target-200,0.17300489596083232,0.44102583415185465,,0.025
BV-P,0,tf_ens,0.2,TargetPAC-200,0.13474296205630354,0.3745900203188002,,0.0
BV-P,0,all_ens,0.05,ID-all,0.07099143206854346,0.45237132752330267,0.09191955429873802,
BV-P,0,all_ens,0.05,ID,0.06623011015911873,0.4404225025065033,,0.47
BV-P,0,all_ens,0.05,Target-50,0.03583231334149326,0.29370635358467867,,0.095
BV-P,0,all_ens,0.05,TargetPAC-50,0.021003671970624235,0.2057594645594299,,0.04
BV-P,0,all_ens,0.05,Target-100,0.04832313341493268,0.3713811396447431,,0.135
BV-P,0,all_ens,0.05,TargetPAC-100,0.017968176254589966,0.19794458028409387,,0.0
BV-P,0,all_ens,0.05,Target-200,0.04743574051407588,0.37892662163697394,,0.015
BV-P,0,all_ens,0.05,TargetPAC-200,0.025220318237454097,0.2538484516428838,,0.0
BV-P,0,all_ens,0.1,ID-all,0.11995104039167687,0.5459860153974946,0.09191955429873802,
BV-P,0,all_ens,0.1,ID,0.11899632802937575,0.541292936258462,,0.405
BV-P,0,all_ens,0.1,Target-50,0.09736842105263158,0.4955900944477714,,0.165
BV-P,0,all_ens,0.1,TargetPAC-50,0.03933292533659731,0.3047711533144012,,0.01
BV-P,0,all_ens,0.1,Target-100,0.09317625458996329,0.49443478512959566,,0.105
BV-P,0,all_ens,0.1,TargetPAC-100,0.056505507955936354,0.4019253207599103,,0.0
BV-P,0,all_ens,0.1,Target-200,0.08981028151774785,0.4903294805002695,,0.005
BV-P,0,all_ens,0.1,TargetPAC-200,0.07254589963280295,0.45891393546395426,,0.0
BV-P,0,all_ens,0.2,ID-all,0.26193390452876375,0.691382570438812,0.09191955429873802,
BV-P,0,all_ens,0.2,ID,0.25549571603427174,0.6845896823331873,,0.995
BV-P,0,all_ens,0.2,Target-50,0.19141370869033048,0.6179373331516121,,0.225
BV-P,0,all_ens,0.2,TargetPAC-50,0.11555079559363525,0.523435273238316,,0.005
BV-P,0,all_ens,0.2,Target-100,0.20132190942472458,0.6284083502984469,,0.21
BV-P,0,all_ens,0.2,TargetPAC-100,0.14744798041615667,0.5723873270928229,,0.015
BV-P,0,all_ens,0.2,Target-200,0.2016829865361077,0.6286778167617334,,0.04
BV-P,0,all_ens,0.2,TargetPAC-200,0.17282129742962055,0.6005265659942469,,0.0
BV-P,1,cb_lr,0.05,ID-all,0.08498705780845557,0.3577606035173275,0.176029379242033,
BV-P,1,cb_lr,0.05,ID,0.08498705780845558,0.3577606035173275,,1.0
BV-P,1,cb_lr,0.05,Target-50,0.04828084555651424,0.22419717088247254,,0.16
BV-P,1,cb_lr,0.05,TargetPAC-50,0.03198446937014667,0.1581327054988474,,0.055
BV-P,1,cb_lr,0.05,Target-100,0.059924503882657465,0.2717384253268305,,0.275
BV-P,1,cb_lr,0.05,TargetPAC-100,0.03113028472821398,0.15742755910130976,,0.01
BV-P,1,cb_lr,0.05,Target-200,0.059773511647972385,0.27410683466874364,,0.245
BV-P,1,cb_lr,0.05,TargetPAC-200,0.04483606557377049,0.2171990801281447,,0.02
BV-P,1,cb_lr,0.1,ID-all,0.16738567730802417,0.5050781804398704,0.176029379242033,
BV-P,1,cb_lr,0.1,ID,0.1673856773080242,0.5050781804398704,,1.0
BV-P,1,cb_lr,0.1,Target-50,0.1012769628990509,0.3823224461267142,,0.22
BV-P,1,cb_lr,0.1,TargetPAC-50,0.05086065573770491,0.2337940252371731,,0.02
BV-P,1,cb_lr,0.1,Target-100,0.10236626402070752,0.3937813222225008,,0.195
BV-P,1,cb_lr,0.1,TargetPAC-100,0.06691328731665229,0.29619606467666126,,0.01
BV-P,1,cb_lr,0.1,Target-200,0.10056729939603105,0.3921274331191653,,0.125
BV-P,1,cb_lr,0.1,TargetPAC-200,0.08124892148403796,0.34431780450009797,,0.01
BV-P,1,cb_lr,0.2,ID-all,0.27351164797238997,0.6387168856161448,0.176029379242033,
BV-P,1,cb_lr,0.2,ID,0.27351164797239,0.6387168856161448,,1.0
BV-P,1,cb_lr,0.2,Target-50,0.19541199309749785,0.5423272909976279,,0.37
BV-P,1,cb_lr,0.2,TargetPAC-50,0.11494607420189819,0.4155022141602,,0.015
BV-P,1,cb_lr,0.2,Target-100,0.20481665228645382,0.5577227402207119,,0.455
BV-P,1,cb_lr,0.2,TargetPAC-100,0.15172562553925797,0.48503013443082293,,0.065
BV-P,1,cb_lr,0.2,Target-200,0.203809318377912,0.5571806111715236,,0.34
BV-P,1,cb_lr,0.2,TargetPAC-200,0.1637144089732528,0.503693484424431,,0.045
BV-P,1,cb_gb,0.05,ID-all,0.060396893874029335,0.27831040948972047,0.2530673461187442,
BV-P,1,cb_gb,0.05,ID,0.06039689387402935,0.2783104094897205,,0.0
BV-P,1,cb_gb,0.05,Target-50,0.04772217428817946,0.22636892095023353,,0.155
BV-P,1,cb_gb,0.05,TargetPAC-50,0.02639344262295082,0.1390023118925663,,0.025
BV-P,1,cb_gb,0.05,Target-100,0.05638481449525454,0.26242123494213865,,0.2
BV-P,1,cb_gb,0.05,TargetPAC-100,0.02987273511647972,0.1565282889248192,,0.01
BV-P,1,cb_gb,0.05,Target-200,0.05931622088006902,0.27526106129061273,,0.145
BV-P,1,cb_gb,0.05,TargetPAC-200,0.0410979292493529,0.20990322266258782,,0.01
BV-P,1,cb_gb,0.1,ID-all,0.10785159620362382,0.3955729298450713,0.2530673461187442,
BV-P,1,cb_gb,0.1,ID,0.10785159620362378,0.3955729298450713,,0.0
BV-P,1,cb_gb,0.1,Target-50,0.10243097497842968,0.3698258546965274,,0.305
BV-P,1,cb_gb,0.1,TargetPAC-50,0.0489020707506471,0.22838438916427647,,0.015
BV-P,1,cb_gb,0.1,Target-100,0.10022864538395168,0.37284107540591355,,0.21
BV-P,1,cb_gb,0.1,TargetPAC-100,0.06699309749784298,0.2954560328234891,,0.0
BV-P,1,cb_gb,0.1,Target-200,0.09949525452976704,0.3753128925854854,,0.13
BV-P,1,cb_gb,0.1,TargetPAC-200,0.0798274374460742,0.3305640318927483,,0.0
BV-P,1,cb_gb,0.2,ID-all,0.26747195858498707,0.6080073675055132,0.2530673461187442,
BV-P,1,cb_gb,0.2,ID,0.267471958584987,0.6080073675055131,,1.0
BV-P,1,cb_gb,0.2,Target-50,0.187320966350302,0.506123446084171,,0.195
BV-P,1,cb_gb,0.2,TargetPAC-50,0.11797454702329596,0.40209120070461835,,0.01
BV-P,1,cb_gb,0.2,Target-100,0.19317730802415878,0.5163158740316525,,0.12
BV-P,1,cb_gb,0.2,TargetPAC-100,0.15064926660914582,0.4566132597109664,,0.005
BV-P,1,cb_gb,0.2,Target-200,0.19388050043140637,0.5178132313898398,,0.055
BV-P,1,cb_gb,0.2,TargetPAC-200,0.1671656600517688,0.4806327022263396,,0.0
BV-P,1,tf_lr,0.05,ID-all,0.040120793787748056,0.10413103882779708,0.3978812807007161,
BV-P,1,tf_lr,0.05,ID,0.04012079378774806,0.1041310388277971,,0.0
BV-P,1,tf_lr,0.05,Target-50,0.03774590163934426,0.10136332936376354,,0.145
BV-P,1,tf_lr,0.05,TargetPAC-50,0.019160914581535807,0.05754917176865914,,0.03
BV-P,1,tf_lr,0.05,Target-100,0.04911561691113028,0.12673947904412752,,0.205
BV-P,1,tf_lr,0.05,TargetPAC-100,0.01729939603106126,0.05511916719784817,,0.0
BV-P,1,tf_lr,0.05,Target-200,0.04712899050905953,0.12246939582219948,,0.085
BV-P,1,tf_lr,0.05,TargetPAC-200,0.027504314063848144,0.0801357225313964,,0.0
BV-P,1,tf_lr,0.1,ID-all,0.14193270060396893,0.31021393616102455,0.3978812807007161,
BV-P,1,tf_lr,0.1,ID,0.14193270060396895,0.3102139361610245,,1.0
BV-P,1,tf_lr,0.1,Target-50,0.09762942191544437,0.22523536629929508,,0.19
BV-P,1,tf_lr,0.1,TargetPAC-50,0.03750862812769629,0.10074799985511522,,0.005
BV-P,1,tf_lr,0.1,Target-100,0.09431406384814495,0.22108271399276488,,0.09
BV-P,1,tf_lr,0.1,TargetPAC-100,0.05907679033649698,0.14789513279053726,,0.0
BV-P,1,tf_lr,0.1,Target-200,0.09452761000862812,0.22318601337749,,0.01
BV-P,1,tf_lr,0.1,TargetPAC-200,0.07445211389128559,0.18114450545030727,,0.0
BV-P,1,tf_lr,0.2,ID-all,0.3399482312338223,0.5733026469458011,0.3978812807007161,
BV-P,1,tf_lr,0.2,ID,0.33994823123382234,0.5733026469458009,,1.0
BV-P,1,tf_lr,0.2,Target-50,0.20021570319240722,0.3936405266864365,,0.34
BV-P,1,tf_lr,0.2,TargetPAC-50,0.11435289042277827,0.25584728281658814,,0.035
BV-P,1,tf_lr,0.2,Target-100,0.19793572044866262,0.3943386650123313,,0.265
BV-P,1,tf_lr,0.2,TargetPAC-100,0.14119930974978429,0.30540250971583305,,0.015
BV-P,1,tf_lr,0.2,Target-200,0.19965056082830027,0.3995516544978308,,0.2
BV-P,1,tf_lr,0.2,TargetPAC-200,0.1562942191544435,0.3318247933699449,,0.02
BV-P,1,tf_gb,0.05,ID-all,0.04874892148403796,0.12846925538886747,0.20368299573577373,
BV-P,1,tf_gb,0.05,ID,0.04874892148403797,0.1284692553888675,,0.0
BV-P,1,tf_gb,0.05,Target-50,0.04501509922346851,0.123810668562448,,0.21
BV-P,1,tf_gb,0.05,TargetPAC-50,0.02542062122519413,0.07791173607753811,,0.06
BV-P,1,tf_gb,0.05,Target-100,0.0646937014667817,0.16594390028826822,,0.425
BV-P,1,tf_gb,0.05,TargetPAC-100,0.026622088006902498,0.08480891874062582,,0.035
BV-P,1,tf_gb,0.05,Target-200,0.06372519413287316,0.1647038107291828,,0.405
BV-P,1,tf_gb,0.05,TargetPAC-200,0.03827221742881795,0.11424046248227583,,0.02
BV-P,1,tf_gb,0.1,ID-all,0.09188955996548749,0.21835780826298232,0.20368299573577373,
BV-P,1,tf_gb,0.1,ID,0.09188955996548749,0.21835780826298234,,0.0
BV-P,1,tf_gb,0.1,Target-50,0.10328300258843832,0.23561620518525392,,0.275
BV-P,1,tf_gb,0.1,TargetPAC-50,0.04492234685073338,0.12419953375266327,,0.005
BV-P,1,tf_gb,0.1,Target-100,0.10548101811906817,0.2399710646785962,,0.265
BV-P,1,tf_gb,0.1,TargetPAC-100,0.06931406384814495,0.1740287040940994,,0.015
BV-P,1,tf_gb,0.1,Target-200,0.10897325280414151,0.24575860429483648,,0.28
BV-P,1,tf_gb,0.1,TargetPAC-200,0.0837920621225194,0.20120033980604773,,0.01
BV-P,1,tf_gb,0.2,ID-all,0.2178602243313201,0.419836523058815,0.20368299573577373,
BV-P,1,tf_gb,0.2,ID,0.2178602243313201,0.4198365230588151,,0.0
BV-P,1,tf_gb,0.2,Target-50,0.18775884383088873,0.37447110088502045,,0.18
BV-P,1,tf_gb,0.2,TargetPAC-50,0.12090595340811046,0.26721291822759596,,0.005
BV-P,1,tf_gb,0.2,Target-100,0.18759059534081104,0.37729131740353217,,0.105
BV-P,1,tf_gb,0.2,TargetPAC-100,0.14876617773943054,0.31670936507962444,,0.01
BV-P,1,tf_gb,0.2,Target-200,0.18688524590163935,0.37841349932638524,,0.055
BV-P,1,tf_gb,0.2,TargetPAC-200,0.1586130284728214,0.33563316695063716,,0.0
BV-P,1,cb_ens,0.05,ID-all,0.07937877480586712,0.3818564198451588,0.22904408443728722,
BV-P,1,cb_ens,0.05,ID,0.07937877480586711,0.38185641984515867,,1.0
BV-P,1,cb_ens,0.05,Target-50,0.045060396893874026,0.26194035782657343,,0.09
BV-P,1,cb_ens,0.05,TargetPAC-50,0.028934426229508196,0.1789129425865597,,0.015
BV-P,1,cb_ens,0.05,Target-100,0.05584987057808455,0.31275990684872246,,0.145
BV-P,1,cb_ens,0.05,TargetPAC-100,0.032724331320103536,0.20531726192442434,,0.01
BV-P,1,cb_ens,0.05,Target-200,0.055202761000862806,0.3178092261826537,,0.075
BV-P,1,cb_ens,0.05,TargetPAC-200,0.039678602243313196,0.2482441903712239,,0.01
BV-P,1,cb_ens,0.1,ID-all,0.1285591026747196,0.4769196127829265,0.22904408443728722,
BV-P,1,cb_ens,0.1,ID,0.12855910267471957,0.4769196127829264,,1.0
BV-P,1,cb_ens,0.1,Target-50,0.09940897325280414,0.4149724000733782,,0.24
BV-P,1,cb_ens,0.1,TargetPAC-50,0.04884598792062122,0.27554684641515287,,0.01
BV-P,1,cb_ens,0.1,Target-100,0.10174503882657464,0.4230320267432153,,0.205
BV-P,1,cb_ens,0.1,TargetPAC-100,0.06731449525452976,0.34614595193510217,,0.015
BV-P,1,cb_ens,0.1,Target-200,0.10305220017256256,0.42608217134494536,,0.155
BV-P,1,cb_ens,0.1,TargetPAC-200,0.08161993097497841,0.38292522487830966,,0.005
BV-P,1,cb_ens,0.2,ID-all,0.2653149266609146,0.6575772407449104,0.22904408443728722,
BV-P,1,cb_ens,0.2,ID,0.26531492666091466,0.6575772407449104,,1.0
BV-P,1,cb_ens,0.2,Target-50,0.1901876617773943,0.5696247403669336,,0.225
BV-P,1,cb_ens,0.2,TargetPAC-50,0.12522433132010355,0.4652157976664921,,0.02
BV-P,1,cb_ens,0.2,Target-100,0.1984641932700604,0.5858683581053046,,0.24
BV-P,1,cb_ens,0.2,TargetPAC-100,0.15256902502157033,0.5173144255582004,,0.025
BV-P,1,cb_ens,0.2,Target-200,0.19500215703192406,0.5850175130083265,,0.11
BV-P,1,cb_ens,0.2,TargetPAC-200,0.16647972389991372,0.5438798847268645,,0.005
BV-P,1,tf_ens,0.05,ID-all,0.05737704918032787,0.1574501770493885,0.28303840918506246,
BV-P,1,tf_ens,0.05,ID,0.057377049180327856,0.15745017704938852,,0.0
BV-P,1,tf_ens,0.05,Target-50,0.047776100086281276,0.13300795885967379,,0.205
BV-P,1,tf_ens,0.05,TargetPAC-50,0.025181190681622088,0.07733808384346012,,0.065
BV-P,1,tf_ens,0.05,Target-100,0.06069456427955133,0.16253612015223304,,0.35
BV-P,1,tf_ens,0.05,TargetPAC-100,0.026408541846419328,0.08379317302544699,,0.025
BV-P,1,tf_ens,0.05,Target-200,0.06171915444348576,0.1647214627009498,,0.335
BV-P,1,tf_ens,0.05,TargetPAC-200,0.03770276100086281,0.11266733553070626,,0.03
BV-P,1,tf_ens,0.1,ID-all,0.11432269197584125,0.2744874054686113,0.28303840918506246,
BV-P,1,tf_ens,0.1,ID,0.11432269197584127,0.2744874054686113,,0.0
BV-P,1,tf_ens,0.1,Target-50,0.10504529767040552,0.25006124797760526,,0.25
BV-P,1,tf_ens,0.1,TargetPAC-50,0.04809534081104401,0.1336227143735622,,0.005
BV-P,1,tf_ens,0.1,Target-100,0.10427739430543571,0.2514298702311368,,0.18
BV-P,1,tf_ens,0.1,TargetPAC-100,0.06924072476272648,0.1800640623271692,,0.005
BV-P,1,tf_ens,0.1,Target-200,0.10128990509059534,0.24727260059301723,,0.085
BV-P,1,tf_ens,0.1,TargetPAC-200,0.08196937014667817,0.2067530725850375,,0.0
BV-P,1,tf_ens,0.2,ID-all,0.2730802415875755,0.5045212939770758,0.28303840918506246,
BV-P,1,tf_ens,0.2,ID,0.2730802415875755,0.5045212939770759,,1.0
BV-P,1,tf_ens,0.2,Target-50,0.1904529767040552,0.3891295358732332,,0.2
BV-P,1,tf_ens,0.2,TargetPAC-50,0.12052631578947368,0.2798616945382955,,0.0
BV-P,1,tf_ens,0.2,Target-100,0.1901876617773943,0.3902259726190607,,0.125
BV-P,1,tf_ens,0.2,TargetPAC-100,0.14749784296807592,0.32733739630844627,,0.005
BV-P,1,tf_ens,0.2,Target-200,0.19325711820534944,0.3949038119098337,,0.075
BV-P,1,tf_ens,0.2,TargetPAC-200,0.16190250215703195,0.3498754539349267,,0.0
BV-P,1,all_ens,0.05,ID-all,0.07808455565142364,0.34302558946991085,0.3113726198671206,
BV-P,1,all_ens,0.05,ID,0.07808455565142362,0.34302558946991096,,1.0
BV-P,1,all_ens,0.05,Target-50,0.04364106988783433,0.23454990673718712,,0.1
BV-P,1,all_ens,0.05,TargetPAC-50,0.025450819672131145,0.15384003427250031,,0.01
BV-P,1,all_ens,0.05,Target-100,0.052105263157894745,0.27198634237332764,,0.125
BV-P,1,all_ens,0.05,TargetPAC-100,0.028235547886108714,0.16924347771971388,,0.005
BV-P,1,all_ens,0.05,Target-200,0.0518572044866264,0.27609907265184613,,0.055
BV-P,1,all_ens,0.05,TargetPAC-200,0.037894736842105266,0.21766351596875935,,0.01
BV-P,1,all_ens,0.1,ID-all,0.15012942191544434,0.49284698234841734,0.3113726198671206,
BV-P,1,all_ens,0.1,ID,0.15012942191544432,0.4928469823484173,,1.0
BV-P,1,all_ens,0.1,Target-50,0.09805220017256257,0.3852462913585606,,0.21
BV-P,1,all_ens,0.1,TargetPAC-50,0.043362812769628986,0.234177445567365,,0.0
BV-P,1,all_ens,0.1,Target-100,0.09518981880931837,0.3867825456041021,,0.135
BV-P,1,all_ens,0.1,TargetPAC-100,0.06097497842968076,0.3006972116874262,,0.0
BV-P,1,all_ens,0.1,Target-200,0.09715918895599657,0.39410319018204626,,0.08
BV-P,1,all_ens,0.1,TargetPAC-200,0.07295944779982744,0.3336389870717451,,0.0
BV-P,1,all_ens,0.2,ID-all,0.3386540120793788,0.7092696635648704,0.3113726198671206,
BV-P,1,all_ens,0.2,ID,0.3386540120793788,0.7092696635648704,,1.0
BV-P,1,all_ens,0.2,Target-50,0.19771354616048317,0.5539449986612731,,0.355
BV-P,1,all_ens,0.2,TargetPAC-50,0.11447368421052632,0.4199055848524115,,0.03
BV-P,1,all_ens,0.2,Target-100,0.20704055220017256,0.5699563944474437,,0.46
BV-P,1,all_ens,0.2,TargetPAC-100,0.14645599654874894,0.48352083218904285,,0.04
BV-P,1,all_ens,0.2,Target-200,0.20587359792924936,0.5713098512110006,,0.34
BV-P,1,all_ens,0.2,TargetPAC-200,0.16620793787748056,0.5174296702274022,,0.05
BV-P,2,cb_lr,0.05,ID-all,0.02284263959390863,0.3586957094848148,0.0642365284278099,
BV-P,2,cb_lr,0.05,ID,0.026269035532994926,0.36437036027702846,,0.0
BV-P,2,cb_lr,0.05,Target-50,0.03369289340101523,0.39881702031154065,,0.01
BV-P,2,cb_lr,0.05,TargetPAC-50,0.017893401015228426,0.2903799866120753,,0.0
BV-P,2,cb_lr,0.05,Target-100,0.040469543147208124,0.4272800313177957,,0.0
BV-P,2,cb_lr,0.05,TargetPAC-100,0.021890862944162436,0.3452477371933007,,0.0
BV-P,2,cb_lr,0.1,ID-all,0.06598984771573604,0.5411866360017316,0.0642365284278099,
BV-P,2,cb_lr,0.1,ID,0.0649238578680203,0.5304931208528706,,0.0
BV-P,2,cb_lr,0.1,Target-50,0.07554568527918783,0.5223479270639535,,0.18
BV-P,2,cb_lr,0.1,TargetPAC-50,0.03432741116751269,0.4022359446355707,,0.005
BV-P,2,cb_lr,0.1,Target-100,0.06058375634517766,0.5046288967000443,,0.05
BV-P,2,cb_lr,0.1,TargetPAC-100,0.04468274111675127,0.443014878653631,,0.0
BV-P,2,cb_lr,0.2,ID-all,0.16243654822335024,0.6730026315750096,0.0642365284278099,
BV-P,2,cb_lr,0.2,ID,0.1567766497461929,0.671686636595147,,0.01
BV-P,2,cb_lr,0.2,Target-50,0.20706852791878172,0.7213874741843125,,0.385
BV-P,2,cb_lr,0.2,TargetPAC-50,0.09380710659898477,0.557481529057613,,0.015
BV-P,2,cb_lr,0.2,Target-100,0.21381979695431472,0.7291090703356576,,0.34
BV-P,2,cb_lr,0.2,TargetPAC-100,0.15809644670050763,0.6672669434849914,,0.005
BV-P,2,cb_gb,0.05,ID-all,0.005076142131979695,0.37035984084524903,0.1283952886613973,
BV-P,2,cb_gb,0.05,ID,0.006789340101522843,0.3712054840598393,,0.0
BV-P,2,cb_gb,0.05,Target-50,0.03498730964467005,0.45643618317431467,,0.11
BV-P,2,cb_gb,0.05,TargetPAC-50,0.01331218274111675,0.34224212906837664,,0.01
BV-P,2,cb_gb,0.05,Target-100,0.05549492385786802,0.5362980996619694,,0.06
BV-P,2,cb_gb,0.05,TargetPAC-100,0.007626903553299493,0.348005539627388,,0.0
BV-P,2,cb_gb,0.1,ID-all,0.04060913705583756,0.4991521856890378,0.1283952886613973,
BV-P,2,cb_gb,0.1,ID,0.041078680203045684,0.502155175000588,,0.0
BV-P,2,cb_gb,0.1,Target-50,0.1121954314720812,0.6254920275870812,,0.5
BV-P,2,cb_gb,0.1,TargetPAC-50,0.03453045685279187,0.45446102995448273,,0.015
BV-P,2,cb_gb,0.1,Target-100,0.11659898477157359,0.6332852776422422,,0.56
BV-P,2,cb_gb,0.1,TargetPAC-100,0.06973350253807106,0.5674682058750747,,0.02
BV-P,2,cb_gb,0.2,ID-all,0.1319796954314721,0.6495352546029949,0.1283952886613973,
BV-P,2,cb_gb,0.2,ID,0.13055837563451775,0.6470809571495652,,0.0
BV-P,2,cb_gb,0.2,Target-50,0.18404822335025378,0.695654568379317,,0.2
BV-P,2,cb_gb,0.2,TargetPAC-50,0.12582487309644672,0.6411767572150598,,0.0
BV-P,2,cb_gb,0.2,Target-100,0.18091370558375636,0.6932877386546061,,0.06
BV-P,2,cb_gb,0.2,TargetPAC-100,0.1468274111675127,0.6628339814950388,,0.0
BV-P,2,tf_lr,0.05,ID-all,0.030456852791878174,0.15676894030186914,0.15548689959419143,
BV-P,2,tf_lr,0.05,ID,0.028375634517766497,0.151004236427975,,0.0
BV-P,2,tf_lr,0.05,Target-50,0.03527918781725888,0.1648809461561796,,0.115
BV-P,2,tf_lr,0.05,TargetPAC-50,0.013223350253807107,0.09389690709421082,,0.0
BV-P,2,tf_lr,0.05,Target-100,0.047982233502538066,0.2091089557960187,,0.09
BV-P,2,tf_lr,0.05,TargetPAC-100,0.013223350253807107,0.0984213189789947,,0.0
BV-P,2,tf_lr,0.1,ID-all,0.07106598984771574,0.27640373392238055,0.15548689959419143,
BV-P,2,tf_lr,0.1,ID,0.07115482233502539,0.27611017521264336,,0.0
BV-P,2,tf_lr,0.1,Target-50,0.11463197969543147,0.3652750204330554,,0.47
BV-P,2,tf_lr,0.1,TargetPAC-50,0.03281725888324873,0.1595050904236469,,0.01
BV-P,2,tf_lr,0.1,Target-100,0.12248730964467004,0.391235321745751,,0.57
BV-P,2,tf_lr,0.1,TargetPAC-100,0.06161167512690355,0.24805088759084135,,0.03
BV-P,2,tf_lr,0.2,ID-all,0.1802030456852792,0.4919671021013488,0.15548689959419143,
BV-P,2,tf_lr,0.2,ID,0.1867258883248731,0.4955293285623706,,0.075
BV-P,2,tf_lr,0.2,Target-50,0.21984771573604064,0.5339725113940014,,0.535
BV-P,2,tf_lr,0.2,TargetPAC-50,0.14818527918781726,0.43162317133191974,,0.07
BV-P,2,tf_lr,0.2,Target-100,0.23168781725888327,0.5446754697807524,,0.785
BV-P,2,tf_lr,0.2,TargetPAC-100,0.18246192893401017,0.4922438957862885,,0.09
BV-P,2,tf_gb,0.05,ID-all,0.01015228426395939,0.12282772931446749,0.12600568414801408,
BV-P,2,tf_gb,0.05,ID,0.011205583756345179,0.1296783930048208,,0.0
BV-P,2,tf_gb,0.05,Target-50,0.03691624365482234,0.2425280340906475,,0.065
BV-P,2,tf_gb,0.05,TargetPAC-50,0.01648477157360406,0.14295694833044859,,0.005
BV-P,2,tf_gb,0.05,Target-100,0.050647208121827415,0.2971340183603949,,0.03
BV-P,2,tf_gb,0.05,TargetPAC-100,0.018147208121827414,0.1705074321126554,,0.0
BV-P,2,tf_gb,0.1,ID-all,0.027918781725888325,0.22407786336285102,0.12600568414801408,
BV-P,2,tf_gb,0.1,ID,0.030126903553299497,0.22979397763008005,,0.0
BV-P,2,tf_gb,0.1,Target-50,0.10402284263959391,0.3993754426563734,,0.42
BV-P,2,tf_gb,0.1,TargetPAC-50,0.0400761421319797,0.2530432015698126,,0.025
BV-P,2,tf_gb,0.1,Target-100,0.11062182741116752,0.4160206844239952,,0.44
BV-P,2,tf_gb,0.1,TargetPAC-100,0.05874365482233503,0.3176566067308997,,0.005
BV-P,2,tf_gb,0.2,ID-all,0.10406091370558376,0.4113431080640416,0.12600568414801408,
BV-P,2,tf_gb,0.2,ID,0.1067766497461929,0.4139871183903718,,0.0
BV-P,2,tf_gb,0.2,Target-50,0.20281725888324872,0.5348914344412278,,0.335
BV-P,2,tf_gb,0.2,TargetPAC-50,0.12142131979695431,0.42896948042778305,,0.005
BV-P,2,tf_gb,0.2,Target-100,0.206992385786802,0.5388781718854677,,0.16
BV-P,2,tf_gb,0.2,TargetPAC-100,0.15662436548223346,0.48003063574214866,,0.01
BV-P,2,cb_ens,0.05,ID-all,0.017766497461928935,0.45881197450963984,0.0862166480494323,
BV-P,2,cb_ens,0.05,ID,0.01576142131979695,0.46107266780424233,,0.0
BV-P,2,cb_ens,0.05,Target-50,0.03469543147208122,0.5257855553900138,,0.105
BV-P,2,cb_ens,0.05,TargetPAC-50,0.015038071065989846,0.4164121033100531,,0.015
BV-P,2,cb_ens,0.05,Target-100,0.047436548223350264,0.5748221523598648,,0.085
BV-P,2,cb_ens,0.05,TargetPAC-100,0.01062182741116751,0.4398107891468429,,0.0
BV-P,2,cb_ens,0.1,ID-all,0.03807106598984772,0.5664611087500198,0.0862166480494323,
BV-P,2,cb_ens,0.1,ID,0.039733502538071064,0.5679001686564376,,0.0
BV-P,2,cb_ens,0.1,Target-50,0.0928807106598985,0.637463529977935,,0.065
BV-P,2,cb_ens,0.1,TargetPAC-50,0.03789340101522843,0.5317938833029633,,0.0
BV-P,2,cb_ens,0.1,Target-100,0.09444162436548224,0.641461645243462,,0.0
BV-P,2,cb_ens,0.1,TargetPAC-100,0.05939086294416244,0.5938660484340652,,0.0
BV-P,2,cb_ens,0.2,ID-all,0.1218274111675127,0.6772598791669511,0.0862166480494323,
BV-P,2,cb_ens,0.2,ID,0.12309644670050762,0.6743118248129136,,0.0
BV-P,2,cb_ens,0.2,Target-50,0.19355329949238576,0.7281266003461607,,0.43
BV-P,2,cb_ens,0.2,TargetPAC-50,0.1101776649746193,0.6578704029985645,,0.025
BV-P,2,cb_ens,0.2,Target-100,0.20279187817258884,0.7347719481656582,,0.48
BV-P,2,cb_ens,0.2,TargetPAC-100,0.1302791878172589,0.6818117591688931,,0.01
BV-P,2,tf_ens,0.05,ID-all,0.015228426395939087,0.14974001287456248,0.07306675338998629,
BV-P,2,tf_ens,0.05,ID,0.01618020304568528,0.15090071753443657,,0.0
BV-P,2,tf_ens,0.05,Target-50,0.0374746192893401,0.23741187879815503,,0.135
BV-P,2,tf_ens,0.05,TargetPAC-50,0.01312182741116751,0.11669427627416461,,0.005
BV-P,2,tf_ens,0.05,Target-100,0.04741116751269036,0.2828591037392885,,0.175
BV-P,2,tf_ens,0.05,TargetPAC-100,0.01668781725888325,0.14152423377487866,,0.005
BV-P,2,tf_ens,0.1,ID-all,0.0532994923857868,0.30061389477268347,0.07306675338998629,
BV-P,2,tf_ens,0.1,ID,0.05300761421319797,0.30120318411547126,,0.0
BV-P,2,tf_ens,0.1,Target-50,0.10695431472081218,0.412168921827204,,0.345
BV-P,2,tf_ens,0.1,TargetPAC-50,0.03808375634517767,0.23805373424308102,,0.01
BV-P,2,tf_ens,0.1,Target-100,0.10814720812182742,0.4246330216454307,,0.295
BV-P,2,tf_ens,0.1,TargetPAC-100,0.05875634517766498,0.31547736403427035,,0.005
BV-P,2,tf_ens,0.2,ID-all,0.14720812182741116,0.4856245302308413,0.07306675338998629,
BV-P,2,tf_ens,0.2,ID,0.14228426395939084,0.47398675543305385,,0.0
BV-P,2,tf_ens,0.2,Target-50,0.20763959390862943,0.547990487017761,,0.345
BV-P,2,tf_ens,0.2,TargetPAC-50,0.12909898477157364,0.4502554080426394,,0.015
BV-P,2,tf_ens,0.2,Target-100,0.20567258883248735,0.5507549112736643,,0.275
BV-P,2,tf_ens,0.2,TargetPAC-100,0.17321065989847717,0.5107291833614489,,0.005
BV-P,2,all_ens,0.05,ID-all,0.02284263959390863,0.40887982744428936,0.10370035207782476,
BV-P,2,all_ens,0.05,ID,0.023058375634517764,0.4004768551806465,,0.0
BV-P,2,all_ens,0.05,Target-50,0.036649746192893407,0.46351311508274223,,0.03
BV-P,2,all_ens,0.05,TargetPAC-50,0.01596446700507614,0.3432990535354342,,0.01
BV-P,2,all_ens,0.05,Target-100,0.0457994923857868,0.5161587752972545,,0.0
BV-P,2,all_ens,0.05,TargetPAC-100,0.019035532994923856,0.3782980928344895,,0.0
BV-P,2,all_ens,0.1,ID-all,0.04314720812182741,0.5102559469397351,0.10370035207782476,
BV-P,2,all_ens,0.1,ID,0.04276649746192893,0.5061203831963126,,0.0
BV-P,2,all_ens,0.1,Target-50,0.09456852791878172,0.599752396462002,,0.23
BV-P,2,all_ens,0.1,TargetPAC-50,0.038286802030456854,0.46876961286066804,,0.01
BV-P,2,all_ens,0.1,Target-100,0.08711928934010153,0.5968734232769011,,0.105
BV-P,2,all_ens,0.1,TargetPAC-100,0.04975888324873097,0.5273409296667375,,0.0
BV-P,2,all_ens,0.2,ID-all,0.11928934010152284,0.6442005663089838,0.10370035207782476,
BV-P,2,all_ens,0.2,ID,0.11748730964467007,0.6448638784109619,,0.0
BV-P,2,all_ens,0.2,Target-50,0.20064720812182743,0.7094479711882548,,0.245
BV-P,2,all_ens,0.2,TargetPAC-50,0.11269035532994925,0.6235562776414665,,0.0
BV-P,2,all_ens,0.2,Target-100,0.20035532994923858,0.7109076413269021,,0.135
BV-P,2,all_ens,0.2,TargetPAC-100,0.17137055837563453,0.6923592398046451,,0.0
BV-T,0,cb_lr,0.05,ID-all,0.07049067035245335,0.4296242496825517,0.11582444573114925,
BV-T,0,cb_lr,0.05,ID,0.07049067035245336,0.42962424968255164,,1.0
BV-T,0,cb_lr,0.05,Target-50,0.0381271596406358,0.2662161333266052,,0.175
BV-T,0,cb_lr,0.05,TargetPAC-50,0.013828610919143053,0.1322243997132867,,0.035
BV-T,0,cb_lr,0.05,Target-100,0.04988597097442986,0.33466501995657494,,0.195
BV-T,0,cb_lr,0.05,TargetPAC-100,0.012947477539737386,0.14250724259236308,,0.005
BV-T,0,cb_lr,0.05,Target-200,0.04528334485141672,0.32706649100832225,,0.075
BV-T,0,cb_lr,0.05,TargetPAC-200,0.023873531444367657,0.22161624644110056,,0.005
BV-T,0,cb_lr,0.1,ID-all,0.14581893572909468,0.5754051525097121,0.11582444573114925,
BV-T,0,cb_lr,0.1,ID,0.14581893572909468,0.5754051525097122,,1.0
BV-T,0,cb_lr,0.1,Target-50,0.10748445058742226,0.48953219820840244,,0.335
BV-T,0,cb_lr,0.1,TargetPAC-50,0.03577747062888736,0.2655210814499929,,0.015
BV-T,0,cb_lr,0.1,Target-100,0.10522805805114029,0.49658524866845427,,0.265
BV-T,0,cb_lr,0.1,TargetPAC-100,0.05690739460953697,0.36351122413703807,,0.015
BV-T,0,cb_lr,0.1,Target-200,0.10499654457498271,0.503073996704844,,0.215
BV-T,0,cb_lr,0.1,TargetPAC-200,0.07468555632342777,0.43025128002475344,,0.03
BV-T,0,cb_lr,0.2,ID-all,0.2543192812715964,0.7313258772248258,0.11582444573114925,
BV-T,0,cb_lr,0.2,ID,0.2543192812715964,0.731325877224826,,1.0
BV-T,0,cb_lr,0.2,Target-50,0.2341361437456807,0.7001042753534362,,0.53
BV-T,0,cb_lr,0.2,TargetPAC-50,0.13725293711126468,0.5485104000330575,,0.085
BV-T,0,cb_lr,0.2,Target-100,0.22828956461644778,0.6972455952298907,,0.53
BV-T,0,cb_lr,0.2,TargetPAC-100,0.1752729785763649,0.6245170781240302,,0.06
BV-T,0,cb_lr,0.2,Target-200,0.23074982722874915,0.7036614853218224,,0.585
BV-T,0,cb_lr,0.2,TargetPAC-200,0.1947408431237042,0.6554513072602552,,0.115
BV-T,0,cb_gb,0.05,ID-all,0.04284727021423635,0.3368767753885595,0.10380283531631147,
BV-T,0,cb_gb,0.05,ID,0.04284727021423636,0.33687677538855937,,0.0
BV-T,0,cb_gb,0.05,Target-50,0.0305286800276434,0.24674093373143285,,0.095
BV-T,0,cb_gb,0.05,TargetPAC-50,0.013082239115411193,0.14055463454288855,,0.015
BV-T,0,cb_gb,0.05,Target-100,0.041192121630960615,0.3065616916330274,,0.115
BV-T,0,cb_gb,0.05,TargetPAC-100,0.012080165860400829,0.1492119054895661,,0.0
BV-T,0,cb_gb,0.05,Target-200,0.04195922598479613,0.31756187712836803,,0.05
BV-T,0,cb_gb,0.05,TargetPAC-200,0.021340704906703527,0.21737277525922125,,0.01
BV-T,0,cb_gb,0.1,ID-all,0.11748445058742225,0.5224536346029667,0.10380283531631147,
BV-T,0,cb_gb,0.1,ID,0.11748445058742224,0.5224536346029666,,0.0
BV-T,0,cb_gb,0.1,Target-50,0.08445749827228749,0.43638140311818424,,0.145
BV-T,0,cb_gb,0.1,TargetPAC-50,0.030345542501727715,0.244079909203851,,0.005
BV-T,0,cb_gb,0.1,Target-100,0.08370421561852108,0.44226583404917574,,0.075
BV-T,0,cb_gb,0.1,TargetPAC-100,0.04855908776779544,0.3328975836103518,,0.0
BV-T,0,cb_gb,0.1,Target-200,0.08597097442985488,0.45168867545293795,,0.04
BV-T,0,cb_gb,0.1,TargetPAC-200,0.06678991015894954,0.40018434530806785,,0.005
BV-T,0,cb_gb,0.2,ID-all,0.2093987560469938,0.6330348833801397,0.10380283531631147,
BV-T,0,cb_gb,0.2,ID,0.20939875604699382,0.6330348833801398,,0.0
BV-T,0,cb_gb,0.2,Target-50,0.17708016586040082,0.5953256847994297,,0.19
BV-T,0,cb_gb,0.2,TargetPAC-50,0.10388044229440223,0.4782828319817786,,0.02
BV-T,0,cb_gb,0.2,Target-100,0.1748825155494126,0.5944902807306955,,0.07
BV-T,0,cb_gb,0.2,TargetPAC-100,0.12943331029716656,0.5312104943664777,,0.005
BV-T,0,cb_gb,0.2,Target-200,0.17978576364892881,0.6019031163815654,,0.05
BV-T,0,cb_gb,0.2,TargetPAC-200,0.1493780234968901,0.5647192873419098,,0.0
BV-T,0,tf_lr,0.05,ID-all,0.05943331029716655,0.18775086110110314,0.25168101757597267,
BV-T,0,tf_lr,0.05,ID,0.059433310297166565,0.18775086110110314,,0.0
BV-T,0,tf_lr,0.05,Target-50,0.04315480304077401,0.1399665462252771,,0.14
BV-T,0,tf_lr,0.05,TargetPAC-50,0.0238217000691085,0.0801196013630732,,0.035
BV-T,0,tf_lr,0.05,Target-100,0.05053213545266067,0.16474927973166348,,0.165
BV-T,0,tf_lr,0.05,TargetPAC-100,0.023800967519004842,0.08107039831690885,,0.0
BV-T,0,tf_lr,0.05,Target-200,0.0524015203870076,0.17188558576295607,,0.115
BV-T,0,tf_lr,0.05,TargetPAC-200,0.032325501036627506,0.1145687655447119,,0.005
BV-T,0,tf_lr,0.1,ID-all,0.14167242570836214,0.37019063242701505,0.25168101757597267,
BV-T,0,tf_lr,0.1,ID,0.14167242570836214,0.37019063242701505,,1.0
BV-T,0,tf_lr,0.1,Target-50,0.0919177608845888,0.26087475859504305,,0.185
BV-T,0,tf_lr,0.1,TargetPAC-50,0.04150310988251556,0.1348823468945425,,0.0
BV-T,0,tf_lr,0.1,Target-100,0.09482377332411886,0.26826460101720734,,0.13
BV-T,0,tf_lr,0.1,TargetPAC-100,0.05948859709744299,0.18787953935435417,,0.0
BV-T,0,tf_lr,0.1,Target-200,0.09589841050449205,0.27040610413198757,,0.06
BV-T,0,tf_lr,0.1,TargetPAC-200,0.07515894955079476,0.22605536740291948,,0.0
BV-T,0,tf_lr,0.2,ID-all,0.32688320663441606,0.6177799992273404,0.25168101757597267,
BV-T,0,tf_lr,0.2,ID,0.326883206634416,0.6177799992273404,,1.0
BV-T,0,tf_lr,0.2,Target-50,0.17945404284727018,0.43189051214888124,,0.155
BV-T,0,tf_lr,0.2,TargetPAC-50,0.11480304077401521,0.31050701524421526,,0.005
BV-T,0,tf_lr,0.2,Target-100,0.1746959225984796,0.4285674821093694,,0.065
BV-T,0,tf_lr,0.2,TargetPAC-100,0.13564961990324811,0.3553082308704497,,0.01
BV-T,0,tf_lr,0.2,Target-200,0.17715964063579817,0.43438169676942534,,0.02
BV-T,0,tf_lr,0.2,TargetPAC-200,0.14852453351762268,0.3829396425875007,,0.005
BV-T,0,tf_gb,0.05,ID-all,0.029716655148583276,0.1320949085993683,0.05377388445805861,
BV-T,0,tf_gb,0.05,ID,0.029716655148583283,0.13209490859936832,,0.0
BV-T,0,tf_gb,0.05,Target-50,0.036382170006910845,0.14085602358789148,,0.08
BV-T,0,tf_gb,0.05,TargetPAC-50,0.017332411886662062,0.07674724784438233,,0.01
BV-T,0,tf_gb,0.05,Target-100,0.04386316516931583,0.1668710262049296,,0.07
BV-T,0,tf_gb,0.05,TargetPAC-100,0.01828956461644782,0.08080707226753919,,0.005
BV-T,0,tf_gb,0.05,Target-200,0.04314789219073946,0.16811975433080747,,0.025
BV-T,0,tf_gb,0.05,TargetPAC-200,0.028185901865929508,0.1188925108203112,,0.005
BV-T,0,tf_gb,0.1,ID-all,0.10020732550103663,0.31190142053754716,0.05377388445805861,
BV-T,0,tf_gb,0.1,ID,0.10020732550103667,0.3119014205375472,,0.0
BV-T,0,tf_gb,0.1,Target-50,0.08142709053213544,0.26045945295096856,,0.175
BV-T,0,tf_gb,0.1,TargetPAC-50,0.03485487214927436,0.13625976945630566,,0.005
BV-T,0,tf_gb,0.1,Target-100,0.08391154111955772,0.268815340203029,,0.085
BV-T,0,tf_gb,0.1,TargetPAC-100,0.05035590877677954,0.1854888763777329,,0.005
BV-T,0,tf_gb,0.1,Target-200,0.08284381478921908,0.2670197662159012,,0.04
BV-T,0,tf_gb,0.1,TargetPAC-200,0.06289219073946095,0.21856842506336827,,0.005
BV-T,0,tf_gb,0.2,ID-all,0.21078092605390464,0.5083410578124068,0.05377388445805861,
BV-T,0,tf_gb,0.2,ID,0.21078092605390464,0.5083410578124069,,0.0
BV-T,0,tf_gb,0.2,Target-50,0.1722771250863856,0.44229868320482507,,0.21
BV-T,0,tf_gb,0.2,TargetPAC-50,0.09802695231513475,0.29844126718887504,,0.005
BV-T,0,tf_gb,0.2,Target-100,0.16928818244644092,0.4411355242367311,,0.12
BV-T,0,tf_gb,0.2,TargetPAC-100,0.12535936420179683,0.3586999273541368,,0.01
BV-T,0,tf_gb,0.2,Target-200,0.16383206634416034,0.4345357808243088,,0.07
BV-T,0,tf_gb,0.2,TargetPAC-200,0.13689357290946785,0.3848282635947893,,0.005
BV-T,0,cb_ens,0.05,ID-all,0.0718728403593642,0.4689373797265992,0.0947416836324922,
BV-T,0,cb_ens,0.05,ID,0.07187284035936421,0.46893737972659905,,1.0
BV-T,0,cb_ens,0.05,Target-50,0.03638217000691085,0.31191381394316064,,0.135
BV-T,0,cb_ens,0.05,TargetPAC-50,0.01652729785763649,0.1818767436659888,,0.04
BV-T,0,cb_ens,0.05,Target-100,0.04630269523151347,0.37466885648647247,,0.16
BV-T,0,cb_ens,0.05,TargetPAC-100,0.01349689011748445,0.19227255246502764,,0.0
BV-T,0,cb_ens,0.05,Target-200,0.0471147201105736,0.3826093204714403,,0.075
BV-T,0,cb_ens,0.05,TargetPAC-200,0.025888044229440223,0.2921953038414001,,0.0
BV-T,0,cb_ens,0.1,ID-all,0.12508638562543192,0.5931196767397726,0.0947416836324922,
BV-T,0,cb_ens,0.1,ID,0.1250863856254319,0.5931196767397725,,1.0
BV-T,0,cb_ens,0.1,Target-50,0.10116447823082239,0.5285494037812026,,0.275
BV-T,0,cb_ens,0.1,TargetPAC-50,0.037937111264685554,0.31894225762301714,,0.02
BV-T,0,cb_ens,0.1,Target-100,0.09914996544574983,0.5336639494391937,,0.195
BV-T,0,cb_ens,0.1,TargetPAC-100,0.05692121630960609,0.41192178473628116,,0.02
BV-T,0,cb_ens,0.1,Target-200,0.09943331029716657,0.5397389498048846,,0.125
BV-T,0,cb_ens,0.1,TargetPAC-200,0.07717000691085003,0.4780230174929057,,0.015
BV-T,0,cb_ens,0.2,ID-all,0.22460262612301313,0.7181360114439985,0.0947416836324922,
BV-T,0,cb_ens,0.2,ID,0.2246026261230131,0.7181360114439986,,1.0
BV-T,0,cb_ens,0.2,Target-50,0.1957532826537664,0.6819242550304138,,0.34
BV-T,0,cb_ens,0.2,TargetPAC-50,0.11428127159640634,0.5577054932856736,,0.015
BV-T,0,cb_ens,0.2,Target-100,0.1962957843814789,0.6867220290664782,,0.285
BV-T,0,cb_ens,0.2,TargetPAC-100,0.14852453351762265,0.6245394603774689,,0.03
BV-T,0,cb_ens,0.2,Target-200,0.19561506565307532,0.6871612237142712,,0.24
BV-T,0,cb_ens,0.2,TargetPAC-200,0.16040082930200414,0.6431594937909706,,0.01
BV-T,0,tf_ens,0.05,ID-all,0.05874222529371113,0.21524629581746632,0.11951568015838922,
BV-T,0,tf_ens,0.05,ID,0.05874222529371112,0.21524629581746627,,0.0
BV-T,0,tf_ens,0.05,Target-50,0.038317208016586043,0.14089057291125712,,0.065
BV-T,0,tf_ens,0.05,TargetPAC-50,0.021516931582584657,0.08272009750604453,,0.015
BV-T,0,tf_ens,0.05,Target-100,0.052791983413959916,0.1899735553964439,,0.085
BV-T,0,tf_ens,0.05,TargetPAC-100,0.0218279198341396,0.08594099179716191,,0.0
BV-T,0,tf_ens,0.05,Target-200,0.05232895646164479,0.19095072110102201,,0.035
BV-T,0,tf_ens,0.05,TargetPAC-200,0.029467864547339327,0.1167215504548652,,0.0
BV-T,0,tf_ens,0.1,ID-all,0.1465100207325501,0.40616084901459587,0.11951568015838922,
BV-T,0,tf_ens,0.1,ID,0.14651002073255007,0.40616084901459604,,1.0
BV-T,0,tf_ens,0.1,Target-50,0.08785418106427091,0.2756137903251007,,0.175
BV-T,0,tf_ens,0.1,TargetPAC-50,0.036485832757429164,0.13642712403430088,,0.0
BV-T,0,tf_ens,0.1,Target-100,0.08447823082239114,0.27087159142519623,,0.09
BV-T,0,tf_ens,0.1,TargetPAC-100,0.056091914305459574,0.19944328862743838,,0.005
BV-T,0,tf_ens,0.1,Target-200,0.08791983413959915,0.2780010074775695,,0.055
BV-T,0,tf_ens,0.1,TargetPAC-200,0.06933655839668279,0.23815620088900552,,0.005
BV-T,0,tf_ens,0.2,ID-all,0.253628196268141,0.5757778346958983,0.11951568015838922,
BV-T,0,tf_ens,0.2,ID,0.2536281962681409,0.5757778346958984,,1.0
BV-T,0,tf_ens,0.2,Target-50,0.17369384934346926,0.4510848051530603,,0.165
BV-T,0,tf_ens,0.2,TargetPAC-50,0.10597788527988942,0.31604934631560744,,0.005
BV-T,0,tf_ens,0.2,Target-100,0.16880442294402212,0.44698354600383,,0.045
BV-T,0,tf_ens,0.2,TargetPAC-100,0.13063579820317897,0.37116425075646053,,0.005
BV-T,0,tf_ens,0.2,Target-200,0.17089495507947475,0.45337961896813295,,0.015
BV-T,0,tf_ens,0.2,TargetPAC-200,0.14450241879751208,0.4010370177720076,,0.0
BV-T,0,all_ens,0.05,ID-all,0.06496199032480995,0.42085659824774163,0.12115000280169597,
BV-T,0,all_ens,0.05,ID,0.06496199032480997,0.42085659824774163,,0.0
BV-T,0,all_ens,0.05,Target-50,0.033168624740843124,0.2770228975815523,,0.08
BV-T,0,all_ens,0.05,TargetPAC-50,0.014671734623358672,0.155104219481048,,0.005
BV-T,0,all_ens,0.05,Target-100,0.04328610919143054,0.33616638468552196,,0.1
BV-T,0,all_ens,0.05,TargetPAC-100,0.015304077401520386,0.17805411557909204,,0.005
BV-T,0,all_ens,0.05,Target-200,0.044554250172771245,0.34620007729756536,,0.035
BV-T,0,all_ens,0.05,TargetPAC-200,0.026164478230822387,0.2594793874666556,,0.0
BV-T,0,all_ens,0.1,ID-all,0.11195577055977886,0.5382870265099237,0.12115000280169597,
BV-T,0,all_ens,0.1,ID,0.11195577055977889,0.5382870265099237,,0.0
BV-T,0,all_ens,0.1,Target-50,0.08658258465791292,0.4743139215553724,,0.12
BV-T,0,all_ens,0.1,TargetPAC-50,0.03444367657221838,0.27998413327545096,,0.005
BV-T,0,all_ens,0.1,Target-100,0.08819281271596406,0.48424891129915454,,0.055
BV-T,0,all_ens,0.1,TargetPAC-100,0.05334830684174154,0.3748692249532851,,0.0
BV-T,0,all_ens,0.1,Target-200,0.08985832757429163,0.4921482732212392,,0.025
BV-T,0,all_ens,0.1,TargetPAC-200,0.06979267449896337,0.4371954249451062,,0.0
BV-T,0,all_ens,0.2,ID-all,0.22667588113337941,0.6933450113226246,0.12115000280169597,
BV-T,0,all_ens,0.2,ID,0.22667588113337936,0.6933450113226246,,1.0
BV-T,0,all_ens,0.2,Target-50,0.16920525224602628,0.6227720397610544,,0.135
BV-T,0,all_ens,0.2,TargetPAC-50,0.09972011057360054,0.5079812314670074,,0.0
BV-T,0,all_ens,0.2,Target-100,0.16755701451278504,0.6222904571434821,,0.07
BV-T,0,all_ens,0.2,TargetPAC-100,0.1285487214927436,0.5659170229800412,,0.005
BV-T,0,all_ens,0.2,Target-200,0.16937111264685556,0.6256562518982512,,0.01
BV-T,0,all_ens,0.2,TargetPAC-200,0.13703524533517622,0.5821444496562413,,0.0
BV-T,1,cb_lr,0.05,ID-all,0.0497581202487906,0.3635780787251671,0.09199733333984532,
BV-T,1,cb_lr,0.05,ID,0.0497581202487906,0.3635780787251672,,0.0
BV-T,1,cb_lr,0.05,Target-50,0.03445058742225294,0.2609684555540055,,0.165
BV-T,1,cb_lr,0.05,TargetPAC-50,0.015162404975812028,0.13795763299316505,,0.035
BV-T,1,cb_lr,0.05,Target-100,0.04529716655148583,0.33194931271863526,,0.17
BV-T,1,cb_lr,0.05,TargetPAC-100,0.012246026261230131,0.13125551948152314,,0.005
BV-T,1,cb_lr,0.05,Target-200,0.04618866620594333,0.3426701251565124,,0.125
BV-T,1,cb_lr,0.05,TargetPAC-200,0.0235348997926745,0.224963044290909,,0.005
BV-T,1,cb_lr,0.1,ID-all,0.138217000691085,0.587035457742389,0.09199733333984532,
BV-T,1,cb_lr,0.1,ID,0.138217000691085,0.5870354577423891,,1.0
BV-T,1,cb_lr,0.1,Target-50,0.10212508638562542,0.4988268955652753,,0.305
BV-T,1,cb_lr,0.1,TargetPAC-50,0.03183137525915688,0.25348595200958135,,0.005
BV-T,1,cb_lr,0.1,Target-100,0.10221147201105735,0.5048613679123102,,0.295
BV-T,1,cb_lr,0.1,TargetPAC-100,0.059056668970283346,0.3809982546411648,,0.015
BV-T,1,cb_lr,0.1,Target-200,0.10247753973738769,0.5112430237132399,,0.215
BV-T,1,cb_lr,0.1,TargetPAC-200,0.07560815480304078,0.4414466204995922,,0.025
BV-T,1,cb_lr,0.2,ID-all,0.2791983413959917,0.7636050043734559,0.09199733333984532,
BV-T,1,cb_lr,0.2,ID,0.27919834139599164,0.763605004373456,,1.0
BV-T,1,cb_lr,0.2,Target-50,0.21099861782999307,0.683114453989439,,0.425
BV-T,1,cb_lr,0.2,TargetPAC-50,0.12351416724257085,0.5407937044003543,,0.035
BV-T,1,cb_lr,0.2,Target-100,0.21775051831375258,0.6956373735115196,,0.475
BV-T,1,cb_lr,0.2,TargetPAC-100,0.15897719419488596,0.6142646045638633,,0.055
BV-T,1,cb_lr,0.2,Target-200,0.21730822391154114,0.6977401874681328,,0.41
BV-T,1,cb_lr,0.2,TargetPAC-200,0.1796786454733932,0.6473731207078796,,0.1
BV-T,1,cb_gb,0.05,ID-all,0.05736005528680028,0.37537733857988764,0.12359920976993952,
BV-T,1,cb_gb,0.05,ID,0.05736005528680029,0.37537733857988764,,0.0
BV-T,1,cb_gb,0.05,Target-50,0.032242570836212854,0.2540496360855359,,0.115
BV-T,1,cb_gb,0.05,TargetPAC-50,0.013814789219073946,0.14753639876049215,,0.02
BV-T,1,cb_gb,0.05,Target-100,0.042111264685556316,0.3099811736731796,,0.145
BV-T,1,cb_gb,0.05,TargetPAC-100,0.013420870767104354,0.16011170091382879,,0.005
BV-T,1,cb_gb,0.05,Target-200,0.04571181755355909,0.3285359996423107,,0.085
BV-T,1,cb_gb,0.05,TargetPAC-200,0.02070490670352453,0.2197691040209805,,0.005
BV-T,1,cb_gb,0.1,ID-all,0.13959917069799585,0.5540098055790976,0.12359920976993952,
BV-T,1,cb_gb,0.1,ID,0.13959917069799582,0.5540098055790975,,1.0
BV-T,1,cb_gb,0.1,Target-50,0.09455079474775399,0.45583547066277447,,0.19
BV-T,1,cb_gb,0.1,TargetPAC-50,0.0312992398064962,0.2529045499053506,,0.0
BV-T,1,cb_gb,0.1,Target-100,0.09331720801658605,0.45612128798916,,0.14
BV-T,1,cb_gb,0.1,TargetPAC-100,0.05411541119557706,0.35091689238168317,,0.0
BV-T,1,cb_gb,0.1,Target-200,0.09262957843814788,0.4555951343823028,,0.005
BV-T,1,cb_gb,0.1,TargetPAC-200,0.06942985487214927,0.39991854932767523,,0.0
BV-T,1,cb_gb,0.2,ID-all,0.24464409122322045,0.6877937917181334,0.12359920976993952,
BV-T,1,cb_gb,0.2,ID,0.24464409122322045,0.6877937917181336,,1.0
BV-T,1,cb_gb,0.2,Target-50,0.17511402902557016,0.6016272891404454,,0.21
BV-T,1,cb_gb,0.2,TargetPAC-50,0.11198686938493435,0.49400669218650267,,0.01
BV-T,1,cb_gb,0.2,Target-100,0.1786385625431928,0.6119560286429718,,0.13
BV-T,1,cb_gb,0.2,TargetPAC-100,0.13051485832757428,0.5359705944223879,,0.005
BV-T,1,cb_gb,0.2,Target-200,0.17897028334485146,0.6152453120615554,,0.055
BV-T,1,cb_gb,0.2,TargetPAC-200,0.14944367657221838,0.5726212383768248,,0.0
BV-T,1,tf_lr,0.05,ID-all,0.09882515549412578,0.30392533379789344,0.2678308477879175,
BV-T,1,tf_lr,0.05,ID,0.09882515549412575,0.3039253337978933,,1.0
BV-T,1,tf_lr,0.05,Target-50,0.035279889426399445,0.12591474837366742,,0.1
BV-T,1,tf_lr,0.05,TargetPAC-50,0.01869039391845197,0.07077568531661634,,0.015
BV-T,1,tf_lr,0.05,Target-100,0.0440013821700069,0.15713118798083808,,0.08
BV-T,1,tf_lr,0.05,TargetPAC-100,0.0201658604008293,0.0772920553135871,,0.01
BV-T,1,tf_lr,0.05,Target-200,0.04615411195577056,0.16690567004906387,,0.04
BV-T,1,tf_lr,0.05,TargetPAC-200,0.02921216309606081,0.1093754040058183,,0.0
BV-T,1,tf_lr,0.1,ID-all,0.18037318590186593,0.4435718445779769,0.2678308477879175,
BV-T,1,tf_lr,0.1,ID,0.18037318590186596,0.4435718445779769,,1.0
BV-T,1,tf_lr,0.1,Target-50,0.08921907394609536,0.2703161708362106,,0.19
BV-T,1,tf_lr,0.1,TargetPAC-50,0.03610919143054595,0.12936637955529598,,0.01
BV-T,1,tf_lr,0.1,Target-100,0.0929578438147892,0.28274516899598123,,0.145
BV-T,1,tf_lr,0.1,TargetPAC-100,0.054046302695231516,0.18814241590212993,,0.005
BV-T,1,tf_lr,0.1,Target-200,0.0920525224602626,0.2849421469229412,,0.055
BV-T,1,tf_lr,0.1,TargetPAC-200,0.06761575673807878,0.22751137116297102,,0.01
BV-T,1,tf_lr,0.2,ID-all,0.3199723565998618,0.6197799131227943,0.2678308477879175,
BV-T,1,tf_lr,0.2,ID,0.31997235659986173,0.6197799131227945,,1.0
BV-T,1,tf_lr,0.2,Target-50,0.1744609536973048,0.42544700824298365,,0.14
BV-T,1,tf_lr,0.2,TargetPAC-50,0.11064270905321355,0.312833825316092,,0.005
BV-T,1,tf_lr,0.2,Target-100,0.18060469937802354,0.43876563218442594,,0.105
BV-T,1,tf_lr,0.2,TargetPAC-100,0.14052868002764338,0.3716289579966558,,0.005
BV-T,1,tf_lr,0.2,Target-200,0.18442985487214927,0.4470709218780268,,0.05
BV-T,1,tf_lr,0.2,TargetPAC-200,0.15251900483759503,0.3935582202905998,,0.0
BV-T,1,tf_gb,0.05,ID-all,0.04768486523842433,0.16373812357112014,0.08418294460819388,
BV-T,1,tf_gb,0.05,ID,0.04768486523842432,0.16373812357112016,,0.0
BV-T,1,tf_gb,0.05,Target-50,0.0343814789219074,0.1288515649913116,,0.1
BV-T,1,tf_gb,0.05,TargetPAC-50,0.013455425017277128,0.05852575060357685,,0.01
BV-T,1,tf_gb,0.05,Target-100,0.04040428472702143,0.14968800477571173,,0.06
BV-T,1,tf_gb,0.05,TargetPAC-100,0.014395300621976505,0.06471827219097159,,0.0
BV-T,1,tf_gb,0.05,Target-200,0.04412577747062889,0.1601627053397874,,0.03
BV-T,1,tf_gb,0.05,TargetPAC-200,0.02420525224602626,0.10280088705889551,,0.0
BV-T,1,tf_gb,0.1,ID-all,0.09813407049067036,0.3062339860453046,0.08418294460819388,
BV-T,1,tf_gb,0.1,ID,0.09813407049067034,0.30623398604530466,,0.0
BV-T,1,tf_gb,0.1,Target-50,0.08101935038009675,0.26014634387319224,,0.16
BV-T,1,tf_gb,0.1,TargetPAC-50,0.03160331720801659,0.12142267407513628,,0.005
BV-T,1,tf_gb,0.1,Target-100,0.08465100207325502,0.27324801791217346,,0.095
BV-T,1,tf_gb,0.1,TargetPAC-100,0.048901174844505874,0.1740064677100738,,0.005
BV-T,1,tf_gb,0.1,Target-200,0.08617484450587423,0.2795764239911021,,0.02
BV-T,1,tf_gb,0.1,TargetPAC-200,0.06725639253628196,0.22767511207650748,,0.005
BV-T,1,tf_gb,0.2,ID-all,0.21907394609536973,0.5318894044721545,0.08418294460819388,
BV-T,1,tf_gb,0.2,ID,0.21907394609536976,0.5318894044721546,,0.0
BV-T,1,tf_gb,0.2,Target-50,0.1675224602626123,0.43867563338393756,,0.13
BV-T,1,tf_gb,0.2,TargetPAC-50,0.10314789219073946,0.3112214930001695,,0.01
BV-T,1,tf_gb,0.2,Target-100,0.16847270214236348,0.4428273686770127,,0.09
BV-T,1,tf_gb,0.2,TargetPAC-100,0.1245300621976503,0.3631206300418737,,0.0
BV-T,1,tf_gb,0.2,Target-200,0.16967173462335863,0.4467630152445641,,0.02
BV-T,1,tf_gb,0.2,TargetPAC-200,0.14059433310297167,0.3970781889342134,,0.0
BV-T,1,cb_ens,0.05,ID-all,0.0635798203178991,0.4717472937901734,0.11552108541859482,
BV-T,1,cb_ens,0.05,ID,0.0635798203178991,0.47174729379017327,,0.0
BV-T,1,cb_ens,0.05,Target-50,0.031129923980649617,0.3011010111808269,,0.085
BV-T,1,cb_ens,0.05,TargetPAC-50,0.013752591568762957,0.1787136694648444,,0.01
BV-T,1,cb_ens,0.05,Target-100,0.042284035936420175,0.3816110015150491,,0.095
BV-T,1,cb_ens,0.05,TargetPAC-100,0.016171389080856947,0.21826422807376594,,0.0
BV-T,1,cb_ens,0.05,Target-200,0.04160331720801658,0.3843301857154096,,0.03
BV-T,1,cb_ens,0.05,TargetPAC-200,0.02222529371112647,0.2873319712823331,,0.0
BV-T,1,cb_ens,0.1,ID-all,0.1465100207325501,0.632841891235164,0.11552108541859482,
BV-T,1,cb_ens,0.1,ID,0.14651002073255007,0.632841891235164,,1.0
BV-T,1,cb_ens,0.1,Target-50,0.09298548721492743,0.5236800806992298,,0.25
BV-T,1,cb_ens,0.1,TargetPAC-50,0.033728403593642015,0.31735832207045944,,0.02
BV-T,1,cb_ens,0.1,Target-100,0.08740843123704217,0.5213912314084278,,0.13
BV-T,1,cb_ens,0.1,TargetPAC-100,0.05086731167933655,0.41203422549170826,,0.015
BV-T,1,cb_ens,0.1,Target-200,0.09035936420179683,0.5333301035823516,,0.075
BV-T,1,cb_ens,0.1,TargetPAC-200,0.06624740843123704,0.46860396217011996,,0.0
BV-T,1,cb_ens,0.2,ID-all,0.26952315134761573,0.7654677012235955,0.11552108541859482,
BV-T,1,cb_ens,0.2,ID,0.26952315134761573,0.7654677012235956,,1.0
BV-T,1,cb_ens,0.2,Target-50,0.1951209398756047,0.6835036492310568,,0.36
BV-T,1,cb_ens,0.2,TargetPAC-50,0.11500345542501726,0.5675510072712916,,0.035
BV-T,1,cb_ens,0.2,Target-100,0.1986454733932274,0.691397178312312,,0.29
BV-T,1,cb_ens,0.2,TargetPAC-100,0.14097097442985487,0.6195972139569231,,0.03
BV-T,1,cb_ens,0.2,Target-200,0.19848306841741536,0.6938023620149016,,0.215
BV-T,1,cb_ens,0.2,TargetPAC-200,0.15970974429854873,0.6466469460318415,,0.025
BV-T,1,tf_ens,0.05,ID-all,0.082930200414651,0.2650632925203157,0.16192634450221122,
BV-T,1,tf_ens,0.05,ID,0.08293020041465102,0.26506329252031563,,1.0
BV-T,1,tf_ens,0.05,Target-50,0.0332930200414651,0.12920169577747667,,0.06
BV-T,1,tf_ens,0.05,TargetPAC-50,0.018645473393227367,0.07801904854290759,,0.015
BV-T,1,tf_ens,0.05,Target-100,0.04280926053904631,0.16337310179073816,,0.055
BV-T,1,tf_ens,0.05,TargetPAC-100,0.017176917760884588,0.0737390807065786,,0.005
BV-T,1,tf_ens,0.05,Target-200,0.04307878369039392,0.16666954826052788,,0.015
BV-T,1,tf_ens,0.05,TargetPAC-200,0.027294402211472012,0.11477444269362615,,0.0
BV-T,1,tf_ens,0.1,ID-all,0.14167242570836214,0.4026991539857787,0.16192634450221122,
BV-T,1,tf_ens,0.1,ID,0.14167242570836214,0.4026991539857789,,1.0
BV-T,1,tf_ens,0.1,Target-50,0.08370421561852108,0.26651041589388347,,0.155
BV-T,1,tf_ens,0.1,TargetPAC-50,0.03404630269523151,0.1299932265485754,,0.02
BV-T,1,tf_ens,0.1,Target-100,0.0812992398064962,0.26260423360720947,,0.04
BV-T,1,tf_ens,0.1,TargetPAC-100,0.05281617138908086,0.1919750551649269,,0.0
BV-T,1,tf_ens,0.1,Target-200,0.08626123013130617,0.2748113311806649,,0.04
BV-T,1,tf_ens,0.1,TargetPAC-200,0.06424326192121631,0.22244279422096766,,0.0
BV-T,1,tf_ens,0.2,ID-all,0.26606772633033865,0.5960175721605078,0.16192634450221122,
BV-T,1,tf_ens,0.2,ID,0.26606772633033865,0.5960175721605079,,1.0
BV-T,1,tf_ens,0.2,Target-50,0.16693503800967519,0.4440030590799144,,0.11
BV-T,1,tf_ens,0.2,TargetPAC-50,0.10145473393227367,0.3074560771455572,,0.015
BV-T,1,tf_ens,0.2,Target-100,0.174588804422944,0.46310905867023067,,0.08
BV-T,1,tf_ens,0.2,TargetPAC-100,0.13014512785072566,0.3743219225393494,,0.01
BV-T,1,tf_ens,0.2,Target-200,0.17388044229440222,0.46594401852557504,,0.05
BV-T,1,tf_ens,0.2,TargetPAC-200,0.14156185210780925,0.40200981487297766,,0.0
BV-T,1,all_ens,0.05,ID-all,0.07878369039391846,0.4824595527015459,0.17544767900444688,
BV-T,1,all_ens,0.05,ID,0.07878369039391844,0.48245955270154595,,1.0
BV-T,1,all_ens,0.05,Target-50,0.027664132688320665,0.25833109728574005,,0.065
BV-T,1,all_ens,0.05,TargetPAC-50,0.01200760193503801,0.14313858183667275,,0.015
BV-T,1,all_ens,0.05,Target-100,0.04402211472011057,0.3466173604051849,,0.09
BV-T,1,all_ens,0.05,TargetPAC-100,0.012446440912232204,0.16876887968314158,,0.0
BV-T,1,all_ens,0.05,Target-200,0.042384243261921216,0.3438021219297006,,0.02
BV-T,1,all_ens,0.05,TargetPAC-200,0.02248790601243953,0.25573120185964926,,0.005
BV-T,1,all_ens,0.1,ID-all,0.1299239806496199,0.5886738935515933,0.17544767900444688,
BV-T,1,all_ens,0.1,ID,0.12992398064961994,0.5886738935515934,,1.0
BV-T,1,all_ens,0.1,Target-50,0.08333794056668971,0.4736256978339683,,0.13
BV-T,1,all_ens,0.1,TargetPAC-50,0.03390808569454043,0.2877273769950294,,0.0
BV-T,1,all_ens,0.1,Target-100,0.0861921216309606,0.48940514478127506,,0.08
BV-T,1,all_ens,0.1,TargetPAC-100,0.050621976503109886,0.3726955224797404,,0.005
BV-T,1,all_ens,0.1,Target-200,0.0857532826537664,0.4931848085107616,,0.005
BV-T,1,all_ens,0.1,TargetPAC-200,0.06674153420870767,0.4316932447045062,,0.005
BV-T,1,all_ens,0.2,ID-all,0.24187975120939875,0.7207508353587677,0.17544767900444688,
BV-T,1,all_ens,0.2,ID,0.24187975120939867,0.7207508353587677,,1.0
BV-T,1,all_ens,0.2,Target-50,0.16536627505183138,0.6301565508516933,,0.145
BV-T,1,all_ens,0.2,TargetPAC-50,0.1056807187284036,0.525736524754531,,0.02
BV-T,1,all_ens,0.2,Target-100,0.16826883206634413,0.6395362704371618,,0.095
BV-T,1,all_ens,0.2,TargetPAC-100,0.12806150656530754,0.5802976279611,,0.015
BV-T,1,all_ens,0.2,Target-200,0.1704975812024879,0.6442625260021637,,0.025
BV-T,1,all_ens,0.2,TargetPAC-200,0.13914305459571527,0.601048374940294,,0.0
BV-T,2,cb_lr,0.05,ID-all,0.08707671043538355,0.4743779864933073,0.07734927341080135,
BV-T,2,cb_lr,0.05,ID,0.08707671043538355,0.47437798649330715,,1.0
BV-T,2,cb_lr,0.05,Target-50,0.03705597788527989,0.25820130263528474,,0.165
BV-T,2,cb_lr,0.05,TargetPAC-50,0.015608154803040772,0.13192907405790164,,0.04
BV-T,2,cb_lr,0.05,Target-100,0.04687629578438148,0.3209586927997938,,0.195
BV-T,2,cb_lr,0.05,TargetPAC-100,0.01451969592259848,0.1399494587145534,,0.02
BV-T,2,cb_lr,0.05,Target-200,0.04946440912232204,0.3378759099914073,,0.185
BV-T,2,cb_lr,0.05,TargetPAC-200,0.0232930200414651,0.21434623090176083,,0.005
BV-T,2,cb_lr,0.1,ID-all,0.13476157567380787,0.5728061973833076,0.07734927341080135,
BV-T,2,cb_lr,0.1,ID,0.13476157567380787,0.5728061973833077,,1.0
BV-T,2,cb_lr,0.1,Target-50,0.1107256392536282,0.500009415571578,,0.43
BV-T,2,cb_lr,0.1,TargetPAC-50,0.03495507947477539,0.2524988159727759,,0.015
BV-T,2,cb_lr,0.1,Target-100,0.10939530062197651,0.5135222771844852,,0.36
BV-T,2,cb_lr,0.1,TargetPAC-100,0.06058396682791984,0.37418284622737025,,0.025
BV-T,2,cb_lr,0.1,Target-200,0.1133690393918452,0.5284860100834565,,0.375
BV-T,2,cb_lr,0.1,TargetPAC-200,0.08088458880442294,0.4473667735034424,,0.05
BV-T,2,cb_lr,0.2,ID-all,0.253628196268141,0.7301200947091274,0.07734927341080135,
BV-T,2,cb_lr,0.2,ID,0.2536281962681409,0.7301200947091272,,1.0
BV-T,2,cb_lr,0.2,Target-50,0.2305908776779544,0.6907673345436485,,0.53
BV-T,2,cb_lr,0.2,TargetPAC-50,0.1364651002073255,0.5539201314057807,,0.075
BV-T,2,cb_lr,0.2,Target-100,0.23668970283344856,0.7032124417564166,,0.65
BV-T,2,cb_lr,0.2,TargetPAC-100,0.17590532135452663,0.6255691169522656,,0.13
BV-T,2,cb_lr,0.2,Target-200,0.23070490670352456,0.6993379651340292,,0.67
BV-T,2,cb_lr,0.2,TargetPAC-200,0.1965549412577747,0.6564726811584669,,0.165
BV-T,2,cb_gb,0.05,ID-all,0.08223911541119558,0.43430759601543206,0.0517055075437509,
BV-T,2,cb_gb,0.05,ID,0.08223911541119555,0.434307596015432,,1.0
BV-T,2,cb_gb,0.05,Target-50,0.03520041465100207,0.26701389477464643,,0.1
BV-T,2,cb_gb,0.05,TargetPAC-50,0.01626468555632343,0.15528140210721383,,0.005
BV-T,2,cb_gb,0.05,Target-100,0.04755010366275052,0.32911487680082613,,0.13
BV-T,2,cb_gb,0.05,TargetPAC-100,0.015183137525915687,0.16567876631503173,,0.005
BV-T,2,cb_gb,0.05,Target-200,0.04607809260539046,0.3286435061177106,,0.015
BV-T,2,cb_gb,0.05,TargetPAC-200,0.02525915687629578,0.24215660898017766,,0.0
BV-T,2,cb_gb,0.1,ID-all,0.1161022805805114,0.5200420695715697,0.0517055075437509,
BV-T,2,cb_gb,0.1,ID,0.1161022805805114,0.5200420695715698,,0.0
BV-T,2,cb_gb,0.1,Target-50,0.08853144436765721,0.4453799640812159,,0.125
BV-T,2,cb_gb,0.1,TargetPAC-50,0.03646164478230823,0.2704620722067,,0.0
BV-T,2,cb_gb,0.1,Target-100,0.086782999308915,0.44663890994476196,,0.085
BV-T,2,cb_gb,0.1,TargetPAC-100,0.055653075328265376,0.35877183497215515,,0.0
BV-T,2,cb_gb,0.1,Target-200,0.0889426399447132,0.45448958202279854,,0.015
BV-T,2,cb_gb,0.1,TargetPAC-200,0.0691845196959226,0.4019271713036916,,0.0
BV-T,2,cb_gb,0.2,ID-all,0.2093987560469938,0.6508999267592802,0.0517055075437509,
BV-T,2,cb_gb,0.2,ID,0.20939875604699382,0.6508999267592802,,0.0
BV-T,2,cb_gb,0.2,Target-50,0.1789115411195577,0.5999589980232696,,0.275
BV-T,2,cb_gb,0.2,TargetPAC-50,0.10623704215618521,0.48331855383344463,,0.025
BV-T,2,cb_gb,0.2,Target-100,0.1783932273669661,0.6053015689279231,,0.145
BV-T,2,cb_gb,0.2,TargetPAC-100,0.1269004837595024,0.5283859762202039,,0.005
BV-T,2,cb_gb,0.2,Target-200,0.18083621285418106,0.6093385005569509,,0.1
BV-T,2,cb_gb,0.2,TargetPAC-200,0.1412957843814789,0.5551981407954028,,0.0
BV-T,2,tf_lr,0.05,ID-all,0.09260539046302695,0.28516581293961096,0.24203411727546267,
BV-T,2,tf_lr,0.05,ID,0.09260539046302693,0.2851658129396109,,1.0
BV-T,2,tf_lr,0.05,Target-50,0.03260539046302695,0.12297483611529206,,0.045
BV-T,2,tf_lr,0.05,TargetPAC-50,0.01866620594333103,0.07360946204304492,,0.005
BV-T,2,tf_lr,0.05,Target-100,0.040884588804422944,0.1550142496861767,,0.075
BV-T,2,tf_lr,0.05,TargetPAC-100,0.018693849343469248,0.07282594378307024,,0.0
BV-T,2,tf_lr,0.05,Target-200,0.03956461644782308,0.15417262420351907,,0.015
BV-T,2,tf_lr,0.05,TargetPAC-200,0.027954388389771944,0.11175843110619738,,0.0
BV-T,2,tf_lr,0.1,ID-all,0.16655148583275742,0.4188704551368232,0.24203411727546267,
BV-T,2,tf_lr,0.1,ID,0.16655148583275747,0.41887045513682336,,1.0
BV-T,2,tf_lr,0.1,Target-50,0.082643400138217,0.25820908759416233,,0.135
BV-T,2,tf_lr,0.1,TargetPAC-50,0.03599516240497581,0.13323684802632305,,0.0
BV-T,2,tf_lr,0.1,Target-100,0.08649965445749826,0.27003328443826846,,0.11
BV-T,2,tf_lr,0.1,TargetPAC-100,0.0537456807187284,0.19225109700383392,,0.005
BV-T,2,tf_lr,0.1,Target-200,0.08680718728403594,0.27310317938282913,,0.025
BV-T,2,tf_lr,0.1,TargetPAC-200,0.060932964754664816,0.21354803511851236,,0.0
BV-T,2,tf_lr,0.2,ID-all,0.31098825155494125,0.6038118708551221,0.24203411727546267,
BV-T,2,tf_lr,0.2,ID,0.3109882515549413,0.603811870855122,,1.0
BV-T,2,tf_lr,0.2,Target-50,0.17687975120939875,0.42216978621996115,,0.23
BV-T,2,tf_lr,0.2,TargetPAC-50,0.1029025570145128,0.300671868089341,,0.0
BV-T,2,tf_lr,0.2,Target-100,0.18404284727021422,0.4363780802465554,,0.165
BV-T,2,tf_lr,0.2,TargetPAC-100,0.12855563234277817,0.34943404200637596,,0.02
BV-T,2,tf_lr,0.2,Target-200,0.18162059433310296,0.43530016033765134,,0.095
BV-T,2,tf_lr,0.2,TargetPAC-200,0.1445024187975121,0.37893561615550225,,0.01
BV-T,2,tf_gb,0.05,ID-all,0.0414651002073255,0.19008051550607727,0.05144902238782931,
BV-T,2,tf_gb,0.05,ID,0.04146510020732551,0.19008051550607724,,0.0
BV-T,2,tf_gb,0.05,Target-50,0.02224602626123013,0.11009859095873875,,0.04
BV-T,2,tf_gb,0.05,TargetPAC-50,0.009889426399447131,0.057013255405139754,,0.0
BV-T,2,tf_gb,0.05,Target-100,0.029353835521769178,0.14036364316401959,,0.02
BV-T,2,tf_gb,0.05,TargetPAC-100,0.010763648928818245,0.06478108503547168,,0.0
BV-T,2,tf_gb,0.05,Target-200,0.027995853489979267,0.13699705965663983,,0.0
BV-T,2,tf_gb,0.05,TargetPAC-200,0.01490670352453352,0.08832697895263801,,0.0
BV-T,2,tf_gb,0.1,ID-all,0.12093987560469938,0.3600825481157914,0.05144902238782931,
BV-T,2,tf_gb,0.1,ID,0.12093987560469933,0.36008254811579127,,1.0
BV-T,2,tf_gb,0.1,Target-50,0.06998272287491361,0.24564327011459391,,0.105
BV-T,2,tf_gb,0.1,TargetPAC-50,0.02352453351762267,0.11474839120805463,,0.0
BV-T,2,tf_gb,0.1,Target-100,0.06919834139599171,0.25059190344596566,,0.03
BV-T,2,tf_gb,0.1,TargetPAC-100,0.03680027643400138,0.16309093406448377,,0.01
BV-T,2,tf_gb,0.1,Target-200,0.07226675881133379,0.2597250595338275,,0.015
BV-T,2,tf_gb,0.1,TargetPAC-200,0.0473876986869385,0.1982483012428466,,0.0
BV-T,2,tf_gb,0.2,ID-all,0.23082239115411196,0.5330583160419251,0.05144902238782931,
BV-T,2,tf_gb,0.2,ID,0.23082239115411204,0.5330583160419252,,1.0
BV-T,2,tf_gb,0.2,Target-50,0.15921216309606082,0.42195614734063297,,0.095
BV-T,2,tf_gb,0.2,TargetPAC-50,0.08315134761575674,0.27639807156024354,,0.0
BV-T,2,tf_gb,0.2,Target-100,0.16332757429163786,0.4320799213357215,,0.035
BV-T,2,tf_gb,0.2,TargetPAC-100,0.11875604699378023,0.3510138023518816,,0.0
BV-T,2,tf_gb,0.2,Target-200,0.16178991015894956,0.430344488276514,,0.015
BV-T,2,tf_gb,0.2,TargetPAC-200,0.1318866620594333,0.3752137605777767,,0.0
BV-T,2,cb_ens,0.05,ID-all,0.07671043538355218,0.4855782051170774,0.06391467593813008,
BV-T,2,cb_ens,0.05,ID,0.07671043538355217,0.4855782051170774,,1.0
BV-T,2,cb_ens,0.05,Target-50,0.04013476157567381,0.3272238703460897,,0.205
BV-T,2,cb_ens,0.05,TargetPAC-50,0.018925362819626815,0.19030595331973515,,0.065
BV-T,2,cb_ens,0.05,Target-100,0.05718037318590187,0.4161827218541882,,0.345
BV-T,2,cb_ens,0.05,TargetPAC-100,0.0160573600552868,0.1932826514874813,,0.005
BV-T,2,cb_ens,0.05,Target-200,0.055155494125777464,0.4114592643071883,,0.26
BV-T,2,cb_ens,0.05,TargetPAC-200,0.029975812024879058,0.3051922204326955,,0.02
BV-T,2,cb_ens,0.1,ID-all,0.14789219073946094,0.6478468475010369,0.06391467593813008,
BV-T,2,cb_ens,0.1,ID,0.14789219073946097,0.6478468475010369,,1.0
BV-T,2,cb_ens,0.1,Target-50,0.09944713199723566,0.5441971106479885,,0.255
BV-T,2,cb_ens,0.1,TargetPAC-50,0.0399550794747754,0.3288418416639004,,0.01
BV-T,2,cb_ens,0.1,Target-100,0.1016136834830684,0.5565129222656053,,0.23
BV-T,2,cb_ens,0.1,TargetPAC-100,0.06465100207325501,0.44306410381554,,0.005
BV-T,2,cb_ens,0.1,Target-200,0.10140981340704906,0.5600772755321596,,0.125
BV-T,2,cb_ens,0.1,TargetPAC-200,0.07848306841741534,0.49286639376830577,,0.0
BV-T,2,cb_ens,0.2,ID-all,0.253628196268141,0.7482780076518603,0.06391467593813008,
BV-T,2,cb_ens,0.2,ID,0.2536281962681409,0.7482780076518603,,1.0
BV-T,2,cb_ens,0.2,Target-50,0.1876019350380097,0.6824802484366265,,0.215
BV-T,2,cb_ens,0.2,TargetPAC-50,0.11332411886662058,0.5702469800747556,,0.015
BV-T,2,cb_ens,0.2,Target-100,0.18879405666897028,0.6878637919535293,,0.17
BV-T,2,cb_ens,0.2,TargetPAC-100,0.1475708362128542,0.6369390769495152,,0.03
BV-T,2,cb_ens,0.2,Target-200,0.1945922598479613,0.6951848672757491,,0.115
BV-T,2,cb_ens,0.2,TargetPAC-200,0.15652038700760193,0.6535819326960195,,0.005
BV-T,2,tf_ens,0.05,ID-all,0.0635798203178991,0.23510868640746152,0.13389475084129507,
BV-T,2,tf_ens,0.05,ID,0.0635798203178991,0.23510868640746146,,0.0
BV-T,2,tf_ens,0.05,Target-50,0.030680718728403594,0.132090046522475,,0.065
BV-T,2,tf_ens,0.05,TargetPAC-50,0.016074637180373184,0.07250410106848187,,0.02
BV-T,2,tf_ens,0.05,Target-100,0.0381720801658604,0.16364079845533064,,0.08
BV-T,2,tf_ens,0.05,TargetPAC-100,0.017170006910850036,0.07842318633362678,,0.0
BV-T,2,tf_ens,0.05,Target-200,0.03697304768486524,0.1660970301131848,,0.01
BV-T,2,tf_ens,0.05,TargetPAC-200,0.02309260539046303,0.11146145541066826,,0.0
BV-T,2,tf_ens,0.1,ID-all,0.15894955079474776,0.42903641255153757,0.13389475084129507,
BV-T,2,tf_ens,0.1,ID,0.1589495507947478,0.42903641255153774,,1.0
BV-T,2,tf_ens,0.1,Target-50,0.07604353835521768,0.2606739931873286,,0.095
BV-T,2,tf_ens,0.1,TargetPAC-50,0.030632342778161716,0.13163955479188555,,0.0
BV-T,2,tf_ens,0.1,Target-100,0.08045266067726331,0.27350235343507845,,0.085
BV-T,2,tf_ens,0.1,TargetPAC-100,0.046402902557014514,0.1894557968494003,,0.005
BV-T,2,tf_ens,0.1,Target-200,0.07771250863856255,0.2685808483698098,,0.02
BV-T,2,tf_ens,0.1,TargetPAC-200,0.05912577747062889,0.22417589115480444,,0.0
BV-T,2,tf_ens,0.2,ID-all,0.2791983413959917,0.5978408313801207,0.13389475084129507,
BV-T,2,tf_ens,0.2,ID,0.27919834139599164,0.5978408313801208,,1.0
BV-T,2,tf_ens,0.2,Target-50,0.1650345542501728,0.43476679893372205,,0.165
BV-T,2,tf_ens,0.2,TargetPAC-50,0.09346233586731166,0.30090762318003245,,0.0
BV-T,2,tf_ens,0.2,Target-100,0.16911195577055976,0.44622270705660116,,0.075
BV-T,2,tf_ens,0.2,TargetPAC-100,0.12538700760193502,0.36706858295642675,,0.0
BV-T,2,tf_ens,0.2,Target-200,0.17005528680027646,0.44944130974702107,,0.01
BV-T,2,tf_ens,0.2,TargetPAC-200,0.1334312370421562,0.3827527470821821,,0.0
BV-T,2,all_ens,0.05,ID-all,0.08914996544574982,0.512846812107906,0.13253157973482285,
BV-T,2,all_ens,0.05,ID,0.08914996544574982,0.512846812107906,,1.0
BV-T,2,all_ens,0.05,Target-50,0.03364892881824464,0.28914371636736247,,0.04
BV-T,2,all_ens,0.05,TargetPAC-50,0.013576364892881825,0.14713065422730195,,0.01
BV-T,2,all_ens,0.05,Target-100,0.04353144436765723,0.347083560898659,,0.055
BV-T,2,all_ens,0.05,TargetPAC-100,0.014198341395991708,0.168564435769835,,0.0
BV-T,2,all_ens,0.05,Target-200,0.04609536973047686,0.36415919135328406,,0.025
BV-T,2,all_ens,0.05,TargetPAC-200,0.023946095369730473,0.25982907600263105,,0.0
BV-T,2,all_ens,0.1,ID-all,0.16171389080856946,0.6300821502212831,0.13253157973482285,
BV-T,2,all_ens,0.1,ID,0.1617138908085694,0.6300821502212831,,1.0
BV-T,2,all_ens,0.1,Target-50,0.08714236351071182,0.4868135583726337,,0.16
BV-T,2,all_ens,0.1,TargetPAC-50,0.03309951624049758,0.28837548448371725,,0.0
BV-T,2,all_ens,0.1,Target-100,0.08398064961990326,0.4890391102768802,,0.04
BV-T,2,all_ens,0.1,TargetPAC-100,0.05306841741534209,0.38629920992482264,,0.005
BV-T,2,all_ens,0.1,Target-200,0.08676226675881134,0.497755334446351,,0.025
BV-T,2,all_ens,0.1,TargetPAC-200,0.0663614374568072,0.4378524608047585,,0.0
BV-T,2,all_ens,0.2,ID-all,0.25017277125086385,0.7317057907840394,0.13253157973482285,
BV-T,2,all_ens,0.2,ID,0.2501727712508638,0.7317057907840393,,1.0
BV-T,2,all_ens,0.2,Target-50,0.17074291637871458,0.6327722519048412,,0.185
BV-T,2,all_ens,0.2,TargetPAC-50,0.09723565998617831,0.5126961128380786,,0.005
BV-T,2,all_ens,0.2,Target-100,0.16420525224602628,0.6302731770829988,,0.055
BV-T,2,all_ens,0.2,TargetPAC-100,0.12464409122322045,0.5729863690806278,,0.0
BV-T,2,all_ens,0.2,Target-200,0.1654388389771942,0.6346557006002772,,0.015
BV-T,2,all_ens,0.2,TargetPAC-200,0.1332135452660677,0.5905270392174458,,0.0
DV2BV,0,cb_lr,0.05,ID-all,0.1468237273874632,0.27698227424914457,0.17109014509903173,
DV2BV,0,cb_lr,0.05,ID,0.1383887252839714,0.26635581920207363,,1.0
DV2BV,0,cb_lr,0.05,Target-50,0.039987379049221713,0.09319345109333738,,0.13
DV2BV,0,cb_lr,0.05,TargetPAC-50,0.020708876735380733,0.05341294771337392,,0.035
DV2BV,0,cb_lr,0.05,Target-100,0.054812789230122,0.12410012778085416,,0.195
DV2BV,0,cb_lr,0.05,TargetPAC-100,0.019791754312158183,0.052504176224144834,,0.015
DV2BV,0,cb_lr,0.05,Target-200,0.05247370635254523,0.12109750193389444,,0.105
DV2BV,0,cb_lr,0.05,TargetPAC-200,0.03088346655448044,0.07846468252951644,,0.0
DV2BV,0,cb_lr,0.1,ID-all,0.23264619267984854,0.4119142699587152,0.17109014509903173,
DV2BV,0,cb_lr,0.1,ID,0.22646192679848545,0.40529486966790756,,1.0
DV2BV,0,cb_lr,0.1,Target-50,0.10113167858645351,0.2020931128463281,,0.28
DV2BV,0,cb_lr,0.1,TargetPAC-50,0.03923853596970972,0.09214972239237977,,0.02
DV2BV,0,cb_lr,0.1,Target-100,0.10929533024821204,0.2157381835183073,,0.365
DV2BV,0,cb_lr,0.1,TargetPAC-100,0.06650820361800588,0.14442927949036538,,0.05
DV2BV,0,cb_lr,0.1,Target-200,0.10915649978965082,0.2150113553993345,,0.25
DV2BV,0,cb_lr,0.1,TargetPAC-200,0.07985275557425325,0.16825942719027487,,0.03
DV2BV,0,cb_lr,0.2,ID-all,0.353386621792175,0.5641518338792572,0.17109014509903173,
DV2BV,0,cb_lr,0.2,ID,0.35117164493058484,0.5597978700238968,,1.0
DV2BV,0,cb_lr,0.2,Target-50,0.21106015986537657,0.37936528851226065,,0.4
DV2BV,0,cb_lr,0.2,TargetPAC-50,0.12164282709297435,0.23612452887779858,,0.035
DV2BV,0,cb_lr,0.2,Target-100,0.20814261674379472,0.37790697699128045,,0.365
DV2BV,0,cb_lr,0.2,TargetPAC-100,0.16314682372738745,0.30645571419272577,,0.04
DV2BV,0,cb_lr,0.2,Target-200,0.20944467816575515,0.3813094979355708,,0.28
DV2BV,0,cb_lr,0.2,TargetPAC-200,0.17535759360538491,0.32802914907493075,,0.025
DV2BV,0,cb_gb,0.05,ID-all,0.11779554059739167,0.30375205565886676,0.2275614971051148,
DV2BV,0,cb_gb,0.05,ID,0.12219814892721917,0.3106474996762609,,1.0
DV2BV,0,cb_gb,0.05,Target-50,0.0475578460244005,0.15259389898858497,,0.2
DV2BV,0,cb_gb,0.05,TargetPAC-50,0.02905973916701725,0.09658359222036657,,0.055
DV2BV,0,cb_gb,0.05,Target-100,0.05705090450147244,0.18084023516522826,,0.25
DV2BV,0,cb_gb,0.05,TargetPAC-100,0.02931426167437947,0.10168430637364718,,0.01
DV2BV,0,cb_gb,0.05,Target-200,0.058605384938998736,0.18528779701571998,,0.185
DV2BV,0,cb_gb,0.05,TargetPAC-200,0.040652082456878416,0.14068698270271657,,0.015
DV2BV,0,cb_gb,0.1,ID-all,0.22801851072780815,0.4762306191909554,0.2275614971051148,
DV2BV,0,cb_gb,0.1,ID,0.22629154396297857,0.476539845218861,,1.0
DV2BV,0,cb_gb,0.1,Target-50,0.1042995372318048,0.27473152215696045,,0.235
DV2BV,0,cb_gb,0.1,TargetPAC-50,0.048731594446781656,0.15578693372809965,,0.0
DV2BV,0,cb_gb,0.1,Target-100,0.09869583508624316,0.2677764579250789,,0.13
DV2BV,0,cb_gb,0.1,TargetPAC-100,0.06790702566259992,0.20492262786946547,,0.0
DV2BV,0,cb_gb,0.1,Target-200,0.09952881783761043,0.2694743374773106,,0.045
DV2BV,0,cb_gb,0.1,TargetPAC-200,0.08010938157341187,0.23174057663215705,,0.005
DV2BV,0,cb_gb,0.2,ID-all,0.37946992006731173,0.6480474646951035,0.2275614971051148,
DV2BV,0,cb_gb,0.2,ID,0.37527766091712245,0.6466872436289907,,1.0
DV2BV,0,cb_gb,0.2,Target-50,0.1956541859486748,0.42645492079971037,,0.35
DV2BV,0,cb_gb,0.2,TargetPAC-50,0.11573201514514095,0.2972548265625914,,0.015
DV2BV,0,cb_gb,0.2,Target-100,0.19762936474547751,0.43240950455081445,,0.36
DV2BV,0,cb_gb,0.2,TargetPAC-100,0.14648927219183844,0.3528535577303792,,0.025
DV2BV,0,cb_gb,0.2,Target-200,0.20184896928901977,0.4398296108374919,,0.29
DV2BV,0,cb_gb,0.2,TargetPAC-200,0.1639124947412705,0.38280815166843934,,0.02
DV2BV,0,tf_lr,0.05,ID-all,0.15397559949516196,0.33217886266753477,0.37098164626586905,
DV2BV,0,tf_lr,0.05,ID,0.15835717290702564,0.3371459081887416,,1.0
DV2BV,0,tf_lr,0.05,Target-50,0.04001682793437106,0.11853939702461845,,0.14
DV2BV,0,tf_lr,0.05,TargetPAC-50,0.02066259991586033,0.07275415671747452,,0.025
DV2BV,0,tf_lr,0.05,Target-100,0.05131257888094236,0.14235699157599385,,0.22
DV2BV,0,tf_lr,0.05,TargetPAC-100,0.021028607488430797,0.07848103998206014,,0.005
DV2BV,0,tf_lr,0.05,Target-200,0.050136726966764834,0.14162269618683487,,0.06
DV2BV,0,tf_lr,0.05,TargetPAC-200,0.029629785443836768,0.10212200035294754,,0.0
DV2BV,0,tf_lr,0.1,ID-all,0.2797644089188052,0.5045273453845116,0.37098164626586905,
DV2BV,0,tf_lr,0.1,ID,0.2822339082877577,0.5066190332323589,,1.0
DV2BV,0,tf_lr,0.1,Target-50,0.09709297433740009,0.22736914874009478,,0.205
DV2BV,0,tf_lr,0.1,TargetPAC-50,0.03786916281026504,0.11536910968814652,,0.015
DV2BV,0,tf_lr,0.1,Target-100,0.09502734539335296,0.22381136915639707,,0.1
DV2BV,0,tf_lr,0.1,TargetPAC-100,0.05834244846445099,0.15547071524725767,,0.0
DV2BV,0,tf_lr,0.1,Target-200,0.09523979806478755,0.22421912145766348,,0.025
DV2BV,0,tf_lr,0.1,TargetPAC-200,0.07542069835927641,0.18575122733457491,,0.0
DV2BV,0,tf_lr,0.2,ID-all,0.48001682793437106,0.7225495796959456,0.37098164626586905,
DV2BV,0,tf_lr,0.2,ID,0.481569204880101,0.7246995585170619,,1.0
DV2BV,0,tf_lr,0.2,Target-50,0.1841039124947413,0.37292786275764583,,0.245
DV2BV,0,tf_lr,0.2,TargetPAC-50,0.10525662599915861,0.24292126207440987,,0.005
DV2BV,0,tf_lr,0.2,Target-100,0.18445309213294067,0.3756511648402757,,0.225
DV2BV,0,tf_lr,0.2,TargetPAC-100,0.1333676903660076,0.29546149960314727,,0.02
DV2BV,0,tf_lr,0.2,Target-200,0.18876314682372736,0.3835406730911046,,0.15
DV2BV,0,tf_lr,0.2,TargetPAC-200,0.1522780816154817,0.32803903198984813,,0.015
DV2BV,0,tf_gb,0.05,ID-all,0.15734118636937316,0.3650703252791614,0.2728270762134466,
DV2BV,0,tf_gb,0.05,ID,0.16435422801851074,0.37657633272309043,,1.0
DV2BV,0,tf_gb,0.05,Target-50,0.03836137989061843,0.12433745973417504,,0.095
DV2BV,0,tf_gb,0.05,TargetPAC-50,0.021931005469078668,0.07870299658809335,,0.01
DV2BV,0,tf_gb,0.05,Target-100,0.048338241480858225,0.15315509844977238,,0.11
DV2BV,0,tf_gb,0.05,TargetPAC-100,0.023087925957088765,0.08424796758674453,,0.0
DV2BV,0,tf_gb,0.05,Target-200,0.04711190576356752,0.1531585456448759,,0.03
DV2BV,0,tf_gb,0.05,TargetPAC-200,0.03256415649978965,0.11174532094790958,,0.0
DV2BV,0,tf_gb,0.1,ID-all,0.2873369793857804,0.5527485653527576,0.2728270762134466,
DV2BV,0,tf_gb,0.1,ID,0.28596550273453936,0.5507508764151824,,1.0
DV2BV,0,tf_gb,0.1,Target-50,0.09182583087925958,0.23958810624730595,,0.215
DV2BV,0,tf_gb,0.1,TargetPAC-50,0.03776398822044594,0.12291532657567128,,0.01
DV2BV,0,tf_gb,0.1,Target-100,0.09506100126209507,0.24615703489780028,,0.185
DV2BV,0,tf_gb,0.1,TargetPAC-100,0.05750315523769458,0.17293886542424997,,0.03
DV2BV,0,tf_gb,0.1,Target-200,0.09468026924694993,0.24495441545692231,,0.12
DV2BV,0,tf_gb,0.1,TargetPAC-200,0.0707467395877156,0.20197056626370993,,0.0
DV2BV,0,tf_gb,0.2,ID-all,0.45351283129995795,0.7370319538090627,0.2728270762134466,
DV2BV,0,tf_gb,0.2,ID,0.45058897770298695,0.733396592185697,,1.0
DV2BV,0,tf_gb,0.2,Target-50,0.19405132519983173,0.42055492795450766,,0.3
DV2BV,0,tf_gb,0.2,TargetPAC-50,0.10968237273874631,0.27259516596734534,,0.03
DV2BV,0,tf_gb,0.2,Target-100,0.1951030710980227,0.425764048978899,,0.285
DV2BV,0,tf_gb,0.2,TargetPAC-100,0.14542280185107276,0.34032698118143956,,0.025
DV2BV,0,tf_gb,0.2,Target-200,0.19653975599495163,0.4318995335068816,,0.175
DV2BV,0,tf_gb,0.2,TargetPAC-200,0.16091291543962977,0.37082882268060174,,0.005
DV2BV,0,cb_ens,0.05,ID-all,0.15271350441733278,0.3375326669882426,0.2103977862215421,
DV2BV,0,cb_ens,0.05,ID,0.14973075305006311,0.33406703120613945,,1.0
DV2BV,0,cb_ens,0.05,Target-50,0.04723180479596129,0.12848465694806407,,0.265
DV2BV,0,cb_ens,0.05,TargetPAC-50,0.026632309633992424,0.07779777771610068,,0.05
DV2BV,0,cb_ens,0.05,Target-100,0.0602229701304165,0.16245536850165818,,0.34
DV2BV,0,cb_ens,0.05,TargetPAC-100,0.026020193521245263,0.07848845857691897,,0.01
DV2BV,0,cb_ens,0.05,Target-200,0.06337820782498949,0.17044553350460212,,0.3
DV2BV,0,cb_ens,0.05,TargetPAC-200,0.03606436684896929,0.10767504907637131,,0.01
DV2BV,0,cb_ens,0.1,ID-all,0.22885990744636095,0.4607000836354776,0.2103977862215421,
DV2BV,0,cb_ens,0.1,ID,0.2243352965923433,0.4540141132979899,,1.0
DV2BV,0,cb_ens,0.1,Target-50,0.10385149347917544,0.2462638788276268,,0.315
DV2BV,0,cb_ens,0.1,TargetPAC-50,0.04645982330668911,0.1282409633002679,,0.01
DV2BV,0,cb_ens,0.1,Target-100,0.10408287757677744,0.24698627372787996,,0.235
DV2BV,0,cb_ens,0.1,TargetPAC-100,0.07075094657130837,0.18430862612606297,,0.01
DV2BV,0,cb_ens,0.1,Target-200,0.10570256625999158,0.24867581003887682,,0.195
DV2BV,0,cb_ens,0.1,TargetPAC-200,0.08340555321834245,0.21048776525120438,,0.035
DV2BV,0,cb_ens,0.2,ID-all,0.3550694152292806,0.6303612228235388,0.2103977862215421,
DV2BV,0,cb_ens,0.2,ID,0.3576966764829617,0.6270567018694484,,1.0
DV2BV,0,cb_ens,0.2,Target-50,0.1927829196466134,0.4025793066074536,,0.285
DV2BV,0,cb_ens,0.2,TargetPAC-50,0.12043962978544384,0.2774419878842594,,0.01
DV2BV,0,cb_ens,0.2,Target-100,0.19578039545645773,0.41144745625849327,,0.2
DV2BV,0,cb_ens,0.2,TargetPAC-100,0.14790912915439627,0.3285466152909865,,0.025
DV2BV,0,cb_ens,0.2,Target-200,0.19585822465292385,0.4134429942980107,,0.145
DV2BV,0,cb_ens,0.2,TargetPAC-200,0.16473706352545225,0.36188853896166967,,0.005
DV2BV,0,tf_ens,0.05,ID-all,0.16449305847707194,0.3769352934409262,0.33275117172594154,
DV2BV,0,tf_ens,0.05,ID,0.16751998317206562,0.3774579258461098,,1.0
DV2BV,0,tf_ens,0.05,Target-50,0.040864535128313,0.12797225031741274,,0.085
DV2BV,0,tf_ens,0.05,TargetPAC-50,0.02342448464450989,0.08436059012336554,,0.015
DV2BV,0,tf_ens,0.05,Target-100,0.048083718973496004,0.1442764086553672,,0.09
DV2BV,0,tf_ens,0.05,TargetPAC-100,0.022974337400084133,0.08660864194767287,,0.005
DV2BV,0,tf_ens,0.05,Target-200,0.04849179638199411,0.14419397799778963,,0.04
DV2BV,0,tf_ens,0.05,TargetPAC-200,0.03293437105595288,0.11061270159351162,,0.0
DV2BV,0,tf_ens,0.1,ID-all,0.29322675641565,0.5446905593521989,0.33275117172594154,
DV2BV,0,tf_ens,0.1,ID,0.3003092132940682,0.5548820089982808,,1.0
DV2BV,0,tf_ens,0.1,Target-50,0.09207824989482542,0.23906463277442647,,0.165
DV2BV,0,tf_ens,0.1,TargetPAC-50,0.03811106436684897,0.12130649064656385,,0.005
DV2BV,0,tf_ens,0.1,Target-100,0.09497896508203618,0.24699476976175505,,0.09
DV2BV,0,tf_ens,0.1,TargetPAC-100,0.056779554059739175,0.16415424784948052,,0.0
DV2BV,0,tf_ens,0.1,Target-200,0.09417753470761464,0.24683537482078477,,0.05
DV2BV,0,tf_ens,0.1,TargetPAC-200,0.0683529659234329,0.19205924868252452,,0.0
DV2BV,0,tf_ens,0.2,ID-all,0.4985275557425326,0.7785356875388391,0.33275117172594154,
DV2BV,0,tf_ens,0.2,ID,0.503331931005469,0.7785078594806285,,1.0
DV2BV,0,tf_ens,0.2,Target-50,0.18201935212452672,0.39502733046627625,,0.27
DV2BV,0,tf_ens,0.2,TargetPAC-50,0.11104543542280186,0.2749129106916595,,0.035
DV2BV,0,tf_ens,0.2,Target-100,0.18789230122002526,0.4057940469880366,,0.29
DV2BV,0,tf_ens,0.2,TargetPAC-100,0.13537862852334875,0.3216821614225443,,0.03
DV2BV,0,tf_ens,0.2,Target-200,0.1815671013883046,0.399345942542807,,0.195
DV2BV,0,tf_ens,0.2,TargetPAC-200,0.14406604964240638,0.33881637543993975,,0.01
DV2BV,0,all_ens,0.05,ID-all,0.15187210769877998,0.360285139253158,0.2903271223058963,
DV2BV,0,all_ens,0.05,ID,0.16037021455616324,0.3721300432476825,,1.0
DV2BV,0,all_ens,0.05,Target-50,0.04514303744215397,0.1361535835417783,,0.135
DV2BV,0,all_ens,0.05,TargetPAC-50,0.02534497265460665,0.08252743703139209,,0.035
DV2BV,0,all_ens,0.05,Target-100,0.057604122843920906,0.1697154458865188,,0.225
DV2BV,0,all_ens,0.05,TargetPAC-100,0.024457299116533448,0.08178826304777825,,0.005
DV2BV,0,all_ens,0.05,Target-200,0.05997055111485066,0.17794743423245785,,0.095
DV2BV,0,all_ens,0.05,TargetPAC-200,0.03880100967606226,0.12268356719235739,,0.0
DV2BV,0,all_ens,0.1,ID-all,0.2814472023559108,0.543880157190572,0.2903271223058963,
DV2BV,0,all_ens,0.1,ID,0.285258729490955,0.5467550125027327,,1.0
DV2BV,0,all_ens,0.1,Target-50,0.09837400084139673,0.2520651829918721,,0.195
DV2BV,0,all_ens,0.1,TargetPAC-50,0.046405132519983176,0.13860172772248477,,0.01
DV2BV,0,all_ens,0.1,Target-100,0.09907025662599916,0.254301306190579,,0.175
DV2BV,0,all_ens,0.1,TargetPAC-100,0.06899663441312578,0.19574843315708698,,0.005
DV2BV,0,all_ens,0.1,Target-200,0.09994741270509044,0.2549056752200736,,0.08
DV2BV,0,all_ens,0.1,TargetPAC-200,0.08102860748843078,0.22069601885334172,,0.015
DV2BV,0,all_ens,0.2,ID-all,0.4472023559108119,0.7344618575305117,0.2903271223058963,
DV2BV,0,all_ens,0.2,ID,0.44042069835927644,0.7291838433001709,,1.0
DV2BV,0,all_ens,0.2,Target-50,0.1834223811527135,0.4016080017091852,,0.255
DV2BV,0,all_ens,0.2,TargetPAC-50,0.11649768615902398,0.2866777146088937,,0.01
DV2BV,0,all_ens,0.2,Target-100,0.18439629785443834,0.40932401086134923,,0.12
DV2BV,0,all_ens,0.2,TargetPAC-100,0.13884938998737906,0.3308829933182207,,0.01
DV2BV,0,all_ens,0.2,Target-200,0.18839503575936056,0.41714841507182937,,0.095
DV2BV,0,all_ens,0.2,TargetPAC-200,0.156888935633151,0.36714449483771233,,0.0
DV2BV,1,cb_lr,0.05,ID-all,0.13615795968737146,0.2662736194459204,0.17655698874130765,
DV2BV,1,cb_lr,0.05,ID,0.14238996297819825,0.27214128385206565,,1.0
DV2BV,1,cb_lr,0.05,Target-50,0.0468675442204854,0.10194214143825028,,0.195
DV2BV,1,cb_lr,0.05,TargetPAC-50,0.021361579596873716,0.048795446677486594,,0.035
DV2BV,1,cb_lr,0.05,Target-100,0.05776635129576307,0.1242991761599681,,0.31
DV2BV,1,cb_lr,0.05,TargetPAC-100,0.023741258741258743,0.054666524623188016,,0.01
DV2BV,1,cb_lr,0.05,Target-200,0.05861785273549979,0.1275462294291574,,0.23
DV2BV,1,cb_lr,0.05,TargetPAC-200,0.03552036199095023,0.07864448034962584,,0.02
DV2BV,1,cb_lr,0.1,ID-all,0.21966269025092555,0.37802787594188025,0.17655698874130765,
DV2BV,1,cb_lr,0.1,ID,0.22141299876593998,0.379253492031887,,1.0
DV2BV,1,cb_lr,0.1,Target-50,0.10882764294529,0.21447712255672433,,0.3
DV2BV,1,cb_lr,0.1,TargetPAC-50,0.045538872891814075,0.09899244020404296,,0.015
DV2BV,1,cb_lr,0.1,Target-100,0.10745989304812835,0.21511730300778992,,0.325
DV2BV,1,cb_lr,0.1,TargetPAC-100,0.06853763883175648,0.14599438200267706,,0.015
DV2BV,1,cb_lr,0.1,Target-200,0.10655285890580007,0.21446488013364046,,0.165
DV2BV,1,cb_lr,0.1,TargetPAC-200,0.08300493624023035,0.1736383107554038,,0.015
DV2BV,1,cb_lr,0.2,ID-all,0.34101192924722334,0.5279032767140225,0.17655698874130765,
DV2BV,1,cb_lr,0.2,ID,0.3416289592760181,0.5301565612826711,,1.0
DV2BV,1,cb_lr,0.2,Target-50,0.20761003702180172,0.35900515854940424,,0.475
DV2BV,1,cb_lr,0.2,TargetPAC-50,0.12434594816947758,0.24076266814130898,,0.03
DV2BV,1,cb_lr,0.2,Target-100,0.2101254627725216,0.36399704429141166,,0.46
DV2BV,1,cb_lr,0.2,TargetPAC-100,0.15616618675442204,0.2907998794889747,,0.06
DV2BV,1,cb_lr,0.2,Target-200,0.2160242698477993,0.371922052012321,,0.54
DV2BV,1,cb_lr,0.2,TargetPAC-200,0.17467914438502674,0.3181088188663043,,0.085
DV2BV,1,cb_gb,0.05,ID-all,0.12134923899629782,0.299991390277419,0.20656893809430915,
DV2BV,1,cb_gb,0.05,ID,0.1280193336075689,0.31039770365061287,,1.0
DV2BV,1,cb_gb,0.05,Target-50,0.047163718634306864,0.14802075097961245,,0.22
DV2BV,1,cb_gb,0.05,TargetPAC-50,0.021120937885643773,0.07955951668681654,,0.025
DV2BV,1,cb_gb,0.05,Target-100,0.06345536816125051,0.18899721269718184,,0.345
DV2BV,1,cb_gb,0.05,TargetPAC-100,0.022017688194158783,0.08808972204074424,,0.005
DV2BV,1,cb_gb,0.05,Target-200,0.06080213903743315,0.18497166778868615,,0.235
DV2BV,1,cb_gb,0.05,TargetPAC-200,0.03560674619498149,0.13013340715651897,,0.01
DV2BV,1,cb_gb,0.1,ID-all,0.21102426984779926,0.4402406252770256,0.20656893809430915,
DV2BV,1,cb_gb,0.1,ID,0.21597696421225834,0.4467036418334679,,1.0
DV2BV,1,cb_gb,0.1,Target-50,0.11760386672151377,0.2883868176177968,,0.47
DV2BV,1,cb_gb,0.1,TargetPAC-50,0.04666186754422049,0.14806631170037832,,0.04
DV2BV,1,cb_gb,0.1,Target-100,0.12190250925545044,0.29777382540537806,,0.565
DV2BV,1,cb_gb,0.1,TargetPAC-100,0.07306869600987248,0.20835411601144982,,0.085
DV2BV,1,cb_gb,0.1,Target-200,0.12191484985602634,0.29990536911899107,,0.625
DV2BV,1,cb_gb,0.1,TargetPAC-200,0.0893006993006993,0.24060813757305566,,0.105
DV2BV,1,cb_gb,0.2,ID-all,0.3681612505141917,0.649612177319507,0.20656893809430915,
DV2BV,1,cb_gb,0.2,ID,0.3638770053475936,0.6410379870863223,,1.0
DV2BV,1,cb_gb,0.2,Target-50,0.22560057589469357,0.45884497329230284,,0.49
DV2BV,1,cb_gb,0.2,TargetPAC-50,0.13766145619086795,0.3222591856025413,,0.07
DV2BV,1,cb_gb,0.2,Target-100,0.22636569313039903,0.46159331782917823,,0.58
DV2BV,1,cb_gb,0.2,TargetPAC-100,0.17394693541752368,0.38170621616635986,,0.09
DV2BV,1,cb_gb,0.2,Target-200,0.2269847799259564,0.4630189412117312,,0.6
DV2BV,1,cb_gb,0.2,TargetPAC-200,0.18368778280542986,0.3967337594984403,,0.095
DV2BV,1,tf_lr,0.05,ID-all,0.15220074043603454,0.3194203897585406,0.3801095167168677,
DV2BV,1,tf_lr,0.05,ID,0.15802550390785686,0.33219308606610065,,0.99
DV2BV,1,tf_lr,0.05,Target-50,0.03647264500205677,0.11661113846412921,,0.095
DV2BV,1,tf_lr,0.05,TargetPAC-50,0.018665158371040724,0.06657484583119486,,0.02
DV2BV,1,tf_lr,0.05,Target-100,0.04342040312628548,0.13818925987308817,,0.1
DV2BV,1,tf_lr,0.05,TargetPAC-100,0.019683257918552036,0.07302824336153399,,0.0
DV2BV,1,tf_lr,0.05,Target-200,0.04172151378033731,0.13802550942062708,,0.035
DV2BV,1,tf_lr,0.05,TargetPAC-200,0.027935006170300286,0.10207957393935166,,0.0
DV2BV,1,tf_lr,0.1,ID-all,0.28342245989304815,0.5113977271703741,0.3801095167168677,
DV2BV,1,tf_lr,0.1,ID,0.28440353763883175,0.5122551732655879,,1.0
DV2BV,1,tf_lr,0.1,Target-50,0.10090497737556561,0.2398317675921463,,0.37
DV2BV,1,tf_lr,0.1,TargetPAC-50,0.036244343891402714,0.11543758160315104,,0.02
DV2BV,1,tf_lr,0.1,Target-100,0.1051090086384204,0.24769166576369617,,0.405
DV2BV,1,tf_lr,0.1,TargetPAC-100,0.053821472645002054,0.1595148486406552,,0.035
DV2BV,1,tf_lr,0.1,Target-200,0.1095639654463184,0.25599803586694564,,0.395
DV2BV,1,tf_lr,0.1,TargetPAC-200,0.07096462361168245,0.1925154595834017,,0.03
DV2BV,1,tf_lr,0.2,ID-all,0.5170711641299877,0.7540982028393748,0.3801095167168677,
DV2BV,1,tf_lr,0.2,ID,0.5147511312217194,0.7514315160464363,,1.0
DV2BV,1,tf_lr,0.2,Target-50,0.21462361168243518,0.4151479011331834,,0.35
DV2BV,1,tf_lr,0.2,TargetPAC-50,0.12446318387494859,0.2781419996299399,,0.015
DV2BV,1,tf_lr,0.2,Target-100,0.20890168654874539,0.41087047616198197,,0.295
DV2BV,1,tf_lr,0.2,TargetPAC-100,0.15872069107363226,0.333622486939084,,0.035
DV2BV,1,tf_lr,0.2,Target-200,0.21112710818593172,0.41510745404634153,,0.275
DV2BV,1,tf_lr,0.2,TargetPAC-200,0.17806458247634716,0.3646987257891096,,0.01
DV2BV,1,tf_gb,0.05,ID-all,0.15754833401892226,0.38411713902237204,0.26194731525371046,
DV2BV,1,tf_gb,0.05,ID,0.15335252982311806,0.3739253702555989,,1.0
DV2BV,1,tf_gb,0.05,Target-50,0.04296585767174003,0.125975086222919,,0.155
DV2BV,1,tf_gb,0.05,TargetPAC-50,0.023539695598519126,0.07296574826218649,,0.05
DV2BV,1,tf_gb,0.05,Target-100,0.0506993006993007,0.14852511925724046,,0.175
DV2BV,1,tf_gb,0.05,TargetPAC-100,0.02579596873714521,0.08035982541847347,,0.01
DV2BV,1,tf_gb,0.05,Target-200,0.05116207322089675,0.1510940218696715,,0.095
DV2BV,1,tf_gb,0.05,TargetPAC-200,0.032616207322089676,0.101590444275182,,0.0
DV2BV,1,tf_gb,0.1,ID-all,0.23406005758946935,0.5038019075803918,0.26194731525371046,
DV2BV,1,tf_gb,0.1,ID,0.24503085150143972,0.5136934922430982,,1.0
DV2BV,1,tf_gb,0.1,Target-50,0.10812011517893871,0.2771137498250667,,0.39
DV2BV,1,tf_gb,0.1,TargetPAC-50,0.04333401892225421,0.12592848236545395,,0.025
DV2BV,1,tf_gb,0.1,Target-100,0.10074249280131634,0.26556937735907993,,0.29
DV2BV,1,tf_gb,0.1,TargetPAC-100,0.058027560674619505,0.16746321822972227,,0.015
DV2BV,1,tf_gb,0.1,Target-200,0.10297202797202797,0.2730314804287113,,0.26
DV2BV,1,tf_gb,0.1,TargetPAC-200,0.07309543397778692,0.20465847345156585,,0.02
DV2BV,1,tf_gb,0.2,ID-all,0.43685726038667216,0.7208092292136542,0.26194731525371046,
DV2BV,1,tf_gb,0.2,ID,0.42996297819827234,0.7136424363320759,,1.0
DV2BV,1,tf_gb,0.2,Target-50,0.23322501028383383,0.489490489484771,,0.53
DV2BV,1,tf_gb,0.2,TargetPAC-50,0.12116207322089675,0.30391956827003447,,0.05
DV2BV,1,tf_gb,0.2,Target-100,0.22354997943233237,0.4811442493662734,,0.52
DV2BV,1,tf_gb,0.2,TargetPAC-100,0.16990744549568076,0.3990319124551348,,0.11
DV2BV,1,tf_gb,0.2,Target-200,0.23087206910736321,0.4934017686628598,,0.625
DV2BV,1,tf_gb,0.2,TargetPAC-200,0.17734060057589468,0.4144874264706621,,0.11
DV2BV,1,cb_ens,0.05,ID-all,0.1423282599753188,0.3162456992796812,0.1954960883393551,
DV2BV,1,cb_ens,0.05,ID,0.14167832167832167,0.31163613024853815,,1.0
DV2BV,1,cb_ens,0.05,Target-50,0.05094405594405594,0.12744384661957553,,0.295
DV2BV,1,cb_ens,0.05,TargetPAC-50,0.019827231591937475,0.05817256468519547,,0.05
DV2BV,1,cb_ens,0.05,Target-100,0.06108597285067873,0.15046019781986217,,0.38
DV2BV,1,cb_ens,0.05,TargetPAC-100,0.02144590703414233,0.06350809115930618,,0.03
DV2BV,1,cb_ens,0.05,Target-200,0.061795557383792686,0.15312748387773403,,0.35
DV2BV,1,cb_ens,0.05,TargetPAC-200,0.03338955162484574,0.09426845014382743,,0.025
DV2BV,1,cb_ens,0.1,ID-all,0.2192513368983957,0.4390829639822008,0.1954960883393551,
DV2BV,1,cb_ens,0.1,ID,0.2234965034965035,0.4451014528429684,,1.0
DV2BV,1,cb_ens,0.1,Target-50,0.11813245577951459,0.26095144973430956,,0.48
DV2BV,1,cb_ens,0.1,TargetPAC-50,0.04945907034142328,0.12488348887063708,,0.04
DV2BV,1,cb_ens,0.1,Target-100,0.11699095022624434,0.2585569154101481,,0.46
DV2BV,1,cb_ens,0.1,TargetPAC-100,0.07343068696009873,0.17454565001964858,,0.025
DV2BV,1,cb_ens,0.1,Target-200,0.11578157136980666,0.2551366124616644,,0.33
DV2BV,1,cb_ens,0.1,TargetPAC-200,0.09460304401480871,0.21307526953407,,0.08
DV2BV,1,cb_ens,0.2,ID-all,0.3480049362402304,0.6054337303613749,0.1954960883393551,
DV2BV,1,cb_ens,0.2,ID,0.347309749074455,0.6049886966326885,,1.0
DV2BV,1,cb_ens,0.2,Target-50,0.2152632661456191,0.4273600772833126,,0.485
DV2BV,1,cb_ens,0.2,TargetPAC-50,0.13087001234060058,0.2850821297298988,,0.025
DV2BV,1,cb_ens,0.2,Target-100,0.2139366515837104,0.42781101918737596,,0.465
DV2BV,1,cb_ens,0.2,TargetPAC-100,0.15977581242287123,0.3405676685415637,,0.075
DV2BV,1,cb_ens,0.2,Target-200,0.21672357054709998,0.43298305263684367,,0.495
DV2BV,1,cb_ens,0.2,TargetPAC-200,0.17404154668860553,0.3665684374690558,,0.05
DV2BV,1,tf_ens,0.05,ID-all,0.17030028794734678,0.3851975635163514,0.32754975229137945,
DV2BV,1,tf_ens,0.05,ID,0.17863225010283834,0.3962658034093009,,1.0
DV2BV,1,tf_ens,0.05,Target-50,0.037482517482517484,0.11786376073776512,,0.12
DV2BV,1,tf_ens,0.05,TargetPAC-50,0.020606746194981488,0.07273514821301295,,0.015
DV2BV,1,tf_ens,0.05,Target-100,0.04606334841628959,0.1405240911791852,,0.12
DV2BV,1,tf_ens,0.05,TargetPAC-100,0.02130810366104484,0.07615036864301217,,0.005
DV2BV,1,tf_ens,0.05,Target-200,0.04829699712052653,0.14633870206981886,,0.1
DV2BV,1,tf_ens,0.05,TargetPAC-200,0.02947758124228712,0.09825223408496037,,0.0
DV2BV,1,tf_ens,0.1,ID-all,0.31016042780748665,0.5791697357778598,0.32754975229137945,
DV2BV,1,tf_ens,0.1,ID,0.3078362813656932,0.5777064573499578,,1.0
DV2BV,1,tf_ens,0.1,Target-50,0.10081859317153434,0.25733243581310666,,0.3
DV2BV,1,tf_ens,0.1,TargetPAC-50,0.040793911970382554,0.12503168113052332,,0.015
DV2BV,1,tf_ens,0.1,Target-100,0.10096462361168243,0.263728003557641,,0.26
DV2BV,1,tf_ens,0.1,TargetPAC-100,0.056536404771698884,0.16609498076120835,,0.005
DV2BV,1,tf_ens,0.1,Target-200,0.09949403537638832,0.2640577017573711,,0.14
DV2BV,1,tf_ens,0.1,TargetPAC-200,0.07677087618264089,0.2165470548538614,,0.025
DV2BV,1,tf_ens,0.2,ID-all,0.48004936240230356,0.7598669781798917,0.32754975229137945,
DV2BV,1,tf_ens,0.2,ID,0.4827972027972028,0.757150948692325,,1.0
DV2BV,1,tf_ens,0.2,Target-50,0.20790415466886053,0.4372221346586966,,0.35
DV2BV,1,tf_ens,0.2,TargetPAC-50,0.11899218428630193,0.2922578493894147,,0.025
DV2BV,1,tf_ens,0.2,Target-100,0.2290909090909091,0.4708966304546142,,0.54
DV2BV,1,tf_ens,0.2,TargetPAC-100,0.15704648292883586,0.360900314364958,,0.065
DV2BV,1,tf_ens,0.2,Target-200,0.21794529000411353,0.4551886016219997,,0.435
DV2BV,1,tf_ens,0.2,TargetPAC-200,0.18074454956807898,0.3997309257712698,,0.09
DV2BV,1,all_ens,0.05,ID-all,0.1583710407239819,0.3637994744542509,0.27468894459336607,
DV2BV,1,all_ens,0.05,ID,0.16693336075689014,0.3748702001206067,,1.0
DV2BV,1,all_ens,0.05,Target-50,0.04163512957630605,0.12002855609940827,,0.265
DV2BV,1,all_ens,0.05,TargetPAC-50,0.018410119292472236,0.061458018770551216,,0.035
DV2BV,1,all_ens,0.05,Target-100,0.056774989716166194,0.15682133317598787,,0.39
DV2BV,1,all_ens,0.05,TargetPAC-100,0.021007815713698065,0.07075947594326822,,0.035
DV2BV,1,all_ens,0.05,Target-200,0.060804195804195806,0.16662562723118868,,0.425
DV2BV,1,all_ens,0.05,TargetPAC-200,0.03211641299876594,0.1000991520263475,,0.045
DV2BV,1,all_ens,0.1,ID-all,0.25215960510078156,0.5109644922914329,0.27468894459336607,
DV2BV,1,all_ens,0.1,ID,0.26691073632250106,0.5264275434635164,,1.0
DV2BV,1,all_ens,0.1,Target-50,0.10881735911147676,0.26220163959802995,,0.29
DV2BV,1,all_ens,0.1,TargetPAC-50,0.041061291649526946,0.11835796840714453,,0.005
DV2BV,1,all_ens,0.1,Target-100,0.10772727272727273,0.2621620713873315,,0.235
DV2BV,1,all_ens,0.1,TargetPAC-100,0.07056355409296586,0.18677279856263668,,0.01
DV2BV,1,all_ens,0.1,Target-200,0.10669477581242287,0.2608781239022545,,0.195
DV2BV,1,all_ens,0.1,TargetPAC-200,0.0840580008227067,0.21511118644878874,,0.01
DV2BV,1,all_ens,0.2,ID-all,0.43233237350884407,0.7172288245917179,0.27468894459336607,
DV2BV,1,all_ens,0.2,ID,0.42836281365693124,0.7141938967902735,,1.0
DV2BV,1,all_ens,0.2,Target-50,0.22163718634306867,0.45633721191587057,,0.495
DV2BV,1,all_ens,0.2,TargetPAC-50,0.12892636774989716,0.29919521403015037,,0.065
DV2BV,1,all_ens,0.2,Target-100,0.2254730563554093,0.46567328350217124,,0.565
DV2BV,1,all_ens,0.2,TargetPAC-100,0.16859111476758534,0.3740934041021837,,0.115
DV2BV,1,all_ens,0.2,Target-200,0.2245187165775401,0.46663376945416374,,0.605
DV2BV,1,all_ens,0.2,TargetPAC-200,0.18771904566022216,0.4077014986366916,,0.125
DV2BV,2,cb_lr,0.05,ID-all,0.14688796680497926,0.30559438201986067,0.19036515642761548,
DV2BV,2,cb_lr,0.05,ID,0.14507053941908712,0.3004992072377998,,1.0
DV2BV,2,cb_lr,0.05,Target-50,0.0253402489626556,0.07154318942728331,,0.035
DV2BV,2,cb_lr,0.05,TargetPAC-50,0.012989626556016596,0.039875697379368906,,0.005
DV2BV,2,cb_lr,0.05,Target-100,0.03598962655601659,0.09734757063027154,,0.035
DV2BV,2,cb_lr,0.05,TargetPAC-100,0.013547717842323649,0.04291382866430818,,0.0
DV2BV,2,cb_lr,0.05,Target-200,0.03375311203319502,0.09336036682769346,,0.0
DV2BV,2,cb_lr,0.05,TargetPAC-200,0.021946058091286306,0.06581631893885867,,0.0
DV2BV,2,cb_lr,0.1,ID-all,0.25062240663900415,0.45430606491776937,0.19036515642761548,
DV2BV,2,cb_lr,0.1,ID,0.2452676348547718,0.4467130971032152,,1.0
DV2BV,2,cb_lr,0.1,Target-50,0.07355394190871369,0.17455072181681827,,0.07
DV2BV,2,cb_lr,0.1,TargetPAC-50,0.026589211618257266,0.07462547744062174,,0.0
DV2BV,2,cb_lr,0.1,Target-100,0.07561825726141079,0.18088555614280427,,0.03
DV2BV,2,cb_lr,0.1,TargetPAC-100,0.04413692946058092,0.1150222268165258,,0.0
DV2BV,2,cb_lr,0.1,Target-200,0.07467842323651451,0.17993807721435537,,0.0
DV2BV,2,cb_lr,0.1,TargetPAC-200,0.055914937759336106,0.14029851827868384,,0.0
DV2BV,2,cb_lr,0.2,ID-all,0.37178423236514524,0.5953348177348402,0.19036515642761548,
DV2BV,2,cb_lr,0.2,ID,0.37435684647302897,0.5973025286217581,,1.0
DV2BV,2,cb_lr,0.2,Target-50,0.16879668049792532,0.3340146555008943,,0.13
DV2BV,2,cb_lr,0.2,TargetPAC-50,0.09437966804979253,0.21351456005175504,,0.005
DV2BV,2,cb_lr,0.2,Target-100,0.17497302904564316,0.3449613010886257,,0.07
DV2BV,2,cb_lr,0.2,TargetPAC-100,0.12321369294605809,0.2654896889031957,,0.0
DV2BV,2,cb_lr,0.2,Target-200,0.180597510373444,0.3535857449754416,,0.025
DV2BV,2,cb_lr,0.2,TargetPAC-200,0.14095020746887968,0.2944897155777492,,0.01
DV2BV,2,cb_gb,0.05,ID-all,0.12738589211618256,0.32983196001255305,0.1764487823452663,
DV2BV,2,cb_gb,0.05,ID,0.13170954356846473,0.33881813682796447,,1.0
DV2BV,2,cb_gb,0.05,Target-50,0.02733402489626556,0.09544065264014265,,0.05
DV2BV,2,cb_gb,0.05,TargetPAC-50,0.009867219917012449,0.0389393320854579,,0.005
DV2BV,2,cb_gb,0.05,Target-100,0.03478008298755187,0.11936108500149745,,0.04
DV2BV,2,cb_gb,0.05,TargetPAC-100,0.010692946058091285,0.04287184935453889,,0.0
DV2BV,2,cb_gb,0.05,Target-200,0.036910788381742735,0.1268367557270214,,0.0
DV2BV,2,cb_gb,0.05,TargetPAC-200,0.01809751037344398,0.06979297936010517,,0.0
DV2BV,2,cb_gb,0.1,ID-all,0.22780082987551867,0.49065291311623355,0.1764487823452663,
DV2BV,2,cb_gb,0.1,ID,0.22450414937759341,0.48219004489353723,,1.0
DV2BV,2,cb_gb,0.1,Target-50,0.07727800829875518,0.2250690236731031,,0.11
DV2BV,2,cb_gb,0.1,TargetPAC-50,0.026228215767634854,0.09209368810501116,,0.0
DV2BV,2,cb_gb,0.1,Target-100,0.07630082987551867,0.22621614167561702,,0.035
DV2BV,2,cb_gb,0.1,TargetPAC-100,0.045728215767634854,0.1498433369197442,,0.0
DV2BV,2,cb_gb,0.1,Target-200,0.07654356846473029,0.22756956852229848,,0.005
DV2BV,2,cb_gb,0.1,TargetPAC-200,0.05805186721991701,0.18438073987955392,,0.0
DV2BV,2,cb_gb,0.2,ID-all,0.3622406639004149,0.6463682427096118,0.1764487823452663,
DV2BV,2,cb_gb,0.2,ID,0.3631390041493776,0.648153118933293,,1.0
DV2BV,2,cb_gb,0.2,Target-50,0.16255809128630705,0.3855672044894237,,0.105
DV2BV,2,cb_gb,0.2,TargetPAC-50,0.09336514522821578,0.2587521375349956,,0.005
DV2BV,2,cb_gb,0.2,Target-100,0.16769087136929464,0.39802698982595,,0.055
DV2BV,2,cb_gb,0.2,TargetPAC-100,0.11498755186721991,0.3055758414111105,,0.005
DV2BV,2,cb_gb,0.2,Target-200,0.16769709543568467,0.4002464898652926,,0.015
DV2BV,2,cb_gb,0.2,TargetPAC-200,0.1342655601659751,0.3420025652250669,,0.005
DV2BV,2,tf_lr,0.05,ID-all,0.1975103734439834,0.401039241979154,0.3658407109378937,
DV2BV,2,tf_lr,0.05,ID,0.19043983402489625,0.39043834957963036,,1.0
DV2BV,2,tf_lr,0.05,Target-50,0.037597510373443985,0.11818586101192802,,0.095
DV2BV,2,tf_lr,0.05,TargetPAC-50,0.015207468879668049,0.05445272132358686,,0.025
DV2BV,2,tf_lr,0.05,Target-100,0.04499377593360997,0.13844900581923958,,0.125
DV2BV,2,tf_lr,0.05,TargetPAC-100,0.01841078838174274,0.07078826170624829,,0.0
DV2BV,2,tf_lr,0.05,Target-200,0.04567219917012448,0.14187338637471172,,0.055
DV2BV,2,tf_lr,0.05,TargetPAC-200,0.02754564315352697,0.0999717314409738,,0.0
DV2BV,2,tf_lr,0.1,ID-all,0.3273858921161826,0.5703363069721645,0.3658407109378937,
DV2BV,2,tf_lr,0.1,ID,0.3290497925311203,0.5703871190956292,,1.0
DV2BV,2,tf_lr,0.1,Target-50,0.09109751037344399,0.2252486954580475,,0.175
DV2BV,2,tf_lr,0.1,TargetPAC-50,0.03359958506224066,0.10940873052006182,,0.0
DV2BV,2,tf_lr,0.1,Target-100,0.08898340248962656,0.22237661530411656,,0.145
DV2BV,2,tf_lr,0.1,TargetPAC-100,0.05174066390041494,0.15228974221363956,,0.005
DV2BV,2,tf_lr,0.1,Target-200,0.0875539419087137,0.21891385866022695,,0.025
DV2BV,2,tf_lr,0.1,TargetPAC-200,0.06783817427385892,0.1829563670131676,,0.0
DV2BV,2,tf_lr,0.2,ID-all,0.5091286307053942,0.7479066343647632,0.3658407109378937,
DV2BV,2,tf_lr,0.2,ID,0.5105539419087137,0.749822874608925,,1.0
DV2BV,2,tf_lr,0.2,Target-50,0.18582780082987552,0.38058744205186373,,0.24
DV2BV,2,tf_lr,0.2,TargetPAC-50,0.10863692946058093,0.2560723740590581,,0.03
DV2BV,2,tf_lr,0.2,Target-100,0.18762033195020744,0.3856638466771355,,0.18
DV2BV,2,tf_lr,0.2,TargetPAC-100,0.13170954356846473,0.30058229631333133,,0.01
DV2BV,2,tf_lr,0.2,Target-200,0.19768257261410788,0.40101162505189053,,0.17
DV2BV,2,tf_lr,0.2,TargetPAC-200,0.1510082987551867,0.3335207144495343,,0.0
DV2BV,2,tf_gb,0.05,ID-all,0.14232365145228215,0.34810779381921536,0.21544229229313308,
DV2BV,2,tf_gb,0.05,ID,0.13952282157676346,0.3463939617309498,,1.0
DV2BV,2,tf_gb,0.05,Target-50,0.032701244813278005,0.11969844560593153,,0.055
DV2BV,2,tf_gb,0.05,TargetPAC-50,0.01572614107883817,0.06521387269148031,,0.0
DV2BV,2,tf_gb,0.05,Target-100,0.04058921161825726,0.14495260205911473,,0.055
DV2BV,2,tf_gb,0.05,TargetPAC-100,0.01554979253112033,0.066960745782318,,0.0
DV2BV,2,tf_gb,0.05,Target-200,0.04026970954356846,0.14594167992625529,,0.015
DV2BV,2,tf_gb,0.05,TargetPAC-200,0.024551867219917013,0.09717982243243575,,0.0
DV2BV,2,tf_gb,0.1,ID-all,0.23112033195020748,0.4938861985769814,0.21544229229313308,
DV2BV,2,tf_gb,0.1,ID,0.22730082987551867,0.487262594808028,,1.0
DV2BV,2,tf_gb,0.1,Target-50,0.08039004149377593,0.23415944238399597,,0.14
DV2BV,2,tf_gb,0.1,TargetPAC-50,0.029624481327800833,0.1096212786786106,,0.005
DV2BV,2,tf_gb,0.1,Target-100,0.08094398340248961,0.2385157315915133,,0.085
DV2BV,2,tf_gb,0.1,TargetPAC-100,0.048168049792531115,0.1658735803797628,,0.0
DV2BV,2,tf_gb,0.1,Target-200,0.0805954356846473,0.24030994775261427,,0.015
DV2BV,2,tf_gb,0.1,TargetPAC-200,0.060294605809128626,0.19744118251707563,,0.0
DV2BV,2,tf_gb,0.2,ID-all,0.3634854771784232,0.6571698220489669,0.21544229229313308,
DV2BV,2,tf_gb,0.2,ID,0.3685269709543569,0.6606518728202411,,1.0
DV2BV,2,tf_gb,0.2,Target-50,0.18291908713692948,0.4155983330636039,,0.26
DV2BV,2,tf_gb,0.2,TargetPAC-50,0.10174273858921161,0.2759856195480539,,0.015
DV2BV,2,tf_gb,0.2,Target-100,0.1823941908713693,0.4186287343912142,,0.215
DV2BV,2,tf_gb,0.2,TargetPAC-100,0.13570331950207468,0.3396541928976642,,0.02
DV2BV,2,tf_gb,0.2,Target-200,0.18388174273858923,0.425190283139971,,0.16
DV2BV,2,tf_gb,0.2,TargetPAC-200,0.15096887966804978,0.36790471269356606,,0.005
DV2BV,2,cb_ens,0.05,ID-all,0.14896265560165975,0.3477798043741093,0.19167156640404073,
DV2BV,2,cb_ens,0.05,ID,0.15263278008298756,0.35271488755601044,,1.0
DV2BV,2,cb_ens,0.05,Target-50,0.029935684647302906,0.09444759616195414,,0.055
DV2BV,2,cb_ens,0.05,TargetPAC-50,0.013383817427385893,0.046245986479858614,,0.01
DV2BV,2,cb_ens,0.05,Target-100,0.03295435684647303,0.10424023405238088,,0.015
DV2BV,2,cb_ens,0.05,TargetPAC-100,0.012537344398340249,0.044819851325873704,,0.0
DV2BV,2,cb_ens,0.05,Target-200,0.034643153526970956,0.10963697083941697,,0.0
DV2BV,2,cb_ens,0.05,TargetPAC-200,0.020576763485477177,0.06949741259558546,,0.0
DV2BV,2,cb_ens,0.1,ID-all,0.25892116182572616,0.5241978599690458,0.19167156640404073,
DV2BV,2,cb_ens,0.1,ID,0.256402489626556,0.5202470616029677,,1.0
DV2BV,2,cb_ens,0.1,Target-50,0.07284439834024896,0.19641919131195035,,0.105
DV2BV,2,cb_ens,0.1,TargetPAC-50,0.02996058091286307,0.09503404087840436,,0.0
DV2BV,2,cb_ens,0.1,Target-100,0.07171784232365146,0.19707012448206732,,0.04
DV2BV,2,cb_ens,0.1,TargetPAC-100,0.04113070539419088,0.12625717937079195,,0.0
DV2BV,2,cb_ens,0.1,Target-200,0.07290248962655602,0.2022390952539581,,0.0
DV2BV,2,cb_ens,0.1,TargetPAC-200,0.05090663900414937,0.15261985169036574,,0.0
DV2BV,2,cb_ens,0.2,ID-all,0.3518672199170125,0.637743686369761,0.19167156640404073,
DV2BV,2,cb_ens,0.2,ID,0.3567240663900415,0.6419804116618972,,1.0
DV2BV,2,cb_ens,0.2,Target-50,0.16520954356846473,0.37243846630026334,,0.13
DV2BV,2,cb_ens,0.2,TargetPAC-50,0.08661410788381745,0.22580532978053622,,0.01
DV2BV,2,cb_ens,0.2,Target-100,0.16403526970954357,0.37389470680558223,,0.075
DV2BV,2,cb_ens,0.2,TargetPAC-100,0.1205331950207469,0.2928307672451879,,0.01
DV2BV,2,cb_ens,0.2,Target-200,0.17041286307053943,0.38749683679255625,,0.025
DV2BV,2,cb_ens,0.2,TargetPAC-200,0.1317883817427386,0.31393423313348,,0.0
DV2BV,2,tf_ens,0.05,ID-all,0.1995850622406639,0.44541645800004837,0.3059888789960858,
DV2BV,2,tf_ens,0.05,ID,0.19750829875518672,0.4398448458631604,,1.0
DV2BV,2,tf_ens,0.05,Target-50,0.03452489626556017,0.12261309464154388,,0.125
DV2BV,2,tf_ens,0.05,TargetPAC-50,0.016136929460580915,0.06829291157630547,,0.025
DV2BV,2,tf_ens,0.05,Target-100,0.03946265560165974,0.1377043108546408,,0.085
DV2BV,2,tf_ens,0.05,TargetPAC-100,0.015427385892116181,0.07194757570161228,,0.0
DV2BV,2,tf_ens,0.05,Target-200,0.03863485477178423,0.13670102283707705,,0.02
DV2BV,2,tf_ens,0.05,TargetPAC-200,0.022728215767634855,0.09802519543195402,,0.0
DV2BV,2,tf_ens,0.1,ID-all,0.3074688796680498,0.5730737102407991,0.3059888789960858,
DV2BV,2,tf_ens,0.1,ID,0.3085082987551867,0.575661210474389,,1.0
DV2BV,2,tf_ens,0.1,Target-50,0.08725726141078838,0.23594251950654818,,0.18
DV2BV,2,tf_ens,0.1,TargetPAC-50,0.032016597510373446,0.1169203352302559,,0.0
DV2BV,2,tf_ens,0.1,Target-100,0.08666597510373443,0.23582111374547318,,0.09
DV2BV,2,tf_ens,0.1,TargetPAC-100,0.05012863070539419,0.16064155391646043,,0.0
DV2BV,2,tf_ens,0.1,Target-200,0.08957468879668049,0.24179128481583986,,0.015
DV2BV,2,tf_ens,0.1,TargetPAC-200,0.06774066390041494,0.19911710095564383,,0.0
DV2BV,2,tf_ens,0.2,ID-all,0.44813278008298757,0.7347966552314132,0.3059888789960858,
DV2BV,2,tf_ens,0.2,ID,0.45172199170124494,0.7364981140712805,,1.0
DV2BV,2,tf_ens,0.2,Target-50,0.18975726141078839,0.4160758511791367,,0.31
DV2BV,2,tf_ens,0.2,TargetPAC-50,0.100649377593361,0.2629559284974099,,0.015
DV2BV,2,tf_ens,0.2,Target-100,0.19249792531120336,0.4261407182931373,,0.31
DV2BV,2,tf_ens,0.2,TargetPAC-100,0.1333713692946058,0.3262715118684289,,0.035
DV2BV,2,tf_ens,0.2,Target-200,0.18496473029045646,0.42011524358434876,,0.155
DV2BV,2,tf_ens,0.2,TargetPAC-200,0.14696265560165975,0.3546427604239243,,0.015
DV2BV,2,all_ens,0.05,ID-all,0.1883817427385892,0.4310520445450579,0.26555288636529084,
DV2BV,2,all_ens,0.05,ID,0.1897966804979253,0.43299078370294625,,1.0
DV2BV,2,all_ens,0.05,Target-50,0.02853734439834025,0.10021054792346248,,0.03
DV2BV,2,all_ens,0.05,TargetPAC-50,0.013118257261410788,0.0520574962027739,,0.005
DV2BV,2,all_ens,0.05,Target-100,0.03741078838174274,0.12694376712259184,,0.04
DV2BV,2,all_ens,0.05,TargetPAC-100,0.014093360995850622,0.056739350472749396,,0.0
DV2BV,2,all_ens,0.05,Target-200,0.03708921161825726,0.12756890425711456,,0.01
DV2BV,2,all_ens,0.05,TargetPAC-200,0.020026970954356845,0.07776606087585632,,0.0
DV2BV,2,all_ens,0.1,ID-all,0.28962655601659754,0.5730647656974469,0.26555288636529084,
DV2BV,2,all_ens,0.1,ID,0.28917427385892114,0.5726006687715036,,1.0
DV2BV,2,all_ens,0.1,Target-50,0.07657053941908715,0.21954894249378593,,0.105
DV2BV,2,all_ens,0.1,TargetPAC-50,0.02766597510373444,0.0978341303043642,,0.0
DV2BV,2,all_ens,0.1,Target-100,0.0761390041493776,0.22126123062153494,,0.075
DV2BV,2,all_ens,0.1,TargetPAC-100,0.04257053941908714,0.14148709523384195,,0.0
DV2BV,2,all_ens,0.1,Target-200,0.07952489626556015,0.23059976513677294,,0.03
DV2BV,2,all_ens,0.1,TargetPAC-200,0.055070539419087135,0.1741987205308147,,0.0
DV2BV,2,all_ens,0.2,ID-all,0.4157676348547718,0.717628370505652,0.26555288636529084,
DV2BV,2,all_ens,0.2,ID,0.41882365145228223,0.7181055472303518,,1.0
DV2BV,2,all_ens,0.2,Target-50,0.17425726141078837,0.40237487542071954,,0.185
DV2BV,2,all_ens,0.2,TargetPAC-50,0.09658713692946058,0.2610435909573836,,0.005
DV2BV,2,all_ens,0.2,Target-100,0.17253734439834026,0.40366594814496615,,0.105
DV2BV,2,all_ens,0.2,TargetPAC-100,0.12345020746887966,0.3163543298307049,,0.0
DV2BV,2,all_ens,0.2,Target-200,0.1745850622406639,0.4080678924821668,,0.02
DV2BV,2,all_ens,0.2,TargetPAC-200,0.14346473029045645,0.3546499524538786,,0.0
BV2DV,0,cb_lr,0.05,ID-all,0.25190839694656486,0.4427266109790367,0.40116952259553446,
BV2DV,0,cb_lr,0.05,ID,0.24900929306339198,0.441979001894723,,1.0
BV2DV,0,cb_lr,0.05,Target-50,0.0324327912379688,0.08868628326996177,,0.065
BV2DV,0,cb_lr,0.05,TargetPAC-50,0.016372386325921008,0.04690253490829666,,0.02
BV2DV,0,cb_lr,0.05,Target-100,0.04598572850979091,0.12284475070332249,,0.095
BV2DV,0,cb_lr,0.05,TargetPAC-100,0.017303352140723535,0.050080623612300874,,0.005
BV2DV,0,cb_lr,0.05,Target-200,0.0440922668436774,0.11956412930057761,,0.04
BV2DV,0,cb_lr,0.05,TargetPAC-200,0.026807168934616665,0.07718536437201091,,0.01
BV2DV,0,cb_lr,0.1,ID-all,0.36873547958845004,0.5720762956883466,0.40116952259553446,
BV2DV,0,cb_lr,0.1,ID,0.3693677397942251,0.5724861481670357,,1.0
BV2DV,0,cb_lr,0.1,Target-50,0.09084633255891139,0.2093823535313648,,0.185
BV2DV,0,cb_lr,0.1,TargetPAC-50,0.036065383338864915,0.09705571514286905,,0.01
BV2DV,0,cb_lr,0.1,Target-100,0.08856621307666777,0.20838359239717125,,0.15
BV2DV,0,cb_lr,0.1,TargetPAC-100,0.054822436110189186,0.14146789620460573,,0.005
BV2DV,0,cb_lr,0.1,Target-200,0.09089943577829407,0.2140306843509258,,0.045
BV2DV,0,cb_lr,0.1,TargetPAC-200,0.07039993362097578,0.1757834408378679,,0.01
BV2DV,0,cb_lr,0.2,ID-all,0.5774975107865914,0.7452677968649315,0.40116952259553446,
BV2DV,0,cb_lr,0.2,ID,0.5740474610023233,0.7433379565101077,,1.0
BV2DV,0,cb_lr,0.2,Target-50,0.19293229339528709,0.36626716735662485,,0.285
BV2DV,0,cb_lr,0.2,TargetPAC-50,0.11484898771988053,0.25061667423977796,,0.045
BV2DV,0,cb_lr,0.2,Target-100,0.19607699966810485,0.3746764078946232,,0.245
BV2DV,0,cb_lr,0.2,TargetPAC-100,0.13923000331895122,0.29323664834010116,,0.02
BV2DV,0,cb_lr,0.2,Target-200,0.190529372718221,0.3693820160670427,,0.135
BV2DV,0,cb_lr,0.2,TargetPAC-200,0.14925489545303683,0.31003907173784384,,0.005
BV2DV,0,cb_gb,0.05,ID-all,0.24858944573514768,0.4637462841483385,0.2740924784102885,
BV2DV,0,cb_gb,0.05,ID,0.24815798207766346,0.4578522862501555,,1.0
BV2DV,0,cb_gb,0.05,Target-50,0.03836873547958845,0.10493853550525126,,0.07
BV2DV,0,cb_gb,0.05,TargetPAC-50,0.02083305675406572,0.06016394299556328,,0.02
BV2DV,0,cb_gb,0.05,Target-100,0.04765847992034518,0.12882489125151605,,0.105
BV2DV,0,cb_gb,0.05,TargetPAC-100,0.020159309658148022,0.060046371116085843,,0.005
BV2DV,0,cb_gb,0.05,Target-200,0.04586624626617988,0.12621734190618852,,0.015
BV2DV,0,cb_gb,0.05,TargetPAC-200,0.031020577497510783,0.08833190724035735,,0.0
BV2DV,0,cb_gb,0.1,ID-all,0.36010620643876534,0.5876283785408105,0.2740924784102885,
BV2DV,0,cb_gb,0.1,ID,0.3578825091271158,0.5874604673698606,,1.0
BV2DV,0,cb_gb,0.1,Target-50,0.09531861931629607,0.22168229113496135,,0.275
BV2DV,0,cb_gb,0.1,TargetPAC-50,0.038136408894789246,0.10331969453203398,,0.02
BV2DV,0,cb_gb,0.1,Target-100,0.09822104215068038,0.22871894568068618,,0.25
BV2DV,0,cb_gb,0.1,TargetPAC-100,0.05436110189180219,0.1442263403819507,,0.0
BV2DV,0,cb_gb,0.1,Target-200,0.09416196481911715,0.2232190918045885,,0.145
BV2DV,0,cb_gb,0.1,TargetPAC-200,0.06490043146365748,0.1686605167750399,,0.005
BV2DV,0,cb_gb,0.2,ID-all,0.4576833720544308,0.6971580483515828,0.2740924784102885,
BV2DV,0,cb_gb,0.2,ID,0.4618304015930966,0.7014545972561905,,1.0
BV2DV,0,cb_gb,0.2,Target-50,0.1850713574510455,0.36759215735863365,,0.2
BV2DV,0,cb_gb,0.2,TargetPAC-50,0.1174527049452373,0.260718395060148,,0.02
BV2DV,0,cb_gb,0.2,Target-100,0.18292565549286427,0.3671857386607198,,0.155
BV2DV,0,cb_gb,0.2,TargetPAC-100,0.139709591769001,0.29868579374709725,,0.01
BV2DV,0,cb_gb,0.2,Target-200,0.18269000995685367,0.3683575425232275,,0.06
BV2DV,0,cb_gb,0.2,TargetPAC-200,0.1537238632592101,0.32204105442097886,,0.0
BV2DV,0,tf_lr,0.05,ID-all,0.09259873879853966,0.25895516711420585,0.19036322901777117,
BV2DV,0,tf_lr,0.05,ID,0.09315466312645203,0.2579658584544257,,0.885
BV2DV,0,tf_lr,0.05,Target-50,0.03778625954198473,0.12295941636799873,,0.125
BV2DV,0,tf_lr,0.05,TargetPAC-50,0.020267175572519086,0.07366732453084912,,0.02
BV2DV,0,tf_lr,0.05,Target-100,0.04324427480916031,0.1402893741902566,,0.09
BV2DV,0,tf_lr,0.05,TargetPAC-100,0.019196813806837038,0.07284361764530553,,0.005
BV2DV,0,tf_lr,0.05,Target-200,0.04638400265516097,0.14761486599751855,,0.025
BV2DV,0,tf_lr,0.05,TargetPAC-200,0.026759044142051113,0.10000294273660622,,0.0
BV2DV,0,tf_lr,0.1,ID-all,0.17690009956853633,0.41194322366543895,0.19036322901777117,
BV2DV,0,tf_lr,0.1,ID,0.17366080318619317,0.4065203364144625,,0.995
BV2DV,0,tf_lr,0.1,Target-50,0.0938599402588782,0.2551284405753443,,0.2
BV2DV,0,tf_lr,0.1,TargetPAC-50,0.03946896780617325,0.12806700478793695,,0.005
BV2DV,0,tf_lr,0.1,Target-100,0.0924311317623631,0.2556656756082102,,0.12
BV2DV,0,tf_lr,0.1,TargetPAC-100,0.055111184865582474,0.16901397735278362,,0.0
BV2DV,0,tf_lr,0.1,Target-200,0.09435114503816795,0.26134773810234824,,0.095
BV2DV,0,tf_lr,0.1,TargetPAC-200,0.07168270826418852,0.21091454154531303,,0.0
BV2DV,0,tf_lr,0.2,ID-all,0.30667109193494857,0.5900617812865728,0.19036322901777117,
BV2DV,0,tf_lr,0.2,ID,0.30545137736475275,0.5874586770164574,,1.0
BV2DV,0,tf_lr,0.2,Target-50,0.19244274809160306,0.42962601283348983,,0.28
BV2DV,0,tf_lr,0.2,TargetPAC-50,0.10828908065051443,0.2849383599085221,,0.0
BV2DV,0,tf_lr,0.2,Target-100,0.19120146033853302,0.43241646754613133,,0.18
BV2DV,0,tf_lr,0.2,TargetPAC-100,0.13742117490872885,0.3431643312883388,,0.015
BV2DV,0,tf_lr,0.2,Target-200,0.18903252572187187,0.4287988097125964,,0.085
BV2DV,0,tf_lr,0.2,TargetPAC-200,0.1541320942582144,0.3759693230496779,,0.01
BV2DV,0,tf_gb,0.05,ID-all,0.06770660471291072,0.21520044202627675,0.09615482091988281,
BV2DV,0,tf_gb,0.05,ID,0.07665283770328575,0.23229050593490969,,0.485
BV2DV,0,tf_gb,0.05,Target-50,0.0348838367076004,0.1204961875026422,,0.065
BV2DV,0,tf_gb,0.05,TargetPAC-50,0.017938931297709924,0.06767013305843035,,0.005
BV2DV,0,tf_gb,0.05,Target-100,0.04226684367739795,0.14139492808849802,,0.04
BV2DV,0,tf_gb,0.05,TargetPAC-100,0.01745934284766014,0.07045266837443266,,0.0
BV2DV,0,tf_gb,0.05,Target-200,0.043979422502489214,0.14665626545899607,,0.015
BV2DV,0,tf_gb,0.05,TargetPAC-200,0.029123796880185862,0.10691324522758393,,0.0
BV2DV,0,tf_gb,0.1,ID-all,0.15632260205774975,0.3918891484050515,0.09615482091988281,
BV2DV,0,tf_gb,0.1,ID,0.15297046133421838,0.3848555389023688,,0.995
BV2DV,0,tf_gb,0.1,Target-50,0.08754563557915698,0.25118168188937473,,0.135
BV2DV,0,tf_gb,0.1,TargetPAC-50,0.03453368735479589,0.11844126745673232,,0.0
BV2DV,0,tf_gb,0.1,Target-100,0.08426983073348822,0.24582801532117826,,0.065
BV2DV,0,tf_gb,0.1,TargetPAC-100,0.05325921008961169,0.17028719113280258,,0.0
BV2DV,0,tf_gb,0.1,Target-200,0.08623133089943578,0.25197760732117647,,0.02
BV2DV,0,tf_gb,0.1,TargetPAC-200,0.0639960172585463,0.1991315654644076,,0.0
BV2DV,0,tf_gb,0.2,ID-all,0.2711583139727846,0.5502605932788351,0.09615482091988281,
BV2DV,0,tf_gb,0.2,ID,0.2677314968469964,0.5454295261025373,,1.0
BV2DV,0,tf_gb,0.2,Target-50,0.1708911384002655,0.4068567739372627,,0.155
BV2DV,0,tf_gb,0.2,TargetPAC-50,0.10244440756720877,0.28284182842699807,,0.0
BV2DV,0,tf_gb,0.2,Target-100,0.17479422502489214,0.4162766588386202,,0.085
BV2DV,0,tf_gb,0.2,TargetPAC-100,0.12886657816130104,0.3376052003178065,,0.01
BV2DV,0,tf_gb,0.2,Target-200,0.17782110852970462,0.4227471926520428,,0.035
BV2DV,0,tf_gb,0.2,TargetPAC-200,0.1434218386989711,0.36713877186164184,,0.0
BV2DV,0,cb_ens,0.05,ID-all,0.280119482243611,0.4984757760892825,0.35569812794402655,
BV2DV,0,cb_ens,0.05,ID,0.2856189844009293,0.5068019351108345,,1.0
BV2DV,0,cb_ens,0.05,Target-50,0.0316611350813143,0.09629257118820764,,0.065
BV2DV,0,cb_ens,0.05,TargetPAC-50,0.016624626617988716,0.052874172532161035,,0.005
BV2DV,0,cb_ens,0.05,Target-100,0.04132758048456688,0.12303475091753478,,0.11
BV2DV,0,cb_ens,0.05,TargetPAC-100,0.01859276468635911,0.06006957258226211,,0.0
BV2DV,0,cb_ens,0.05,Target-200,0.04045303684035845,0.12497044602783404,,0.035
BV2DV,0,cb_ens,0.05,TargetPAC-200,0.02611516760703618,0.08457346428240907,,0.0
BV2DV,0,cb_ens,0.1,ID-all,0.3720544307998672,0.6187031877842238,0.35569812794402655,
BV2DV,0,cb_ens,0.1,ID,0.3711732492532359,0.6138220783914148,,1.0
BV2DV,0,cb_ens,0.1,Target-50,0.09082807832724858,0.22259105154120434,,0.225
BV2DV,0,cb_ens,0.1,TargetPAC-50,0.03177729837371391,0.09569605977112908,,0.02
BV2DV,0,cb_ens,0.1,Target-100,0.09186856953202788,0.22796309309767082,,0.175
BV2DV,0,cb_ens,0.1,TargetPAC-100,0.05292399601725854,0.1503933249696328,,0.02
BV2DV,0,cb_ens,0.1,Target-200,0.09237802854298043,0.23089896497778617,,0.055
BV2DV,0,cb_ens,0.1,TargetPAC-200,0.06461002323265848,0.17791375318025096,,0.005
BV2DV,0,cb_ens,0.2,ID-all,0.5237305011616329,0.754803834072825,0.35569812794402655,
BV2DV,0,cb_ens,0.2,ID,0.5260935944241619,0.7529094735935048,,1.0
BV2DV,0,cb_ens,0.2,Target-50,0.18641387321606373,0.3740471157610567,,0.24
BV2DV,0,cb_ens,0.2,TargetPAC-50,0.11157650182542317,0.258020553644115,,0.01
BV2DV,0,cb_ens,0.2,Target-100,0.18893295718552935,0.37848975609022545,,0.19
BV2DV,0,cb_ens,0.2,TargetPAC-100,0.14160969133753734,0.30859387400376326,,0.015
BV2DV,0,cb_ens,0.2,Target-200,0.19020743445071356,0.38187183319627044,,0.105
BV2DV,0,cb_ens,0.2,TargetPAC-200,0.15938433455028211,0.33461682794259084,,0.01
BV2DV,0,tf_ens,0.05,ID-all,0.0809824095585795,0.2665767137676221,0.13893755655550163,
BV2DV,0,tf_ens,0.05,ID,0.08393129770992366,0.2699196102335692,,0.88
BV2DV,0,tf_ens,0.05,Target-50,0.03751410554264853,0.13073448414912747,,0.105
BV2DV,0,tf_ens,0.05,TargetPAC-50,0.01978592764686359,0.07212071305456431,,0.03
BV2DV,0,tf_ens,0.05,Target-100,0.04558247593760372,0.15693415886552475,,0.115
BV2DV,0,tf_ens,0.05,TargetPAC-100,0.020474610023232653,0.07655601644945088,,0.0
BV2DV,0,tf_ens,0.05,Target-200,0.04442084301360771,0.15378883430041726,,0.04
BV2DV,0,tf_ens,0.05,TargetPAC-200,0.02980086292731497,0.10745176578255043,,0.0
BV2DV,0,tf_ens,0.1,ID-all,0.1798871556588118,0.4354098131311306,0.13893755655550163,
BV2DV,0,tf_ens,0.1,ID,0.17975273813474943,0.4338796433127654,,0.99
BV2DV,0,tf_ens,0.1,Target-50,0.09268835048124792,0.27439656782658217,,0.215
BV2DV,0,tf_ens,0.1,TargetPAC-50,0.03583803518088284,0.12508754084442986,,0.0
BV2DV,0,tf_ens,0.1,Target-100,0.08076169930302025,0.25786208877873323,,0.05
BV2DV,0,tf_ens,0.1,TargetPAC-100,0.053664122137404575,0.18166348580297328,,0.0
BV2DV,0,tf_ens,0.1,Target-200,0.08512777962163956,0.2720610331284832,,0.025
BV2DV,0,tf_ens,0.1,TargetPAC-200,0.06275970793229341,0.21121479288643677,,0.0
BV2DV,0,tf_ens,0.2,ID-all,0.3182874211749087,0.6104374972907547,0.13893755655550163,
BV2DV,0,tf_ens,0.2,ID,0.3140740126120146,0.6059140062967562,,1.0
BV2DV,0,tf_ens,0.2,Target-50,0.1774078991038832,0.42763313399104774,,0.21
BV2DV,0,tf_ens,0.2,TargetPAC-50,0.10598075008297378,0.30666763355863996,,0.005
BV2DV,0,tf_ens,0.2,Target-100,0.18100232326584798,0.4358888239699834,,0.165
BV2DV,0,tf_ens,0.2,TargetPAC-100,0.1312329903750415,0.3565681719151399,,0.01
BV2DV,0,tf_ens,0.2,Target-200,0.18398937935612344,0.4404637344973241,,0.07
BV2DV,0,tf_ens,0.2,TargetPAC-200,0.1486126783936276,0.3864123841532263,,0.0
BV2DV,0,all_ens,0.05,ID-all,0.2469299701294391,0.515928346942998,0.2717405629170452,
BV2DV,0,all_ens,0.05,ID,0.2344938599402589,0.4973108606058173,,1.0
BV2DV,0,all_ens,0.05,Target-50,0.030690341851974775,0.11266994107826381,,0.045
BV2DV,0,all_ens,0.05,TargetPAC-50,0.01723199468967806,0.06595831005728052,,0.015
BV2DV,0,all_ens,0.05,Target-100,0.04219216727514105,0.151083906082747,,0.07
BV2DV,0,all_ens,0.05,TargetPAC-100,0.01730335214072353,0.06794951237726439,,0.0
BV2DV,0,all_ens,0.05,Target-200,0.04056588118154662,0.1494879459839896,,0.01
BV2DV,0,all_ens,0.05,TargetPAC-200,0.02462495851310986,0.09483276635189936,,0.0
BV2DV,0,all_ens,0.1,ID-all,0.32426153335545965,0.6106006825340117,0.2717405629170452,
BV2DV,0,all_ens,0.1,ID,0.3284301360769996,0.6149825587406771,,1.0
BV2DV,0,all_ens,0.1,Target-50,0.08670594092266844,0.25072089472156933,,0.205
BV2DV,0,all_ens,0.1,TargetPAC-50,0.03470129439097245,0.1234656182441699,,0.005
BV2DV,0,all_ens,0.1,Target-100,0.0906189844009293,0.26181630206428935,,0.195
BV2DV,0,all_ens,0.1,TargetPAC-100,0.048166279455692004,0.16915562939357506,,0.0
BV2DV,0,all_ens,0.1,Target-200,0.08958845004978427,0.2619811395214991,,0.07
BV2DV,0,all_ens,0.1,TargetPAC-200,0.06034019249917026,0.20412187543752516,,0.0
BV2DV,0,all_ens,0.2,ID-all,0.4580152671755725,0.7319703909317515,0.2717405629170452,
BV2DV,0,all_ens,0.2,ID,0.46096913375373383,0.7351857094753014,,1.0
BV2DV,0,all_ens,0.2,Target-50,0.18140225688682377,0.4147839772608593,,0.245
BV2DV,0,all_ens,0.2,TargetPAC-50,0.10786425489545304,0.29185468456271996,,0.02
BV2DV,0,all_ens,0.2,Target-100,0.18192167275141052,0.4177576126338118,,0.17
BV2DV,0,all_ens,0.2,TargetPAC-100,0.1397992034517093,0.3503253894013132,,0.03
BV2DV,0,all_ens,0.2,Target-200,0.18655492864254897,0.4255503330472797,,0.125
BV2DV,0,all_ens,0.2,TargetPAC-200,0.15141387321606373,0.3702656819631604,,0.0
BV2DV,1,cb_lr,0.05,ID-all,0.23504273504273504,0.436072412353932,0.37341594602035616,
BV2DV,1,cb_lr,0.05,ID,0.2372485207100592,0.43356711169347484,,1.0
BV2DV,1,cb_lr,0.05,Target-50,0.043147600262984885,0.11376393791565778,,0.13
BV2DV,1,cb_lr,0.05,TargetPAC-50,0.024446088099934253,0.06722393464139734,,0.02
BV2DV,1,cb_lr,0.05,Target-100,0.054497041420118346,0.14197340117540355,,0.185
BV2DV,1,cb_lr,0.05,TargetPAC-100,0.026250821827744904,0.07265848878233039,,0.005
BV2DV,1,cb_lr,0.05,Target-200,0.05280078895463511,0.14026952754235109,,0.09
BV2DV,1,cb_lr,0.05,TargetPAC-200,0.03794378698224852,0.10415998066738708,,0.005
BV2DV,1,cb_lr,0.1,ID-all,0.34845496383957925,0.5592284379286688,0.37341594602035616,
BV2DV,1,cb_lr,0.1,ID,0.3547715318869165,0.5641754745043511,,1.0
BV2DV,1,cb_lr,0.1,Target-50,0.10042406311637081,0.22815820652833832,,0.245
BV2DV,1,cb_lr,0.1,TargetPAC-50,0.04253780407626561,0.1124330765124023,,0.005
BV2DV,1,cb_lr,0.1,Target-100,0.10477481919789611,0.2388605323841926,,0.19
BV2DV,1,cb_lr,0.1,TargetPAC-100,0.0610749506903353,0.15550391204727043,,0.01
BV2DV,1,cb_lr,0.1,Target-200,0.10266272189349111,0.23646415723170186,,0.095
BV2DV,1,cb_lr,0.1,TargetPAC-200,0.07802432610124918,0.18993690808656052,,0.0
BV2DV,1,cb_lr,0.2,ID-all,0.5154503616042078,0.7136157181895331,0.37341594602035616,
BV2DV,1,cb_lr,0.2,ID,0.5236308349769888,0.7170566152165719,,1.0
BV2DV,1,cb_lr,0.2,Target-50,0.20087113740959894,0.38143537557935686,,0.36
BV2DV,1,cb_lr,0.2,TargetPAC-50,0.1147189349112426,0.252967369397753,,0.015
BV2DV,1,cb_lr,0.2,Target-100,0.19862590401051938,0.3797558399386105,,0.265
BV2DV,1,cb_lr,0.2,TargetPAC-100,0.1516173570019724,0.31322908864197485,,0.02
BV2DV,1,cb_lr,0.2,Target-200,0.19820019723865878,0.37938641427650005,,0.13
BV2DV,1,cb_lr,0.2,TargetPAC-200,0.16449868507560816,0.3323321106883359,,0.01
BV2DV,1,cb_gb,0.05,ID-all,0.2324128862590401,0.43900365422743076,0.25508447564132963,
BV2DV,1,cb_gb,0.05,ID,0.2225312294543064,0.4274397635095914,,1.0
BV2DV,1,cb_gb,0.05,Target-50,0.03746712689020382,0.10725609871939082,,0.105
BV2DV,1,cb_gb,0.05,TargetPAC-50,0.01930966469428008,0.059195590904704574,,0.025
BV2DV,1,cb_gb,0.05,Target-100,0.047774490466798165,0.13365327094899335,,0.135
BV2DV,1,cb_gb,0.05,TargetPAC-100,0.020645956607495068,0.06540640936075755,,0.005
BV2DV,1,cb_gb,0.05,Target-200,0.04740302432610125,0.13512572364242068,,0.025
BV2DV,1,cb_gb,0.05,TargetPAC-200,0.03033037475345168,0.09458916346201292,,0.0
BV2DV,1,cb_gb,0.1,ID-all,0.3185404339250493,0.5501578651448497,0.25508447564132963,
BV2DV,1,cb_gb,0.1,ID,0.3166420118343195,0.5460320802373643,,1.0
BV2DV,1,cb_gb,0.1,Target-50,0.1001429980276134,0.23080139109535833,,0.285
BV2DV,1,cb_gb,0.1,TargetPAC-50,0.03950197238658777,0.11132377417717089,,0.015
BV2DV,1,cb_gb,0.1,Target-100,0.09939842209072978,0.2307697820866077,,0.245
BV2DV,1,cb_gb,0.1,TargetPAC-100,0.060154503616042077,0.15925709013454095,,0.02
BV2DV,1,cb_gb,0.1,Target-200,0.10547830374753453,0.24189141076637646,,0.245
BV2DV,1,cb_gb,0.1,TargetPAC-200,0.07560486522024984,0.1896378088934737,,0.035
BV2DV,1,cb_gb,0.2,ID-all,0.4510190664036818,0.6893991668358743,0.25508447564132963,
BV2DV,1,cb_gb,0.2,ID,0.45048487836949375,0.6893531149036397,,1.0
BV2DV,1,cb_gb,0.2,Target-50,0.19925378040762656,0.3906819833729868,,0.335
BV2DV,1,cb_gb,0.2,TargetPAC-50,0.1215105193951348,0.26767531882359735,,0.025
BV2DV,1,cb_gb,0.2,Target-100,0.20085798816568048,0.3958661548105926,,0.305
BV2DV,1,cb_gb,0.2,TargetPAC-100,0.14989973701512163,0.3167398752418257,,0.015
BV2DV,1,cb_gb,0.2,Target-200,0.20408448389217618,0.4030365728397264,,0.28
BV2DV,1,cb_gb,0.2,TargetPAC-200,0.16878862590401053,0.34930516316042115,,0.015
BV2DV,1,tf_lr,0.05,ID-all,0.0811965811965812,0.23741838887965813,0.21197988183050676,
BV2DV,1,tf_lr,0.05,ID,0.08513477975016437,0.24583217393853488,,0.835
BV2DV,1,tf_lr,0.05,Target-50,0.042836949375410924,0.13027311289722276,,0.155
BV2DV,1,tf_lr,0.05,TargetPAC-50,0.0236965811965812,0.0749506644578448,,0.015
BV2DV,1,tf_lr,0.05,Target-100,0.0557034845496384,0.1644823656202106,,0.16
BV2DV,1,tf_lr,0.05,TargetPAC-100,0.02490795529257068,0.08073156360888346,,0.015
BV2DV,1,tf_lr,0.05,Target-200,0.056904996712689025,0.16701689594747923,,0.09
BV2DV,1,tf_lr,0.05,TargetPAC-200,0.03689020381328073,0.11326493674736521,,0.0
BV2DV,1,tf_lr,0.1,ID-all,0.16995397764628534,0.4076131309453587,0.21197988183050676,
BV2DV,1,tf_lr,0.1,ID,0.17302268244575936,0.41333974346615043,,0.98
BV2DV,1,tf_lr,0.1,Target-50,0.09516272189349113,0.26594577233090033,,0.225
BV2DV,1,tf_lr,0.1,TargetPAC-50,0.04235042735042736,0.1284554492769201,,0.005
BV2DV,1,tf_lr,0.1,Target-100,0.09383793556870479,0.2668558614813529,,0.12
BV2DV,1,tf_lr,0.1,TargetPAC-100,0.06569855358316896,0.19276215233246158,,0.01
BV2DV,1,tf_lr,0.1,Target-200,0.09080046022353716,0.2604149555694926,,0.03
BV2DV,1,tf_lr,0.1,TargetPAC-200,0.07547337278106508,0.22155420851707422,,0.005
BV2DV,1,tf_lr,0.2,ID-all,0.32905982905982906,0.6194978017863952,0.21197988183050676,
BV2DV,1,tf_lr,0.2,ID,0.3290894148586457,0.6168732968305661,,1.0
BV2DV,1,tf_lr,0.2,Target-50,0.18612919132149902,0.4287059668234904,,0.25
BV2DV,1,tf_lr,0.2,TargetPAC-50,0.10915023011176858,0.29797256822832013,,0.01
BV2DV,1,tf_lr,0.2,Target-100,0.182707100591716,0.427656553320993,,0.165
BV2DV,1,tf_lr,0.2,TargetPAC-100,0.1313379355687048,0.345948953163112,,0.015
BV2DV,1,tf_lr,0.2,Target-200,0.18667981591058513,0.4335359041299692,,0.11
BV2DV,1,tf_lr,0.2,TargetPAC-200,0.14440664036817885,0.3722544547704938,,0.0
BV2DV,1,tf_gb,0.05,ID-all,0.09467455621301775,0.25400865979789977,0.095205215924655,
BV2DV,1,tf_gb,0.05,ID,0.09496383957922419,0.251889365386575,,0.91
BV2DV,1,tf_gb,0.05,Target-50,0.04780078895463511,0.13434318707094198,,0.2
BV2DV,1,tf_gb,0.05,TargetPAC-50,0.024955621301775147,0.07490589768305905,,0.035
BV2DV,1,tf_gb,0.05,Target-100,0.05851742274819198,0.16561762038678102,,0.255
BV2DV,1,tf_gb,0.05,TargetPAC-100,0.024439513477975017,0.07447734871304683,,0.005
BV2DV,1,tf_gb,0.05,Target-200,0.05843523997370151,0.16789299856646417,,0.135
BV2DV,1,tf_gb,0.05,TargetPAC-200,0.03512656147271532,0.10276242101868185,,0.005
BV2DV,1,tf_gb,0.1,ID-all,0.15581854043392504,0.37027589799251176,0.095205215924655,
BV2DV,1,tf_gb,0.1,ID,0.16382642998027613,0.3827062572508405,,0.99
BV2DV,1,tf_gb,0.1,Target-50,0.10950032873109794,0.27792441078765934,,0.43
BV2DV,1,tf_gb,0.1,TargetPAC-50,0.04532215647600262,0.12943910046046253,,0.02
BV2DV,1,tf_gb,0.1,Target-100,0.11018244575936884,0.28096302601934986,,0.37
BV2DV,1,tf_gb,0.1,TargetPAC-100,0.06710387902695596,0.18763411219838957,,0.025
BV2DV,1,tf_gb,0.1,Target-200,0.11309500328731098,0.28700799192733034,,0.375
BV2DV,1,tf_gb,0.1,TargetPAC-200,0.08572156476002629,0.23276022296387947,,0.04
BV2DV,1,tf_gb,0.2,ID-all,0.2873109796186719,0.5605943041383241,0.095205215924655,
BV2DV,1,tf_gb,0.2,ID,0.28810322156476004,0.5631890894466138,,1.0
BV2DV,1,tf_gb,0.2,Target-50,0.20148915187376726,0.43787382925623825,,0.345
BV2DV,1,tf_gb,0.2,TargetPAC-50,0.12908941485864564,0.3164296736455386,,0.015
BV2DV,1,tf_gb,0.2,Target-100,0.21002629848783694,0.45562809028916973,,0.36
BV2DV,1,tf_gb,0.2,TargetPAC-100,0.1643671926364234,0.3818667779502565,,0.06
BV2DV,1,tf_gb,0.2,Target-200,0.2055276134122288,0.4504013283952038,,0.285
BV2DV,1,tf_gb,0.2,TargetPAC-200,0.1746992110453649,0.4015147370238506,,0.035
BV2DV,1,cb_ens,0.05,ID-all,0.2465483234714004,0.466470709231639,0.3328604295477581,
BV2DV,1,cb_ens,0.05,ID,0.24274983563445104,0.4601898494600733,,1.0
BV2DV,1,cb_ens,0.05,Target-50,0.03954306377383301,0.11915823864883773,,0.105
BV2DV,1,cb_ens,0.05,TargetPAC-50,0.023500986193293886,0.07496995733787198,,0.03
BV2DV,1,cb_ens,0.05,Target-100,0.0517965154503616,0.1484767148144147,,0.195
BV2DV,1,cb_ens,0.05,TargetPAC-100,0.021901709401709404,0.0726985656933094,,0.005
BV2DV,1,cb_ens,0.05,Target-200,0.05102564102564102,0.15030849145469116,,0.1
BV2DV,1,cb_ens,0.05,TargetPAC-200,0.030614727153188692,0.10121603470172957,,0.005
BV2DV,1,cb_ens,0.1,ID-all,0.36587771203155817,0.6122779104961913,0.3328604295477581,
BV2DV,1,cb_ens,0.1,ID,0.36253287310979615,0.6067862655839713,,1.0
BV2DV,1,cb_ens,0.1,Target-50,0.10302596975673899,0.24276766320020912,,0.325
BV2DV,1,cb_ens,0.1,TargetPAC-50,0.04034516765285996,0.1195821213428577,,0.005
BV2DV,1,cb_ens,0.1,Target-100,0.10683925049309664,0.25076042829484485,,0.34
BV2DV,1,cb_ens,0.1,TargetPAC-100,0.06413214990138068,0.17357571135681846,,0.065
BV2DV,1,cb_ens,0.1,Target-200,0.10687212360289283,0.25084716499578413,,0.23
BV2DV,1,cb_ens,0.1,TargetPAC-200,0.07810979618671926,0.20275499070331082,,0.025
BV2DV,1,cb_ens,0.2,ID-all,0.5108481262327417,0.7423286445175672,0.3328604295477581,
BV2DV,1,cb_ens,0.2,ID,0.5123833004602235,0.7447753445347763,,1.0
BV2DV,1,cb_ens,0.2,Target-50,0.20191650230111768,0.39797301831030807,,0.29
BV2DV,1,cb_ens,0.2,TargetPAC-50,0.12798652202498353,0.2845245938006868,,0.04
BV2DV,1,cb_ens,0.2,Target-100,0.2067094017094017,0.4057431995944272,,0.275
BV2DV,1,cb_ens,0.2,TargetPAC-100,0.15890039447731755,0.3344967005255808,,0.025
BV2DV,1,cb_ens,0.2,Target-200,0.20284516765286,0.4001763734053811,,0.18
BV2DV,1,cb_ens,0.2,TargetPAC-200,0.17415516107823803,0.3576728745495083,,0.0
BV2DV,1,tf_ens,0.05,ID-all,0.08185404339250493,0.2528257464502459,0.15310488041917775,
BV2DV,1,tf_ens,0.05,ID,0.0849687705456936,0.2602376472355261,,0.88
BV2DV,1,tf_ens,0.05,Target-50,0.04298816568047337,0.1348952434339936,,0.13
BV2DV,1,tf_ens,0.05,TargetPAC-50,0.02391190006574622,0.07701003620176969,,0.055
BV2DV,1,tf_ens,0.05,Target-100,0.05786160420775806,0.1806833131085512,,0.19
BV2DV,1,tf_ens,0.05,TargetPAC-100,0.023601249178172256,0.0772059105147814,,0.01
BV2DV,1,tf_ens,0.05,Target-200,0.05920611439842209,0.18625463517192714,,0.105
BV2DV,1,tf_ens,0.05,TargetPAC-200,0.035897435897435895,0.11416558217035455,,0.0
BV2DV,1,tf_ens,0.1,ID-all,0.19000657462195925,0.4501264704330542,0.15310488041917775,
BV2DV,1,tf_ens,0.1,ID,0.1882774490466798,0.4470681085543481,,0.98
BV2DV,1,tf_ens,0.1,Target-50,0.0969904667981591,0.28039903768185986,,0.195
BV2DV,1,tf_ens,0.1,TargetPAC-50,0.045631163708086786,0.14300798980849966,,0.01
BV2DV,1,tf_ens,0.1,Target-100,0.09479125575279422,0.28312879761323045,,0.095
BV2DV,1,tf_ens,0.1,TargetPAC-100,0.06491781722550953,0.20191026861597025,,0.005
BV2DV,1,tf_ens,0.1,Target-200,0.09815253122945432,0.2932716468190735,,0.07
BV2DV,1,tf_ens,0.1,TargetPAC-200,0.07798487836949376,0.24083980020345158,,0.0
BV2DV,1,tf_ens,0.2,ID-all,0.3445101906640368,0.6349009300237585,0.15310488041917775,
BV2DV,1,tf_ens,0.2,ID,0.3372320841551611,0.6291378560965246,,1.0
BV2DV,1,tf_ens,0.2,Target-50,0.18044707429322812,0.4312227787799875,,0.255
BV2DV,1,tf_ens,0.2,TargetPAC-50,0.108025969756739,0.30656075350394024,,0.015
BV2DV,1,tf_ens,0.2,Target-100,0.19298159105851417,0.45213291561936414,,0.26
BV2DV,1,tf_ens,0.2,TargetPAC-100,0.14101084812623274,0.37318778889502086,,0.035
BV2DV,1,tf_ens,0.2,Target-200,0.19208415516107827,0.452096226450854,,0.205
BV2DV,1,tf_ens,0.2,TargetPAC-200,0.15229454306377385,0.3931310418659838,,0.015
BV2DV,1,all_ens,0.05,ID-all,0.2363576594345825,0.5031317153720757,0.2631507638112658,
BV2DV,1,all_ens,0.05,ID,0.23891683103221567,0.5037385659629546,,1.0
BV2DV,1,all_ens,0.05,Target-50,0.04049967126890204,0.13405519192957197,,0.12
BV2DV,1,all_ens,0.05,TargetPAC-50,0.02261012491781723,0.0808120449552781,,0.015
BV2DV,1,all_ens,0.05,Target-100,0.051697896120973044,0.169363765482045,,0.155
BV2DV,1,all_ens,0.05,TargetPAC-100,0.02203813280736358,0.08095405858788367,,0.01
BV2DV,1,all_ens,0.05,Target-200,0.05153681788297172,0.17155718441225978,,0.065
BV2DV,1,all_ens,0.05,TargetPAC-200,0.030915516107823802,0.11611775999178665,,0.0
BV2DV,1,all_ens,0.1,ID-all,0.32610124917817224,0.6186896166736435,0.2631507638112658,
BV2DV,1,all_ens,0.1,ID,0.3308662064431296,0.6205369800386715,,1.0
BV2DV,1,all_ens,0.1,Target-50,0.10673076923076924,0.2828479763377904,,0.36
BV2DV,1,all_ens,0.1,TargetPAC-50,0.042179487179487184,0.1388446245249712,,0.04
BV2DV,1,all_ens,0.1,Target-100,0.10564924391847469,0.28223899532922503,,0.34
BV2DV,1,all_ens,0.1,TargetPAC-100,0.06193458251150559,0.19285590745611067,,0.01
BV2DV,1,all_ens,0.1,Target-200,0.10643819855358316,0.2841564428629495,,0.275
BV2DV,1,all_ens,0.1,TargetPAC-200,0.07835141354372124,0.23000982693510771,,0.025
BV2DV,1,all_ens,0.2,ID-all,0.457922419460881,0.7410673050311665,0.2631507638112658,
BV2DV,1,all_ens,0.2,ID,0.45528599605522685,0.7390647183026843,,1.0
BV2DV,1,all_ens,0.2,Target-50,0.199973701512163,0.4409118142862409,,0.34
BV2DV,1,all_ens,0.2,TargetPAC-50,0.12054240631163708,0.30796578784556705,,0.03
BV2DV,1,all_ens,0.2,Target-100,0.20770216962524657,0.4552079687627946,,0.385
BV2DV,1,all_ens,0.2,TargetPAC-100,0.15452169625246548,0.3719301977629377,,0.025
BV2DV,1,all_ens,0.2,Target-200,0.20166995397764625,0.44772310049222414,,0.225
BV2DV,1,all_ens,0.2,TargetPAC-200,0.1711439842209073,0.40095725242082536,,0.01
BV2DV,2,cb_lr,0.05,ID-all,0.19622141199867418,0.3853422164823589,0.38493028931421897,
BV2DV,2,cb_lr,0.05,ID,0.20030162412993038,0.3887552444656157,,1.0
BV2DV,2,cb_lr,0.05,Target-50,0.04122969837587007,0.1116824806747968,,0.15
BV2DV,2,cb_lr,0.05,TargetPAC-50,0.022399734835929733,0.06428783738466895,,0.05
BV2DV,2,cb_lr,0.05,Target-100,0.054728206827974815,0.14485902670025017,,0.245
BV2DV,2,cb_lr,0.05,TargetPAC-100,0.021445144182963206,0.0648026865578252,,0.01
BV2DV,2,cb_lr,0.05,Target-200,0.057795823665893274,0.15254396862596262,,0.195
BV2DV,2,cb_lr,0.05,TargetPAC-200,0.029446470003314545,0.08769807857563575,,0.01
BV2DV,2,cb_lr,0.1,ID-all,0.3079217765992708,0.5001523380408648,0.38493028931421897,
BV2DV,2,cb_lr,0.1,ID,0.3085830294995028,0.50178582899848,,1.0
BV2DV,2,cb_lr,0.1,Target-50,0.10341067285382831,0.23656509438350867,,0.285
BV2DV,2,cb_lr,0.1,TargetPAC-50,0.04181803115677827,0.11249650612655068,,0.01
BV2DV,2,cb_lr,0.1,Target-100,0.10731521378853165,0.24580380226834564,,0.325
BV2DV,2,cb_lr,0.1,TargetPAC-100,0.06481438515081207,0.16628866326425623,,0.015
BV2DV,2,cb_lr,0.1,Target-200,0.1046005966191581,0.24241165896267336,,0.18
BV2DV,2,cb_lr,0.1,TargetPAC-200,0.08036460059661917,0.1986178438136912,,0.01
BV2DV,2,cb_lr,0.2,ID-all,0.5299966854491216,0.7179024298323221,0.38493028931421897,
BV2DV,2,cb_lr,0.2,ID,0.5247232350016573,0.7121597425469481,,1.0
BV2DV,2,cb_lr,0.2,Target-50,0.18943984090155788,0.36805666008189647,,0.195
BV2DV,2,cb_lr,0.2,TargetPAC-50,0.12268147166058999,0.26976471480895714,,0.005
BV2DV,2,cb_lr,0.2,Target-100,0.19903878024527677,0.384015161529017,,0.22
BV2DV,2,cb_lr,0.2,TargetPAC-100,0.1466125290023202,0.30934885959532954,,0.025
BV2DV,2,cb_lr,0.2,Target-200,0.1903032814053696,0.37528129585713516,,0.085
BV2DV,2,cb_lr,0.2,TargetPAC-200,0.16440006629101755,0.3378298862222246,,0.005
BV2DV,2,cb_gb,0.05,ID-all,0.20251905866755054,0.39812058883049006,0.24022800173734354,
BV2DV,2,cb_gb,0.05,ID,0.19797149486244614,0.3896671788471066,,1.0
BV2DV,2,cb_gb,0.05,Target-50,0.03816871063970832,0.10602747781320898,,0.12
BV2DV,2,cb_gb,0.05,TargetPAC-50,0.020517069937023534,0.06151491386170207,,0.025
BV2DV,2,cb_gb,0.05,Target-100,0.04467185946304276,0.12494243517724123,,0.105
BV2DV,2,cb_gb,0.05,TargetPAC-100,0.017151143520053033,0.05224731614005915,,0.0
BV2DV,2,cb_gb,0.05,Target-200,0.0453016241299304,0.12891388806376625,,0.04
BV2DV,2,cb_gb,0.05,TargetPAC-200,0.025845210473980775,0.08045761918896531,,0.0
BV2DV,2,cb_gb,0.1,ID-all,0.30096121975472323,0.5152386247540126,0.24022800173734354,
BV2DV,2,cb_gb,0.1,ID,0.30043752071594304,0.5145134121749472,,1.0
BV2DV,2,cb_gb,0.1,Target-50,0.09149983427245609,0.2178318405106378,,0.195
BV2DV,2,cb_gb,0.1,TargetPAC-50,0.03857474312230693,0.10812617890475862,,0.01
BV2DV,2,cb_gb,0.1,Target-100,0.09428405701027512,0.22522554590619767,,0.14
BV2DV,2,cb_gb,0.1,TargetPAC-100,0.05906198210142526,0.15484491141162043,,0.015
BV2DV,2,cb_gb,0.1,Target-200,0.096582698044415,0.23065413166233084,,0.06
BV2DV,2,cb_gb,0.1,TargetPAC-200,0.07265164070268479,0.18308798820161948,,0.01
BV2DV,2,cb_gb,0.2,ID-all,0.42890288365926416,0.6715876888584706,0.24022800173734354,
BV2DV,2,cb_gb,0.2,ID,0.4293586344050381,0.6714737773329833,,1.0
BV2DV,2,cb_gb,0.2,Target-50,0.19122141199867418,0.37743097518018315,,0.32
BV2DV,2,cb_gb,0.2,TargetPAC-50,0.11185117666556181,0.2551868709764451,,0.015
BV2DV,2,cb_gb,0.2,Target-100,0.18978289691746766,0.3782622769711794,,0.24
BV2DV,2,cb_gb,0.2,TargetPAC-100,0.13869406695392775,0.30439096707622976,,0.01
BV2DV,2,cb_gb,0.2,Target-200,0.19430062976466686,0.3853357682272194,,0.195
BV2DV,2,cb_gb,0.2,TargetPAC-200,0.15495856811402056,0.33185485785880103,,0.01
BV2DV,2,tf_lr,0.05,ID-all,0.09214451441829632,0.26377237453792035,0.21758885881489373,
BV2DV,2,tf_lr,0.05,ID,0.09153463705667882,0.258705106560688,,0.94
BV2DV,2,tf_lr,0.05,Target-50,0.04704507789194563,0.14339674495391985,,0.16
BV2DV,2,tf_lr,0.05,TargetPAC-50,0.02573583029499503,0.08392809866757127,,0.06
BV2DV,2,tf_lr,0.05,Target-100,0.05916639045409347,0.17705239387046068,,0.255
BV2DV,2,tf_lr,0.05,TargetPAC-100,0.02784554192906861,0.09160397298414226,,0.01
BV2DV,2,tf_lr,0.05,Target-200,0.0607988067616838,0.18171214063577168,,0.195
BV2DV,2,tf_lr,0.05,TargetPAC-200,0.03928902883659264,0.12342593842043563,,0.01
BV2DV,2,tf_lr,0.1,ID-all,0.1710308253231687,0.40326309093660945,0.21758885881489373,
BV2DV,2,tf_lr,0.1,ID,0.177262180974478,0.41210305744246895,,1.0
BV2DV,2,tf_lr,0.1,Target-50,0.11179317202519061,0.29439379902826285,,0.395
BV2DV,2,tf_lr,0.1,TargetPAC-50,0.048486907524030495,0.14603647360736363,,0.035
BV2DV,2,tf_lr,0.1,Target-100,0.10950944647000331,0.2934524612291514,,0.38
BV2DV,2,tf_lr,0.1,TargetPAC-100,0.06922605236990387,0.20220653027537452,,0.03
BV2DV,2,tf_lr,0.1,Target-200,0.11262512429565794,0.30191167221431686,,0.32
BV2DV,2,tf_lr,0.1,TargetPAC-200,0.08754723235001656,0.24924426485574172,,0.025
BV2DV,2,tf_lr,0.2,ID-all,0.33278090818694067,0.6060926473259175,0.21758885881489373,
BV2DV,2,tf_lr,0.2,ID,0.3343520053032814,0.6052446436997095,,1.0
BV2DV,2,tf_lr,0.2,Target-50,0.20817202519058667,0.44940913698463547,,0.43
BV2DV,2,tf_lr,0.2,TargetPAC-50,0.12677991382167716,0.32185035259217687,,0.04
BV2DV,2,tf_lr,0.2,Target-100,0.21042923433874708,0.4547015451787374,,0.415
BV2DV,2,tf_lr,0.2,TargetPAC-100,0.16083029499502818,0.3846762956433929,,0.06
BV2DV,2,tf_lr,0.2,Target-200,0.20974146503148824,0.4551759063728699,,0.385
BV2DV,2,tf_lr,0.2,TargetPAC-200,0.17517401392111367,0.4091260400785167,,0.04
BV2DV,2,tf_gb,0.05,ID-all,0.06662247265495526,0.19924850474596154,0.08655003562806714,
BV2DV,2,tf_gb,0.05,ID,0.07128936029168048,0.21156747526248243,,0.4
BV2DV,2,tf_gb,0.05,Target-50,0.04226383824991714,0.13655922707461848,,0.105
BV2DV,2,tf_gb,0.05,TargetPAC-50,0.022277096453430564,0.07931487277380538,,0.02
BV2DV,2,tf_gb,0.05,Target-100,0.053520053032814055,0.16751166173542512,,0.13
BV2DV,2,tf_gb,0.05,TargetPAC-100,0.022908518395757378,0.08378384588192642,,0.005
BV2DV,2,tf_gb,0.05,Target-200,0.05572920119323831,0.1730453872389054,,0.055
BV2DV,2,tf_gb,0.05,TargetPAC-200,0.03603082532316871,0.12413034008159951,,0.0
BV2DV,2,tf_gb,0.1,ID-all,0.1514749751408684,0.3699937552858533,0.08655003562806714,
BV2DV,2,tf_gb,0.1,ID,0.14703679151474977,0.36640341362587536,,0.88
BV2DV,2,tf_gb,0.1,Target-50,0.09713788531653961,0.2677636019875107,,0.23
BV2DV,2,tf_gb,0.1,TargetPAC-50,0.043652635067948295,0.1411802105874179,,0.0
BV2DV,2,tf_gb,0.1,Target-100,0.1024776267815711,0.2830328116343928,,0.245
BV2DV,2,tf_gb,0.1,TargetPAC-100,0.06410838581372225,0.19345585145752303,,0.02
BV2DV,2,tf_gb,0.1,Target-200,0.10163904540934704,0.28337540760877467,,0.175
BV2DV,2,tf_gb,0.1,TargetPAC-200,0.07784719920450779,0.22861765380955462,,0.0
BV2DV,2,tf_gb,0.2,ID-all,0.2701358965860126,0.5397085502437614,0.08655003562806714,
BV2DV,2,tf_gb,0.2,ID,0.2667517401392111,0.535313818698921,,0.97
BV2DV,2,tf_gb,0.2,Target-50,0.19503977461054028,0.4389342116940992,,0.33
BV2DV,2,tf_gb,0.2,TargetPAC-50,0.12558170367915147,0.32449153472769254,,0.015
BV2DV,2,tf_gb,0.2,Target-100,0.1967915147497514,0.4448902608553864,,0.22
BV2DV,2,tf_gb,0.2,TargetPAC-100,0.15156281073914485,0.3739923233552888,,0.035
BV2DV,2,tf_gb,0.2,Target-200,0.2013042757706331,0.45328597595868186,,0.23
BV2DV,2,tf_gb,0.2,TargetPAC-200,0.16686277759363605,0.4001936447669816,,0.0
BV2DV,2,cb_ens,0.05,ID-all,0.22406363937686444,0.4329330149513996,0.31989441746432834,
BV2DV,2,cb_ens,0.05,ID,0.2113490222074909,0.41247959687719693,,1.0
BV2DV,2,cb_ens,0.05,Target-50,0.040122638382499166,0.11807050752321314,,0.08
BV2DV,2,cb_ens,0.05,TargetPAC-50,0.01974975140868412,0.06334251674682088,,0.02
BV2DV,2,cb_ens,0.05,Target-100,0.048056015909844214,0.1401618506328825,,0.1
BV2DV,2,cb_ens,0.05,TargetPAC-100,0.020227046735167384,0.0661960229328991,,0.005
BV2DV,2,cb_ens,0.05,Target-200,0.04798806761683792,0.14220208128831285,,0.03
BV2DV,2,cb_ens,0.05,TargetPAC-200,0.027611866092144517,0.08931456083319719,,0.0
BV2DV,2,cb_ens,0.1,ID-all,0.3480278422273782,0.5779053971454993,0.31989441746432834,
BV2DV,2,cb_ens,0.1,ID,0.3442277096453431,0.5739304603619597,,1.0
BV2DV,2,cb_ens,0.1,Target-50,0.0958054358634405,0.2348575381239887,,0.285
BV2DV,2,cb_ens,0.1,TargetPAC-50,0.040589990056347364,0.11861169841997725,,0.02
BV2DV,2,cb_ens,0.1,Target-100,0.10122141199867418,0.24726110648961913,,0.24
BV2DV,2,cb_ens,0.1,TargetPAC-100,0.05772124627113026,0.16244147978760956,,0.01
BV2DV,2,cb_ens,0.1,Target-200,0.10298806761683793,0.2524120347675271,,0.17
BV2DV,2,cb_ens,0.1,TargetPAC-200,0.07418959231024197,0.19745443924181708,,0.015
BV2DV,2,cb_ens,0.2,ID-all,0.49486244613854824,0.7306587753112056,0.31989441746432834,
BV2DV,2,cb_ens,0.2,ID,0.4894232681471661,0.7250505611264072,,1.0
BV2DV,2,cb_ens,0.2,Target-50,0.19151143520053032,0.38361520536108246,,0.24
BV2DV,2,cb_ens,0.2,TargetPAC-50,0.12268312893602917,0.28052731012587556,,0.01
BV2DV,2,cb_ens,0.2,Target-100,0.19082035134239309,0.38453021767424056,,0.21
BV2DV,2,cb_ens,0.2,TargetPAC-100,0.14548723897911833,0.318679819654347,,0.015
BV2DV,2,cb_ens,0.2,Target-200,0.19042426251242958,0.38486818938655576,,0.115
BV2DV,2,cb_ens,0.2,TargetPAC-200,0.15999668544912163,0.34168535126833816,,0.0
BV2DV,2,tf_ens,0.05,ID-all,0.08849850845210475,0.27457487212993525,0.14564297590308092,
BV2DV,2,tf_ens,0.05,ID,0.09147331786542924,0.2751839241744566,,0.96
BV2DV,2,tf_ens,0.05,Target-50,0.047480941332449456,0.15429855179522825,,0.195
BV2DV,2,tf_ens,0.05,TargetPAC-50,0.023685780576731853,0.08432914271628747,,0.035
BV2DV,2,tf_ens,0.05,Target-100,0.06094133244945311,0.19260675735563812,,0.255
BV2DV,2,tf_ens,0.05,TargetPAC-100,0.023558170367915146,0.0864291034104033,,0.015
BV2DV,2,tf_ens,0.05,Target-200,0.05980941332449453,0.18959407627836491,,0.195
BV2DV,2,tf_ens,0.05,TargetPAC-200,0.03703844879018893,0.12825627369891626,,0.025
BV2DV,2,tf_ens,0.1,ID-all,0.17898574743122306,0.43335035946160255,0.14564297590308092,
BV2DV,2,tf_ens,0.1,ID,0.17505634736493206,0.4269673333063205,,1.0
BV2DV,2,tf_ens,0.1,Target-50,0.10745111037454425,0.30522299824319576,,0.335
BV2DV,2,tf_ens,0.1,TargetPAC-50,0.044292343387471,0.1458664629994125,,0.02
BV2DV,2,tf_ens,0.1,Target-100,0.11013423931057342,0.3145204103855645,,0.425
BV2DV,2,tf_ens,0.1,TargetPAC-100,0.07096784885647996,0.21986838525872807,,0.04
BV2DV,2,tf_ens,0.1,Target-200,0.11195558501823005,0.3216369307273871,,0.42
BV2DV,2,tf_ens,0.1,TargetPAC-200,0.08703513423931057,0.26355657955485756,,0.04
BV2DV,2,tf_ens,0.2,ID-all,0.306927411335764,0.5968738955593745,0.14564297590308092,
BV2DV,2,tf_ens,0.2,ID,0.30485913158766986,0.5934635060187642,,1.0
BV2DV,2,tf_ens,0.2,Target-50,0.2013722240636394,0.46169337085262613,,0.325
BV2DV,2,tf_ens,0.2,TargetPAC-50,0.12178985747431223,0.33429283215183486,,0.005
BV2DV,2,tf_ens,0.2,Target-100,0.19880510440835267,0.4594236867385508,,0.245
BV2DV,2,tf_ens,0.2,TargetPAC-100,0.15474809413324495,0.3949237563637811,,0.055
BV2DV,2,tf_ens,0.2,Target-200,0.1993520053032814,0.460588601560264,,0.195
BV2DV,2,tf_ens,0.2,TargetPAC-200,0.1671461716937355,0.4158039733299688,,0.015
BV2DV,2,all_ens,0.05,ID-all,0.19489559164733178,0.44154983273780446,0.2486315735796747,
BV2DV,2,all_ens,0.05,ID,0.19736824660258534,0.4445517538266857,,1.0
BV2DV,2,all_ens,0.05,Target-50,0.046450116009280736,0.15269597286850237,,0.145
BV2DV,2,all_ens,0.05,TargetPAC-50,0.025099436526350674,0.08993278701595486,,0.035
BV2DV,2,all_ens,0.05,Target-100,0.05559661915810407,0.18025967881052044,,0.23
BV2DV,2,all_ens,0.05,TargetPAC-100,0.025812064965197213,0.09491157982407965,,0.005
BV2DV,2,all_ens,0.05,Target-200,0.054567451110374546,0.18115151481019623,,0.115
BV2DV,2,all_ens,0.05,TargetPAC-200,0.03725058004640371,0.13260757300560866,,0.01
BV2DV,2,all_ens,0.1,ID-all,0.2797480941332449,0.5569719325736987,0.2486315735796747,
BV2DV,2,all_ens,0.1,ID,0.2860556844547564,0.5616787677461546,,1.0
BV2DV,2,all_ens,0.1,Target-50,0.1033261518064302,0.28125984805947973,,0.255
BV2DV,2,all_ens,0.1,TargetPAC-50,0.04479284057010276,0.1494115751114592,,0.01
BV2DV,2,all_ens,0.1,Target-100,0.10186443486907525,0.2808542840530157,,0.185
BV2DV,2,all_ens,0.1,TargetPAC-100,0.06616506463374212,0.20568463026127518,,0.02
BV2DV,2,all_ens,0.1,Target-200,0.10476632416307591,0.28773464041173424,,0.095
BV2DV,2,all_ens,0.1,TargetPAC-200,0.08162081537951607,0.240307691189394,,0.005
BV2DV,2,all_ens,0.2,ID-all,0.4361948955916473,0.7159878360129279,0.2486315735796747,
BV2DV,2,all_ens,0.2,ID,0.43210805435863436,0.7119885321633121,,1.0
BV2DV,2,all_ens,0.2,Target-50,0.19435863440503812,0.43528042349142865,,0.34
BV2DV,2,all_ens,0.2,TargetPAC-50,0.1240056347364932,0.31969295840498385,,0.025
BV2DV,2,all_ens,0.2,Target-100,0.1965512098110706,0.44124132418991424,,0.26
BV2DV,2,all_ens,0.2,TargetPAC-100,0.1502999668544912,0.3687006032387598,,0.02
BV2DV,2,all_ens,0.2,Target-200,0.19419124958568112,0.4390610325283242,,0.15
BV2DV,2,all_ens,0.2,TargetPAC-200,0.1644232681471661,0.3923993853273153,,0.025
