scenario,seed,model,alpha,regime,miss,sar,ks,viol2
DV-R,0,cb_lr,0.05,ID-all,0.0451527224435591,0.18387509624056741,0.04648801056603499,
DV-R,0,cb_lr,0.05,ID,0.047954847277556445,0.18912423216554367,,0.01
DV-R,0,cb_lr,0.1,ID-all,0.09163346613545817,0.3391087107165407,0.04648801056603499,
DV-R,0,cb_lr,0.1,ID,0.09222443559096945,0.3357082659985513,,0.09
DV-R,0,cb_lr,0.2,ID-all,0.19389110225763612,0.5078182013982383,0.04648801056603499,
DV-R,0,cb_lr,0.2,ID,0.18676626826029216,0.5019586539747016,,0.01
DV-R,0,cb_gb,0.05,ID-all,0.0398406374501992,0.1940274515977699,0.0470929778378506,
DV-R,0,cb_gb,0.05,ID,0.042264276228419655,0.1972264573436343,,0.005
DV-R,0,cb_gb,0.1,ID-all,0.08233731739707835,0.3235935066118957,0.0470929778378506,
DV-R,0,cb_gb,0.1,ID,0.08278884462151397,0.3318243259168827,,0.0
DV-R,0,cb_gb,0.2,ID-all,0.1646746347941567,0.5153648789510589,0.0470929778378506,
DV-R,0,cb_gb,0.2,ID,0.16439575033200535,0.5105760483746677,,0.0
DV-R,0,tf_lr,0.05,ID-all,0.055776892430278883,0.2790778992205865,0.033458505240324614,
DV-R,0,tf_lr,0.05,ID,0.053904382470119507,0.2771324739561851,,0.03
DV-R,0,tf_lr,0.1,ID-all,0.10756972111553785,0.43525310033260706,0.033458505240324614,
DV-R,0,tf_lr,0.1,ID,0.1096082337317397,0.4352530653583807,,0.2
DV-R,0,tf_lr,0.2,ID-all,0.20849933598937584,0.5934489833909586,0.033458505240324614,
DV-R,0,tf_lr,0.2,ID,0.20620849933598934,0.5877578028178202,,0.14
DV-R,0,tf_gb,0.05,ID-all,0.043824701195219126,0.2490613281005726,0.0437792832318696,
DV-R,0,tf_gb,0.05,ID,0.04426294820717131,0.24312707131493988,,0.0
DV-R,0,tf_gb,0.1,ID-all,0.07702523240371846,0.3350510316153628,0.0437792832318696,
DV-R,0,tf_gb,0.1,ID,0.07650730411686588,0.339127612476106,,0.0
DV-R,0,tf_gb,0.2,ID-all,0.16733067729083664,0.5213826432657074,0.0437792832318696,
DV-R,0,tf_gb,0.2,ID,0.1660889774236388,0.5234751448565065,,0.02
DV-R,0,cb_ens,0.05,ID-all,0.04780876494023904,0.21338591418798017,0.03992783993983028,
DV-R,0,cb_ens,0.05,ID,0.04648738379814077,0.2142178549670558,,0.005
DV-R,0,cb_ens,0.1,ID-all,0.08366533864541832,0.37391478844631454,0.03992783993983028,
DV-R,0,cb_ens,0.1,ID,0.08304780876494025,0.3683113805201287,,0.0
DV-R,0,cb_ens,0.2,ID-all,0.1806108897742364,0.5338516746143769,0.03992783993983028,
DV-R,0,cb_ens,0.2,ID,0.1760823373173971,0.5338826491186981,,0.005
DV-R,0,tf_ens,0.05,ID-all,0.05046480743691899,0.291188009047186,0.03136927892624668,
DV-R,0,tf_ens,0.05,ID,0.050458167330677275,0.29143236710359444,,0.05
DV-R,0,tf_ens,0.1,ID-all,0.09561752988047809,0.42350890426029864,0.03136927892624668,
DV-R,0,tf_ens,0.1,ID,0.09539176626826029,0.42862593839306995,,0.035
DV-R,0,tf_ens,0.2,ID-all,0.1952191235059761,0.5933790636818036,0.03136927892624668,
DV-R,0,tf_ens,0.2,ID,0.1908764940239044,0.5890772012516311,,0.1
DV-R,0,all_ens,0.05,ID-all,0.0451527224435591,0.2719740473634332,0.04465857500231631,
DV-R,0,all_ens,0.05,ID,0.04599601593625498,0.2774983759914294,,0.0
DV-R,0,all_ens,0.1,ID-all,0.0903054448871182,0.40168460328401645,0.04465857500231631,
DV-R,0,all_ens,0.1,ID,0.09097609561752988,0.40511779376730084,,0.0
DV-R,0,all_ens,0.2,ID-all,0.1752988047808765,0.5851168738289168,0.04465857500231631,
DV-R,0,all_ens,0.2,ID,0.1752722443559097,0.5875267297413262,,0.0
DV-R,0,fmt_gb,0.05,ID-all,0.03187250996015936,0.15509144431358943,0.04307257972215107,
DV-R,0,fmt_gb,0.05,ID,0.034760956175298806,0.16262932339898867,,0.005
DV-R,0,fmt_gb,0.1,ID-all,0.07171314741035857,0.2975646948839045,0.04307257972215107,
DV-R,0,fmt_gb,0.1,ID,0.0756241699867198,0.2997972224962578,,0.005
DV-R,0,fmt_gb,0.2,ID-all,0.16069057104913678,0.45902583280199144,0.04307257972215107,
DV-R,0,fmt_gb,0.2,ID,0.1632602921646747,0.4589763878302807,,0.0
DV-R,0,ft_cb,0.05,ID-all,0.0451527224435591,0.21258882845839033,0.033104245126198355,
DV-R,0,ft_cb,0.05,ID,0.04572377158034528,0.2059080612473626,,0.02
DV-R,0,ft_cb,0.1,ID-all,0.10092961487383798,0.3422248031816712,0.033104245126198355,
DV-R,0,ft_cb,0.1,ID,0.09906374501992031,0.3413858704447453,,0.03
DV-R,0,ft_cb,0.2,ID-all,0.21248339973439576,0.5427641185463224,0.033104245126198355,
DV-R,0,ft_cb,0.2,ID,0.208804780876494,0.537999153953068,,0.195
DV-R,0,ft_tf_ens,0.05,ID-all,0.043824701195219126,0.2581975156244253,0.036310753338674485,
DV-R,0,ft_tf_ens,0.05,ID,0.045411686586985384,0.2787130228041916,,0.06
DV-R,0,ft_tf_ens,0.1,ID-all,0.10092961487383798,0.4440280355903161,0.036310753338674485,
DV-R,0,ft_tf_ens,0.1,ID,0.10063745019920317,0.4412386549922933,,0.04
DV-R,0,ft_tf_ens,0.2,ID-all,0.20318725099601595,0.6088220173332198,0.036310753338674485,
DV-R,0,ft_tf_ens,0.2,ID,0.19833997343957502,0.6043589198420782,,0.045
DV-R,1,cb_lr,0.05,ID-all,0.05680317040951123,0.198509118905572,0.045805500439443286,
DV-R,1,cb_lr,0.05,ID,0.056017173051519153,0.19945952149091614,,0.035
DV-R,1,cb_lr,0.1,ID-all,0.11360634081902246,0.33787834821078655,0.045805500439443286,
DV-R,1,cb_lr,0.1,ID,0.11611624834874505,0.33869307895983797,,0.31
DV-R,1,cb_lr,0.2,ID-all,0.2404227212681638,0.5279828343406046,0.045805500439443286,
DV-R,1,cb_lr,0.2,ID,0.23902906208718622,0.5329660447428565,,0.93
DV-R,1,cb_gb,0.05,ID-all,0.043593130779392336,0.2755722434208957,0.02665718253565017,
DV-R,1,cb_gb,0.05,ID,0.04580581241743725,0.26888189378370353,,0.015
DV-R,1,cb_gb,0.1,ID-all,0.0964332892998679,0.40636914315355926,0.02665718253565017,
DV-R,1,cb_gb,0.1,ID,0.09663804491413475,0.4008391322734673,,0.035
DV-R,1,cb_gb,0.2,ID-all,0.1928665785997358,0.5459659582185493,0.02665718253565017,
DV-R,1,cb_gb,0.2,ID,0.1962285336856011,0.5424783339063578,,0.095
DV-R,1,tf_lr,0.05,ID-all,0.046235138705416116,0.2647879577039459,0.040633796665222655,
DV-R,1,tf_lr,0.05,ID,0.045508586525759585,0.2575166499512626,,0.02
DV-R,1,tf_lr,0.1,ID-all,0.10303830911492734,0.42729888293973506,0.040633796665222655,
DV-R,1,tf_lr,0.1,ID,0.10082562747688244,0.41703794030778135,,0.19
DV-R,1,tf_lr,0.2,ID-all,0.18758256274768825,0.6022470735483111,0.040633796665222655,
DV-R,1,tf_lr,0.2,ID,0.18636063408190226,0.5957587743979396,,0.05
DV-R,1,tf_gb,0.05,ID-all,0.02509907529722589,0.18649907237768001,0.035845380140728814,
DV-R,1,tf_gb,0.05,ID,0.02699471598414795,0.1904173696385781,,0.0
DV-R,1,tf_gb,0.1,ID-all,0.07661822985468957,0.3602933708560023,0.035845380140728814,
DV-R,1,tf_gb,0.1,ID,0.08132100396301187,0.3545548812883478,,0.025
DV-R,1,tf_gb,0.2,ID-all,0.1928665785997358,0.5421090088967869,0.035845380140728814,
DV-R,1,tf_gb,0.2,ID,0.19501321003963012,0.5473073262343279,,0.015
DV-R,1,cb_ens,0.05,ID-all,0.05019815059445178,0.21872017188486223,0.03247780053731524,
DV-R,1,cb_ens,0.05,ID,0.050270805812417434,0.22225966154058235,,0.075
DV-R,1,cb_ens,0.1,ID-all,0.10435931307793923,0.39651515704632406,0.03247780053731524,
DV-R,1,cb_ens,0.1,ID,0.10437252311756935,0.3931346168277192,,0.125
DV-R,1,cb_ens,0.2,ID-all,0.22192866578599735,0.5848309126374014,0.03247780053731524,
DV-R,1,cb_ens,0.2,ID,0.21842800528401585,0.5791700208455436,,0.45
DV-R,1,tf_ens,0.05,ID-all,0.034346103038309116,0.26156984002990724,0.029374065180225232,
DV-R,1,tf_ens,0.05,ID,0.034755614266842795,0.26325382165371336,,0.0
DV-R,1,tf_ens,0.1,ID-all,0.08190224570673713,0.4210063849530349,0.029374065180225232,
DV-R,1,tf_ens,0.1,ID,0.08571994715984146,0.4235925375219783,,0.04
DV-R,1,tf_ens,0.2,ID-all,0.1955085865257596,0.5930359123280362,0.029374065180225232,
DV-R,1,tf_ens,0.2,ID,0.19591149273447822,0.5937488690291286,,0.1
DV-R,1,all_ens,0.05,ID-all,0.04227212681638045,0.2613582272270782,0.032757689366185505,
DV-R,1,all_ens,0.05,ID,0.04123513870541611,0.264104526819885,,0.0
DV-R,1,all_ens,0.1,ID-all,0.08982826948480846,0.42915149568069105,0.032757689366185505,
DV-R,1,all_ens,0.1,ID,0.0915455746367239,0.42628471636113363,,0.04
DV-R,1,all_ens,0.2,ID-all,0.20871862615587847,0.6104680461958923,0.032757689366185505,
DV-R,1,all_ens,0.2,ID,0.21373844121532365,0.6145788117576627,,0.325
DV-R,1,fmt_gb,0.05,ID-all,0.031704095112285335,0.17721604247671668,0.044860652800581886,
DV-R,1,fmt_gb,0.05,ID,0.03190885072655218,0.18167874446442425,,0.0
DV-R,1,fmt_gb,0.1,ID-all,0.07397622192866579,0.28815324615505955,0.044860652800581886,
DV-R,1,fmt_gb,0.1,ID,0.06961030383091149,0.28666863988468066,,0.0
DV-R,1,fmt_gb,0.2,ID-all,0.1809775429326288,0.4752512274136679,0.044860652800581886,
DV-R,1,fmt_gb,0.2,ID,0.1784544253632761,0.47108987444118056,,0.015
DV-R,1,ft_cb,0.05,ID-all,0.04227212681638045,0.24914455437483046,0.03750866853140371,
DV-R,1,ft_cb,0.05,ID,0.046472919418758266,0.25347110543379264,,0.055
DV-R,1,ft_cb,0.1,ID-all,0.10700132100396301,0.4082297423729885,0.03750866853140371,
DV-R,1,ft_cb,0.1,ID,0.10372523117569354,0.3978434488399496,,0.08
DV-R,1,ft_cb,0.2,ID-all,0.2073976221928666,0.5551132372366088,0.03750866853140371,
DV-R,1,ft_cb,0.2,ID,0.20977542932628798,0.5544583544997564,,0.21
DV-R,1,ft_tf_ens,0.05,ID-all,0.03963011889035667,0.2875703102310777,0.03141707535783876,
DV-R,1,ft_tf_ens,0.05,ID,0.03729194187582563,0.28280833523127447,,0.0
DV-R,1,ft_tf_ens,0.1,ID-all,0.083223249669749,0.4448627744512585,0.03141707535783876,
DV-R,1,ft_tf_ens,0.1,ID,0.0839101717305152,0.43933328264413946,,0.04
DV-R,1,ft_tf_ens,0.2,ID-all,0.2047556142668428,0.6134665645886288,0.03141707535783876,
DV-R,1,ft_tf_ens,0.2,ID,0.20194187582562748,0.6080133931057736,,0.105
DV-R,2,cb_lr,0.05,ID-all,0.04723346828609987,0.21179987732605815,0.02965313491629281,
DV-R,2,cb_lr,0.05,ID,0.044703103913630235,0.20987907327106478,,0.0
DV-R,2,cb_lr,0.1,ID-all,0.08771929824561403,0.34078972351350517,0.02965313491629281,
DV-R,2,cb_lr,0.1,ID,0.08630229419703106,0.3334863843791577,,0.035
DV-R,2,cb_lr,0.2,ID-all,0.2145748987854251,0.5132016755204508,0.02965313491629281,
DV-R,2,cb_lr,0.2,ID,0.21307017543859647,0.5122953823754419,,0.245
DV-R,2,cb_gb,0.05,ID-all,0.05128205128205128,0.24012568268149598,0.04095998832840938,
DV-R,2,cb_gb,0.05,ID,0.052145748987854255,0.24073790551742205,,0.1
DV-R,2,cb_gb,0.1,ID-all,0.09176788124156546,0.36536812302197297,0.04095998832840938,
DV-R,2,cb_gb,0.1,ID,0.09196356275303645,0.36941659879473604,,0.015
DV-R,2,cb_gb,0.2,ID-all,0.1862348178137652,0.5197792243334121,0.04095998832840938,
DV-R,2,cb_gb,0.2,ID,0.1925978407557355,0.5298811485508282,,0.06
DV-R,2,tf_lr,0.05,ID-all,0.02564102564102564,0.26308883116676907,0.05252215778531568,
DV-R,2,tf_lr,0.05,ID,0.02482456140350877,0.250356320133432,,0.0
DV-R,2,tf_lr,0.1,ID-all,0.06747638326585695,0.389029259649462,0.05252215778531568,
DV-R,2,tf_lr,0.1,ID,0.06448717948717948,0.3870834926241102,,0.0
DV-R,2,tf_lr,0.2,ID-all,0.21862348178137653,0.6133527596094801,0.05252215778531568,
DV-R,2,tf_lr,0.2,ID,0.21450067476383264,0.6083598860384899,,0.505
DV-R,2,tf_gb,0.05,ID-all,0.037786774628879895,0.22877382777120464,0.04661341503446766,
DV-R,2,tf_gb,0.05,ID,0.04167341430499325,0.229278825605587,,0.04
DV-R,2,tf_gb,0.1,ID-all,0.10121457489878542,0.38774193397001133,0.04661341503446766,
DV-R,2,tf_gb,0.1,ID,0.10402159244264508,0.38699839404713726,,0.12
DV-R,2,tf_gb,0.2,ID-all,0.18218623481781376,0.5208080981125726,0.04661341503446766,
DV-R,2,tf_gb,0.2,ID,0.18116059379217275,0.5209708972061778,,0.0
DV-R,2,cb_ens,0.05,ID-all,0.04183535762483131,0.24148544209760087,0.030564977933398987,
DV-R,2,cb_ens,0.05,ID,0.043002699055330634,0.2417706723436252,,0.005
DV-R,2,cb_ens,0.1,ID-all,0.08771929824561403,0.3795129172655283,0.030564977933398987,
DV-R,2,cb_ens,0.1,ID,0.0906612685560054,0.3776056550655816,,0.01
DV-R,2,cb_ens,0.2,ID-all,0.19973009446693657,0.5448715673492601,0.030564977933398987,
DV-R,2,cb_ens,0.2,ID,0.20489203778677464,0.5525847556956165,,0.145
DV-R,2,tf_ens,0.05,ID-all,0.0310391363022942,0.28774065117629116,0.06612685560053981,
DV-R,2,tf_ens,0.05,ID,0.03109986504723347,0.2808237456347674,,0.0
DV-R,2,tf_ens,0.1,ID-all,0.08636977058029689,0.40692047297558726,0.06612685560053981,
DV-R,2,tf_ens,0.1,ID,0.08445344129554655,0.4090146939609792,,0.01
DV-R,2,tf_ens,0.2,ID-all,0.18218623481781376,0.5826402945875773,0.06612685560053981,
DV-R,2,tf_ens,0.2,ID,0.18497975708502026,0.5861524489342095,,0.07
DV-R,2,all_ens,0.05,ID-all,0.04048582995951417,0.2663947272430131,0.057300215194952035,
DV-R,2,all_ens,0.05,ID,0.041889338731444,0.27255437338902416,,0.025
DV-R,2,all_ens,0.1,ID-all,0.10121457489878542,0.44270388639223784,0.057300215194952035,
DV-R,2,all_ens,0.1,ID,0.09838731443994604,0.43767532000326226,,0.055
DV-R,2,all_ens,0.2,ID-all,0.17543859649122806,0.585396030288114,0.057300215194952035,
DV-R,2,all_ens,0.2,ID,0.18138326585695008,0.5872839895363683,,0.03
DV-R,2,fmt_gb,0.05,ID-all,0.04723346828609987,0.18556803639726827,0.025312762154867417,
DV-R,2,fmt_gb,0.05,ID,0.0472672064777328,0.18274058049533232,,0.005
DV-R,2,fmt_gb,0.1,ID-all,0.0931174089068826,0.2992373735598909,0.025312762154867417,
DV-R,2,fmt_gb,0.1,ID,0.09450742240215923,0.2975111190312254,,0.045
DV-R,2,fmt_gb,0.2,ID-all,0.19163292847503374,0.4707320626858578,0.025312762154867417,
DV-R,2,fmt_gb,0.2,ID,0.19120107962213226,0.4737127384795081,,0.065
BV-R,0,cb_lr,0.05,ID-all,0.0398406374501992,0.22694247503953027,0.0482011761435789,
BV-R,0,cb_lr,0.05,ID,0.04233067729083666,0.23403146043619244,,0.0
BV-R,0,cb_lr,0.1,ID-all,0.07304116865869854,0.34927134693675066,0.0482011761435789,
BV-R,0,cb_lr,0.1,ID,0.07699867197875167,0.3479330448826498,,0.0
BV-R,0,cb_lr,0.2,ID-all,0.1899070385126162,0.5157615481407373,0.0482011761435789,
BV-R,0,cb_lr,0.2,ID,0.18986055776892433,0.5175169838066098,,0.08
BV-R,0,cb_gb,0.05,ID-all,0.04648074369189907,0.22858382682529407,0.04085254967362652,
BV-R,0,cb_gb,0.05,ID,0.04592961487383798,0.22290939277704588,,0.0
BV-R,0,cb_gb,0.1,ID-all,0.08366533864541832,0.3471752154642458,0.04085254967362652,
BV-R,0,cb_gb,0.1,ID,0.07832669322709164,0.33524877086455496,,0.0
BV-R,0,cb_gb,0.2,ID-all,0.17264276228419656,0.5490100384505822,0.04085254967362652,
BV-R,0,cb_gb,0.2,ID,0.17049136786188585,0.5429446297414522,,0.0
BV-R,0,tf_lr,0.05,ID-all,0.043824701195219126,0.3438858468742838,0.052772039975074625,
BV-R,0,tf_lr,0.05,ID,0.043671978751660026,0.34796764171168554,,0.0
BV-R,0,tf_lr,0.1,ID-all,0.08100929614873838,0.48477695873694615,0.052772039975074625,
BV-R,0,tf_lr,0.1,ID,0.08491367861885792,0.48843050198385735,,0.025
BV-R,0,tf_lr,0.2,ID-all,0.22310756972111553,0.6636695143239787,0.052772039975074625,
BV-R,0,tf_lr,0.2,ID,0.21059760956175297,0.6587624036137172,,0.455
BV-R,0,tf_gb,0.05,ID-all,0.055776892430278883,0.26905359849065635,0.049561898325530526,
BV-R,0,tf_gb,0.05,ID,0.053798140770252315,0.2730152380642663,,0.005
BV-R,0,tf_gb,0.1,ID-all,0.07702523240371846,0.39013331012590324,0.049561898325530526,
BV-R,0,tf_gb,0.1,ID,0.07953519256308103,0.39299289566226747,,0.005
BV-R,0,tf_gb,0.2,ID-all,0.1699867197875166,0.5560928134433292,0.049561898325530526,
BV-R,0,tf_gb,0.2,ID,0.1677357237715804,0.5542889224358524,,0.015
BV-R,0,cb_ens,0.05,ID-all,0.0398406374501992,0.24530695298846847,0.0511551604798317,
BV-R,0,cb_ens,0.05,ID,0.03911686586985392,0.25018352407347794,,0.0
BV-R,0,cb_ens,0.1,ID-all,0.07436918990703852,0.36573412292047053,0.0511551604798317,
BV-R,0,cb_ens,0.1,ID,0.0753120849933599,0.36726976105999865,,0.0
BV-R,0,cb_ens,0.2,ID-all,0.19123505976095617,0.5473094310110849,0.0511551604798317,
BV-R,0,cb_ens,0.2,ID,0.18800132802124836,0.5490739049879322,,0.0
BV-R,0,tf_ens,0.05,ID-all,0.049136786188579015,0.3638257559368178,0.028833139852809466,
BV-R,0,tf_ens,0.05,ID,0.049468791500664,0.3628059548491697,,0.01
BV-R,0,tf_ens,0.1,ID-all,0.08233731739707835,0.48156350834680367,0.028833139852809466,
BV-R,0,tf_ens,0.1,ID,0.08474103585657371,0.4917013033587858,,0.0
BV-R,0,tf_ens,0.2,ID-all,0.18193891102257637,0.6347351307758278,0.028833139852809466,
BV-R,0,tf_ens,0.2,ID,0.1858034528552457,0.6385768999241879,,0.105
BV-R,0,all_ens,0.05,ID-all,0.05179282868525897,0.3606782262188433,0.04866080593267604,
BV-R,0,all_ens,0.05,ID,0.04918990703851261,0.35482651919766256,,0.015
BV-R,0,all_ens,0.1,ID-all,0.08632138114209828,0.45093518237758984,0.04866080593267604,
BV-R,0,all_ens,0.1,ID,0.08849269588313413,0.457726320901573,,0.0
BV-R,0,all_ens,0.2,ID-all,0.15803452855245684,0.615839954940329,0.04866080593267604,
BV-R,0,all_ens,0.2,ID,0.16474103585657374,0.6156579930779942,,0.01
BV-R,0,fmt_gb,0.05,ID-all,0.049136786188579015,0.577640749199455,0.0320487316579555,
BV-R,0,fmt_gb,0.05,ID,0.04879150066401062,0.5728258899605312,,0.005
BV-R,0,fmt_gb,0.1,ID-all,0.07702523240371846,0.6859325799463001,0.0320487316579555,
BV-R,0,fmt_gb,0.1,ID,0.08075697211155379,0.6904793805479648,,0.005
BV-R,0,fmt_gb,0.2,ID-all,0.17795484727755645,0.8516317330842714,0.0320487316579555,
BV-R,0,fmt_gb,0.2,ID,0.18249667994687918,0.850748754364025,,0.025
BV-R,0,ft_cb,0.05,ID-all,0.043824701195219126,0.2723955577159174,0.03083879711432428,
BV-R,0,ft_cb,0.05,ID,0.047111553784860545,0.2787567226872996,,0.065
BV-R,0,ft_cb,0.1,ID-all,0.10889774236387782,0.44484121746736177,0.03083879711432428,
BV-R,0,ft_cb,0.1,ID,0.10516600265604246,0.43799557775101755,,0.115
BV-R,0,ft_cb,0.2,ID-all,0.21381142098273573,0.6218879942336923,0.03083879711432428,
BV-R,0,ft_cb,0.2,ID,0.2089442231075697,0.6155172504547387,,0.255
BV-R,0,ft_tf_ens,0.05,ID-all,0.04648074369189907,0.38599363781619256,0.024498449430731248,
BV-R,0,ft_tf_ens,0.05,ID,0.0499933598937583,0.3828492744790186,,0.22
BV-R,0,ft_tf_ens,0.1,ID-all,0.09827357237715803,0.5079336506988399,0.024498449430731248,
BV-R,0,ft_tf_ens,0.1,ID,0.09824037184594953,0.5101422987780329,,0.015
BV-R,0,ft_tf_ens,0.2,ID-all,0.20053120849933598,0.6704193534466688,0.024498449430731248,
BV-R,0,ft_tf_ens,0.2,ID,0.1940836653386454,0.6686727821711884,,0.025
BV-R,1,cb_lr,0.05,ID-all,0.05019815059445178,0.2725469529336792,0.04982021153890722,
BV-R,1,cb_lr,0.05,ID,0.046043593130779395,0.2632828954717702,,0.02
BV-R,1,cb_lr,0.1,ID-all,0.10568031704095113,0.3864241853755979,0.04982021153890722,
BV-R,1,cb_lr,0.1,ID,0.103223249669749,0.38674800571724866,,0.3
BV-R,1,cb_lr,0.2,ID-all,0.21532364597093792,0.5559672206410983,0.04982021153890722,
BV-R,1,cb_lr,0.2,ID,0.21243725231175695,0.5490208797636227,,0.465
BV-R,1,cb_gb,0.05,ID-all,0.047556142668428,0.3060111924427233,0.05905119469744374,
BV-R,1,cb_gb,0.05,ID,0.04924702774108322,0.3039308070252943,,0.035
BV-R,1,cb_gb,0.1,ID-all,0.0964332892998679,0.4208526933147869,0.05905119469744374,
BV-R,1,cb_gb,0.1,ID,0.09478863936591811,0.4194563133042253,,0.01
BV-R,1,cb_gb,0.2,ID-all,0.1809775429326288,0.5665375761727364,0.05905119469744374,
BV-R,1,cb_gb,0.2,ID,0.18671730515191545,0.5737547663343612,,0.07
BV-R,1,tf_lr,0.05,ID-all,0.05548216644649934,0.3574437679037108,0.02972882872764678,
BV-R,1,tf_lr,0.05,ID,0.054114927344782036,0.3437536182966207,,0.005
BV-R,1,tf_lr,0.1,ID-all,0.09247027741083223,0.49882985105277494,0.02972882872764678,
BV-R,1,tf_lr,0.1,ID,0.0930779392338177,0.4955069365627143,,0.015
BV-R,1,tf_lr,0.2,ID-all,0.202113606340819,0.6909851641462931,0.02972882872764678,
BV-R,1,tf_lr,0.2,ID,0.19712021136063407,0.6884922245215307,,0.105
BV-R,1,tf_gb,0.05,ID-all,0.0488771466314399,0.277649901233792,0.03245284229779815,
BV-R,1,tf_gb,0.05,ID,0.05313077939233818,0.28350119234423826,,0.165
BV-R,1,tf_gb,0.1,ID-all,0.0964332892998679,0.4208526933147869,0.03245284229779815,
BV-R,1,tf_gb,0.1,ID,0.09388375165125495,0.4181580299902628,,0.0
BV-R,1,tf_gb,0.2,ID-all,0.18890356671070013,0.6095713055833173,0.03245284229779815,
BV-R,1,tf_gb,0.2,ID,0.18937912813738442,0.6015901652768637,,0.165
BV-R,1,cb_ens,0.05,ID-all,0.05548216644649934,0.3141574074900767,0.06436373425179655,
BV-R,1,cb_ens,0.05,ID,0.05011889035667107,0.30958839032600294,,0.07
BV-R,1,cb_ens,0.1,ID-all,0.11360634081902246,0.44431741164459065,0.06436373425179655,
BV-R,1,cb_ens,0.1,ID,0.11021136063408189,0.4399333160623988,,0.19
BV-R,1,cb_ens,0.2,ID-all,0.17701453104359313,0.5792621607498729,0.06436373425179655,
BV-R,1,cb_ens,0.2,ID,0.1878401585204756,0.5853459948464018,,0.185
BV-R,1,tf_ens,0.05,ID-all,0.059445178335535004,0.34859557381137735,0.026161583208096452,
BV-R,1,tf_ens,0.05,ID,0.05831571994715984,0.3478062255885898,,0.16
BV-R,1,tf_ens,0.1,ID-all,0.10700132100396301,0.5247476850131982,0.026161583208096452,
BV-R,1,tf_ens,0.1,ID,0.10486129458388374,0.5180935882182933,,0.15
BV-R,1,tf_ens,0.2,ID-all,0.18626155878467635,0.6824455150211924,0.026161583208096452,
BV-R,1,tf_ens,0.2,ID,0.18860634081902247,0.6828009500157555,,0.045
BV-R,1,all_ens,0.05,ID-all,0.05548216644649934,0.3819942409741302,0.034841702365862835,
BV-R,1,all_ens,0.05,ID,0.052734478203434604,0.37626938754492,,0.05
BV-R,1,all_ens,0.1,ID-all,0.1083223249669749,0.5403188192987016,0.034841702365862835,
BV-R,1,all_ens,0.1,ID,0.10967635402906208,0.531221597782495,,0.135
BV-R,1,all_ens,0.2,ID-all,0.19815059445178335,0.6662379740370001,0.034841702365862835,
BV-R,1,all_ens,0.2,ID,0.19859973579920742,0.6646612575597578,,0.085
BV-R,1,fmt_gb,0.05,ID-all,0.03963011889035667,0.5000833476859293,0.038836803419991905,
BV-R,1,fmt_gb,0.05,ID,0.03799207397622193,0.4848938060620084,,0.0
BV-R,1,fmt_gb,0.1,ID-all,0.08058124174372523,0.6888288987723042,0.038836803419991905,
BV-R,1,fmt_gb,0.1,ID,0.08229854689564067,0.6710892072431969,,0.05
BV-R,1,fmt_gb,0.2,ID-all,0.18890356671070013,0.8492614505603063,0.038836803419991905,
BV-R,1,fmt_gb,0.2,ID,0.18922721268163806,0.8478400209803667,,0.015
BV-R,1,ft_cb,0.05,ID-all,0.05019815059445178,0.3054962720545052,0.03697206638178619,
BV-R,1,ft_cb,0.05,ID,0.05178996036988111,0.3131923940344242,,0.01
BV-R,1,ft_cb,0.1,ID-all,0.1202113606340819,0.4478755987800492,0.03697206638178619,
BV-R,1,ft_cb,0.1,ID,0.11408190224570675,0.44219608162099777,,0.47
BV-R,1,ft_cb,0.2,ID-all,0.18494055482166447,0.5841780503932238,0.03697206638178619,
BV-R,1,ft_cb,0.2,ID,0.18692866578599734,0.5858789781747773,,0.015
BV-R,1,ft_tf_ens,0.05,ID-all,0.05151915455746367,0.38179752393525657,0.03213551610965224,
BV-R,1,ft_tf_ens,0.05,ID,0.05242404227212682,0.3732400844416073,,0.07
BV-R,1,ft_tf_ens,0.1,ID-all,0.11360634081902246,0.5334743927950609,0.03213551610965224,
BV-R,1,ft_tf_ens,0.1,ID,0.1085667107001321,0.5266828253508548,,0.245
BV-R,1,ft_tf_ens,0.2,ID-all,0.18890356671070013,0.6935597660873836,0.03213551610965224,
BV-R,1,ft_tf_ens,0.2,ID,0.18413474240422723,0.6868236352044191,,0.02
BV-R,2,cb_lr,0.05,ID-all,0.06477732793522267,0.23609799914573026,0.05040668198562935,
BV-R,2,cb_lr,0.05,ID,0.06745614035087719,0.23912787920494716,,0.295
BV-R,2,cb_lr,0.1,ID-all,0.11875843454790823,0.3749918580966278,0.05040668198562935,
BV-R,2,cb_lr,0.1,ID,0.12026315789473685,0.37561893986594547,,0.43
BV-R,2,cb_lr,0.2,ID-all,0.21187584345479082,0.5396815759543288,0.05040668198562935,
BV-R,2,cb_lr,0.2,ID,0.20956140350877192,0.5370903523043361,,0.355
BV-R,2,cb_gb,0.05,ID-all,0.05398110661268556,0.2587875783477218,0.05233978918189444,
BV-R,2,cb_gb,0.05,ID,0.05520917678812416,0.2523234317940261,,0.095
BV-R,2,cb_gb,0.1,ID-all,0.10526315789473684,0.3944088818299824,0.05233978918189444,
BV-R,2,cb_gb,0.1,ID,0.1041970310391363,0.38381033556092886,,0.18
BV-R,2,cb_gb,0.2,ID-all,0.21997300944669365,0.5626812743358067,0.05233978918189444,
BV-R,2,cb_gb,0.2,ID,0.22075573549257763,0.5658335979090561,,0.535
BV-R,2,tf_lr,0.05,ID-all,0.03508771929824561,0.3017898499450988,0.047014625961994384,
BV-R,2,tf_lr,0.05,ID,0.04159919028340081,0.31515072541448297,,0.005
BV-R,2,tf_lr,0.1,ID-all,0.09986504723346828,0.4807657105300384,0.047014625961994384,
BV-R,2,tf_lr,0.1,ID,0.096889338731444,0.47145962787547524,,0.08
BV-R,2,tf_lr,0.2,ID-all,0.18353576248313092,0.6518913847857799,0.047014625961994384,
BV-R,2,tf_lr,0.2,ID,0.18251686909581646,0.6462698308854516,,0.02
BV-R,2,tf_gb,0.05,ID-all,0.058029689608636977,0.2997900705313965,0.04234598971441077,
BV-R,2,tf_gb,0.05,ID,0.057294197031039135,0.2897038318632349,,0.125
BV-R,2,tf_gb,0.1,ID-all,0.11740890688259109,0.4163541132349924,0.04234598971441077,
BV-R,2,tf_gb,0.1,ID,0.11450742240215923,0.4141637350408898,,0.39
BV-R,2,tf_gb,0.2,ID-all,0.19163292847503374,0.5612745218540368,0.04234598971441077,
BV-R,2,tf_gb,0.2,ID,0.19332658569500671,0.5656458910329769,,0.065
BV-R,2,cb_ens,0.05,ID-all,0.06342780026990553,0.26553365392524847,0.051719735930262245,
BV-R,2,cb_ens,0.05,ID,0.0647638326585695,0.27089475510005134,,0.25
BV-R,2,cb_ens,0.1,ID-all,0.1106612685560054,0.4084865824675803,0.051719735930262245,
BV-R,2,cb_ens,0.1,ID,0.10784750337381915,0.4031149007799212,,0.16
BV-R,2,cb_ens,0.2,ID-all,0.22807017543859648,0.5963521414594101,0.051719735930262245,
BV-R,2,cb_ens,0.2,ID,0.2285222672064777,0.591880137323045,,0.585
BV-R,2,tf_ens,0.05,ID-all,0.044534412955465584,0.33552770528211995,0.03669256300835248,
BV-R,2,tf_ens,0.05,ID,0.0487246963562753,0.337549802370943,,0.135
BV-R,2,tf_ens,0.1,ID-all,0.09851551956815115,0.4857204487835035,0.03669256300835248,
BV-R,2,tf_ens,0.1,ID,0.10205802968960864,0.4885640850292562,,0.08
BV-R,2,tf_ens,0.2,ID-all,0.18893387314439947,0.6471376111725676,0.03669256300835248,
BV-R,2,tf_ens,0.2,ID,0.18556005398110664,0.6484766585790885,,0.005
BV-R,2,all_ens,0.05,ID-all,0.06477732793522267,0.34908684465059087,0.03300871721924353,
BV-R,2,all_ens,0.05,ID,0.06333333333333334,0.34692173504135226,,0.265
BV-R,2,all_ens,0.1,ID-all,0.09176788124156546,0.45337200149003826,0.03300871721924353,
BV-R,2,all_ens,0.1,ID,0.0924561403508772,0.4504715940747967,,0.0
BV-R,2,all_ens,0.2,ID-all,0.2145748987854251,0.6590815559696281,0.03300871721924353,
BV-R,2,all_ens,0.2,ID,0.20455465587044536,0.6437073038268621,,0.185
BV-R,2,fmt_gb,0.05,ID-all,0.05398110661268556,0.5356102498346303,0.04311193784877995,
BV-R,2,fmt_gb,0.05,ID,0.05572199730094467,0.5322034261564137,,0.275
BV-R,2,fmt_gb,0.1,ID-all,0.10931174089068826,0.6808482550825488,0.04311193784877995,
BV-R,2,fmt_gb,0.1,ID,0.1109041835357625,0.6859929677478495,,0.265
BV-R,2,fmt_gb,0.2,ID-all,0.20512820512820512,0.8437888019420041,0.04311193784877995,
BV-R,2,fmt_gb,0.2,ID,0.20888663967611337,0.8442327275977999,,0.25
DV-P,0,cb_lr,0.05,ID-all,0.05989430416911333,0.16602941011646577,0.12122874617999152,
DV-P,0,cb_lr,0.05,ID,0.06689371697005284,0.17920323973046293,,0.34
DV-P,0,cb_lr,0.05,Target-50,0.03470640046975925,0.09624222335718854,,0.085
DV-P,0,cb_lr,0.05,TargetPAC-50,0.013925425719318851,0.04194843991028127,,0.0
DV-P,0,cb_lr,0.05,Target-100,0.04323253082795068,0.11881080568194312,,0.065
DV-P,0,cb_lr,0.05,TargetPAC-100,0.01561655901350558,0.04808991508956167,,0.0
DV-P,0,cb_lr,0.05,Target-200,0.04418379330593071,0.12041813666747231,,0.02
DV-P,0,cb_lr,0.05,TargetPAC-200,0.02653258954785672,0.07922103069008249,,0.0
DV-P,0,cb_lr,0.1,ID-all,0.15678214914856137,0.34876981292955267,0.12122874617999152,
DV-P,0,cb_lr,0.1,ID,0.15777157956547272,0.3480029832592119,,1.0
DV-P,0,cb_lr,0.1,Target-50,0.08310628302994715,0.20948338717872642,,0.12
DV-P,0,cb_lr,0.1,TargetPAC-50,0.0353112155020552,0.09802124049177843,,0.01
DV-P,0,cb_lr,0.1,Target-100,0.08535819142689371,0.2157193362453799,,0.055
DV-P,0,cb_lr,0.1,TargetPAC-100,0.05321491485613623,0.14302508051624294,,0.005
DV-P,0,cb_lr,0.1,Target-200,0.08549911920140929,0.21771536676596934,,0.01
DV-P,0,cb_lr,0.1,TargetPAC-200,0.06626247798003523,0.17578418847685856,,0.0
DV-P,0,cb_lr,0.2,ID-all,0.29653552554315915,0.5324813368825944,0.12122874617999152,
DV-P,0,cb_lr,0.2,ID,0.29812683499706405,0.5341820106670494,,1.0
DV-P,0,cb_lr,0.2,Target-50,0.16711685261303583,0.35741209119165407,,0.14
DV-P,0,cb_lr,0.2,TargetPAC-50,0.09995889606576629,0.24307010534759807,,0.0
DV-P,0,cb_lr,0.2,Target-100,0.15752201996476806,0.34574518208009153,,0.03
DV-P,0,cb_lr,0.2,TargetPAC-100,0.12296241926012919,0.28938981212375187,,0.005
DV-P,0,cb_lr,0.2,Target-200,0.15993540810334703,0.3511978373304261,,0.015
DV-P,0,cb_lr,0.2,TargetPAC-200,0.13163241338813858,0.30801671370440487,,0.0
DV-P,0,cb_gb,0.05,ID-all,0.06987668819729888,0.21556707840216163,0.08250646847626844,
DV-P,0,cb_gb,0.05,ID,0.0686318261890781,0.20727915030989488,,0.52
DV-P,0,cb_gb,0.05,Target-50,0.03816206694069289,0.12291996414480597,,0.125
DV-P,0,cb_gb,0.05,TargetPAC-50,0.01651203758073987,0.06036142017471262,,0.015
DV-P,0,cb_gb,0.05,Target-100,0.0494128009395185,0.15533226056572638,,0.17
DV-P,0,cb_gb,0.05,TargetPAC-100,0.018056371109806225,0.06753332169282386,,0.0
DV-P,0,cb_gb,0.05,Target-200,0.04682912507339989,0.15002412942634627,,0.045
DV-P,0,cb_gb,0.05,TargetPAC-200,0.03050205519671169,0.10571169274085046,,0.0
DV-P,0,cb_gb,0.1,ID-all,0.1297709923664122,0.33804575006295623,0.08250646847626844,
DV-P,0,cb_gb,0.1,ID,0.12827657075748677,0.33204018527557283,,0.67
DV-P,0,cb_gb,0.1,Target-50,0.09429242513211979,0.25935057178232646,,0.25
DV-P,0,cb_gb,0.1,TargetPAC-50,0.03594832648267763,0.11686437742482296,,0.01
DV-P,0,cb_gb,0.1,Target-100,0.0972313564298297,0.26760001280652296,,0.185
DV-P,0,cb_gb,0.1,TargetPAC-100,0.05769230769230768,0.17613859109291818,,0.01
DV-P,0,cb_gb,0.1,Target-200,0.09826482677627714,0.27064218584368965,,0.09
DV-P,0,cb_gb,0.1,TargetPAC-200,0.07495596007046387,0.22014404953492497,,0.0
DV-P,0,cb_gb,0.2,ID-all,0.2196124486200822,0.4956333144807455,0.08250646847626844,
DV-P,0,cb_gb,0.2,ID,0.21955666470933646,0.49527642982992903,,0.415
DV-P,0,cb_gb,0.2,Target-50,0.16986788021139165,0.41086786359348737,,0.09
DV-P,0,cb_gb,0.2,TargetPAC-50,0.11195830886670581,0.2969187945596736,,0.005
DV-P,0,cb_gb,0.2,Target-100,0.17345860246623604,0.4207940834938557,,0.04
DV-P,0,cb_gb,0.2,TargetPAC-100,0.13662360540223134,0.3494042374498216,,0.0
DV-P,0,cb_gb,0.2,Target-200,0.17676746917204933,0.42779659640578577,,0.005
DV-P,0,cb_gb,0.2,TargetPAC-200,0.15104227833235467,0.3807612978532839,,0.0
DV-P,0,tf_lr,0.05,ID-all,0.08866705813270699,0.2495246067556221,0.2706859085083858,
DV-P,0,tf_lr,0.05,ID,0.08627128596594245,0.24361562714124943,,0.96
DV-P,0,tf_lr,0.05,Target-50,0.0383587786259542,0.1230830937482377,,0.105
DV-P,0,tf_lr,0.05,TargetPAC-50,0.01654726952436876,0.06030209372825249,,0.015
DV-P,0,tf_lr,0.05,Target-100,0.046981796829125066,0.14814342219030194,,0.125
DV-P,0,tf_lr,0.05,TargetPAC-100,0.018822665883734584,0.06897816200141904,,0.0
DV-P,0,tf_lr,0.05,Target-200,0.04615384615384615,0.1475852957347815,,0.015
DV-P,0,tf_lr,0.05,TargetPAC-200,0.028003523194362893,0.0972412385565055,,0.0
DV-P,0,tf_lr,0.1,ID-all,0.18438050499119202,0.4237631613431503,0.2706859085083858,
DV-P,0,tf_lr,0.1,ID,0.18330886670581326,0.42112175612558095,,0.995
DV-P,0,tf_lr,0.1,Target-50,0.09211391661773341,0.2528695602207404,,0.145
DV-P,0,tf_lr,0.1,TargetPAC-50,0.03693775689958896,0.11829549908591686,,0.01
DV-P,0,tf_lr,0.1,Target-100,0.09344979448032882,0.25754772870154374,,0.08
DV-P,0,tf_lr,0.1,TargetPAC-100,0.05360540223135643,0.165662767686553,,0.0
DV-P,0,tf_lr,0.1,Target-200,0.09425425719318849,0.2591865409625769,,0.0
DV-P,0,tf_lr,0.1,TargetPAC-200,0.07004110393423371,0.20621125364458373,,0.0
DV-P,0,tf_lr,0.2,ID-all,0.29418672930123313,0.5745433294619808,0.2706859085083858,
DV-P,0,tf_lr,0.2,ID,0.29469465648854964,0.5735924323783316,,1.0
DV-P,0,tf_lr,0.2,Target-50,0.1817204932472108,0.41677689567214515,,0.19
DV-P,0,tf_lr,0.2,TargetPAC-50,0.11047856723429242,0.29222871634754294,,0.0
DV-P,0,tf_lr,0.2,Target-100,0.1837551379917792,0.42119366895268034,,0.095
DV-P,0,tf_lr,0.2,TargetPAC-100,0.13135642982971227,0.33703370995472015,,0.01
DV-P,0,tf_lr,0.2,Target-200,0.18505871990604816,0.4235972762224597,,0.05
DV-P,0,tf_lr,0.2,TargetPAC-200,0.14995302407516148,0.3721797022890758,,0.0
DV-P,0,tf_gb,0.05,ID-all,0.041103934233705224,0.15112532983736143,0.11215359184379076,
DV-P,0,tf_gb,0.05,ID,0.04255431591309453,0.15727003855035934,,0.005
DV-P,0,tf_gb,0.05,Target-50,0.038182618907809746,0.13709004283061424,,0.11
DV-P,0,tf_gb,0.05,TargetPAC-50,0.020026423957721667,0.08205715700222102,,0.025
DV-P,0,tf_gb,0.05,Target-100,0.048314738696418086,0.17046084097460443,,0.135
DV-P,0,tf_gb,0.05,TargetPAC-100,0.02116265413975338,0.08651895868547539,,0.01
DV-P,0,tf_gb,0.05,Target-200,0.04779213153258955,0.17289846931050812,,0.035
DV-P,0,tf_gb,0.05,TargetPAC-200,0.03315325895478567,0.12269781753486582,,0.0
DV-P,0,tf_gb,0.1,ID-all,0.09982384028185555,0.2996705519217863,0.11215359184379076,
DV-P,0,tf_gb,0.1,ID,0.10062830299471522,0.29927336716001673,,0.01
DV-P,0,tf_gb,0.1,Target-50,0.09637404580152673,0.28200677249716494,,0.245
DV-P,0,tf_gb,0.1,TargetPAC-50,0.03792718731650029,0.1369999323869913,,0.005
DV-P,0,tf_gb,0.1,Target-100,0.09091015854374634,0.2735328607990464,,0.11
DV-P,0,tf_gb,0.1,TargetPAC-100,0.057774515560775105,0.1968459958717669,,0.005
DV-P,0,tf_gb,0.1,Target-200,0.09516147974163242,0.2848205959166561,,0.06
DV-P,0,tf_gb,0.1,TargetPAC-200,0.07104815032295948,0.23115256669802617,,0.005
DV-P,0,tf_gb,0.2,ID-all,0.26482677627715795,0.5604251759116642,0.11215359184379076,
DV-P,0,tf_gb,0.2,ID,0.26049618320610685,0.5553935466931975,,0.985
DV-P,0,tf_gb,0.2,Target-50,0.175554903112155,0.4247365139760684,,0.18
DV-P,0,tf_gb,0.2,TargetPAC-50,0.11036112742219611,0.3092139198831611,,0.005
DV-P,0,tf_gb,0.2,Target-100,0.18399001761597183,0.4395780543080444,,0.095
DV-P,0,tf_gb,0.2,TargetPAC-100,0.137110980622431,0.3615011122545817,,0.0
DV-P,0,tf_gb,0.2,Target-200,0.18396065766294775,0.440089539129231,,0.025
DV-P,0,tf_gb,0.2,TargetPAC-200,0.15434527304756313,0.39038470137276593,,0.0
DV-P,0,cb_ens,0.05,ID-all,0.08631826189078097,0.23170433395846082,0.11741266664094992,
DV-P,0,cb_ens,0.05,ID,0.08643276570757485,0.23384454967614154,,1.0
DV-P,0,cb_ens,0.05,Target-50,0.035481503229594834,0.11057447856180548,,0.13
DV-P,0,cb_ens,0.05,TargetPAC-50,0.014938344098649444,0.049759661647549684,,0.02
DV-P,0,cb_ens,0.05,Target-100,0.04713153258954786,0.14728599757634148,,0.15
DV-P,0,cb_ens,0.05,TargetPAC-100,0.015173223722842044,0.051730862447432635,,0.005
DV-P,0,cb_ens,0.05,Target-200,0.04514679976512038,0.14599670521761596,,0.05
DV-P,0,cb_ens,0.05,TargetPAC-200,0.025657662947739284,0.0866627967198007,,0.0
DV-P,0,cb_ens,0.1,ID-all,0.13329418672930124,0.3423203097424928,0.11741266664094992,
DV-P,0,cb_ens,0.1,ID,0.13271579565472696,0.34182339409523477,,0.82
DV-P,0,cb_ens,0.1,Target-50,0.09662360540223137,0.26155830741395986,,0.22
DV-P,0,cb_ens,0.1,TargetPAC-50,0.034421608925425715,0.10825898184857463,,0.0
DV-P,0,cb_ens,0.1,Target-100,0.09361421021726367,0.2549327416805578,,0.1
DV-P,0,cb_ens,0.1,TargetPAC-100,0.058940105695830886,0.17616700917657596,,0.0
DV-P,0,cb_ens,0.1,Target-200,0.09670581327069876,0.2623344445464554,,0.025
DV-P,0,cb_ens,0.1,TargetPAC-200,0.07443628890193775,0.21193912589234842,,0.0
DV-P,0,cb_ens,0.2,ID-all,0.275396359365825,0.5550119832219614,0.11741266664094992,
DV-P,0,cb_ens,0.2,ID,0.27567527891955373,0.5574061168144234,,1.0
DV-P,0,cb_ens,0.2,Target-50,0.15684674104521434,0.38632631221926933,,0.045
DV-P,0,cb_ens,0.2,TargetPAC-50,0.10811802701115678,0.28767717024709616,,0.0
DV-P,0,cb_ens,0.2,Target-100,0.16161186142102174,0.3970377338750821,,0.015
DV-P,0,cb_ens,0.2,TargetPAC-100,0.1297680563711098,0.3357863957739439,,0.0
DV-P,0,cb_ens,0.2,Target-200,0.15896652965355254,0.39386976127995404,,0.0
DV-P,0,cb_ens,0.2,TargetPAC-200,0.13920140927774516,0.3553938903748994,,0.0
DV-P,0,tf_ens,0.05,ID-all,0.07574867880211392,0.23357902914864026,0.1973817493960136,
DV-P,0,tf_ens,0.05,ID,0.07608631826189077,0.23501551920641262,,0.74
DV-P,0,tf_ens,0.05,Target-50,0.03723429242513212,0.13175383959644263,,0.09
DV-P,0,tf_ens,0.05,TargetPAC-50,0.019201409277745152,0.07529865389069883,,0.015
DV-P,0,tf_ens,0.05,Target-100,0.04946858485026423,0.16774453400530337,,0.125
DV-P,0,tf_ens,0.05,TargetPAC-100,0.017982971227246035,0.07301808240820439,,0.0
DV-P,0,tf_ens,0.05,Target-200,0.051115678214914854,0.17196329783643755,,0.05
DV-P,0,tf_ens,0.05,TargetPAC-200,0.02987668819729888,0.11796986583395981,,0.0
DV-P,0,tf_ens,0.1,ID-all,0.1426893716970053,0.38284369189682016,0.1973817493960136,
DV-P,0,tf_ens,0.1,ID,0.1423781561949501,0.3819639113389775,,0.975
DV-P,0,tf_ens,0.1,Target-50,0.09225778038755138,0.2732482449829777,,0.205
DV-P,0,tf_ens,0.1,TargetPAC-50,0.03709923664122137,0.13147293886579411,,0.005
DV-P,0,tf_ens,0.1,Target-100,0.09366118614210218,0.27960406880053285,,0.115
DV-P,0,tf_ens,0.1,TargetPAC-100,0.061265413975337635,0.19782799582887806,,0.01
DV-P,0,tf_ens,0.1,Target-200,0.09475924838520261,0.28559759654265526,,0.06
DV-P,0,tf_ens,0.1,TargetPAC-200,0.07541397533763945,0.2334614696213531,,0.0
DV-P,0,tf_ens,0.2,ID-all,0.28361714621256606,0.5946548963804726,0.1973817493960136,
DV-P,0,tf_ens,0.2,ID,0.28259835584263066,0.5939462084299598,,1.0
DV-P,0,tf_ens,0.2,Target-50,0.1802348796241926,0.44162206443317104,,0.22
DV-P,0,tf_ens,0.2,TargetPAC-50,0.11022313564298297,0.31402013005674123,,0.0
DV-P,0,tf_ens,0.2,Target-100,0.17581620669406928,0.43920277045504186,,0.09
DV-P,0,tf_ens,0.2,TargetPAC-100,0.1352348796241926,0.36713004873522126,,0.005
DV-P,0,tf_ens,0.2,Target-200,0.17556664709336467,0.4397635186303494,,0.015
DV-P,0,tf_ens,0.2,TargetPAC-200,0.14868761009982384,0.39218638742643364,,0.0
DV-P,0,all_ens,0.05,ID-all,0.08220786846741045,0.25434484737348456,0.16910904329414386,
DV-P,0,all_ens,0.05,ID,0.08229007633587786,0.253343569992758,,0.885
DV-P,0,all_ens,0.05,Target-50,0.040364063417498534,0.13064344960537416,,0.145
DV-P,0,all_ens,0.05,TargetPAC-50,0.01927774515560775,0.066701536067939,,0.045
DV-P,0,all_ens,0.05,Target-100,0.05030827950675279,0.1611092617786754,,0.165
DV-P,0,all_ens,0.05,TargetPAC-100,0.019424544920728128,0.06963558788915095,,0.005
DV-P,0,all_ens,0.05,Target-200,0.05235466823253082,0.16819279575554147,,0.14
DV-P,0,all_ens,0.05,TargetPAC-200,0.02778919553728714,0.0954535245952767,,0.005
DV-P,0,all_ens,0.1,ID-all,0.1280093951849677,0.36299158570030843,0.16910904329414386,
DV-P,0,all_ens,0.1,ID,0.13,0.36170081626878425,,0.775
DV-P,0,all_ens,0.1,Target-50,0.09573106283029947,0.2790048972141219,,0.23
DV-P,0,all_ens,0.1,TargetPAC-50,0.040123311802701116,0.13043845617085048,,0.015
DV-P,0,all_ens,0.1,Target-100,0.09849677040516734,0.2890372991520432,,0.165
DV-P,0,all_ens,0.1,TargetPAC-100,0.0650381679389313,0.20223045338493736,,0.0
DV-P,0,all_ens,0.1,Target-200,0.10254550792718732,0.29958181599728123,,0.065
DV-P,0,all_ens,0.1,TargetPAC-200,0.07760129183793307,0.2382077356424694,,0.005
DV-P,0,all_ens,0.2,ID-all,0.28126834997064004,0.5961602637730153,0.16910904329414386,
DV-P,0,all_ens,0.2,ID,0.2794509688784498,0.5926984563123686,,1.0
DV-P,0,all_ens,0.2,Target-50,0.16434233705226073,0.4239250767370084,,0.07
DV-P,0,all_ens,0.2,TargetPAC-50,0.11069876688197298,0.3157281538527494,,0.0
DV-P,0,all_ens,0.2,Target-100,0.1626247798003523,0.4236302115713588,,0.005
DV-P,0,all_ens,0.2,TargetPAC-100,0.13138578978273635,0.3647186063624271,,0.0
DV-P,0,all_ens,0.2,Target-200,0.15903112155020552,0.4186740599656195,,0.0
DV-P,0,all_ens,0.2,TargetPAC-200,0.13763652378156194,0.37906976412837645,,0.0
DV-P,0,fmt_gb,0.05,ID-all,0.03347034644744568,0.13111219530878848,0.07176829782279161,
DV-P,0,fmt_gb,0.05,ID,0.03455372871403406,0.13123101854358013,,0.0
DV-P,0,fmt_gb,0.05,Target-50,0.034556664709336465,0.11963443320080536,,0.09
DV-P,0,fmt_gb,0.05,TargetPAC-50,0.020364063417498534,0.07238956971437399,,0.02
DV-P,0,fmt_gb,0.05,Target-100,0.04192014092777452,0.14813343218224695,,0.1
DV-P,0,fmt_gb,0.05,TargetPAC-100,0.01913681738109219,0.06740565133160117,,0.02
DV-P,0,fmt_gb,0.05,Target-200,0.04139459776864357,0.15191961271807522,,0.055
DV-P,0,fmt_gb,0.05,TargetPAC-200,0.026603053435114505,0.09826198079650407,,0.0
DV-P,0,fmt_gb,0.1,ID-all,0.0745742806811509,0.23433171284491164,0.07176829782279161,
DV-P,0,fmt_gb,0.1,ID,0.07568115091015853,0.23565490308253662,,0.0
DV-P,0,fmt_gb,0.1,Target-50,0.09674985320023488,0.272903338438629,,0.31
DV-P,0,fmt_gb,0.1,TargetPAC-50,0.03694069289489137,0.1255046669925316,,0.015
DV-P,0,fmt_gb,0.1,Target-100,0.09775689958896067,0.27885652952539886,,0.22
DV-P,0,fmt_gb,0.1,TargetPAC-100,0.051106870229007624,0.1755380620766595,,0.01
DV-P,0,fmt_gb,0.1,Target-200,0.10256899588960657,0.2902237679640376,,0.175
DV-P,0,fmt_gb,0.1,TargetPAC-200,0.0700381679389313,0.22298357206069963,,0.01
DV-P,0,fmt_gb,0.2,ID-all,0.17028772753963595,0.40503176993291656,0.07176829782279161,
DV-P,0,fmt_gb,0.2,ID,0.16796241926012917,0.4027944126318438,,0.0
DV-P,0,fmt_gb,0.2,Target-50,0.19242806811509103,0.44040594331295585,,0.25
DV-P,0,fmt_gb,0.2,TargetPAC-50,0.10587199060481503,0.2920366187336103,,0.0
DV-P,0,fmt_gb,0.2,Target-100,0.1867586611861421,0.4312716722060223,,0.15
DV-P,0,fmt_gb,0.2,TargetPAC-100,0.14618907809747506,0.36873447921333785,,0.005
DV-P,0,fmt_gb,0.2,Target-200,0.19097181444509687,0.43485565490874434,,0.06
DV-P,0,fmt_gb,0.2,TargetPAC-200,0.16165883734586026,0.39391144121514843,,0.0
DV-P,0,ft_cb,0.05,ID-all,0.08514386376981797,0.24769977611421706,0.09887660676093284,
DV-P,0,ft_cb,0.05,ID,0.0854374633000587,0.24641603192587375,,1.0
DV-P,0,ft_cb,0.05,Target-50,0.036224310041103935,0.10572359834998397,,0.095
DV-P,0,ft_cb,0.05,TargetPAC-50,0.01909864944216089,0.056400208557542915,,0.02
DV-P,0,ft_cb,0.05,Target-100,0.0454697592483852,0.13316136400957343,,0.085
DV-P,0,ft_cb,0.05,TargetPAC-100,0.018349970640046974,0.05439697184165428,,0.0
DV-P,0,ft_cb,0.05,Target-200,0.04600117439812097,0.13521130189005395,,0.025
DV-P,0,ft_cb,0.05,TargetPAC-200,0.02750440399295361,0.0810662869373354,,0.0
DV-P,0,ft_cb,0.1,ID-all,0.1849677040516735,0.4142683836308585,0.09887660676093284,
DV-P,0,ft_cb,0.1,ID,0.18298297122724605,0.4131900401615276,,1.0
DV-P,0,ft_cb,0.1,Target-50,0.08901350557839108,0.24491346720523643,,0.18
DV-P,0,ft_cb,0.1,TargetPAC-50,0.03657075748678802,0.10690742893535604,,0.01
DV-P,0,ft_cb,0.1,Target-100,0.09075455079271873,0.25413887256787093,,0.115
DV-P,0,ft_cb,0.1,TargetPAC-100,0.05635055783910745,0.1633038664124648,,0.0
DV-P,0,ft_cb,0.1,Target-200,0.08814738696418085,0.25156499433474216,,0.055
DV-P,0,ft_cb,0.1,TargetPAC-200,0.0689459776864357,0.19888958811118776,,0.0
DV-P,0,ft_cb,0.2,ID-all,0.2883147386964181,0.5363891621797543,0.09887660676093284,
DV-P,0,ft_cb,0.2,ID,0.28346447445684086,0.5315293216685439,,1.0
DV-P,0,ft_cb,0.2,Target-50,0.17830593071051085,0.3999071120826795,,0.2
DV-P,0,ft_cb,0.2,TargetPAC-50,0.11256605989430418,0.2941496411784238,,0.01
DV-P,0,ft_cb,0.2,Target-100,0.18197592483852026,0.4088278119889665,,0.15
DV-P,0,ft_cb,0.2,TargetPAC-100,0.13411626541397534,0.33941447206696185,,0.01
DV-P,0,ft_cb,0.2,Target-200,0.18075748678802114,0.4094079796387789,,0.06
DV-P,0,ft_cb,0.2,TargetPAC-200,0.14658543746330008,0.3616804089441662,,0.0
DV-P,0,ft_tf_ens,0.05,ID-all,0.07633587786259542,0.24504304431814014,0.15130448200042004,
DV-P,0,ft_tf_ens,0.05,ID,0.08033470346447444,0.2545586814509011,,0.87
DV-P,0,ft_tf_ens,0.05,Target-50,0.03810628302994715,0.12951758804112942,,0.14
DV-P,0,ft_tf_ens,0.05,TargetPAC-50,0.019967704051673515,0.07329618105841229,,0.01
DV-P,0,ft_tf_ens,0.05,Target-100,0.05094245449207282,0.1684956728451005,,0.155
DV-P,0,ft_tf_ens,0.05,TargetPAC-100,0.021027598355842628,0.07877182823083276,,0.0
DV-P,0,ft_tf_ens,0.05,Target-200,0.052469172049324726,0.17418589086597233,,0.115
DV-P,0,ft_tf_ens,0.05,TargetPAC-200,0.03255725190839695,0.11294813349718469,,0.0
DV-P,0,ft_tf_ens,0.1,ID-all,0.1456253669994128,0.4047787927490869,0.15130448200042004,
DV-P,0,ft_tf_ens,0.1,ID,0.1499559600704639,0.4135095128151322,,1.0
DV-P,0,ft_tf_ens,0.1,Target-50,0.09330593071051087,0.2829204556475658,,0.22
DV-P,0,ft_tf_ens,0.1,TargetPAC-50,0.03838813857897828,0.13040665896734172,,0.01
DV-P,0,ft_tf_ens,0.1,Target-100,0.09283323546682326,0.28334793872808667,,0.135
DV-P,0,ft_tf_ens,0.1,TargetPAC-100,0.05810628302994715,0.19004699401643838,,0.0
DV-P,0,ft_tf_ens,0.1,Target-200,0.09475924838520258,0.28917964478063424,,0.08
DV-P,0,ft_tf_ens,0.1,TargetPAC-200,0.07341456253669994,0.23589224482131183,,0.005
DV-P,0,ft_tf_ens,0.2,ID-all,0.3153258954785672,0.6162500223447286,0.15130448200042004,
DV-P,0,ft_tf_ens,0.2,ID,0.30793893129770994,0.6112167887350147,,1.0
DV-P,0,ft_tf_ens,0.2,Target-50,0.1701115678214915,0.440080530492266,,0.14
DV-P,0,ft_tf_ens,0.2,TargetPAC-50,0.10852613035819143,0.3181998604282061,,0.0
DV-P,0,ft_tf_ens,0.2,Target-100,0.17022313564298297,0.44505002351736417,,0.095
DV-P,0,ft_tf_ens,0.2,TargetPAC-100,0.13293893129770992,0.3759439276729426,,0.005
DV-P,0,ft_tf_ens,0.2,Target-200,0.16932472108044627,0.4486349103801832,,0.0
DV-P,0,ft_tf_ens,0.2,TargetPAC-200,0.14364650616559016,0.40177500952691814,,0.0
DV-P,1,cb_lr,0.05,ID-all,0.07309486780715396,0.2351394788509467,0.08409351655916171,
DV-P,1,cb_lr,0.05,ID,0.07716951788491447,0.24312605601383283,,0.785
DV-P,1,cb_lr,0.05,Target-50,0.028545878693623638,0.10767070685712353,,0.04
DV-P,1,cb_lr,0.05,TargetPAC-50,0.013063763608087094,0.058978488462030396,,0.0
DV-P,1,cb_lr,0.05,Target-100,0.03758164852255055,0.13984245541277876,,0.03
DV-P,1,cb_lr,0.05,TargetPAC-100,0.014657853810264387,0.06491409811217781,,0.0
DV-P,1,cb_lr,0.05,Target-200,0.037737169517884916,0.14063050907418492,,0.0
DV-P,1,cb_lr,0.05,TargetPAC-200,0.024027993779160185,0.09881060881573173,,0.0
DV-P,1,cb_lr,0.1,ID-all,0.14930015552099535,0.35176393146388224,0.08409351655916171,
DV-P,1,cb_lr,0.1,ID,0.1428615863141524,0.34597200978191367,,0.8
DV-P,1,cb_lr,0.1,Target-50,0.07724727838258165,0.23611395309495234,,0.06
DV-P,1,cb_lr,0.1,TargetPAC-50,0.029494556765163295,0.11277221766800022,,0.0
DV-P,1,cb_lr,0.1,Target-100,0.07713063763608087,0.2421736910568571,,0.015
DV-P,1,cb_lr,0.1,TargetPAC-100,0.047006220839813366,0.16770687229335493,,0.0
DV-P,1,cb_lr,0.1,Target-200,0.07708398133748055,0.24261718831015133,,0.0
DV-P,1,cb_lr,0.1,TargetPAC-200,0.05680404354587869,0.19775195929637732,,0.0
DV-P,1,cb_lr,0.2,ID-all,0.24572317262830481,0.5098254512033975,0.08409351655916171,
DV-P,1,cb_lr,0.2,ID,0.2471384136858476,0.5034407489027801,,0.95
DV-P,1,cb_lr,0.2,Target-50,0.1724805598755832,0.3822655924395149,,0.12
DV-P,1,cb_lr,0.2,TargetPAC-50,0.09614307931570762,0.2716379745600619,,0.005
DV-P,1,cb_lr,0.2,Target-100,0.17958786936236393,0.3884778751104337,,0.055
DV-P,1,cb_lr,0.2,TargetPAC-100,0.12811041990668742,0.3258154134282436,,0.0
DV-P,1,cb_lr,0.2,Target-200,0.17804821150855366,0.3819324127422668,,0.0
DV-P,1,cb_lr,0.2,TargetPAC-200,0.1437791601866252,0.3461421656888477,,0.0
DV-P,1,cb_gb,0.05,ID-all,0.07620528771384137,0.23841155611485948,0.04853019911786452,
DV-P,1,cb_gb,0.05,ID,0.07321928460342146,0.2338352909766717,,0.615
DV-P,1,cb_gb,0.05,Target-50,0.02594090202177294,0.0986548156050898,,0.045
DV-P,1,cb_gb,0.05,TargetPAC-50,0.009074650077760498,0.045950545082085174,,0.0
DV-P,1,cb_gb,0.05,Target-100,0.0328149300155521,0.11762653827872949,,0.035
DV-P,1,cb_gb,0.05,TargetPAC-100,0.00921461897356143,0.05150451538321863,,0.0
DV-P,1,cb_gb,0.05,Target-200,0.031617418351477446,0.11194909710254691,,0.0
DV-P,1,cb_gb,0.05,TargetPAC-200,0.016687402799377922,0.0684337780794346,,0.0
DV-P,1,cb_gb,0.1,ID-all,0.1321928460342146,0.33919750475767074,0.04853019911786452,
DV-P,1,cb_gb,0.1,ID,0.1300388802488336,0.33937121189262487,,0.74
DV-P,1,cb_gb,0.1,Target-50,0.07776827371695179,0.233694919852614,,0.17
DV-P,1,cb_gb,0.1,TargetPAC-50,0.025256609642301715,0.09583665214223469,,0.005
DV-P,1,cb_gb,0.1,Target-100,0.08212286158631414,0.24925606018814114,,0.145
DV-P,1,cb_gb,0.1,TargetPAC-100,0.04077760497667185,0.13936860889815605,,0.0
DV-P,1,cb_gb,0.1,Target-200,0.08508553654743391,0.27183925749144977,,0.0
DV-P,1,cb_gb,0.1,TargetPAC-200,0.05603421461897356,0.1791472402096472,,0.0
DV-P,1,cb_gb,0.2,ID-all,0.23483670295489892,0.4929431825343941,0.04853019911786452,
DV-P,1,cb_gb,0.2,ID,0.23569984447900466,0.4970587615100372,,0.905
DV-P,1,cb_gb,0.2,Target-50,0.1813919129082426,0.4191663063341649,,0.335
DV-P,1,cb_gb,0.2,TargetPAC-50,0.1042846034214619,0.2912449260872063,,0.005
DV-P,1,cb_gb,0.2,Target-100,0.17646189735614307,0.4139257638884101,,0.18
DV-P,1,cb_gb,0.2,TargetPAC-100,0.13211508553654747,0.3441888726152614,,0.015
DV-P,1,cb_gb,0.2,Target-200,0.173149300155521,0.4150448644003298,,0.0
DV-P,1,cb_gb,0.2,TargetPAC-200,0.13921461897356147,0.3582276868469658,,0.0
DV-P,1,tf_lr,0.05,ID-all,0.07620528771384137,0.22910298769433027,0.2450704943528032,
DV-P,1,tf_lr,0.05,ID,0.073950233281493,0.22006346954678946,,0.54
DV-P,1,tf_lr,0.05,Target-50,0.04246500777604977,0.13128050685824297,,0.115
DV-P,1,tf_lr,0.05,TargetPAC-50,0.018934681181959564,0.0586967149559236,,0.015
DV-P,1,tf_lr,0.05,Target-100,0.049253499222395025,0.15981213000307368,,0.065
DV-P,1,tf_lr,0.05,TargetPAC-100,0.01880248833592535,0.058817515873947075,,0.0
DV-P,1,tf_lr,0.05,Target-200,0.0507153965785381,0.16701659734310983,,0.0
DV-P,1,tf_lr,0.05,TargetPAC-200,0.025171073094867803,0.08243929574629555,,0.0
DV-P,1,tf_lr,0.1,ID-all,0.18195956454121306,0.3962050251905397,0.2450704943528032,
DV-P,1,tf_lr,0.1,ID,0.18254276827371693,0.39185784842341626,,1.0
DV-P,1,tf_lr,0.1,Target-50,0.10222395023328151,0.26459951852404756,,0.31
DV-P,1,tf_lr,0.1,TargetPAC-50,0.03515552099533437,0.11029538672739207,,0.005
DV-P,1,tf_lr,0.1,Target-100,0.10238724727838258,0.2660745021592771,,0.235
DV-P,1,tf_lr,0.1,TargetPAC-100,0.06227060653188181,0.1924642243690265,,0.01
DV-P,1,tf_lr,0.1,Target-200,0.10459564541213066,0.2667337704114855,,0.005
DV-P,1,tf_lr,0.1,TargetPAC-200,0.07607309486780717,0.22855279597204065,,0.0
DV-P,1,tf_lr,0.2,ID-all,0.3405909797822706,0.5840252445962816,0.2450704943528032,
DV-P,1,tf_lr,0.2,ID,0.3371461897356143,0.5840046107192781,,1.0
DV-P,1,tf_lr,0.2,Target-50,0.1757931570762053,0.3804522278662308,,0.135
DV-P,1,tf_lr,0.2,TargetPAC-50,0.11702177293934682,0.28904059466801707,,0.005
DV-P,1,tf_lr,0.2,Target-100,0.17841368584758946,0.3859666163556591,,0.015
DV-P,1,tf_lr,0.2,TargetPAC-100,0.13813374805598755,0.3234440437277182,,0.0
DV-P,1,tf_lr,0.2,Target-200,0.17825816485225507,0.38881666151860983,,0.0
DV-P,1,tf_lr,0.2,TargetPAC-200,0.1517185069984448,0.3424395468003997,,0.0
DV-P,1,tf_gb,0.05,ID-all,0.07465007776049767,0.22824266309741795,0.08840731203630522,
DV-P,1,tf_gb,0.05,ID,0.07694401244167964,0.22872041356211859,,0.865
DV-P,1,tf_gb,0.05,Target-50,0.030917573872472785,0.10837764492008034,,0.075
DV-P,1,tf_gb,0.05,TargetPAC-50,0.014587869362363918,0.057381985926790724,,0.015
DV-P,1,tf_gb,0.05,Target-100,0.04046656298600311,0.1361324735403494,,0.085
DV-P,1,tf_gb,0.05,TargetPAC-100,0.013833592534992223,0.06002492036553725,,0.0
DV-P,1,tf_gb,0.05,Target-200,0.038786936236391914,0.1349124302125426,,0.0
DV-P,1,tf_gb,0.05,TargetPAC-200,0.02963452566096423,0.09728882333873763,,0.0
DV-P,1,tf_gb,0.1,ID-all,0.1368584758942457,0.352638475039025,0.08840731203630522,
DV-P,1,tf_gb,0.1,ID,0.13692068429237947,0.35103225283878325,,0.935
DV-P,1,tf_gb,0.1,Target-50,0.09013996889580093,0.2526787266694914,,0.255
DV-P,1,tf_gb,0.1,TargetPAC-50,0.030575427682737175,0.1080293521315756,,0.005
DV-P,1,tf_gb,0.1,Target-100,0.09493779160186624,0.26551019619074445,,0.215
DV-P,1,tf_gb,0.1,TargetPAC-100,0.04763608087091757,0.15541892212423603,,0.0
DV-P,1,tf_gb,0.1,Target-200,0.09725505443234837,0.27703538367290115,,0.015
DV-P,1,tf_gb,0.1,TargetPAC-200,0.06402021772939348,0.1948555247948587,,0.0
DV-P,1,tf_gb,0.2,ID-all,0.2410575427682737,0.5010387651323078,0.08840731203630522,
DV-P,1,tf_gb,0.2,ID,0.2473172628304821,0.5060879068365449,,0.975
DV-P,1,tf_gb,0.2,Target-50,0.1764230171073095,0.41122804235258514,,0.16
DV-P,1,tf_gb,0.2,TargetPAC-50,0.11310264385692069,0.30152969337595636,,0.01
DV-P,1,tf_gb,0.2,Target-100,0.17328149300155524,0.4110881575790132,,0.055
DV-P,1,tf_gb,0.2,TargetPAC-100,0.14257387247278383,0.36315393698489573,,0.0
DV-P,1,tf_gb,0.2,Target-200,0.17049766718507,0.4109367046732691,,0.0
DV-P,1,tf_gb,0.2,TargetPAC-200,0.1502021772939347,0.383512559631843,,0.0
DV-P,1,cb_ens,0.05,ID-all,0.07776049766718507,0.24858044913230098,0.06841649032455448,
DV-P,1,cb_ens,0.05,ID,0.08212286158631416,0.2539762800913845,,0.81
DV-P,1,cb_ens,0.05,Target-50,0.03395800933125972,0.11832869112061399,,0.025
DV-P,1,cb_ens,0.05,TargetPAC-50,0.017488335925349922,0.0676628527820004,,0.005
DV-P,1,cb_ens,0.05,Target-100,0.03776049766718506,0.12896891771572483,,0.005
DV-P,1,cb_ens,0.05,TargetPAC-100,0.018926905132192848,0.07511815802499788,,0.0
DV-P,1,cb_ens,0.05,Target-200,0.036041990668740274,0.12254947508907582,,0.0
DV-P,1,cb_ens,0.05,TargetPAC-200,0.03336702954898912,0.10103690182737282,,0.0
DV-P,1,cb_ens,0.1,ID-all,0.1321928460342146,0.3748803503696994,0.06841649032455448,
DV-P,1,cb_ens,0.1,ID,0.13311819595645413,0.3683060957947344,,0.825
DV-P,1,cb_ens,0.1,Target-50,0.07744167962674961,0.24056549226581328,,0.145
DV-P,1,cb_ens,0.1,TargetPAC-50,0.03294712286158631,0.11492260962400914,,0.0
DV-P,1,cb_ens,0.1,Target-100,0.07490668740279938,0.24090464118152027,,0.065
DV-P,1,cb_ens,0.1,TargetPAC-100,0.042846034214618973,0.15119830144478186,,0.0
DV-P,1,cb_ens,0.1,Target-200,0.07484447900466563,0.24132014233796936,,0.0
DV-P,1,cb_ens,0.1,TargetPAC-200,0.04982892690513219,0.18449562794466645,,0.0
DV-P,1,cb_ens,0.2,ID-all,0.24572317262830481,0.5315454441846323,0.06841649032455448,
DV-P,1,cb_ens,0.2,ID,0.24482892690513217,0.5330637354623472,,1.0
DV-P,1,cb_ens,0.2,Target-50,0.17479004665629858,0.43057083784047834,,0.135
DV-P,1,cb_ens,0.2,TargetPAC-50,0.10296267496111974,0.2964207125566917,,0.0
DV-P,1,cb_ens,0.2,Target-100,0.1740202177293935,0.4314714481649321,,0.015
DV-P,1,cb_ens,0.2,TargetPAC-100,0.1327293934681182,0.36306050912824533,,0.0
DV-P,1,cb_ens,0.2,Target-200,0.1769906687402799,0.43454586053969096,,0.0
DV-P,1,cb_ens,0.2,TargetPAC-200,0.1478849144634526,0.3963913356921738,,0.0
DV-P,1,tf_ens,0.05,ID-all,0.10108864696734059,0.28708388124244055,0.15432526833745505,
DV-P,1,tf_ens,0.05,ID,0.09718506998444791,0.27864893996068396,,0.92
DV-P,1,tf_ens,0.05,Target-50,0.0356687402799378,0.126935224273278,,0.085
DV-P,1,tf_ens,0.05,TargetPAC-50,0.016049766718507,0.059901140495160515,,0.015
DV-P,1,tf_ens,0.05,Target-100,0.05153188180404355,0.17856485702779465,,0.09
DV-P,1,tf_ens,0.05,TargetPAC-100,0.014409020217729393,0.06131676158037514,,0.0
DV-P,1,tf_ens,0.05,Target-200,0.05146189735614309,0.1893589889203245,,0.0
DV-P,1,tf_ens,0.05,TargetPAC-200,0.021702954898911355,0.09453016736807761,,0.0
DV-P,1,tf_ens,0.1,ID-all,0.18040435458786935,0.40775612515433296,0.15432526833745505,
DV-P,1,tf_ens,0.1,ID,0.17481337480559872,0.4015293735268552,,1.0
DV-P,1,tf_ens,0.1,Target-50,0.09590202177293936,0.2690494893266259,,0.155
DV-P,1,tf_ens,0.1,TargetPAC-50,0.038600311041990666,0.13508456974335378,,0.005
DV-P,1,tf_ens,0.1,Target-100,0.09524105754276828,0.27030509370618033,,0.06
DV-P,1,tf_ens,0.1,TargetPAC-100,0.06026438569206844,0.19902233887542053,,0.005
DV-P,1,tf_ens,0.1,Target-200,0.09752721617418353,0.2733190060126659,,0.0
DV-P,1,tf_ens,0.1,TargetPAC-200,0.07622861586314153,0.23291301276482484,,0.0
DV-P,1,tf_ens,0.2,ID-all,0.2892690513219285,0.5579616750033086,0.15432526833745505,
DV-P,1,tf_ens,0.2,ID,0.28381026438569207,0.5489689375983069,,1.0
DV-P,1,tf_ens,0.2,Target-50,0.18748833592534994,0.41743070183329567,,0.15
DV-P,1,tf_ens,0.2,TargetPAC-50,0.11122861586314153,0.29877867421922966,,0.0
DV-P,1,tf_ens,0.2,Target-100,0.18325816485225505,0.4126665125701814,,0.025
DV-P,1,tf_ens,0.2,TargetPAC-100,0.14085536547433905,0.35319335978827043,,0.0
DV-P,1,tf_ens,0.2,Target-200,0.18117418351477446,0.4093882211542981,,0.0
DV-P,1,tf_ens,0.2,TargetPAC-200,0.1630404354587869,0.38528150518842563,,0.0
DV-P,1,all_ens,0.05,ID-all,0.09175738724727839,0.29510907225671656,0.11057287815822349,
DV-P,1,all_ens,0.05,ID,0.09047433903576983,0.2915369196749512,,1.0
DV-P,1,all_ens,0.05,Target-50,0.02755832037325039,0.11049487822035083,,0.05
DV-P,1,all_ens,0.05,TargetPAC-50,0.014618973561430795,0.061816883848305124,,0.005
DV-P,1,all_ens,0.05,Target-100,0.03220062208398134,0.1296903774833043,,0.04
DV-P,1,all_ens,0.05,TargetPAC-100,0.014720062208398133,0.0637228829206846,,0.0
DV-P,1,all_ens,0.05,Target-200,0.030497667185069983,0.12782522234798285,,0.0
DV-P,1,all_ens,0.05,TargetPAC-200,0.018654743390357695,0.08493164800067969,,0.0
DV-P,1,all_ens,0.1,ID-all,0.14307931570762053,0.4096040418447171,0.11057287815822349,
DV-P,1,all_ens,0.1,ID,0.14888024883359255,0.41418218786305283,,0.995
DV-P,1,all_ens,0.1,Target-50,0.08258942457231726,0.26210011778580533,,0.175
DV-P,1,all_ens,0.1,TargetPAC-50,0.026656298600311042,0.10672625529643083,,0.0
DV-P,1,all_ens,0.1,Target-100,0.08904354587869363,0.2816230239936733,,0.11
DV-P,1,all_ens,0.1,TargetPAC-100,0.04442457231726283,0.1651772195327179,,0.0
DV-P,1,all_ens,0.1,Target-200,0.08914463452566096,0.2889124784692588,,0.0
DV-P,1,all_ens,0.1,TargetPAC-200,0.06377138413685848,0.2136181453232022,,0.0
DV-P,1,all_ens,0.2,ID-all,0.28771384136858474,0.5749427732124105,0.11057287815822349,
DV-P,1,all_ens,0.2,ID,0.2795723172628305,0.5667698465618162,,0.995
DV-P,1,all_ens,0.2,Target-50,0.18143079315707625,0.45179495391216645,,0.15
DV-P,1,all_ens,0.2,TargetPAC-50,0.1072239502332815,0.32232480148599507,,0.0
DV-P,1,all_ens,0.2,Target-100,0.1836936236391913,0.4585426601389614,,0.065
DV-P,1,all_ens,0.2,TargetPAC-100,0.1371073094867807,0.39013839347243007,,0.0
DV-P,1,all_ens,0.2,Target-200,0.18927682737169518,0.4636325676522903,,0.0
DV-P,1,all_ens,0.2,TargetPAC-200,0.1433203732503888,0.40901209953447226,,0.0
DV-P,1,fmt_gb,0.05,ID-all,0.07620528771384137,0.22212156137893335,0.05955689263952273,
DV-P,1,fmt_gb,0.05,ID,0.07772161741835149,0.22143997835223636,,0.785
DV-P,1,fmt_gb,0.05,Target-50,0.03660964230171073,0.10454888519955763,,0.055
DV-P,1,fmt_gb,0.05,TargetPAC-50,0.01728615863141524,0.052261686953682586,,0.015
DV-P,1,fmt_gb,0.05,Target-100,0.04769051321928461,0.13962834574040348,,0.095
DV-P,1,fmt_gb,0.05,TargetPAC-100,0.018615863141524108,0.05491327815060151,,0.0
DV-P,1,fmt_gb,0.05,Target-200,0.04452566096423016,0.1330216153263109,,0.0
DV-P,1,fmt_gb,0.05,TargetPAC-200,0.03405909797822706,0.09080409970342025,,0.0
DV-P,1,fmt_gb,0.1,ID-all,0.14618973561430793,0.31513615069307316,0.05955689263952273,
DV-P,1,fmt_gb,0.1,ID,0.14771384136858473,0.3161925901576843,,0.99
DV-P,1,fmt_gb,0.1,Target-50,0.08678071539657854,0.23121813187459644,,0.11
DV-P,1,fmt_gb,0.1,TargetPAC-50,0.03621306376360809,0.10391061684842116,,0.0
DV-P,1,fmt_gb,0.1,Target-100,0.08791601866251945,0.23652760303183357,,0.085
DV-P,1,fmt_gb,0.1,TargetPAC-100,0.052807153965785385,0.15533178807580175,,0.005
DV-P,1,fmt_gb,0.1,Target-200,0.09020217729393468,0.24910994796058805,,0.0
DV-P,1,fmt_gb,0.1,TargetPAC-200,0.06634525660964231,0.19390765364631554,,0.0
DV-P,1,fmt_gb,0.2,ID-all,0.22706065318818042,0.4816601332344357,0.05955689263952273,
DV-P,1,fmt_gb,0.2,ID,0.22957231726283048,0.4852642210285,,0.815
DV-P,1,fmt_gb,0.2,Target-50,0.19063763608087092,0.4104577119583226,,0.3
DV-P,1,fmt_gb,0.2,TargetPAC-50,0.11374805598755833,0.27641615774300193,,0.005
DV-P,1,fmt_gb,0.2,Target-100,0.1913452566096423,0.4118343164744236,,0.18
DV-P,1,fmt_gb,0.2,TargetPAC-100,0.14325038880248833,0.3228070699149124,,0.0
DV-P,1,fmt_gb,0.2,Target-200,0.18847589424572317,0.4083969396195403,,0.015
DV-P,1,fmt_gb,0.2,TargetPAC-200,0.16073872472783826,0.35220394934818744,,0.0
DV-P,2,cb_lr,0.05,ID-all,0.08148148148148149,0.2297722234530686,0.12646646646646648,
DV-P,2,cb_lr,0.05,ID,0.08167407407407408,0.2268415402163858,,0.75
DV-P,2,cb_lr,0.05,Target-50,0.050392592592592586,0.14705202806387913,,0.275
DV-P,2,cb_lr,0.05,TargetPAC-50,0.02200740740740741,0.07060663365902979,,0.045
DV-P,2,cb_lr,0.05,Target-100,0.06462962962962963,0.1874475888500222,,0.425
DV-P,2,cb_lr,0.05,TargetPAC-100,0.02574074074074074,0.0829269133691405,,0.005
DV-P,2,cb_lr,0.05,Target-200,0.06851851851851853,0.20159079637074065,,0.125
DV-P,2,cb_lr,0.05,TargetPAC-200,0.035859259259259264,0.11497306132581492,,0.0
DV-P,2,cb_lr,0.1,ID-all,0.17185185185185184,0.3674039316003376,0.12646646646646648,
DV-P,2,cb_lr,0.1,ID,0.17325185185185185,0.36525781057269946,,0.99
DV-P,2,cb_lr,0.1,Target-50,0.10659259259259259,0.26802559005099974,,0.345
DV-P,2,cb_lr,0.1,TargetPAC-50,0.050725925925925924,0.14833856027778494,,0.02
DV-P,2,cb_lr,0.1,Target-100,0.10392592592592592,0.2679392652416044,,0.28
DV-P,2,cb_lr,0.1,TargetPAC-100,0.0728,0.20693187925709924,,0.01
DV-P,2,cb_lr,0.1,Target-200,0.09771851851851852,0.2627560685337185,,0.0
DV-P,2,cb_lr,0.1,TargetPAC-200,0.08237037037037037,0.23535038080156873,,0.0
DV-P,2,cb_lr,0.2,ID-all,0.29333333333333333,0.527464968451183,0.12646646646646648,
DV-P,2,cb_lr,0.2,ID,0.3007777777777778,0.5335172863216804,,1.0
DV-P,2,cb_lr,0.2,Target-50,0.2020666666666667,0.4048151790756486,,0.34
DV-P,2,cb_lr,0.2,TargetPAC-50,0.12595555555555557,0.2962476115198085,,0.035
DV-P,2,cb_lr,0.2,Target-100,0.20202222222222221,0.40581849305264855,,0.225
DV-P,2,cb_lr,0.2,TargetPAC-100,0.1521777777777778,0.3336939406475682,,0.02
DV-P,2,cb_lr,0.2,Target-200,0.2074074074074074,0.4127852464650578,,0.0
DV-P,2,cb_lr,0.2,TargetPAC-200,0.1748148148148148,0.3705132037944254,,0.0
DV-P,2,cb_gb,0.05,ID-all,0.0725925925925926,0.18228534653577658,0.11615615615615615,
DV-P,2,cb_gb,0.05,ID,0.0634962962962963,0.16895096719150485,,0.485
DV-P,2,cb_gb,0.05,Target-50,0.04427407407407408,0.1321550478411644,,0.28
DV-P,2,cb_gb,0.05,TargetPAC-50,0.02040740740740741,0.07909422888984839,,0.07
DV-P,2,cb_gb,0.05,Target-100,0.060118518518518516,0.16187569017372827,,0.42
DV-P,2,cb_gb,0.05,TargetPAC-100,0.018007407407407406,0.08066752679072352,,0.015
DV-P,2,cb_gb,0.05,Target-200,0.06857037037037038,0.18144096081358627,,0.095
DV-P,2,cb_gb,0.05,TargetPAC-200,0.019525925925925926,0.08754488010845765,,0.0
DV-P,2,cb_gb,0.1,ID-all,0.15555555555555556,0.34025079912986295,0.11615615615615615,
DV-P,2,cb_gb,0.1,ID,0.14936296296296295,0.32895798194437686,,0.74
DV-P,2,cb_gb,0.1,Target-50,0.09879999999999999,0.23720848656246696,,0.195
DV-P,2,cb_gb,0.1,TargetPAC-50,0.04184444444444445,0.12695618768075773,,0.0
DV-P,2,cb_gb,0.1,Target-100,0.09785925925925927,0.2368047813428377,,0.09
DV-P,2,cb_gb,0.1,TargetPAC-100,0.07104444444444445,0.18354900836078641,,0.0
DV-P,2,cb_gb,0.1,Target-200,0.09684444444444446,0.22964032457437142,,0.0
DV-P,2,cb_gb,0.1,TargetPAC-200,0.08444444444444446,0.21334402910663328,,0.0
DV-P,2,cb_gb,0.2,ID-all,0.2948148148148148,0.5690190506842157,0.11615615615615615,
DV-P,2,cb_gb,0.2,ID,0.2902148148148148,0.5588462587952009,,1.0
DV-P,2,cb_gb,0.2,Target-50,0.19228148148148147,0.39612636845012417,,0.34
DV-P,2,cb_gb,0.2,TargetPAC-50,0.11466666666666667,0.26516425874174027,,0.03
DV-P,2,cb_gb,0.2,Target-100,0.19526666666666667,0.40224713326449346,,0.345
DV-P,2,cb_gb,0.2,TargetPAC-100,0.13599259259259258,0.30168408726886126,,0.02
DV-P,2,cb_gb,0.2,Target-200,0.18207407407407408,0.3878258657019853,,0.0
DV-P,2,cb_gb,0.2,TargetPAC-200,0.1519703703703704,0.3220424325489887,,0.0
DV-P,2,tf_lr,0.05,ID-all,0.05185185185185185,0.16664123601941666,0.27991991991991994,
DV-P,2,tf_lr,0.05,ID,0.053251851851851856,0.16667247284080197,,0.21
DV-P,2,tf_lr,0.05,Target-50,0.02474074074074074,0.07990715475490347,,0.01
DV-P,2,tf_lr,0.05,TargetPAC-50,0.011711111111111111,0.037869957431750347,,0.0
DV-P,2,tf_lr,0.05,Target-100,0.03308148148148148,0.11041192378597987,,0.0
DV-P,2,tf_lr,0.05,TargetPAC-100,0.010296296296296296,0.0328403599343758,,0.0
DV-P,2,tf_lr,0.05,Target-200,0.029814814814814808,0.10967085397923765,,0.0
DV-P,2,tf_lr,0.05,TargetPAC-200,0.020874074074074073,0.06629739925486368,,0.0
DV-P,2,tf_lr,0.1,ID-all,0.1437037037037037,0.3520480488254998,0.27991991991991994,
DV-P,2,tf_lr,0.1,ID,0.1416962962962963,0.34431117192724303,,0.71
DV-P,2,tf_lr,0.1,Target-50,0.07298518518518518,0.20886701500983293,,0.05
DV-P,2,tf_lr,0.1,TargetPAC-50,0.027274074074074072,0.08640424708805906,,0.0
DV-P,2,tf_lr,0.1,Target-100,0.07922222222222222,0.2233107787493131,,0.005
DV-P,2,tf_lr,0.1,TargetPAC-100,0.04101481481481481,0.13522302920540072,,0.0
DV-P,2,tf_lr,0.1,Target-200,0.0708222222222222,0.21096471510216863,,0.0
DV-P,2,tf_lr,0.1,TargetPAC-200,0.05286666666666667,0.16973092309899612,,0.0
DV-P,2,tf_lr,0.2,ID-all,0.34074074074074073,0.5874158003348693,0.27991991991991994,
DV-P,2,tf_lr,0.2,ID,0.33522962962962966,0.5829375171913808,,1.0
DV-P,2,tf_lr,0.2,Target-50,0.15215555555555554,0.36092352926372356,,0.04
DV-P,2,tf_lr,0.2,TargetPAC-50,0.08791851851851852,0.23966824112213525,,0.0
DV-P,2,tf_lr,0.2,Target-100,0.1516962962962963,0.3667843218909344,,0.0
DV-P,2,tf_lr,0.2,TargetPAC-100,0.11881481481481479,0.3019418999213493,,0.0
DV-P,2,tf_lr,0.2,Target-200,0.15559259259259253,0.3786088734932369,,0.0
DV-P,2,tf_lr,0.2,TargetPAC-200,0.12651851851851853,0.3193340396243744,,0.0
DV-P,2,tf_gb,0.05,ID-all,0.05037037037037037,0.17001676019480444,0.162022022022022,
DV-P,2,tf_gb,0.05,ID,0.05174074074074074,0.1798341269781959,,0.15
DV-P,2,tf_gb,0.05,Target-50,0.03562222222222222,0.13464278915315459,,0.11
DV-P,2,tf_gb,0.05,TargetPAC-50,0.01739259259259259,0.07569527746065347,,0.04
DV-P,2,tf_gb,0.05,Target-100,0.044688888888888896,0.16431265262435218,,0.125
DV-P,2,tf_gb,0.05,TargetPAC-100,0.015814814814814816,0.07483181130229818,,0.005
DV-P,2,tf_gb,0.05,Target-200,0.042962962962962974,0.15598281186275004,,0.0
DV-P,2,tf_gb,0.05,TargetPAC-200,0.0325925925925926,0.12925230455376469,,0.0
DV-P,2,tf_gb,0.1,ID-all,0.1259259259259259,0.3358739123841456,0.162022022022022,
DV-P,2,tf_gb,0.1,ID,0.12837037037037036,0.3429813587490702,,0.64
DV-P,2,tf_gb,0.1,Target-50,0.0859037037037037,0.2573127327240938,,0.105
DV-P,2,tf_gb,0.1,TargetPAC-50,0.035192592592592595,0.13404569881615241,,0.0
DV-P,2,tf_gb,0.1,Target-100,0.08656296296296295,0.2621940846996118,,0.03
DV-P,2,tf_gb,0.1,TargetPAC-100,0.05481481481481481,0.19021421587075513,,0.0
DV-P,2,tf_gb,0.1,Target-200,0.0874074074074074,0.2629036020798881,,0.0
DV-P,2,tf_gb,0.1,TargetPAC-200,0.07319259259259259,0.23215183504462344,,0.0
DV-P,2,tf_gb,0.2,ID-all,0.26222222222222225,0.5451266731581973,0.162022022022022,
DV-P,2,tf_gb,0.2,ID,0.2664962962962963,0.5483383809285384,,1.0
DV-P,2,tf_gb,0.2,Target-50,0.1876074074074074,0.4279794653246772,,0.41
DV-P,2,tf_gb,0.2,TargetPAC-50,0.1024074074074074,0.2891360036819933,,0.02
DV-P,2,tf_gb,0.2,Target-100,0.19771851851851852,0.44355332535033837,,0.355
DV-P,2,tf_gb,0.2,TargetPAC-100,0.13222962962962964,0.3442143327484025,,0.01
DV-P,2,tf_gb,0.2,Target-200,0.20729629629629628,0.45482294473804286,,0.0
DV-P,2,tf_gb,0.2,TargetPAC-200,0.13413333333333333,0.3580421696663106,,0.0
DV-P,2,cb_ens,0.05,ID-all,0.05333333333333334,0.18400245326329992,0.13479479479479478,
DV-P,2,cb_ens,0.05,ID,0.06567407407407407,0.20094873210996556,,0.285
DV-P,2,cb_ens,0.05,Target-50,0.04911111111111111,0.15503853362903144,,0.18
DV-P,2,cb_ens,0.05,TargetPAC-50,0.025666666666666667,0.09176019136759528,,0.025
DV-P,2,cb_ens,0.05,Target-100,0.05455555555555556,0.1770875781526002,,0.085
DV-P,2,cb_ens,0.05,TargetPAC-100,0.028281481481481484,0.10282034365611761,,0.0
DV-P,2,cb_ens,0.05,Target-200,0.054814814814814816,0.18483994371959409,,0.0
DV-P,2,cb_ens,0.05,TargetPAC-200,0.044503703703703705,0.14835256742505154,,0.0
DV-P,2,cb_ens,0.1,ID-all,0.1674074074074074,0.3816778524103552,0.13479479479479478,
DV-P,2,cb_ens,0.1,ID,0.16560000000000002,0.37722134932745965,,0.99
DV-P,2,cb_ens,0.1,Target-50,0.10406666666666667,0.268029869149758,,0.225
DV-P,2,cb_ens,0.1,TargetPAC-50,0.0487037037037037,0.15610504772005823,,0.015
DV-P,2,cb_ens,0.1,Target-100,0.10632592592592592,0.27178516909829875,,0.145
DV-P,2,cb_ens,0.1,TargetPAC-100,0.06668888888888888,0.2017089919034469,,0.005
DV-P,2,cb_ens,0.1,Target-200,0.10255555555555557,0.2652622497535819,,0.0
DV-P,2,cb_ens,0.1,TargetPAC-200,0.0949925925925926,0.2469065962698975,,0.0
DV-P,2,cb_ens,0.2,ID-all,0.29185185185185186,0.5688578518952343,0.13479479479479478,
DV-P,2,cb_ens,0.2,ID,0.29043703703703705,0.5656081580363472,,1.0
DV-P,2,cb_ens,0.2,Target-50,0.18982962962962965,0.4181294479173138,,0.215
DV-P,2,cb_ens,0.2,TargetPAC-50,0.11945925925925927,0.29555202694154864,,0.005
DV-P,2,cb_ens,0.2,Target-100,0.19046666666666665,0.42363514926806245,,0.125
DV-P,2,cb_ens,0.2,TargetPAC-100,0.14717037037037037,0.34505828275397044,,0.0
DV-P,2,cb_ens,0.2,Target-200,0.18674074074074076,0.42478724223031067,,0.0
DV-P,2,cb_ens,0.2,TargetPAC-200,0.16872592592592597,0.38304217608658647,,0.0
DV-P,2,tf_ens,0.05,ID-all,0.07407407407407407,0.23213412533651778,0.22652652652652652,
DV-P,2,tf_ens,0.05,ID,0.06942962962962962,0.2155581746142532,,0.49
DV-P,2,tf_ens,0.05,Target-50,0.02962222222222222,0.11504847270339447,,0.05
DV-P,2,tf_ens,0.05,TargetPAC-50,0.010948148148148146,0.04699063232733554,,0.01
DV-P,2,tf_ens,0.05,Target-100,0.03833333333333333,0.14688326241607752,,0.02
DV-P,2,tf_ens,0.05,TargetPAC-100,0.012525925925925926,0.05906230722280683,,0.0
DV-P,2,tf_ens,0.05,Target-200,0.038962962962962956,0.14782993378118403,,0.0
DV-P,2,tf_ens,0.05,TargetPAC-200,0.022585185185185184,0.11140995717673796,,0.0
DV-P,2,tf_ens,0.1,ID-all,0.1451851851851852,0.37493906378118863,0.22652652652652652,
DV-P,2,tf_ens,0.1,ID,0.14065925925925926,0.3660939971891618,,0.79
DV-P,2,tf_ens,0.1,Target-50,0.08896296296296295,0.2597083701762888,,0.13
DV-P,2,tf_ens,0.1,TargetPAC-50,0.030866666666666664,0.11970590829556532,,0.0
DV-P,2,tf_ens,0.1,Target-100,0.08554074074074074,0.2533460927556423,,0.025
DV-P,2,tf_ens,0.1,TargetPAC-100,0.04829629629629629,0.1676055988685482,,0.0
DV-P,2,tf_ens,0.1,Target-200,0.09219259259259259,0.2621996796480972,,0.0
DV-P,2,tf_ens,0.1,TargetPAC-200,0.06272592592592591,0.2011857935254651,,0.0
DV-P,2,tf_ens,0.2,ID-all,0.3214814814814815,0.5974276036301012,0.22652652652652652,
DV-P,2,tf_ens,0.2,ID,0.316525925925926,0.5982777826921702,,1.0
DV-P,2,tf_ens,0.2,Target-50,0.17350370370370372,0.41252363391714186,,0.14
DV-P,2,tf_ens,0.2,TargetPAC-50,0.10455555555555555,0.29204887677203667,,0.0
DV-P,2,tf_ens,0.2,Target-100,0.17002962962962964,0.40884048740791384,,0.025
DV-P,2,tf_ens,0.2,TargetPAC-100,0.1302074074074074,0.34562155282209944,,0.0
DV-P,2,tf_ens,0.2,Target-200,0.16663703703703703,0.41063972972364043,,0.0
DV-P,2,tf_ens,0.2,TargetPAC-200,0.1495111111111111,0.3806212647592301,,0.0
DV-P,2,all_ens,0.05,ID-all,0.0637037037037037,0.20184726687412752,0.17347347347347347,
DV-P,2,all_ens,0.05,ID,0.07356296296296296,0.2222563663712647,,0.42
DV-P,2,all_ens,0.05,Target-50,0.04884444444444444,0.1575504520676043,,0.37
DV-P,2,all_ens,0.05,TargetPAC-50,0.016214814814814814,0.06486191989829192,,0.065
DV-P,2,all_ens,0.05,Target-100,0.06873333333333334,0.2083073630085061,,0.655
DV-P,2,all_ens,0.05,TargetPAC-100,0.01888888888888889,0.08116477949452972,,0.055
DV-P,2,all_ens,0.05,Target-200,0.07555555555555557,0.22206408980627537,,1.0
DV-P,2,all_ens,0.05,TargetPAC-200,0.03688148148148149,0.14441609362269048,,0.0
DV-P,2,all_ens,0.1,ID-all,0.1674074074074074,0.42660745881877576,0.17347347347347347,
DV-P,2,all_ens,0.1,ID,0.16930370370370368,0.41933525834560315,,1.0
DV-P,2,all_ens,0.1,Target-50,0.10042962962962963,0.27514515511014626,,0.14
DV-P,2,all_ens,0.1,TargetPAC-50,0.051192592592592595,0.1645109584055219,,0.0
DV-P,2,all_ens,0.1,Target-100,0.09914074074074072,0.2722479245567787,,0.055
DV-P,2,all_ens,0.1,TargetPAC-100,0.07890370370370371,0.22814239124803712,,0.005
DV-P,2,all_ens,0.1,Target-200,0.09481481481481481,0.2624702171484313,,0.0
DV-P,2,all_ens,0.1,TargetPAC-200,0.08767407407407407,0.24172861636397133,,0.0
DV-P,2,all_ens,0.2,ID-all,0.3274074074074074,0.6157218437714322,0.17347347347347347,
DV-P,2,all_ens,0.2,ID,0.32431111111111105,0.6143610284053386,,1.0
DV-P,2,all_ens,0.2,Target-50,0.18119999999999997,0.43343716054090065,,0.11
DV-P,2,all_ens,0.2,TargetPAC-50,0.11156296296296297,0.30060038802717054,,0.0
DV-P,2,all_ens,0.2,Target-100,0.18074814814814816,0.4363295460185585,,0.055
DV-P,2,all_ens,0.2,TargetPAC-100,0.13971111111111115,0.3623892909633261,,0.0
DV-P,2,all_ens,0.2,Target-200,0.18165925925925927,0.4451265634015328,,0.0
DV-P,2,all_ens,0.2,TargetPAC-200,0.15272592592592596,0.3902244705439035,,0.0
DV-P,2,fmt_gb,0.05,ID-all,0.056296296296296296,0.13785159621590937,0.07383383383383384,
DV-P,2,fmt_gb,0.05,ID,0.06077777777777778,0.14151351559485367,,0.11
DV-P,2,fmt_gb,0.05,Target-50,0.044577777777777786,0.0964732703637599,,0.075
DV-P,2,fmt_gb,0.05,TargetPAC-50,0.0284,0.05905498659516559,,0.015
DV-P,2,fmt_gb,0.05,Target-100,0.05396296296296297,0.12515473074593836,,0.065
DV-P,2,fmt_gb,0.05,TargetPAC-100,0.02996296296296296,0.058182672727496956,,0.0
DV-P,2,fmt_gb,0.05,Target-200,0.05483703703703704,0.12709624010498133,,0.0
DV-P,2,fmt_gb,0.05,TargetPAC-200,0.04011851851851851,0.09287131407642094,,0.0
DV-P,2,fmt_gb,0.1,ID-all,0.15703703703703703,0.2919456685460546,0.07383383383383384,
DV-P,2,fmt_gb,0.1,ID,0.15355555555555556,0.29020791660969586,,0.985
DV-P,2,fmt_gb,0.1,Target-50,0.10747407407407408,0.21812564885883753,,0.31
DV-P,2,fmt_gb,0.1,TargetPAC-50,0.04800740740740741,0.10441885537638317,,0.025
DV-P,2,fmt_gb,0.1,Target-100,0.11071111111111112,0.2248200075885906,,0.27
DV-P,2,fmt_gb,0.1,TargetPAC-100,0.06313333333333333,0.1453500892225736,,0.0
DV-P,2,fmt_gb,0.1,Target-200,0.10629629629629629,0.21558007561704465,,0.0
DV-P,2,fmt_gb,0.1,TargetPAC-200,0.07125925925925927,0.17019586542826737,,0.0
DV-P,2,fmt_gb,0.2,ID-all,0.2518518518518518,0.4740575565712407,0.07383383383383384,
DV-P,2,fmt_gb,0.2,ID,0.2512518518518519,0.47118052411846195,,0.97
DV-P,2,fmt_gb,0.2,Target-50,0.21053333333333335,0.39327614358054497,,0.375
DV-P,2,fmt_gb,0.2,TargetPAC-50,0.12968148148148148,0.2544895227350577,,0.01
DV-P,2,fmt_gb,0.2,Target-100,0.2117037037037037,0.4011437441229784,,0.32
DV-P,2,fmt_gb,0.2,TargetPAC-100,0.17152592592592592,0.32094972344866207,,0.02
DV-P,2,fmt_gb,0.2,Target-200,0.2026074074074074,0.39587250106723315,,0.0
DV-P,2,fmt_gb,0.2,TargetPAC-200,0.18847407407407407,0.3475715153872525,,0.0
BV-P,0,cb_lr,0.05,ID-all,0.06364749082007344,0.1391499052303597,0.04215169037268392,
BV-P,0,cb_lr,0.05,ID,0.0616952264381885,0.12980092409434962,,0.05
BV-P,0,cb_lr,0.05,Target-50,0.025985312117503056,0.05630315446070196,,0.035
BV-P,0,cb_lr,0.05,TargetPAC-50,0.010269277845777233,0.023203664164555833,,0.0
BV-P,0,cb_lr,0.05,Target-100,0.03056303549571603,0.06503568989018926,,0.01
BV-P,0,cb_lr,0.05,TargetPAC-100,0.010856793145654832,0.024883579796689762,,0.0
BV-P,0,cb_lr,0.05,Target-200,0.030716034271725826,0.06407641522638159,,0.0
BV-P,0,cb_lr,0.05,TargetPAC-200,0.017772337821297432,0.038723721424244566,,0.0
BV-P,0,cb_lr,0.1,ID-all,0.10403916768665851,0.25277718259224585,0.04215169037268392,
BV-P,0,cb_lr,0.1,ID,0.10357405140758874,0.24725158705554537,,0.135
BV-P,0,cb_lr,0.1,Target-50,0.07553855569155447,0.17001967236530377,,0.155
BV-P,0,cb_lr,0.1,TargetPAC-50,0.02700734394124847,0.059010811625826304,,0.01
BV-P,0,cb_lr,0.1,Target-100,0.07626070991432067,0.17177308740834507,,0.08
BV-P,0,cb_lr,0.1,TargetPAC-100,0.04059975520195838,0.08616043941994,,0.005
BV-P,0,cb_lr,0.1,Target-200,0.07869645042839657,0.17591475452594177,,0.0
BV-P,0,cb_lr,0.1,TargetPAC-200,0.050532435740514074,0.10650181278417556,,0.0
BV-P,0,cb_lr,0.2,ID-all,0.193390452876377,0.40656621325238224,0.04215169037268392,
BV-P,0,cb_lr,0.2,ID,0.19111995104039167,0.4089099862507621,,0.005
BV-P,0,cb_lr,0.2,Target-50,0.15310893512851897,0.3388549722909122,,0.06
BV-P,0,cb_lr,0.2,TargetPAC-50,0.09234394124847001,0.21067236846244444,,0.0
BV-P,0,cb_lr,0.2,Target-100,0.15294369645042838,0.33967607668792654,,0.0
BV-P,0,cb_lr,0.2,TargetPAC-100,0.12220930232558139,0.28318828074748575,,0.0
BV-P,0,cb_lr,0.2,Target-200,0.15288249694002448,0.34002677150562327,,0.0
BV-P,0,cb_lr,0.2,TargetPAC-200,0.13171970624235005,0.3009107231974791,,0.0
BV-P,0,cb_gb,0.05,ID-all,0.051407588739290085,0.16919916783775332,0.04447516144008779,
BV-P,0,cb_gb,0.05,ID,0.052148102815177476,0.17046219887751196,,0.03
BV-P,0,cb_gb,0.05,Target-50,0.03296205630354957,0.10654542415435632,,0.02
BV-P,0,cb_gb,0.05,TargetPAC-50,0.017503059975520197,0.05518250558649984,,0.0
BV-P,0,cb_gb,0.05,Target-100,0.04451040391676866,0.1480180197829551,,0.01
BV-P,0,cb_gb,0.05,TargetPAC-100,0.01769889840881273,0.05499570852494923,,0.0
BV-P,0,cb_gb,0.05,Target-200,0.04710526315789473,0.1571237728150573,,0.0
BV-P,0,cb_gb,0.05,TargetPAC-200,0.028977968176254594,0.1020439136216281,,0.0
BV-P,0,cb_gb,0.1,ID-all,0.1003671970624235,0.28010745219239686,0.04447516144008779,
BV-P,0,cb_gb,0.1,ID,0.09861077111383111,0.28029539165225376,,0.005
BV-P,0,cb_gb,0.1,Target-50,0.07437576499388004,0.2221139379282559,,0.035
BV-P,0,cb_gb,0.1,TargetPAC-50,0.03636474908200735,0.11768397060067183,,0.0
BV-P,0,cb_gb,0.1,Target-100,0.07828029375764994,0.23428356752890556,,0.01
BV-P,0,cb_gb,0.1,TargetPAC-100,0.05288249694002449,0.16968113745854957,,0.0
BV-P,0,cb_gb,0.1,Target-200,0.07620563035495716,0.2312053001675617,,0.0
BV-P,0,cb_gb,0.1,TargetPAC-200,0.06434516523867809,0.1954201680429909,,0.0
BV-P,0,cb_gb,0.2,ID-all,0.19583843329253367,0.4334141940437617,0.04447516144008779,
BV-P,0,cb_gb,0.2,ID,0.19512851897184824,0.4346445319611153,,0.025
BV-P,0,cb_gb,0.2,Target-50,0.14613219094247246,0.36252710609984296,,0.04
BV-P,0,cb_gb,0.2,TargetPAC-50,0.0907466340269278,0.26027286715440423,,0.0
BV-P,0,cb_gb,0.2,Target-100,0.1494798041615667,0.37005877577129226,,0.005
BV-P,0,cb_gb,0.2,TargetPAC-100,0.11070379436964504,0.30514207669725324,,0.0
BV-P,0,cb_gb,0.2,Target-200,0.1472154222766218,0.36870045076147934,,0.0
BV-P,0,cb_gb,0.2,TargetPAC-200,0.11649326805385556,0.3177550739879731,,0.0
BV-P,0,tf_lr,0.05,ID-all,0.03182374541003672,0.1477891730608591,0.201751572194319,
BV-P,0,tf_lr,0.05,ID,0.032325581395348836,0.15071076073953354,,0.005
BV-P,0,tf_lr,0.05,Target-50,0.017833537331701347,0.09417238779585979,,0.025
BV-P,0,tf_lr,0.05,TargetPAC-50,0.005630354957160343,0.04689358429833023,,0.0
BV-P,0,tf_lr,0.05,Target-100,0.02814565483476132,0.1306785262853272,,0.01
BV-P,0,tf_lr,0.05,TargetPAC-100,0.004149326805385557,0.04520468950298032,,0.0
BV-P,0,tf_lr,0.05,Target-200,0.024834761321909427,0.12461470465443104,,0.0
BV-P,0,tf_lr,0.05,TargetPAC-200,0.009290085679314566,0.07702461179979937,,0.0
BV-P,0,tf_lr,0.1,ID-all,0.09547123623011015,0.2672872641088873,0.201751572194319,
BV-P,0,tf_lr,0.1,ID,0.09644430844553245,0.27223672818356576,,0.12
BV-P,0,tf_lr,0.1,Target-50,0.07755201958384333,0.23773364909758704,,0.14
BV-P,0,tf_lr,0.1,TargetPAC-50,0.02089963280293758,0.10363954338130428,,0.0
BV-P,0,tf_lr,0.1,Target-100,0.07609547123623012,0.23937891712259465,,0.045
BV-P,0,tf_lr,0.1,TargetPAC-100,0.03637698898408812,0.1530342615193667,,0.0
BV-P,0,tf_lr,0.1,Target-200,0.0737454100367197,0.2377569351929557,,0.0
BV-P,0,tf_lr,0.1,TargetPAC-200,0.0559547123623011,0.20389416124614435,,0.0
BV-P,0,tf_lr,0.2,ID-all,0.22888616891064872,0.49872650429053295,0.201751572194319,
BV-P,0,tf_lr,0.2,ID,0.23134026927784582,0.49380566605851395,,0.89
BV-P,0,tf_lr,0.2,Target-50,0.17045287637698897,0.3930745013304292,,0.165
BV-P,0,tf_lr,0.2,TargetPAC-50,0.0953794369645043,0.2697745573908291,,0.005
BV-P,0,tf_lr,0.2,Target-100,0.17582619339045288,0.4037095206330094,,0.09
BV-P,0,tf_lr,0.2,TargetPAC-100,0.12400244798041615,0.317577565862574,,0.0
BV-P,0,tf_lr,0.2,Target-200,0.1755201958384333,0.4049599082784255,,0.005
BV-P,0,tf_lr,0.2,TargetPAC-200,0.1451346389228886,0.3512603338119291,,0.0
BV-P,0,tf_gb,0.05,ID-all,0.051407588739290085,0.18885098202008477,0.05978137002490187,
BV-P,0,tf_gb,0.05,ID,0.04861689106487148,0.1835558205847551,,0.03
BV-P,0,tf_gb,0.05,Target-50,0.03214198286413708,0.1285815651831456,,0.075
BV-P,0,tf_gb,0.05,TargetPAC-50,0.01561811505507956,0.07058636085306175,,0.015
BV-P,0,tf_gb,0.05,Target-100,0.04197062423500611,0.16561395555279507,,0.09
BV-P,0,tf_gb,0.05,TargetPAC-100,0.015887392900856792,0.07486810137883909,,0.005
BV-P,0,tf_gb,0.05,Target-200,0.0419094247246022,0.16485235768777184,,0.0
BV-P,0,tf_gb,0.05,TargetPAC-200,0.02203794369645043,0.10601103087106796,,0.0
BV-P,0,tf_gb,0.1,ID-all,0.08200734394124846,0.2988479150991631,0.05978137002490187,
BV-P,0,tf_gb,0.1,ID,0.08768053855569155,0.3004068905651643,,0.045
BV-P,0,tf_gb,0.1,Target-50,0.08954712362301102,0.28061583902183046,,0.245
BV-P,0,tf_gb,0.1,TargetPAC-50,0.03431456548347613,0.13770566076427448,,0.005
BV-P,0,tf_gb,0.1,Target-100,0.09122399020807834,0.29157832010300416,,0.17
BV-P,0,tf_gb,0.1,TargetPAC-100,0.05089351285189719,0.19004780702650997,,0.0
BV-P,0,tf_gb,0.1,Target-200,0.08624235006119951,0.29009690619291706,,0.05
BV-P,0,tf_gb,0.1,TargetPAC-200,0.06524479804161566,0.23110535445656996,,0.0
BV-P,0,tf_gb,0.2,ID-all,0.19583843329253367,0.4876532011869965,0.05978137002490187,
BV-P,0,tf_gb,0.2,ID,0.19664014687882495,0.4833381548365583,,0.06
BV-P,0,tf_gb,0.2,Target-50,0.18026927784577723,0.4454622117346355,,0.12
BV-P,0,tf_gb,0.2,TargetPAC-50,0.11260709914320685,0.3268653401352275,,0.0
BV-P,0,tf_gb,0.2,Target-100,0.18197674418604654,0.4517962443132444,,0.055
BV-P,0,tf_gb,0.2,TargetPAC-100,0.14325581395348838,0.38190250957922944,,0.005
BV-P,0,tf_gb,0.2,Target-200,0.18276621787025704,0.454256535925357,,0.0
BV-P,0,tf_gb,0.2,TargetPAC-200,0.1569094247246022,0.40518376781700893,,0.0
BV-P,0,cb_ens,0.05,ID-all,0.05263157894736842,0.17083206972404422,0.03246106444941544,
BV-P,0,cb_ens,0.05,ID,0.04976132190942472,0.16600853300306614,,0.0
BV-P,0,cb_ens,0.05,Target-50,0.024094247246022032,0.06896331268365188,,0.015
BV-P,0,cb_ens,0.05,TargetPAC-50,0.011364749082007344,0.02994751900499686,,0.005
BV-P,0,cb_ens,0.05,Target-100,0.03334761321909425,0.09971394010718246,,0.0
BV-P,0,cb_ens,0.05,TargetPAC-100,0.012007343941248472,0.02904005958172619,,0.0
BV-P,0,cb_ens,0.05,Target-200,0.03503059975520196,0.10606247900210318,,0.0
BV-P,0,cb_ens,0.05,TargetPAC-200,0.02274173806609547,0.05714439159198435,,0.0
BV-P,0,cb_ens,0.1,ID-all,0.09424724602203183,0.27037079762635596,0.03246106444941544,
BV-P,0,cb_ens,0.1,ID,0.0930171358629131,0.2692878427534119,,0.01
BV-P,0,cb_ens,0.1,Target-50,0.06664626682986537,0.2023181969919359,,0.05
BV-P,0,cb_ens,0.1,TargetPAC-50,0.025887392900856794,0.07322243629438947,,0.0
BV-P,0,cb_ens,0.1,Target-100,0.06662790697674419,0.20769795236378272,,0.005
BV-P,0,cb_ens,0.1,TargetPAC-100,0.039498164014687885,0.12380186830795431,,0.0
BV-P,0,cb_ens,0.1,Target-200,0.06569155446756426,0.20953018688455977,,0.0
BV-P,0,cb_ens,0.1,TargetPAC-200,0.04675642594859241,0.15496047903211094,,0.0
BV-P,0,cb_ens,0.2,ID-all,0.19828641370869032,0.45947610226784796,0.03246106444941544,
BV-P,0,cb_ens,0.2,ID,0.1986536107711138,0.45954542401023324,,0.1
BV-P,0,cb_ens,0.2,Target-50,0.15369033047735617,0.3784075604314768,,0.07
BV-P,0,cb_ens,0.2,TargetPAC-50,0.08157282741738067,0.2399848844275712,,0.0
BV-P,0,cb_ens,0.2,Target-100,0.14714810281517748,0.36872462167999087,,0.02
BV-P,0,cb_ens,0.2,TargetPAC-100,0.1075887392900857,0.2989425527216805,,0.0
BV-P,0,cb_ens,0.2,Target-200,0.14480416156670745,0.3650277119564562,,0.0
BV-P,0,cb_ens,0.2,TargetPAC-200,0.11878824969400245,0.3225028906816124,,0.0
BV-P,0,tf_ens,0.05,ID-all,0.056303549571603426,0.22761156482427186,0.1177457476891909,
BV-P,0,tf_ens,0.05,ID,0.05606487148102815,0.2138198651530387,,0.21
BV-P,0,tf_ens,0.05,Target-50,0.023592411260709913,0.11449916841577036,,0.1
BV-P,0,tf_ens,0.05,TargetPAC-50,0.008457772337821298,0.0547492346427506,,0.005
BV-P,0,tf_ens,0.05,Target-100,0.032270501835985316,0.1490219010288628,,0.085
BV-P,0,tf_ens,0.05,TargetPAC-100,0.008157894736842105,0.05875118005745158,,0.0
BV-P,0,tf_ens,0.05,Target-200,0.02678702570379437,0.1364280232889055,,0.015
BV-P,0,tf_ens,0.05,TargetPAC-200,0.01295593635250918,0.08806617078831025,,0.0
BV-P,0,tf_ens,0.1,ID-all,0.11872705018359853,0.3462628265533025,0.1177457476891909,
BV-P,0,tf_ens,0.1,ID,0.12038555691554467,0.3485540158659559,,0.51
BV-P,0,tf_ens,0.1,Target-50,0.08340269277845777,0.2720374263575131,,0.125
BV-P,0,tf_ens,0.1,TargetPAC-50,0.02215422276621787,0.10986069761654392,,0.0
BV-P,0,tf_ens,0.1,Target-100,0.08661566707466341,0.28258093144468094,,0.015
BV-P,0,tf_ens,0.1,TargetPAC-100,0.04234394124847001,0.17575317066596557,,0.0
BV-P,0,tf_ens,0.1,Target-200,0.08846389228886169,0.28605278617911556,,0.0
BV-P,0,tf_ens,0.1,TargetPAC-200,0.06612607099143207,0.24215411525990269,,0.0
BV-P,0,tf_ens,0.2,ID-all,0.22031823745410037,0.5250276743165734,0.1177457476891909,
BV-P,0,tf_ens,0.2,ID,0.2208078335373317,0.5203748452418602,,0.555
BV-P,0,tf_ens,0.2,Target-50,0.179124847001224,0.4460106800486077,,0.27
BV-P,0,tf_ens,0.2,TargetPAC-50,0.10048347613219094,0.30738208144321194,,0.01
BV-P,0,tf_ens,0.2,Target-100,0.17419216646266833,0.4418904925824835,,0.14
BV-P,0,tf_ens,0.2,TargetPAC-100,0.12616279069767442,0.3593387868702019,,0.0
BV-P,0,tf_ens,0.2,Target-200,0.16981028151774788,0.43604470382956206,,0.02
BV-P,0,tf_ens,0.2,TargetPAC-200,0.13544675642594858,0.37582371611615245,,0.0
BV-P,0,all_ens,0.05,ID-all,0.056303549571603426,0.2079597506419404,0.07076984763432237,
BV-P,0,all_ens,0.05,ID,0.05371481028151774,0.19912549642931285,,0.02
BV-P,0,all_ens,0.05,Target-50,0.02682986536107711,0.09918996189969702,,0.025
BV-P,0,all_ens,0.05,TargetPAC-50,0.010581395348837208,0.03987210447434813,,0.0
BV-P,0,all_ens,0.05,Target-100,0.035581395348837204,0.13428231216634287,,0.015
BV-P,0,all_ens,0.05,TargetPAC-100,0.012117503059975521,0.04475911830957182,,0.0
BV-P,0,all_ens,0.05,Target-200,0.03337209302325581,0.13091830580092242,,0.0
BV-P,0,all_ens,0.05,TargetPAC-200,0.022582619339045283,0.080604689710803,,0.0
BV-P,0,all_ens,0.1,ID-all,0.09547123623011015,0.30659089247355026,0.07076984763432237,
BV-P,0,all_ens,0.1,ID,0.10059975520195838,0.31294931674822357,,0.135
BV-P,0,all_ens,0.1,Target-50,0.07450428396572827,0.24368621827087536,,0.06
BV-P,0,all_ens,0.1,TargetPAC-50,0.027851897184822522,0.10246752167610897,,0.0
BV-P,0,all_ens,0.1,Target-100,0.0738249694002448,0.2453504150190329,,0.01
BV-P,0,all_ens,0.1,TargetPAC-100,0.04241126070991432,0.15808953133739334,,0.0
BV-P,0,all_ens,0.1,Target-200,0.07673806609547124,0.25063200031535066,,0.0
BV-P,0,all_ens,0.1,TargetPAC-200,0.05614443084455324,0.20309785416118295,,0.0
BV-P,0,all_ens,0.2,ID-all,0.23378212974296206,0.5178352729123885,0.07076984763432237,
BV-P,0,all_ens,0.2,ID,0.23129130966952263,0.5197907948631609,,0.87
BV-P,0,all_ens,0.2,Target-50,0.15837821297429622,0.41532233514324446,,0.04
BV-P,0,all_ens,0.2,TargetPAC-50,0.0893451652386781,0.27967431816555677,,0.0
BV-P,0,all_ens,0.2,Target-100,0.1718482252141983,0.4402845358879489,,0.01
BV-P,0,all_ens,0.2,TargetPAC-100,0.11373317013463889,0.3377926199524613,,0.0
BV-P,0,all_ens,0.2,Target-200,0.1728518971848225,0.4433764572597714,,0.0
BV-P,0,all_ens,0.2,TargetPAC-200,0.12430844553243574,0.36552352984120645,,0.0
BV-P,0,fmt_gb,0.05,ID-all,0.06609547123623011,0.554317734264609,0.07553707846199299,
BV-P,0,fmt_gb,0.05,ID,0.06602203182374539,0.5530878156545291,,0.01
BV-P,0,fmt_gb,0.05,Target-50,0.04305385556915544,0.4105057478128847,,0.085
BV-P,0,fmt_gb,0.05,TargetPAC-50,0.024957160342717256,0.29430240470552427,,0.02
BV-P,0,fmt_gb,0.05,Target-100,0.05311505507955936,0.473898834421028,,0.07
BV-P,0,fmt_gb,0.05,TargetPAC-100,0.02258873929008568,0.2849995824421546,,0.0
BV-P,0,fmt_gb,0.05,Target-200,0.05610771113831088,0.49002037924634423,,0.0
BV-P,0,fmt_gb,0.05,TargetPAC-200,0.03196450428396573,0.3527016962036387,,0.0
BV-P,0,fmt_gb,0.1,ID-all,0.08935128518971848,0.6435122400838365,0.07553707846199299,
BV-P,0,fmt_gb,0.1,ID,0.09156670746634026,0.6446008701507014,,0.005
BV-P,0,fmt_gb,0.1,Target-50,0.09002447980416158,0.6244480232748841,,0.085
BV-P,0,fmt_gb,0.1,TargetPAC-50,0.042515299877600984,0.4069692008291704,,0.005
BV-P,0,fmt_gb,0.1,Target-100,0.09236842105263157,0.6418225956693214,,0.045
BV-P,0,fmt_gb,0.1,TargetPAC-100,0.06475520195838433,0.5392765232145561,,0.0
BV-P,0,fmt_gb,0.1,Target-200,0.0929498164014688,0.6471849574954658,,0.0
BV-P,0,fmt_gb,0.1,TargetPAC-200,0.07200734394124847,0.58673404483778,,0.0
BV-P,0,fmt_gb,0.2,ID-all,0.16768665850673195,0.7747444280944225,0.07553707846199299,
BV-P,0,fmt_gb,0.2,ID,0.16494492044063647,0.7730479789245276,,0.0
BV-P,0,fmt_gb,0.2,Target-50,0.17670134638922888,0.7747910045614055,,0.255
BV-P,0,fmt_gb,0.2,TargetPAC-50,0.10542227662178703,0.6643076623456551,,0.0
BV-P,0,fmt_gb,0.2,Target-100,0.17988372093023255,0.7839455726485081,,0.19
BV-P,0,fmt_gb,0.2,TargetPAC-100,0.13206242350061198,0.7196057058796917,,0.01
BV-P,0,fmt_gb,0.2,Target-200,0.1771297429620563,0.7846421068785041,,0.035
BV-P,0,fmt_gb,0.2,TargetPAC-200,0.13944308445532436,0.7346519742866705,,0.0
BV-P,0,ft_cb,0.05,ID-all,0.03671970624235006,0.14410183723121017,0.06304393702781412,
BV-P,0,ft_cb,0.05,ID,0.04153610771113831,0.15224880507613694,,0.005
BV-P,0,ft_cb,0.05,Target-50,0.03435740514075888,0.12710759868063454,,0.055
BV-P,0,ft_cb,0.05,TargetPAC-50,0.01711138310893513,0.0671899737055413,,0.005
BV-P,0,ft_cb,0.05,Target-100,0.04238066095471236,0.15431879445842955,,0.015
BV-P,0,ft_cb,0.05,TargetPAC-100,0.018378212974296208,0.07455547109370969,,0.0
BV-P,0,ft_cb,0.05,Target-200,0.03922888616891065,0.14758684879738276,,0.0
BV-P,0,ft_cb,0.05,TargetPAC-200,0.027692778457772342,0.1100609450241132,,0.0
BV-P,0,ft_cb,0.1,ID-all,0.0832313341493268,0.2611771886207911,0.06304393702781412,
BV-P,0,ft_cb,0.1,ID,0.08884332925336597,0.2724961475349893,,0.0
BV-P,0,ft_cb,0.1,Target-50,0.07858629130966953,0.24606233268637523,,0.075
BV-P,0,ft_cb,0.1,TargetPAC-50,0.032600979192166465,0.12225288262130517,,0.0
BV-P,0,ft_cb,0.1,Target-100,0.08101591187270502,0.2519016127655668,,0.015
BV-P,0,ft_cb,0.1,TargetPAC-100,0.04945532435740514,0.17365362098341286,,0.0
BV-P,0,ft_cb,0.1,Target-200,0.08151162790697673,0.25099865362060103,,0.0
BV-P,0,ft_cb,0.1,TargetPAC-200,0.06320685434516524,0.21027153050262248,,0.0
BV-P,0,ft_cb,0.2,ID-all,0.16034271725826194,0.4316522482443357,0.06304393702781412,
BV-P,0,ft_cb,0.2,ID,0.16105875152998778,0.43081525039438723,,0.0
BV-P,0,ft_cb,0.2,Target-50,0.14241738066095472,0.3909950544362596,,0.045
BV-P,0,ft_cb,0.2,TargetPAC-50,0.09186046511627907,0.27893842382912304,,0.0
BV-P,0,ft_cb,0.2,Target-100,0.14260709914320685,0.3947147342503979,,0.0
BV-P,0,ft_cb,0.2,TargetPAC-100,0.11151774785801713,0.3283087348669044,,0.0
BV-P,0,ft_cb,0.2,Target-200,0.14411260709914323,0.3997338615032689,,0.0
BV-P,0,ft_cb,0.2,TargetPAC-200,0.1189779681762546,0.347902451901699,,0.0
BV-P,0,ft_tf_ens,0.05,ID-all,0.05018359853121175,0.20922811201800517,0.10112058413877517,
BV-P,0,ft_tf_ens,0.05,ID,0.049687882496940027,0.20023048717791236,,0.01
BV-P,0,ft_tf_ens,0.05,Target-50,0.022435740514075885,0.11339234640807325,,0.02
BV-P,0,ft_tf_ens,0.05,TargetPAC-50,0.00905140758873929,0.0571329890063705,,0.0
BV-P,0,ft_tf_ens,0.05,Target-100,0.03197674418604651,0.14648795683027888,,0.01
BV-P,0,ft_tf_ens,0.05,TargetPAC-100,0.00846389228886169,0.06619868536913544,,0.0
BV-P,0,ft_tf_ens,0.05,Target-200,0.03082007343941249,0.14467366951201782,,0.0
BV-P,0,ft_tf_ens,0.05,TargetPAC-200,0.01259485924112607,0.08725038389075483,,0.0
BV-P,0,ft_tf_ens,0.1,ID-all,0.08935128518971848,0.30078460074397567,0.10112058413877517,
BV-P,0,ft_tf_ens,0.1,ID,0.09073439412484699,0.29891558699502374,,0.0
BV-P,0,ft_tf_ens,0.1,Target-50,0.07795593635250918,0.2661938043103196,,0.09
BV-P,0,ft_tf_ens,0.1,TargetPAC-50,0.020055079559363528,0.10578290295970355,,0.0
BV-P,0,ft_tf_ens,0.1,Target-100,0.07901468788249694,0.2692845293731323,,0.035
BV-P,0,ft_tf_ens,0.1,TargetPAC-100,0.040287637698898406,0.1724006892573447,,0.0
BV-P,0,ft_tf_ens,0.1,Target-200,0.07780905752753978,0.2631758555673819,,0.0
BV-P,0,ft_tf_ens,0.1,TargetPAC-200,0.05615055079559363,0.21572248337567118,,0.0
BV-P,0,ft_tf_ens,0.2,ID-all,0.211750305997552,0.5135973611125373,0.10112058413877517,
BV-P,0,ft_tf_ens,0.2,ID,0.213671970624235,0.5164322121097301,,0.485
BV-P,0,ft_tf_ens,0.2,Target-50,0.16845165238678092,0.44644775043151647,,0.155
BV-P,0,ft_tf_ens,0.2,TargetPAC-50,0.08799265605875153,0.2908873232955817,,0.0
BV-P,0,ft_tf_ens,0.2,Target-100,0.16181150550795592,0.44006538628536235,,0.02
BV-P,0,ft_tf_ens,0.2,TargetPAC-100,0.12172582619339044,0.3705362476852082,,0.0
BV-P,0,ft_tf_ens,0.2,Target-200,0.16665850673194613,0.44885452219142563,,0.0
BV-P,0,ft_tf_ens,0.2,TargetPAC-200,0.12944920440636476,0.39241477714109685,,0.0
BV-P,1,cb_lr,0.05,ID-all,0.1449525452976704,0.28459682271368814,0.118683478537143,
BV-P,1,cb_lr,0.05,ID,0.14495254529767038,0.2845968227136881,,1.0
BV-P,1,cb_lr,0.05,Target-50,0.033880500431406384,0.08690674613179442,,0.06
BV-P,1,cb_lr,0.05,TargetPAC-50,0.014477998274374461,0.04083163479080703,,0.01
BV-P,1,cb_lr,0.05,Target-100,0.03799611734253667,0.09896618569081672,,0.05
BV-P,1,cb_lr,0.05,TargetPAC-100,0.014603106125970664,0.042373419639284364,,0.0
BV-P,1,cb_lr,0.05,Target-200,0.03914150129421915,0.10144537194988403,,0.025
BV-P,1,cb_lr,0.05,TargetPAC-200,0.02193485763589301,0.06545178977108655,,0.0
BV-P,1,cb_lr,0.1,ID-all,0.20189818809318377,0.36890298018178386,0.118683478537143,
BV-P,1,cb_lr,0.1,ID,0.20189818809318374,0.36890298018178397,,1.0
BV-P,1,cb_lr,0.1,Target-50,0.08579810181190681,0.18520017552942186,,0.16
BV-P,1,cb_lr,0.1,TargetPAC-50,0.030107851596203626,0.07816065153401333,,0.005
BV-P,1,cb_lr,0.1,Target-100,0.08536669542709233,0.18601212682982823,,0.09
BV-P,1,cb_lr,0.1,TargetPAC-100,0.04664797238999137,0.11550351411683224,,0.0
BV-P,1,cb_lr,0.1,Target-200,0.08632657463330456,0.1884263924937758,,0.02
BV-P,1,cb_lr,0.1,TargetPAC-200,0.06357204486626401,0.14764587418739478,,0.0
BV-P,1,cb_lr,0.2,ID-all,0.30457290767903367,0.49308496103959715,0.118683478537143,
BV-P,1,cb_lr,0.2,ID,0.3045729076790336,0.4930849610395971,,1.0
BV-P,1,cb_lr,0.2,Target-50,0.17891285591026748,0.33291968705041325,,0.17
BV-P,1,cb_lr,0.2,TargetPAC-50,0.10306082830025884,0.21529334202871062,,0.0
BV-P,1,cb_lr,0.2,Target-100,0.182202329594478,0.3400911341682395,,0.11
BV-P,1,cb_lr,0.2,TargetPAC-100,0.1305327868852459,0.26091358878092,,0.0
BV-P,1,cb_lr,0.2,Target-200,0.1834469370146678,0.34291300250422907,,0.035
BV-P,1,cb_lr,0.2,TargetPAC-200,0.15020060396893875,0.2926976954834411,,0.0
BV-P,1,cb_gb,0.05,ID-all,0.03968938740293356,0.1013240015031817,0.22143451188781565,
BV-P,1,cb_gb,0.05,ID,0.039689387402933554,0.10132400150318169,,0.0
BV-P,1,cb_gb,0.05,Target-50,0.04425366695427092,0.102763471133531,,0.26
BV-P,1,cb_gb,0.05,TargetPAC-50,0.018919327006039693,0.05006126389389953,,0.035
BV-P,1,cb_gb,0.05,Target-100,0.05517903364969801,0.12410858826762604,,0.31
BV-P,1,cb_gb,0.05,TargetPAC-100,0.017081535806729938,0.047550029092145285,,0.01
BV-P,1,cb_gb,0.05,Target-200,0.057415875754961175,0.12715381085421854,,0.24
BV-P,1,cb_gb,0.05,TargetPAC-200,0.02985763589301121,0.07634918303430811,,0.01
BV-P,1,cb_gb,0.1,ID-all,0.10094909404659189,0.22089672512157957,0.22143451188781565,
BV-P,1,cb_gb,0.1,ID,0.10094909404659187,0.22089672512157957,,0.0
BV-P,1,cb_gb,0.1,Target-50,0.10277178602243314,0.21656502378374534,,0.265
BV-P,1,cb_gb,0.1,TargetPAC-50,0.041164797238999136,0.09643998991935508,,0.02
BV-P,1,cb_gb,0.1,Target-100,0.10436367558239862,0.22173708991548968,,0.245
BV-P,1,cb_gb,0.1,TargetPAC-100,0.06761432269197584,0.146935394974162,,0.01
BV-P,1,cb_gb,0.1,Target-200,0.10430112165660052,0.2238998067759664,,0.135
BV-P,1,cb_gb,0.1,TargetPAC-200,0.0842946505608283,0.1808786323263661,,0.01
BV-P,1,cb_gb,0.2,ID-all,0.321397756686799,0.5719175630432222,0.22143451188781565,
BV-P,1,cb_gb,0.2,ID,0.32139775668679904,0.571917563043222,,1.0
BV-P,1,cb_gb,0.2,Target-50,0.21109145815358066,0.4009424802830492,,0.435
BV-P,1,cb_gb,0.2,TargetPAC-50,0.12318377911993098,0.2539666016228362,,0.02
BV-P,1,cb_gb,0.2,Target-100,0.21136108714408974,0.4026283987107168,,0.425
BV-P,1,cb_gb,0.2,TargetPAC-100,0.14750431406384817,0.29752574740257287,,0.035
BV-P,1,cb_gb,0.2,Target-200,0.2125625539257981,0.4052101869838652,,0.43
BV-P,1,cb_gb,0.2,TargetPAC-200,0.16669758412424504,0.32887077630725364,,0.05
BV-P,1,tf_lr,0.05,ID-all,0.040120793787748056,0.10413103882779708,0.3978812807007161,
BV-P,1,tf_lr,0.05,ID,0.04012079378774806,0.1041310388277971,,0.0
BV-P,1,tf_lr,0.05,Target-50,0.03772217428817947,0.1009907351712355,,0.13
BV-P,1,tf_lr,0.05,TargetPAC-50,0.019167385677308028,0.05602436435746377,,0.035
BV-P,1,tf_lr,0.05,Target-100,0.051244607420189825,0.13116751688921952,,0.21
BV-P,1,tf_lr,0.05,TargetPAC-100,0.018505176876617777,0.05773482922561696,,0.0
BV-P,1,tf_lr,0.05,Target-200,0.05135461604831752,0.13128904515426676,,0.145
BV-P,1,tf_lr,0.05,TargetPAC-200,0.029415444348576358,0.08426741980907501,,0.0
BV-P,1,tf_lr,0.1,ID-all,0.14193270060396893,0.31021393616102455,0.3978812807007161,
BV-P,1,tf_lr,0.1,ID,0.14193270060396895,0.3102139361610245,,1.0
BV-P,1,tf_lr,0.1,Target-50,0.09102459016393441,0.21218766260676766,,0.125
BV-P,1,tf_lr,0.1,TargetPAC-50,0.037717860224331316,0.1007224048090928,,0.01
BV-P,1,tf_lr,0.1,Target-100,0.09612597066436583,0.2245885241824546,,0.09
BV-P,1,tf_lr,0.1,TargetPAC-100,0.05918032786885245,0.1482403503626588,,0.005
BV-P,1,tf_lr,0.1,Target-200,0.09323986194995687,0.22049896341543967,,0.03
BV-P,1,tf_lr,0.1,TargetPAC-200,0.07577653149266608,0.18398542421688496,,0.0
BV-P,1,tf_lr,0.2,ID-all,0.3399482312338223,0.5733026469458011,0.3978812807007161,
BV-P,1,tf_lr,0.2,ID,0.33994823123382234,0.5733026469458009,,1.0
BV-P,1,tf_lr,0.2,Target-50,0.19929680759275237,0.3926861047788862,,0.345
BV-P,1,tf_lr,0.2,TargetPAC-50,0.1088632441760138,0.2469532829254835,,0.01
BV-P,1,tf_lr,0.2,Target-100,0.19762510785159623,0.39334015393676225,,0.27
BV-P,1,tf_lr,0.2,TargetPAC-100,0.13665875754961174,0.2979670035578403,,0.025
BV-P,1,tf_lr,0.2,Target-200,0.19903149266609144,0.39837881957316995,,0.205
BV-P,1,tf_lr,0.2,TargetPAC-200,0.1560914581535807,0.33094886416437336,,0.01
BV-P,1,tf_gb,0.05,ID-all,0.04874892148403796,0.12846925538886747,0.20368299573577373,
BV-P,1,tf_gb,0.05,ID,0.04874892148403797,0.1284692553888675,,0.0
BV-P,1,tf_gb,0.05,Target-50,0.0481039689387403,0.13069127438855802,,0.255
BV-P,1,tf_gb,0.05,TargetPAC-50,0.02627264883520276,0.08119579808649585,,0.065
BV-P,1,tf_gb,0.05,Target-100,0.061755823986194995,0.16006432834617138,,0.41
BV-P,1,tf_gb,0.05,TargetPAC-100,0.025959879206212247,0.08283307575981518,,0.03
BV-P,1,tf_gb,0.05,Target-200,0.06269413287316652,0.16310544916157238,,0.305
BV-P,1,tf_gb,0.05,TargetPAC-200,0.03761863675582399,0.11295565017030737,,0.01
BV-P,1,tf_gb,0.1,ID-all,0.09188955996548749,0.21835780826298232,0.20368299573577373,
BV-P,1,tf_gb,0.1,ID,0.09188955996548749,0.21835780826298234,,0.0
BV-P,1,tf_gb,0.1,Target-50,0.10452761000862813,0.23791925122638,,0.31
BV-P,1,tf_gb,0.1,TargetPAC-50,0.049527610008628126,0.13365782876865878,,0.02
BV-P,1,tf_gb,0.1,Target-100,0.10970664365832615,0.24709380529681424,,0.35
BV-P,1,tf_gb,0.1,TargetPAC-100,0.07383088869715271,0.18268870661377512,,0.01
BV-P,1,tf_gb,0.1,Target-200,0.10840595340811043,0.24494930940345128,,0.265
BV-P,1,tf_gb,0.1,TargetPAC-200,0.08491803278688526,0.20341624958507354,,0.025
BV-P,1,tf_gb,0.2,ID-all,0.2178602243313201,0.419836523058815,0.20368299573577373,
BV-P,1,tf_gb,0.2,ID,0.2178602243313201,0.4198365230588151,,0.0
BV-P,1,tf_gb,0.2,Target-50,0.18749568593615187,0.3746959768197508,,0.19
BV-P,1,tf_gb,0.2,TargetPAC-50,0.12436151855047456,0.27255641997059327,,0.01
BV-P,1,tf_gb,0.2,Target-100,0.1857937877480587,0.37511058834273386,,0.12
BV-P,1,tf_gb,0.2,TargetPAC-100,0.14837575496117342,0.3157126957464149,,0.015
BV-P,1,tf_gb,0.2,Target-200,0.1897152717860224,0.3820023461170412,,0.085
BV-P,1,tf_gb,0.2,TargetPAC-200,0.16095125107851596,0.33918135201140787,,0.0
BV-P,1,cb_ens,0.05,ID-all,0.08067299396031061,0.19226615932743438,0.15445283030622067,
BV-P,1,cb_ens,0.05,ID,0.0806729939603106,0.19226615932743435,,1.0
BV-P,1,cb_ens,0.05,Target-50,0.03242881794650561,0.08486037678671318,,0.105
BV-P,1,cb_ens,0.05,TargetPAC-50,0.01796160483175151,0.04946240299516193,,0.025
BV-P,1,cb_ens,0.05,Target-100,0.04121225194132872,0.10809901731694477,,0.12
BV-P,1,cb_ens,0.05,TargetPAC-100,0.016119499568593616,0.046104821046383346,,0.0
BV-P,1,cb_ens,0.05,Target-200,0.0395297670405522,0.10575102227140232,,0.05
BV-P,1,cb_ens,0.05,TargetPAC-200,0.02301337359792925,0.06363199392582064,,0.0
BV-P,1,cb_ens,0.1,ID-all,0.17730802415875754,0.34934368193709014,0.15445283030622067,
BV-P,1,cb_ens,0.1,ID,0.17730802415875752,0.3493436819370902,,1.0
BV-P,1,cb_ens,0.1,Target-50,0.09265314926660916,0.20641288965025276,,0.29
BV-P,1,cb_ens,0.1,TargetPAC-50,0.031214408973252804,0.08232437313661103,,0.0
BV-P,1,cb_ens,0.1,Target-100,0.0984555651423641,0.2174661839631139,,0.33
BV-P,1,cb_ens,0.1,TargetPAC-100,0.05023943054357204,0.12724444492268103,,0.015
BV-P,1,cb_ens,0.1,Target-200,0.09855478861087143,0.21885347468741265,,0.245
BV-P,1,cb_ens,0.1,TargetPAC-200,0.06677739430543571,0.1647798726958024,,0.005
BV-P,1,cb_ens,0.2,ID-all,0.32269197584124243,0.5513217681455016,0.15445283030622067,
BV-P,1,cb_ens,0.2,ID,0.3226919758412424,0.5513217681455016,,1.0
BV-P,1,cb_ens,0.2,Target-50,0.19914797238999138,0.3768436104395289,,0.335
BV-P,1,cb_ens,0.2,TargetPAC-50,0.11596203623813633,0.24596507355768665,,0.01
BV-P,1,cb_ens,0.2,Target-100,0.18713761863675582,0.36086847666153055,,0.175
BV-P,1,cb_ens,0.2,TargetPAC-100,0.14429896462467645,0.2926612577957385,,0.0
BV-P,1,cb_ens,0.2,Target-200,0.19007118205349444,0.36642632713284096,,0.09
BV-P,1,cb_ens,0.2,TargetPAC-200,0.15884383088869716,0.316796401554888,,0.0
BV-P,1,tf_ens,0.05,ID-all,0.05737704918032787,0.1574501770493885,0.28303840918506246,
BV-P,1,tf_ens,0.05,ID,0.057377049180327856,0.15745017704938852,,0.0
BV-P,1,tf_ens,0.05,Target-50,0.046255392579810185,0.12938660755603731,,0.215
BV-P,1,tf_ens,0.05,TargetPAC-50,0.0248748921484038,0.07758171052464356,,0.055
BV-P,1,tf_ens,0.05,Target-100,0.06067083692838654,0.16239682189095242,,0.335
BV-P,1,tf_ens,0.05,TargetPAC-100,0.02514236410698878,0.08105032063917561,,0.015
BV-P,1,tf_ens,0.05,Target-200,0.06096203623813633,0.16350579424698578,,0.33
BV-P,1,tf_ens,0.05,TargetPAC-200,0.0404076790336497,0.1183740097675269,,0.04
BV-P,1,tf_ens,0.1,ID-all,0.11432269197584125,0.2744874054686113,0.28303840918506246,
BV-P,1,tf_ens,0.1,ID,0.11432269197584127,0.2744874054686113,,0.0
BV-P,1,tf_ens,0.1,Target-50,0.10061044003451251,0.24191020834783442,,0.205
BV-P,1,tf_ens,0.1,TargetPAC-50,0.043910698878343396,0.12427234898650275,,0.0
BV-P,1,tf_ens,0.1,Target-100,0.10583692838654013,0.2546538761800656,,0.235
BV-P,1,tf_ens,0.1,TargetPAC-100,0.06991156169111302,0.18170605882611832,,0.005
BV-P,1,tf_ens,0.1,Target-200,0.10501078515962037,0.254587332984649,,0.125
BV-P,1,tf_ens,0.1,TargetPAC-200,0.08379421915444349,0.21062862025808188,,0.0
BV-P,1,tf_ens,0.2,ID-all,0.2730802415875755,0.5045212939770758,0.28303840918506246,
BV-P,1,tf_ens,0.2,ID,0.2730802415875755,0.5045212939770759,,1.0
BV-P,1,tf_ens,0.2,Target-50,0.1989042277825712,0.40078554834045066,,0.265
BV-P,1,tf_ens,0.2,TargetPAC-50,0.1187230371009491,0.2754962515142315,,0.015
BV-P,1,tf_ens,0.2,Target-100,0.19356341673856775,0.3949538363261905,,0.15
BV-P,1,tf_ens,0.2,TargetPAC-100,0.14803494391716998,0.32792234235651163,,0.02
BV-P,1,tf_ens,0.2,Target-200,0.19602459016393442,0.3989735556386904,,0.09
BV-P,1,tf_ens,0.2,TargetPAC-200,0.16342968075927522,0.3524339469847632,,0.0
BV-P,1,all_ens,0.05,ID-all,0.07549611734253667,0.19758043426743546,0.21730266662098224,
BV-P,1,all_ens,0.05,ID,0.07549611734253668,0.1975804342674355,,1.0
BV-P,1,all_ens,0.05,Target-50,0.04167601380500432,0.11515225384860378,,0.085
BV-P,1,all_ens,0.05,TargetPAC-50,0.01914150129421915,0.057536601363988,,0.01
BV-P,1,all_ens,0.05,Target-100,0.04486410698878343,0.12467948415723856,,0.045
BV-P,1,all_ens,0.05,TargetPAC-100,0.019959016393442622,0.0611091193004658,,0.0
BV-P,1,all_ens,0.05,Target-200,0.047303710094909406,0.13071770947475225,,0.01
BV-P,1,all_ens,0.05,TargetPAC-200,0.031764452113891284,0.0918727038071143,,0.0
BV-P,1,all_ens,0.1,ID-all,0.14106988783433994,0.3303668748137449,0.21730266662098224,
BV-P,1,all_ens,0.1,ID,0.14106988783433994,0.3303668748137449,,1.0
BV-P,1,all_ens,0.1,Target-50,0.09484037963761864,0.23177313300943592,,0.265
BV-P,1,all_ens,0.1,TargetPAC-50,0.03381147540983607,0.09537973868472527,,0.01
BV-P,1,all_ens,0.1,Target-100,0.0974050905953408,0.23846058312005755,,0.215
BV-P,1,all_ens,0.1,TargetPAC-100,0.054072476272648835,0.14632935974520642,,0.005
BV-P,1,all_ens,0.1,Target-200,0.09543572044866262,0.2341228765685104,,0.05
BV-P,1,all_ens,0.1,TargetPAC-200,0.07115401207937877,0.18664605429240758,,0.005
BV-P,1,all_ens,0.2,ID-all,0.2886108714408973,0.5363983316814143,0.21730266662098224,
BV-P,1,all_ens,0.2,ID,0.28861087144089737,0.536398331681414,,1.0
BV-P,1,all_ens,0.2,Target-50,0.18619499568593617,0.3936142732863206,,0.215
BV-P,1,all_ens,0.2,TargetPAC-50,0.10856557377049182,0.25903971792438957,,0.01
BV-P,1,all_ens,0.2,Target-100,0.18636108714408978,0.39786478956294746,,0.15
BV-P,1,all_ens,0.2,TargetPAC-100,0.14185720448662642,0.3241255365239876,,0.015
BV-P,1,all_ens,0.2,Target-200,0.1809965487489215,0.39114746444267,,0.015
BV-P,1,all_ens,0.2,TargetPAC-200,0.15471311475409835,0.3510738914179347,,0.0
BV-P,1,fmt_gb,0.05,ID-all,0.05565142364106989,0.3395906951430469,0.1949847839697486,
BV-P,1,fmt_gb,0.05,ID,0.05565142364106989,0.33959069514304685,,0.0
BV-P,1,fmt_gb,0.05,Target-50,0.039710957722174284,0.23107126960195187,,0.165
BV-P,1,fmt_gb,0.05,TargetPAC-50,0.016458153580672995,0.10411017861277873,,0.025
BV-P,1,fmt_gb,0.05,Target-100,0.053418895599654875,0.30472110391864443,,0.225
BV-P,1,fmt_gb,0.05,TargetPAC-100,0.017823554788610873,0.11948843550304299,,0.005
BV-P,1,fmt_gb,0.05,Target-200,0.05363028472821398,0.3202312678829835,,0.105
BV-P,1,fmt_gb,0.05,TargetPAC-200,0.026645815358067305,0.17549025185139314,,0.005
BV-P,1,fmt_gb,0.1,ID-all,0.14797238999137188,0.5765407380687768,0.1949847839697486,
BV-P,1,fmt_gb,0.1,ID,0.14797238999137188,0.5765407380687769,,1.0
BV-P,1,fmt_gb,0.1,Target-50,0.10522433132010352,0.47957181540242694,,0.29
BV-P,1,fmt_gb,0.1,TargetPAC-50,0.04281061259706643,0.2456929608617447,,0.005
BV-P,1,fmt_gb,0.1,Target-100,0.10854400345125108,0.49267117457824805,,0.3
BV-P,1,fmt_gb,0.1,TargetPAC-100,0.07056298533218291,0.37958146879790067,,0.02
BV-P,1,fmt_gb,0.1,Target-200,0.11152933563416738,0.5048161112686478,,0.31
BV-P,1,fmt_gb,0.1,TargetPAC-200,0.0869909404659189,0.43921187288312113,,0.015
BV-P,1,fmt_gb,0.2,ID-all,0.3244176013805004,0.8380944650963595,0.1949847839697486,
BV-P,1,fmt_gb,0.2,ID,0.3244176013805004,0.8380944650963597,,1.0
BV-P,1,fmt_gb,0.2,Target-50,0.193867558239862,0.6508736777884221,,0.325
BV-P,1,fmt_gb,0.2,TargetPAC-50,0.11805435720448662,0.5099835041209424,,0.01
BV-P,1,fmt_gb,0.2,Target-100,0.19672562553925796,0.6575083703752642,,0.325
BV-P,1,fmt_gb,0.2,TargetPAC-100,0.15095340811044003,0.5807696484219638,,0.015
BV-P,1,fmt_gb,0.2,Target-200,0.19355478861087141,0.653056473310927,,0.18
BV-P,1,fmt_gb,0.2,TargetPAC-200,0.16254961173425364,0.6024393944830387,,0.0
BV-P,1,ft_cb,0.05,ID-all,0.04788610871440897,0.107302118656477,0.20470466573013585,
BV-P,1,ft_cb,0.05,ID,0.047886108714408966,0.10730211865647704,,0.0
BV-P,1,ft_cb,0.05,Target-50,0.042840811044003446,0.09221823603520068,,0.145
BV-P,1,ft_cb,0.05,TargetPAC-50,0.01881363244176014,0.03650163986114181,,0.025
BV-P,1,ft_cb,0.05,Target-100,0.04838654012079379,0.10705420027922045,,0.12
BV-P,1,ft_cb,0.05,TargetPAC-100,0.020560828300258845,0.040395385815718506,,0.005
BV-P,1,ft_cb,0.05,Target-200,0.046024590163934426,0.10309860073767588,,0.03
BV-P,1,ft_cb,0.05,TargetPAC-200,0.027827868852459015,0.05788536957313979,,0.005
BV-P,1,ft_cb,0.1,ID-all,0.12165660051768766,0.26788739032349984,0.20470466573013585,
BV-P,1,ft_cb,0.1,ID,0.12165660051768765,0.2678873903234998,,1.0
BV-P,1,ft_cb,0.1,Target-50,0.10290336496980154,0.2216181755776564,,0.345
BV-P,1,ft_cb,0.1,TargetPAC-50,0.037871009490940466,0.08100895628695673,,0.0
BV-P,1,ft_cb,0.1,Target-100,0.09890207075064712,0.21607464402454923,,0.21
BV-P,1,ft_cb,0.1,TargetPAC-100,0.06303494391716997,0.13921475652125775,,0.025
BV-P,1,ft_cb,0.1,Target-200,0.10242881794650559,0.2244150632341332,,0.18
BV-P,1,ft_cb,0.1,TargetPAC-200,0.0749913718723037,0.16577838452425983,,0.01
BV-P,1,ft_cb,0.2,ID-all,0.2786885245901639,0.5073531672260583,0.20470466573013585,
BV-P,1,ft_cb,0.2,ID,0.27868852459016397,0.5073531672260582,,1.0
BV-P,1,ft_cb,0.2,Target-50,0.2051035375323555,0.39881834582897907,,0.445
BV-P,1,ft_cb,0.2,TargetPAC-50,0.11763589301121655,0.24929457244646408,,0.03
BV-P,1,ft_cb,0.2,Target-100,0.20234900776531492,0.39640320821975,,0.315
BV-P,1,ft_cb,0.2,TargetPAC-100,0.1540207075064711,0.3199461647954021,,0.055
BV-P,1,ft_cb,0.2,Target-200,0.20806729939603108,0.40539909042071487,,0.325
BV-P,1,ft_cb,0.2,TargetPAC-200,0.17251725625539258,0.3525403176221949,,0.025
BV-P,1,ft_tf_ens,0.05,ID-all,0.03968938740293356,0.12476966225540753,0.2573814099668892,
BV-P,1,ft_tf_ens,0.05,ID,0.039689387402933554,0.12476966225540753,,0.0
BV-P,1,ft_tf_ens,0.05,Target-50,0.04034081104400345,0.11779267377157883,,0.09
BV-P,1,ft_tf_ens,0.05,TargetPAC-50,0.020828300258843836,0.06550248372251519,,0.015
BV-P,1,ft_tf_ens,0.05,Target-100,0.04672778257118206,0.13714828490066147,,0.09
BV-P,1,ft_tf_ens,0.05,TargetPAC-100,0.021788179465056085,0.06981793712468778,,0.0
BV-P,1,ft_tf_ens,0.05,Target-200,0.044695858498705776,0.13376154917863442,,0.01
BV-P,1,ft_tf_ens,0.05,TargetPAC-200,0.03130500431406385,0.09810710341273253,,0.0
BV-P,1,ft_tf_ens,0.1,ID-all,0.12251941328731665,0.2923044206255057,0.2573814099668892,
BV-P,1,ft_tf_ens,0.1,ID,0.12251941328731665,0.2923044206255057,,1.0
BV-P,1,ft_tf_ens,0.1,Target-50,0.09226272648835204,0.23320745304235482,,0.24
BV-P,1,ft_tf_ens,0.1,TargetPAC-50,0.0383541846419327,0.11378606406404462,,0.005
BV-P,1,ft_tf_ens,0.1,Target-100,0.0863244176013805,0.223187379178313,,0.11
BV-P,1,ft_tf_ens,0.1,TargetPAC-100,0.050990077653149266,0.14727551525446952,,0.01
BV-P,1,ft_tf_ens,0.1,Target-200,0.08952545297670406,0.23156502172650725,,0.04
BV-P,1,ft_tf_ens,0.1,TargetPAC-200,0.06472389991371873,0.17871399898657853,,0.01
BV-P,1,ft_tf_ens,0.2,ID-all,0.2886108714408973,0.544987336115398,0.2573814099668892,
BV-P,1,ft_tf_ens,0.2,ID,0.28861087144089737,0.5449873361153978,,1.0
BV-P,1,ft_tf_ens,0.2,Target-50,0.18159620362381365,0.3960729627983142,,0.155
BV-P,1,ft_tf_ens,0.2,TargetPAC-50,0.1106190681622088,0.2700357573413886,,0.005
BV-P,1,ft_tf_ens,0.2,Target-100,0.18586712683347714,0.4084233165037832,,0.075
BV-P,1,ft_tf_ens,0.2,TargetPAC-100,0.14433563416738568,0.33508231382566467,,0.005
BV-P,1,ft_tf_ens,0.2,Target-200,0.18335634167385678,0.40680141308723067,,0.04
BV-P,1,ft_tf_ens,0.2,TargetPAC-200,0.1600798101811907,0.36505019303252795,,0.0
BV-P,2,cb_lr,0.05,ID-all,0.02030456852791878,0.11235389529908064,0.13173932101296607,
BV-P,2,cb_lr,0.05,ID,0.021040609137055837,0.12059239785773027,,0.0
BV-P,2,cb_lr,0.05,Target-50,0.03093908629441625,0.17009951006450286,,0.025
BV-P,2,cb_lr,0.05,TargetPAC-50,0.01713197969543147,0.10834635069054965,,0.0
BV-P,2,cb_lr,0.05,Target-100,0.03284263959390863,0.18613529787036373,,0.0
BV-P,2,cb_lr,0.05,TargetPAC-100,0.02116751269035533,0.12651101352718397,,0.0
BV-P,2,cb_lr,0.1,ID-all,0.03807106598984772,0.21046752197499702,0.13173932101296607,
BV-P,2,cb_lr,0.1,ID,0.03848984771573604,0.21295046786114896,,0.0
BV-P,2,cb_lr,0.1,Target-50,0.08543147208121826,0.30861518684075323,,0.21
BV-P,2,cb_lr,0.1,TargetPAC-50,0.028388324873096445,0.160610420183391,,0.0
BV-P,2,cb_lr,0.1,Target-100,0.07753807106598985,0.3060278169396633,,0.075
BV-P,2,cb_lr,0.1,TargetPAC-100,0.03923857868020304,0.21167030047159607,,0.0
BV-P,2,cb_lr,0.2,ID-all,0.09898477157360407,0.3436562286618735,0.13173932101296607,
BV-P,2,cb_lr,0.2,ID,0.09954314720812181,0.3474555955756189,,0.0
BV-P,2,cb_lr,0.2,Target-50,0.22520304568527919,0.5095853927397105,,0.56
BV-P,2,cb_lr,0.2,TargetPAC-50,0.10961928934010153,0.3502846145245122,,0.045
BV-P,2,cb_lr,0.2,Target-100,0.23736040609137057,0.52524409841898,,0.72
BV-P,2,cb_lr,0.2,TargetPAC-100,0.15746192893401015,0.42326222115586776,,0.05
BV-P,2,cb_gb,0.05,ID-all,0.025380710659898477,0.14553919360410997,0.19635762057605022,
BV-P,2,cb_gb,0.05,ID,0.024073604060913703,0.1466975489741352,,0.0
BV-P,2,cb_gb,0.05,Target-50,0.033718274111675134,0.19854444316555195,,0.01
BV-P,2,cb_gb,0.05,TargetPAC-50,0.019035532994923856,0.120900615312972,,0.0
BV-P,2,cb_gb,0.05,Target-100,0.04093908629441624,0.24420972075773165,,0.0
BV-P,2,cb_gb,0.05,TargetPAC-100,0.0191751269035533,0.11884529091516324,,0.0
BV-P,2,cb_gb,0.1,ID-all,0.048223350253807105,0.2705651038401213,0.19635762057605022,
BV-P,2,cb_gb,0.1,ID,0.0475253807106599,0.27268680666075046,,0.0
BV-P,2,cb_gb,0.1,Target-50,0.07096446700507614,0.37537118464269936,,0.06
BV-P,2,cb_gb,0.1,TargetPAC-50,0.03467005076142132,0.20440206761569563,,0.0
BV-P,2,cb_gb,0.1,Target-100,0.06815989847715737,0.3856922228108738,,0.0
BV-P,2,cb_gb,0.1,TargetPAC-100,0.04753807106598986,0.27757254682060334,,0.0
BV-P,2,cb_gb,0.2,ID-all,0.06852791878172589,0.3970332823153042,0.19635762057605022,
BV-P,2,cb_gb,0.2,ID,0.0707741116751269,0.4040137305816572,,0.0
BV-P,2,cb_gb,0.2,Target-50,0.20163705583756347,0.5666997661126103,,0.485
BV-P,2,cb_gb,0.2,TargetPAC-50,0.09076142131979696,0.4213941169984119,,0.01
BV-P,2,cb_gb,0.2,Target-100,0.2047842639593909,0.571466653904494,,0.39
BV-P,2,cb_gb,0.2,TargetPAC-100,0.11770304568527917,0.4768440459624652,,0.015
BV-P,2,tf_lr,0.05,ID-all,0.030456852791878174,0.15676894030186914,0.15548689959419143,
BV-P,2,tf_lr,0.05,ID,0.028121827411167512,0.15205805038990763,,0.0
BV-P,2,tf_lr,0.05,Target-50,0.037779187817258884,0.1722425325835037,,0.12
BV-P,2,tf_lr,0.05,TargetPAC-50,0.015723350253807108,0.09897668440806505,,0.02
BV-P,2,tf_lr,0.05,Target-100,0.04926395939086294,0.21313241900452484,,0.09
BV-P,2,tf_lr,0.05,TargetPAC-100,0.014162436548223349,0.10212980595176308,,0.0
BV-P,2,tf_lr,0.1,ID-all,0.07106598984771574,0.27640373392238055,0.15548689959419143,
BV-P,2,tf_lr,0.1,ID,0.0715482233502538,0.2771255440476963,,0.0
BV-P,2,tf_lr,0.1,Target-50,0.1201015228426396,0.3765007710698157,,0.515
BV-P,2,tf_lr,0.1,TargetPAC-50,0.03818527918781726,0.17443472161046714,,0.025
BV-P,2,tf_lr,0.1,Target-100,0.12204314720812183,0.38896283025277,,0.545
BV-P,2,tf_lr,0.1,TargetPAC-100,0.05939086294416244,0.24187150855893813,,0.01
BV-P,2,tf_lr,0.2,ID-all,0.1802030456852792,0.4919671021013488,0.15548689959419143,
BV-P,2,tf_lr,0.2,ID,0.18656091370558378,0.4955838696557609,,0.045
BV-P,2,tf_lr,0.2,Target-50,0.22298223350253807,0.5363393411187123,,0.625
BV-P,2,tf_lr,0.2,TargetPAC-50,0.14738578680203046,0.4309091368310149,,0.05
BV-P,2,tf_lr,0.2,Target-100,0.2309390862944162,0.5441207803574121,,0.785
BV-P,2,tf_lr,0.2,TargetPAC-100,0.17841370558375635,0.4882085687353835,,0.06
BV-P,2,tf_gb,0.05,ID-all,0.01015228426395939,0.12282772931446749,0.12600568414801408,
BV-P,2,tf_gb,0.05,ID,0.011230964467005077,0.1293189545114577,,0.0
BV-P,2,tf_gb,0.05,Target-50,0.03918781725888325,0.25233259884669157,,0.065
BV-P,2,tf_gb,0.05,TargetPAC-50,0.019302030456852793,0.15450583774403678,,0.005
BV-P,2,tf_gb,0.05,Target-100,0.050494923857868024,0.2974165861655244,,0.045
BV-P,2,tf_gb,0.05,TargetPAC-100,0.0175253807106599,0.16801440739073847,,0.0
BV-P,2,tf_gb,0.1,ID-all,0.027918781725888325,0.22407786336285102,0.12600568414801408,
BV-P,2,tf_gb,0.1,ID,0.02921319796954315,0.22691792496548607,,0.0
BV-P,2,tf_gb,0.1,Target-50,0.10318527918781725,0.39969456580667667,,0.405
BV-P,2,tf_gb,0.1,TargetPAC-50,0.04162436548223351,0.2582560835149354,,0.015
BV-P,2,tf_gb,0.1,Target-100,0.1075507614213198,0.4133590361350764,,0.385
BV-P,2,tf_gb,0.1,TargetPAC-100,0.059911167512690364,0.3208745912143089,,0.005
BV-P,2,tf_gb,0.2,ID-all,0.10406091370558376,0.4113431080640416,0.12600568414801408,
BV-P,2,tf_gb,0.2,ID,0.1041751269035533,0.41081557115584005,,0.0
BV-P,2,tf_gb,0.2,Target-50,0.1973984771573604,0.5279730598821198,,0.245
BV-P,2,tf_gb,0.2,TargetPAC-50,0.12864213197969543,0.4382434312309125,,0.005
BV-P,2,tf_gb,0.2,Target-100,0.2065736040609137,0.5382849716912272,,0.17
BV-P,2,tf_gb,0.2,TargetPAC-100,0.15663705583756346,0.47962351971096323,,0.0
BV-P,2,cb_ens,0.05,ID-all,0.017766497461928935,0.14672949094915735,0.17856284377076764,
BV-P,2,cb_ens,0.05,ID,0.019086294416243654,0.14488957515285583,,0.0
BV-P,2,cb_ens,0.05,Target-50,0.031281725888324875,0.21901466803661926,,0.105
BV-P,2,cb_ens,0.05,TargetPAC-50,0.014505076142131978,0.12506684161142026,,0.015
BV-P,2,cb_ens,0.05,Target-100,0.0350253807106599,0.25527033135440813,,0.05
BV-P,2,cb_ens,0.05,TargetPAC-100,0.015,0.13114486800245895,,0.0
BV-P,2,cb_ens,0.1,ID-all,0.030456852791878174,0.25870542990705186,0.17856284377076764,
BV-P,2,cb_ens,0.1,ID,0.03293147208121828,0.2580598214116829,,0.0
BV-P,2,cb_ens,0.1,Target-50,0.08243654822335024,0.3724983220221371,,0.065
BV-P,2,cb_ens,0.1,TargetPAC-50,0.02926395939086295,0.2106654952166163,,0.005
BV-P,2,cb_ens,0.1,Target-100,0.08714467005076142,0.3860935464331473,,0.005
BV-P,2,cb_ens,0.1,TargetPAC-100,0.04875634517766497,0.2997689206163801,,0.0
BV-P,2,cb_ens,0.2,ID-all,0.09644670050761421,0.4031238832916875,0.17856284377076764,
BV-P,2,cb_ens,0.2,ID,0.09147208121827412,0.3974037464504907,,0.0
BV-P,2,cb_ens,0.2,Target-50,0.18491116751269032,0.5323637820100909,,0.23
BV-P,2,cb_ens,0.2,TargetPAC-50,0.09843908629441624,0.4059985908922647,,0.02
BV-P,2,cb_ens,0.2,Target-100,0.19148477157360408,0.5477845260479799,,0.135
BV-P,2,cb_ens,0.2,TargetPAC-100,0.12371827411167512,0.45602609558686713,,0.0
BV-P,2,tf_ens,0.05,ID-all,0.015228426395939087,0.14974001287456248,0.07306675338998629,
BV-P,2,tf_ens,0.05,ID,0.01578680203045685,0.14871699970313962,,0.0
BV-P,2,tf_ens,0.05,Target-50,0.03906091370558376,0.23823554020352972,,0.18
BV-P,2,tf_ens,0.05,TargetPAC-50,0.015203045685279188,0.12557196371523235,,0.03
BV-P,2,tf_ens,0.05,Target-100,0.04870558375634518,0.28620884778994954,,0.205
BV-P,2,tf_ens,0.05,TargetPAC-100,0.018045685279187818,0.15024055506863504,,0.0
BV-P,2,tf_ens,0.1,ID-all,0.0532994923857868,0.30061389477268347,0.07306675338998629,
BV-P,2,tf_ens,0.1,ID,0.05098984771573604,0.29487705855070956,,0.0
BV-P,2,tf_ens,0.1,Target-50,0.11046954314720814,0.41774604562045964,,0.375
BV-P,2,tf_ens,0.1,TargetPAC-50,0.038439086294416246,0.23967099096562794,,0.01
BV-P,2,tf_ens,0.1,Target-100,0.10899746192893402,0.4269962422258223,,0.305
BV-P,2,tf_ens,0.1,TargetPAC-100,0.057005076142131975,0.310089736616328,,0.005
BV-P,2,tf_ens,0.2,ID-all,0.14720812182741116,0.4856245302308413,0.07306675338998629,
BV-P,2,tf_ens,0.2,ID,0.1460532994923858,0.4783218748220289,,0.0
BV-P,2,tf_ens,0.2,Target-50,0.20413705583756342,0.5433549453634808,,0.32
BV-P,2,tf_ens,0.2,TargetPAC-50,0.1270304568527919,0.4441620008218715,,0.01
BV-P,2,tf_ens,0.2,Target-100,0.20478426395939084,0.5500129434768186,,0.255
BV-P,2,tf_ens,0.2,TargetPAC-100,0.17401015228426395,0.5110825195145202,,0.0
BV-P,2,all_ens,0.05,ID-all,0.01015228426395939,0.17458010096017562,0.15686551758268172,
BV-P,2,all_ens,0.05,ID,0.01027918781725888,0.17540189214937021,,0.0
BV-P,2,all_ens,0.05,Target-50,0.02903553299492386,0.2514679587106096,,0.02
BV-P,2,all_ens,0.05,TargetPAC-50,0.010507614213197968,0.15285390156313575,,0.0
BV-P,2,all_ens,0.05,Target-100,0.03918781725888325,0.29549878156027093,,0.0
BV-P,2,all_ens,0.05,TargetPAC-100,0.008020304568527918,0.15559249880239123,,0.0
BV-P,2,all_ens,0.1,ID-all,0.03807106598984772,0.28888020628667604,0.15686551758268172,
BV-P,2,all_ens,0.1,ID,0.03903553299492386,0.2985414758531714,,0.0
BV-P,2,all_ens,0.1,Target-50,0.09315989847715737,0.4011180340564177,,0.405
BV-P,2,all_ens,0.1,TargetPAC-50,0.028083756345177666,0.24542214381811792,,0.01
BV-P,2,all_ens,0.1,Target-100,0.08916243654822335,0.40407963815505565,,0.35
BV-P,2,all_ens,0.1,TargetPAC-100,0.04827411167512691,0.315560821807104,,0.015
BV-P,2,all_ens,0.2,ID-all,0.12690355329949238,0.4610928413608411,0.15686551758268172,
BV-P,2,all_ens,0.2,ID,0.12838832487309645,0.4613390507528582,,0.0
BV-P,2,all_ens,0.2,Target-50,0.2070304568527919,0.5594085024199713,,0.36
BV-P,2,all_ens,0.2,TargetPAC-50,0.11880710659898476,0.4413935861756089,,0.01
BV-P,2,all_ens,0.2,Target-100,0.20815989847715735,0.5627578986850045,,0.345
BV-P,2,all_ens,0.2,TargetPAC-100,0.16133248730964467,0.5016474777582437,,0.005
BV-P,2,fmt_gb,0.05,ID-all,0.03553299492385787,0.6322017781247681,0.15056629385065678,
BV-P,2,fmt_gb,0.05,ID,0.03581218274111675,0.6259504630474417,,0.0
BV-P,2,fmt_gb,0.05,Target-50,0.03275380710659898,0.5509459021398032,,0.115
BV-P,2,fmt_gb,0.05,TargetPAC-50,0.01232233502538071,0.3073542391043435,,0.015
BV-P,2,fmt_gb,0.05,Target-100,0.04723350253807107,0.6493668537676441,,0.085
BV-P,2,fmt_gb,0.05,TargetPAC-100,0.012347715736040609,0.370587487587752,,0.0
BV-P,2,fmt_gb,0.1,ID-all,0.06852791878172589,0.7153887806207209,0.15056629385065678,
BV-P,2,fmt_gb,0.1,ID,0.07001269035532995,0.7173522277991637,,0.0
BV-P,2,fmt_gb,0.1,Target-50,0.08463197969543147,0.7411625982355994,,0.145
BV-P,2,fmt_gb,0.1,TargetPAC-50,0.03376903553299492,0.5506120741655007,,0.005
BV-P,2,fmt_gb,0.1,Target-100,0.08341370558375635,0.7451325371946299,,0.03
BV-P,2,fmt_gb,0.1,TargetPAC-100,0.06053299492385787,0.6927540891916835,,0.0
BV-P,2,fmt_gb,0.2,ID-all,0.13959390862944163,0.814579847998707,0.15056629385065678,
BV-P,2,fmt_gb,0.2,ID,0.1451522842639594,0.8192625489860893,,0.01
BV-P,2,fmt_gb,0.2,Target-50,0.17069796954314723,0.8342998598758997,,0.175
BV-P,2,fmt_gb,0.2,TargetPAC-50,0.09676395939086295,0.7592037896634736,,0.0
BV-P,2,fmt_gb,0.2,Target-100,0.16690355329949239,0.8324491627251343,,0.05
BV-P,2,fmt_gb,0.2,TargetPAC-100,0.12864213197969543,0.8022978419531758,,0.0
BV-T,0,cb_lr,0.05,ID-all,0.06288873531444368,0.18118638244511934,0.06799716094809391,
BV-T,0,cb_lr,0.05,ID,0.0628887353144437,0.1811863824451194,,0.0
BV-T,0,cb_lr,0.05,Target-50,0.03130960608154803,0.09396328795982171,,0.09
BV-T,0,cb_lr,0.05,TargetPAC-50,0.013666205943331029,0.04357204305152505,,0.015
BV-T,0,cb_lr,0.05,Target-100,0.03962681409813406,0.11748061961672071,,0.095
BV-T,0,cb_lr,0.05,TargetPAC-100,0.01283690393918452,0.042391615335556077,,0.0
BV-T,0,cb_lr,0.05,Target-200,0.041071181755355915,0.12307290679661541,,0.025
BV-T,0,cb_lr,0.05,TargetPAC-200,0.021537664132688317,0.07073251104822682,,0.0
BV-T,0,cb_lr,0.1,ID-all,0.11057360055286801,0.2787359846443423,0.06799716094809391,
BV-T,0,cb_lr,0.1,ID,0.11057360055286798,0.2787359846443423,,0.0
BV-T,0,cb_lr,0.1,Target-50,0.09069799585348999,0.23623659779711847,,0.155
BV-T,0,cb_lr,0.1,TargetPAC-50,0.03180373185901866,0.09551366593298839,,0.01
BV-T,0,cb_lr,0.1,Target-100,0.09065998617829994,0.2364514345398038,,0.1
BV-T,0,cb_lr,0.1,TargetPAC-100,0.048904630269523144,0.1416577315847747,,0.0
BV-T,0,cb_lr,0.1,Target-200,0.09083966827919834,0.23728038842580815,,0.045
BV-T,0,cb_lr,0.1,TargetPAC-200,0.06455079474775398,0.18035513115520607,,0.0
BV-T,0,cb_lr,0.2,ID-all,0.2121630960608155,0.4685794056864886,0.06799716094809391,
BV-T,0,cb_lr,0.2,ID,0.2121630960608155,0.46857940568648865,,0.0
BV-T,0,cb_lr,0.2,Target-50,0.1764685556323428,0.40596101005689705,,0.155
BV-T,0,cb_lr,0.2,TargetPAC-50,0.10645473393227368,0.2709198512890558,,0.01
BV-T,0,cb_lr,0.2,Target-100,0.16983413959917068,0.40046254135073567,,0.05
BV-T,0,cb_lr,0.2,TargetPAC-100,0.13020732550103664,0.3234023145532291,,0.0
BV-T,0,cb_lr,0.2,Target-200,0.1729889426399447,0.4095677698192685,,0.025
BV-T,0,cb_lr,0.2,TargetPAC-200,0.14259502418797512,0.35176221654447604,,0.0
BV-T,0,cb_gb,0.05,ID-all,0.0304077401520387,0.13974382151410095,0.06654027904891761,
BV-T,0,cb_gb,0.05,ID,0.03040774015203869,0.13974382151410095,,0.0
BV-T,0,cb_gb,0.05,Target-50,0.02151347615756738,0.09865349459198597,,0.045
BV-T,0,cb_gb,0.05,TargetPAC-50,0.007664132688320663,0.045369592269390455,,0.005
BV-T,0,cb_gb,0.05,Target-100,0.028389771941948857,0.12621704792812494,,0.015
BV-T,0,cb_gb,0.05,TargetPAC-100,0.006378714581893572,0.0438253306993594,,0.0
BV-T,0,cb_gb,0.05,Target-200,0.02734623358673117,0.1277394223978283,,0.005
BV-T,0,cb_gb,0.05,TargetPAC-200,0.010058742225293711,0.0645762303420329,,0.0
BV-T,0,cb_gb,0.1,ID-all,0.07118175535590877,0.2366575115364457,0.06654027904891761,
BV-T,0,cb_gb,0.1,ID,0.07118175535590877,0.2366575115364457,,0.0
BV-T,0,cb_gb,0.1,Target-50,0.07943331029716655,0.2466995843632651,,0.265
BV-T,0,cb_gb,0.1,TargetPAC-50,0.01856945404284727,0.08935957761991559,,0.0
BV-T,0,cb_gb,0.1,Target-100,0.07532135452660677,0.24154012099237554,,0.135
BV-T,0,cb_gb,0.1,TargetPAC-100,0.038666205943331027,0.15524093300544328,,0.005
BV-T,0,cb_gb,0.1,Target-200,0.07563579820317899,0.24354284942025495,,0.075
BV-T,0,cb_gb,0.1,TargetPAC-200,0.0514512785072564,0.19030530773595217,,0.01
BV-T,0,cb_gb,0.2,ID-all,0.20870767104353835,0.49505901466676006,0.06654027904891761,
BV-T,0,cb_gb,0.2,ID,0.20870767104353835,0.49505901466676,,0.0
BV-T,0,cb_gb,0.2,Target-50,0.17349689011748445,0.4311818633315635,,0.125
BV-T,0,cb_gb,0.2,TargetPAC-50,0.1003939184519696,0.2914391001929926,,0.01
BV-T,0,cb_gb,0.2,Target-100,0.17547684865238422,0.43889036065022013,,0.045
BV-T,0,cb_gb,0.2,TargetPAC-100,0.13635107118175538,0.3655510183347136,,0.0
BV-T,0,cb_gb,0.2,Target-200,0.17934692467173463,0.44630316360403244,,0.01
BV-T,0,cb_gb,0.2,TargetPAC-200,0.1496095369730477,0.3926596602241558,,0.0
BV-T,0,tf_lr,0.05,ID-all,0.05943331029716655,0.18775086110110314,0.25168101757597267,
BV-T,0,tf_lr,0.05,ID,0.059433310297166565,0.18775086110110314,,0.0
BV-T,0,tf_lr,0.05,Target-50,0.04161713890808571,0.1351457323136231,,0.12
BV-T,0,tf_lr,0.05,TargetPAC-50,0.023241188666205944,0.07846389535780104,,0.03
BV-T,0,tf_lr,0.05,Target-100,0.05080165860400829,0.1662284705593619,,0.165
BV-T,0,tf_lr,0.05,TargetPAC-100,0.02349689011748445,0.0805837844445404,,0.005
BV-T,0,tf_lr,0.05,Target-200,0.051447823082239115,0.1695348267646679,,0.11
BV-T,0,tf_lr,0.05,TargetPAC-200,0.032968210089841056,0.11609723197770498,,0.005
BV-T,0,tf_lr,0.1,ID-all,0.14167242570836214,0.37019063242701505,0.25168101757597267,
BV-T,0,tf_lr,0.1,ID,0.14167242570836214,0.37019063242701505,,1.0
BV-T,0,tf_lr,0.1,Target-50,0.09279889426399446,0.2627591817354157,,0.14
BV-T,0,tf_lr,0.1,TargetPAC-50,0.03964754664823773,0.12948783650403367,,0.015
BV-T,0,tf_lr,0.1,Target-100,0.09331375259156875,0.26529755926572884,,0.12
BV-T,0,tf_lr,0.1,TargetPAC-100,0.06261575673807879,0.19531696783559266,,0.02
BV-T,0,tf_lr,0.1,Target-200,0.09496199032480995,0.26831099926055807,,0.075
BV-T,0,tf_lr,0.1,TargetPAC-200,0.07529371112646856,0.22620263412440295,,0.005
BV-T,0,tf_lr,0.2,ID-all,0.32688320663441606,0.6177799992273404,0.25168101757597267,
BV-T,0,tf_lr,0.2,ID,0.326883206634416,0.6177799992273404,,1.0
BV-T,0,tf_lr,0.2,Target-50,0.17403939184519693,0.4242253174328441,,0.105
BV-T,0,tf_lr,0.2,TargetPAC-50,0.11230131306150656,0.3056925277572724,,0.0
BV-T,0,tf_lr,0.2,Target-100,0.17651347615756738,0.4302626275251502,,0.085
BV-T,0,tf_lr,0.2,TargetPAC-100,0.13281617138908086,0.3501053329923068,,0.0
BV-T,0,tf_lr,0.2,Target-200,0.175984796129924,0.4325808056217916,,0.03
BV-T,0,tf_lr,0.2,TargetPAC-200,0.14808223911541119,0.38198050525675453,,0.0
BV-T,0,tf_gb,0.05,ID-all,0.029716655148583276,0.1320949085993683,0.05377388445805861,
BV-T,0,tf_gb,0.05,ID,0.029716655148583283,0.13209490859936832,,0.0
BV-T,0,tf_gb,0.05,Target-50,0.034861782999308914,0.1368839246693709,,0.045
BV-T,0,tf_gb,0.05,TargetPAC-50,0.016544574982722878,0.07302091318083861,,0.01
BV-T,0,tf_gb,0.05,Target-100,0.04393572909467865,0.1673110038021219,,0.085
BV-T,0,tf_gb,0.05,TargetPAC-100,0.018973738769868697,0.08359400738402364,,0.0
BV-T,0,tf_gb,0.05,Target-200,0.043033863165169314,0.16696165239495195,,0.03
BV-T,0,tf_gb,0.05,TargetPAC-200,0.028434692467173464,0.12071332990957295,,0.0
BV-T,0,tf_gb,0.1,ID-all,0.10020732550103663,0.31190142053754716,0.05377388445805861,
BV-T,0,tf_gb,0.1,ID,0.10020732550103667,0.3119014205375472,,0.0
BV-T,0,tf_gb,0.1,Target-50,0.08727712508638563,0.27345012714830225,,0.2
BV-T,0,tf_gb,0.1,TargetPAC-50,0.03585003455425017,0.14056749104725327,,0.0
BV-T,0,tf_gb,0.1,Target-100,0.08613683483068417,0.27333934424784545,,0.155
BV-T,0,tf_gb,0.1,TargetPAC-100,0.0483690393918452,0.1804846864362394,,0.005
BV-T,0,tf_gb,0.1,Target-200,0.08496544574982721,0.2720921480967081,,0.05
BV-T,0,tf_gb,0.1,TargetPAC-200,0.0631271596406358,0.2188568502498148,,0.005
BV-T,0,tf_gb,0.2,ID-all,0.21078092605390464,0.5083410578124068,0.05377388445805861,
BV-T,0,tf_gb,0.2,ID,0.21078092605390464,0.5083410578124069,,0.0
BV-T,0,tf_gb,0.2,Target-50,0.16920870767104354,0.4379246575253407,,0.2
BV-T,0,tf_gb,0.2,TargetPAC-50,0.09474429854872149,0.29093022459702933,,0.01
BV-T,0,tf_gb,0.2,Target-100,0.17073255010366276,0.44427210012590296,,0.12
BV-T,0,tf_gb,0.2,TargetPAC-100,0.12559087767795438,0.3600366540569378,,0.005
BV-T,0,tf_gb,0.2,Target-200,0.16509329647546647,0.4366499373941986,,0.055
BV-T,0,tf_gb,0.2,TargetPAC-200,0.13505183137525914,0.38132930536595033,,0.0
BV-T,0,cb_ens,0.05,ID-all,0.04768486523842433,0.17516003655122628,0.09803367638543865,
BV-T,0,cb_ens,0.05,ID,0.04768486523842432,0.1751600365512263,,0.0
BV-T,0,cb_ens,0.05,Target-50,0.02355908776779544,0.09548953957146257,,0.055
BV-T,0,cb_ens,0.05,TargetPAC-50,0.009661368348306842,0.04506457158687245,,0.005
BV-T,0,cb_ens,0.05,Target-100,0.030511402902557015,0.12573662288321874,,0.06
BV-T,0,cb_ens,0.05,TargetPAC-100,0.008434692467173462,0.04300191805585973,,0.0
BV-T,0,cb_ens,0.05,Target-200,0.028849343469246714,0.12410191244768345,,0.01
BV-T,0,cb_ens,0.05,TargetPAC-200,0.013317208016586042,0.07052068446733037,,0.0
BV-T,0,cb_ens,0.1,ID-all,0.09536973047684866,0.2894032038752198,0.09803367638543865,
BV-T,0,cb_ens,0.1,ID,0.09536973047684864,0.28940320387521984,,0.0
BV-T,0,cb_ens,0.1,Target-50,0.07668970283344852,0.23760598084331513,,0.135
BV-T,0,cb_ens,0.1,TargetPAC-50,0.023908085694540428,0.09757012929894242,,0.01
BV-T,0,cb_ens,0.1,Target-100,0.07708707671043538,0.24134075620774945,,0.06
BV-T,0,cb_ens,0.1,TargetPAC-100,0.04105390463026952,0.15374134988948515,,0.0
BV-T,0,cb_ens,0.1,Target-200,0.08195577055977886,0.2533411427070467,,0.025
BV-T,0,cb_ens,0.1,TargetPAC-200,0.0560573600552868,0.19412891953080463,,0.0
BV-T,0,cb_ens,0.2,ID-all,0.193503800967519,0.48493249488257256,0.09803367638543865,
BV-T,0,cb_ens,0.2,ID,0.19350380096751899,0.4849324948825726,,0.0
BV-T,0,cb_ens,0.2,Target-50,0.1798030407740152,0.446491275719939,,0.15
BV-T,0,cb_ens,0.2,TargetPAC-50,0.09863165169315825,0.2866525321787636,,0.0
BV-T,0,cb_ens,0.2,Target-100,0.17656185210780925,0.4434778391849173,,0.115
BV-T,0,cb_ens,0.2,TargetPAC-100,0.13407049067035245,0.3617901238577852,,0.01
BV-T,0,cb_ens,0.2,Target-200,0.18195231513476157,0.45745317234722555,,0.04
BV-T,0,cb_ens,0.2,TargetPAC-200,0.14737733241188666,0.3895469444332418,,0.005
BV-T,0,tf_ens,0.05,ID-all,0.05874222529371113,0.21524629581746632,0.11951568015838922,
BV-T,0,tf_ens,0.05,ID,0.05874222529371112,0.21524629581746627,,0.0
BV-T,0,tf_ens,0.05,Target-50,0.0394713199723566,0.14546830274172554,,0.05
BV-T,0,tf_ens,0.05,TargetPAC-50,0.022311679336558393,0.08590496651955547,,0.015
BV-T,0,tf_ens,0.05,Target-100,0.048096060815480304,0.17681173105592682,,0.03
BV-T,0,tf_ens,0.05,TargetPAC-100,0.02249827228749136,0.08835968952611128,,0.0
BV-T,0,tf_ens,0.05,Target-200,0.05343814789219074,0.19393301072856103,,0.025
BV-T,0,tf_ens,0.05,TargetPAC-200,0.030777470628887357,0.12164087004662796,,0.0
BV-T,0,tf_ens,0.1,ID-all,0.1465100207325501,0.40616084901459587,0.11951568015838922,
BV-T,0,tf_ens,0.1,ID,0.14651002073255007,0.40616084901459604,,1.0
BV-T,0,tf_ens,0.1,Target-50,0.08639599170697995,0.2734093179107442,,0.16
BV-T,0,tf_ens,0.1,TargetPAC-50,0.04218037318590187,0.15395980844324456,,0.01
BV-T,0,tf_ens,0.1,Target-100,0.08861091914305458,0.27976763520754755,,0.125
BV-T,0,tf_ens,0.1,TargetPAC-100,0.057971665514858335,0.20606905183418206,,0.005
BV-T,0,tf_ens,0.1,Target-200,0.08564270905321354,0.2728110810516165,,0.05
BV-T,0,tf_ens,0.1,TargetPAC-200,0.0678852798894264,0.23482013065397744,,0.0
BV-T,0,tf_ens,0.2,ID-all,0.253628196268141,0.5757778346958983,0.11951568015838922,
BV-T,0,tf_ens,0.2,ID,0.2536281962681409,0.5757778346958984,,1.0
BV-T,0,tf_ens,0.2,Target-50,0.1668866620594333,0.43835706129119467,,0.1
BV-T,0,tf_ens,0.2,TargetPAC-50,0.10072909467864548,0.30497459681516514,,0.0
BV-T,0,tf_ens,0.2,Target-100,0.16893227366966138,0.44659012533787207,,0.06
BV-T,0,tf_ens,0.2,TargetPAC-100,0.13207671043538355,0.37368123599732767,,0.005
BV-T,0,tf_ens,0.2,Target-200,0.17347961299239806,0.45761101949143224,,0.015
BV-T,0,tf_ens,0.2,TargetPAC-200,0.1432619212163096,0.3988653164172391,,0.0
BV-T,0,all_ens,0.05,ID-all,0.0414651002073255,0.1698725156181972,0.10985683333644633,
BV-T,0,all_ens,0.05,ID,0.04146510020732551,0.16987251561819725,,0.0
BV-T,0,all_ens,0.05,Target-50,0.028020041465100207,0.1131293908730004,,0.08
BV-T,0,all_ens,0.05,TargetPAC-50,0.0141085003455425,0.06151175767936237,,0.015
BV-T,0,all_ens,0.05,Target-100,0.03831375259156876,0.1530239874095863,,0.055
BV-T,0,all_ens,0.05,TargetPAC-100,0.014588804422944022,0.06525797129424596,,0.005
BV-T,0,all_ens,0.05,Target-200,0.036537664132688316,0.1530939750223118,,0.005
BV-T,0,all_ens,0.05,TargetPAC-200,0.022349689011748445,0.10068798012844027,,0.0
BV-T,0,all_ens,0.1,ID-all,0.1050449205252246,0.3282493763644328,0.10985683333644633,
BV-T,0,all_ens,0.1,ID,0.10504492052522461,0.32824937636443285,,0.0
BV-T,0,all_ens,0.1,Target-50,0.08493089149965445,0.2748756224334061,,0.185
BV-T,0,all_ens,0.1,TargetPAC-50,0.029599170697995857,0.12059101780830225,,0.005
BV-T,0,all_ens,0.1,Target-100,0.08120939875604699,0.2708030505294617,,0.065
BV-T,0,all_ens,0.1,TargetPAC-100,0.04636143745680719,0.17998380125495828,,0.0
BV-T,0,all_ens,0.1,Target-200,0.08344505874222528,0.27647415347966253,,0.025
BV-T,0,all_ens,0.1,TargetPAC-200,0.060825846579129234,0.22145019617500303,,0.005
BV-T,0,all_ens,0.2,ID-all,0.23151347615756737,0.5576936636450208,0.10985683333644633,
BV-T,0,all_ens,0.2,ID,0.23151347615756734,0.5576936636450209,,1.0
BV-T,0,all_ens,0.2,Target-50,0.1724015203870076,0.4574418213661407,,0.19
BV-T,0,all_ens,0.2,TargetPAC-50,0.09847615756738078,0.30869935620629524,,0.0
BV-T,0,all_ens,0.2,Target-100,0.17216309606081548,0.46076137768184666,,0.055
BV-T,0,all_ens,0.2,TargetPAC-100,0.12625777470628885,0.37151656456213134,,0.0
BV-T,0,all_ens,0.2,Target-200,0.1817519004837595,0.4791565735561856,,0.025
BV-T,0,all_ens,0.2,TargetPAC-200,0.14426053904630268,0.410689706879094,,0.0
BV-T,0,fmt_gb,0.05,ID-all,0.055286800276434005,0.5067728598489188,0.06867190272511627,
BV-T,0,fmt_gb,0.05,ID,0.05528680027643399,0.5067728598489188,,0.0
BV-T,0,fmt_gb,0.05,Target-50,0.0265411195577056,0.28331862924387285,,0.02
BV-T,0,fmt_gb,0.05,TargetPAC-50,0.013932273669661368,0.15365734697272868,,0.005
BV-T,0,fmt_gb,0.05,Target-100,0.03447477539737388,0.373534072969916,,0.015
BV-T,0,fmt_gb,0.05,TargetPAC-100,0.015359364201796821,0.17784599383421174,,0.0
BV-T,0,fmt_gb,0.05,Target-200,0.035715272978576365,0.39113853597818954,,0.005
BV-T,0,fmt_gb,0.05,TargetPAC-200,0.022819626814098135,0.2783352329971559,,0.0
BV-T,0,fmt_gb,0.1,ID-all,0.10366275051831375,0.6090426793269498,0.06867190272511627,
BV-T,0,fmt_gb,0.1,ID,0.10366275051831375,0.6090426793269498,,0.0
BV-T,0,fmt_gb,0.1,Target-50,0.0733966827919834,0.5320121924472039,,0.09
BV-T,0,fmt_gb,0.1,TargetPAC-50,0.027328956461644783,0.2973847238500485,,0.0
BV-T,0,fmt_gb,0.1,Target-100,0.07266758811333794,0.5373809092476012,,0.045
BV-T,0,fmt_gb,0.1,TargetPAC-100,0.042266758811333786,0.4210025645595204,,0.0
BV-T,0,fmt_gb,0.1,Target-200,0.07115756738078784,0.5389255231232646,,0.005
BV-T,0,fmt_gb,0.1,TargetPAC-200,0.05392536281962681,0.4824586092842813,,0.0
BV-T,0,fmt_gb,0.2,ID-all,0.1990324809951624,0.8337217096482347,0.06867190272511627,
BV-T,0,fmt_gb,0.2,ID,0.1990324809951624,0.8337217096482347,,0.0
BV-T,0,fmt_gb,0.2,Target-50,0.16529025570145126,0.75124116279807,,0.18
BV-T,0,fmt_gb,0.2,TargetPAC-50,0.096147201105736,0.593800632741412,,0.01
BV-T,0,fmt_gb,0.2,Target-100,0.15922252937111264,0.7531057418063714,,0.06
BV-T,0,fmt_gb,0.2,TargetPAC-100,0.12219073946095367,0.6638899136652675,,0.015
BV-T,0,fmt_gb,0.2,Target-200,0.1565549412577747,0.7530260438790896,,0.025
BV-T,0,fmt_gb,0.2,TargetPAC-200,0.13348997926744988,0.6944201307804068,,0.0
BV-T,0,ft_cb,0.05,ID-all,0.04284727021423635,0.2021567761360255,0.07621780384392686,
BV-T,0,ft_cb,0.05,ID,0.04284727021423636,0.2021567761360255,,0.0
BV-T,0,ft_cb,0.05,Target-50,0.02880442294402212,0.13612637129962166,,0.065
BV-T,0,ft_cb,0.05,TargetPAC-50,0.014094678645473393,0.07028251502373013,,0.01
BV-T,0,ft_cb,0.05,Target-100,0.03443331029716656,0.1693682488904749,,0.045
BV-T,0,ft_cb,0.05,TargetPAC-100,0.0135348997926745,0.07040702074512208,,0.005
BV-T,0,ft_cb,0.05,Target-200,0.03272287491361437,0.16833444845764706,,0.01
BV-T,0,ft_cb,0.05,TargetPAC-200,0.020646164478230825,0.11702461655489485,,0.0
BV-T,0,ft_cb,0.1,ID-all,0.08707671043538355,0.28899155273927685,0.07621780384392686,
BV-T,0,ft_cb,0.1,ID,0.08707671043538355,0.28899155273927685,,0.0
BV-T,0,ft_cb,0.1,Target-50,0.09030062197650311,0.28866248994717525,,0.225
BV-T,0,ft_cb,0.1,TargetPAC-50,0.0291085003455425,0.13819008777193556,,0.005
BV-T,0,ft_cb,0.1,Target-100,0.0838700760193504,0.2814286383990947,,0.115
BV-T,0,ft_cb,0.1,TargetPAC-100,0.04502764340013821,0.19763913132357416,,0.005
BV-T,0,ft_cb,0.1,Target-200,0.0810573600552868,0.27669536095053965,,0.04
BV-T,0,ft_cb,0.1,TargetPAC-200,0.05974775397373877,0.2368631231806485,,0.0
BV-T,0,ft_cb,0.2,ID-all,0.2156185210780926,0.49920936160674795,0.07621780384392686,
BV-T,0,ft_cb,0.2,ID,0.21561852107809262,0.49920936160674784,,0.0
BV-T,0,ft_cb,0.2,Target-50,0.19306841741534211,0.4601502259440105,,0.345
BV-T,0,ft_cb,0.2,TargetPAC-50,0.10405321354526606,0.31603581242561324,,0.015
BV-T,0,ft_cb,0.2,Target-100,0.1934001382170007,0.46576782239315423,,0.24
BV-T,0,ft_cb,0.2,TargetPAC-100,0.13672771250863858,0.3762535958369908,,0.035
BV-T,0,ft_cb,0.2,Target-200,0.1957878369039392,0.4717305557575321,,0.195
BV-T,0,ft_cb,0.2,TargetPAC-200,0.15327574291637872,0.40759055555302054,,0.015
BV-T,0,ft_tf_ens,0.05,ID-all,0.07947477539737388,0.25669142343308377,0.11038682082220437,
BV-T,0,ft_tf_ens,0.05,ID,0.0794747753973739,0.2566914234330837,,1.0
BV-T,0,ft_tf_ens,0.05,Target-50,0.035805114029025566,0.13502124043146155,,0.095
BV-T,0,ft_tf_ens,0.05,TargetPAC-50,0.018099516240497583,0.07558163166809201,,0.03
BV-T,0,ft_tf_ens,0.05,Target-100,0.04694540428472702,0.1741627188230214,,0.11
BV-T,0,ft_tf_ens,0.05,TargetPAC-100,0.01989633724948169,0.08332789748767132,,0.005
BV-T,0,ft_tf_ens,0.05,Target-200,0.050214236351071175,0.1836484805360717,,0.065
BV-T,0,ft_tf_ens,0.05,TargetPAC-200,0.0312992398064962,0.12705410538621442,,0.005
BV-T,0,ft_tf_ens,0.1,ID-all,0.11955770559778853,0.37231446126401774,0.11038682082220437,
BV-T,0,ft_tf_ens,0.1,ID,0.11955770559778854,0.3723144612640178,,0.0
BV-T,0,ft_tf_ens,0.1,Target-50,0.08822736696613685,0.28489870761828373,,0.15
BV-T,0,ft_tf_ens,0.1,TargetPAC-50,0.03701451278507256,0.14013327286075655,,0.005
BV-T,0,ft_tf_ens,0.1,Target-100,0.0902418797512094,0.2916131636337923,,0.105
BV-T,0,ft_tf_ens,0.1,TargetPAC-100,0.05674153420870767,0.20143336766570286,,0.0
BV-T,0,ft_tf_ens,0.1,Target-200,0.0911782999308915,0.29413585806806686,,0.045
BV-T,0,ft_tf_ens,0.1,TargetPAC-200,0.0698030407740152,0.23643238931857322,,0.0
BV-T,0,ft_tf_ens,0.2,ID-all,0.22598479612992398,0.5647409686442039,0.11038682082220437,
BV-T,0,ft_tf_ens,0.2,ID,0.22598479612992403,0.5647409686442038,,1.0
BV-T,0,ft_tf_ens,0.2,Target-50,0.173666205943331,0.4734674537279793,,0.155
BV-T,0,ft_tf_ens,0.2,TargetPAC-50,0.10672080165860402,0.3330521572154472,,0.005
BV-T,0,ft_tf_ens,0.2,Target-100,0.17365929509329647,0.4789232706550937,,0.11
BV-T,0,ft_tf_ens,0.2,TargetPAC-100,0.13324118866620593,0.40020566113951744,,0.01
BV-T,0,ft_tf_ens,0.2,Target-200,0.1739391845196959,0.48219533777589796,,0.03
BV-T,0,ft_tf_ens,0.2,TargetPAC-200,0.14509329647546648,0.42905589210797546,,0.0
BV-T,1,cb_lr,0.05,ID-all,0.05597788527988943,0.16737133990658015,0.07793875961230864,
BV-T,1,cb_lr,0.05,ID,0.05597788527988944,0.16737133990658015,,0.0
BV-T,1,cb_lr,0.05,Target-50,0.03087767795438839,0.09557020257006546,,0.075
BV-T,1,cb_lr,0.05,TargetPAC-50,0.014094678645473393,0.04592601776756276,,0.02
BV-T,1,cb_lr,0.05,Target-100,0.0419039391845197,0.12946072687456506,,0.06
BV-T,1,cb_lr,0.05,TargetPAC-100,0.011537664132688322,0.03881854595242062,,0.005
BV-T,1,cb_lr,0.05,Target-200,0.04173116793365583,0.13061630732451296,,0.025
BV-T,1,cb_lr,0.05,TargetPAC-200,0.02205597788527989,0.07349510531599485,,0.0
BV-T,1,cb_lr,0.1,ID-all,0.11817553559087768,0.31279333133209014,0.07793875961230864,
BV-T,1,cb_lr,0.1,ID,0.11817553559087772,0.3127933313320902,,0.0
BV-T,1,cb_lr,0.1,Target-50,0.08161022805805114,0.22682222376690028,,0.125
BV-T,1,cb_lr,0.1,TargetPAC-50,0.03207325501036627,0.1000679871784077,,0.005
BV-T,1,cb_lr,0.1,Target-100,0.08244298548721492,0.23204442298175196,,0.09
BV-T,1,cb_lr,0.1,TargetPAC-100,0.05048721492743608,0.15212876480729576,,0.0
BV-T,1,cb_lr,0.1,Target-200,0.08279889426399446,0.23577567574268862,,0.04
BV-T,1,cb_lr,0.1,TargetPAC-200,0.06323082239115412,0.18308358565274063,,0.0
BV-T,1,cb_lr,0.2,ID-all,0.21700069108500344,0.4778984919871551,0.07793875961230864,
BV-T,1,cb_lr,0.2,ID,0.2170006910850035,0.477898491987155,,0.0
BV-T,1,cb_lr,0.2,Target-50,0.175511402902557,0.4046468377924195,,0.17
BV-T,1,cb_lr,0.2,TargetPAC-50,0.1039253628196268,0.2761377028803378,,0.0
BV-T,1,cb_lr,0.2,Target-100,0.18,0.4151376508693005,,0.11
BV-T,1,cb_lr,0.2,TargetPAC-100,0.13166551485832756,0.3333766164896936,,0.0
BV-T,1,cb_lr,0.2,Target-200,0.1760573600552868,0.4098328355215504,,0.03
BV-T,1,cb_lr,0.2,TargetPAC-200,0.14516931582584658,0.35727733554020835,,0.005
BV-T,1,cb_gb,0.05,ID-all,0.053213545266067724,0.20267134005595414,0.11876649873870881,
BV-T,1,cb_gb,0.05,ID,0.053213545266067704,0.20267134005595416,,0.0
BV-T,1,cb_gb,0.05,Target-50,0.0264651002073255,0.11743939234762625,,0.06
BV-T,1,cb_gb,0.05,TargetPAC-50,0.009619903248099516,0.05208698981395801,,0.0
BV-T,1,cb_gb,0.05,Target-100,0.03224948168624741,0.1429411240924397,,0.045
BV-T,1,cb_gb,0.05,TargetPAC-100,0.009018659295093297,0.05457875204913327,,0.0
BV-T,1,cb_gb,0.05,Target-200,0.03371112646855563,0.14948316626490718,,0.0
BV-T,1,cb_gb,0.05,TargetPAC-200,0.01515894955079475,0.09196668955311563,,0.0
BV-T,1,cb_gb,0.1,ID-all,0.09467864547339323,0.28878316048670627,0.11876649873870881,
BV-T,1,cb_gb,0.1,ID,0.09467864547339325,0.2887831604867062,,0.0
BV-T,1,cb_gb,0.1,Target-50,0.08382861091914305,0.2635571437208208,,0.18
BV-T,1,cb_gb,0.1,TargetPAC-50,0.027543192812715965,0.11900118524780001,,0.0
BV-T,1,cb_gb,0.1,Target-100,0.08103662750518315,0.25826258583800793,,0.07
BV-T,1,cb_gb,0.1,TargetPAC-100,0.04017622667588114,0.16504501471898791,,0.0
BV-T,1,cb_gb,0.1,Target-200,0.0830787836903939,0.2629546853395458,,0.025
BV-T,1,cb_gb,0.1,TargetPAC-200,0.05585694540428473,0.20510011558191885,,0.0
BV-T,1,cb_gb,0.2,ID-all,0.22183828610919143,0.5293907954451366,0.11876649873870881,
BV-T,1,cb_gb,0.2,ID,0.22183828610919143,0.5293907954451366,,1.0
BV-T,1,cb_gb,0.2,Target-50,0.1711817553559088,0.43968755966045703,,0.155
BV-T,1,cb_gb,0.2,TargetPAC-50,0.10706288873531443,0.3127615622853033,,0.005
BV-T,1,cb_gb,0.2,Target-100,0.16886316516931582,0.43872754017273535,,0.045
BV-T,1,cb_gb,0.2,TargetPAC-100,0.1310262612301313,0.3648517926992421,,0.01
BV-T,1,cb_gb,0.2,Target-200,0.172418797512094,0.4466006477284809,,0.025
BV-T,1,cb_gb,0.2,TargetPAC-200,0.1433241188666206,0.3915803447107602,,0.0
BV-T,1,tf_lr,0.05,ID-all,0.09882515549412578,0.30392533379789344,0.2678308477879175,
BV-T,1,tf_lr,0.05,ID,0.09882515549412575,0.3039253337978933,,1.0
BV-T,1,tf_lr,0.05,Target-50,0.03887007601935038,0.13731864938376856,,0.11
BV-T,1,tf_lr,0.05,TargetPAC-50,0.02027988942639945,0.07602812595853298,,0.04
BV-T,1,tf_lr,0.05,Target-100,0.047816171389080855,0.169946154389843,,0.125
BV-T,1,tf_lr,0.05,TargetPAC-100,0.01967864547339323,0.07525292821183428,,0.0
BV-T,1,tf_lr,0.05,Target-200,0.04507947477539737,0.16419160693746038,,0.03
BV-T,1,tf_lr,0.05,TargetPAC-200,0.029457498272287486,0.1103027994048164,,0.0
BV-T,1,tf_lr,0.1,ID-all,0.18037318590186593,0.4435718445779769,0.2678308477879175,
BV-T,1,tf_lr,0.1,ID,0.18037318590186596,0.4435718445779769,,1.0
BV-T,1,tf_lr,0.1,Target-50,0.0916275051831375,0.2742664550787302,,0.225
BV-T,1,tf_lr,0.1,TargetPAC-50,0.03733241188666206,0.1330762528602097,,0.0
BV-T,1,tf_lr,0.1,Target-100,0.09302004146510022,0.2836254007224603,,0.135
BV-T,1,tf_lr,0.1,TargetPAC-100,0.0553317208016586,0.19081568963981,,0.01
BV-T,1,tf_lr,0.1,Target-200,0.09074637180373185,0.28220194840561297,,0.05
BV-T,1,tf_lr,0.1,TargetPAC-200,0.07139944713199724,0.2372804147666725,,0.01
BV-T,1,tf_lr,0.2,ID-all,0.3199723565998618,0.6197799131227943,0.2678308477879175,
BV-T,1,tf_lr,0.2,ID,0.31997235659986173,0.6197799131227945,,1.0
BV-T,1,tf_lr,0.2,Target-50,0.1858949550794748,0.4420608956358961,,0.225
BV-T,1,tf_lr,0.2,TargetPAC-50,0.1128991015894955,0.3178045347893288,,0.015
BV-T,1,tf_lr,0.2,Target-100,0.1813579820317899,0.4402292986039693,,0.105
BV-T,1,tf_lr,0.2,TargetPAC-100,0.1431444367657222,0.3760493387324141,,0.015
BV-T,1,tf_lr,0.2,Target-200,0.1822529371112647,0.4440663834709123,,0.075
BV-T,1,tf_lr,0.2,TargetPAC-200,0.15450932964754663,0.39728859915177267,,0.0
BV-T,1,tf_gb,0.05,ID-all,0.04768486523842433,0.16373812357112014,0.08418294460819388,
BV-T,1,tf_gb,0.05,ID,0.04768486523842432,0.16373812357112016,,0.0
BV-T,1,tf_gb,0.05,Target-50,0.03381133379405667,0.12746142050501053,,0.105
BV-T,1,tf_gb,0.05,TargetPAC-50,0.015414651002073256,0.06618782401203674,,0.01
BV-T,1,tf_gb,0.05,Target-100,0.0445024187975121,0.16173653854488748,,0.13
BV-T,1,tf_gb,0.05,TargetPAC-100,0.014657912923289565,0.06670964171234356,,0.0
BV-T,1,tf_gb,0.05,Target-200,0.04441603317208017,0.16093564529924986,,0.05
BV-T,1,tf_gb,0.05,TargetPAC-200,0.02538700760193504,0.10704465340950367,,0.0
BV-T,1,tf_gb,0.1,ID-all,0.09813407049067036,0.3062339860453046,0.08418294460819388,
BV-T,1,tf_gb,0.1,ID,0.09813407049067034,0.30623398604530466,,0.0
BV-T,1,tf_gb,0.1,Target-50,0.08624395300621977,0.2726930266293582,,0.135
BV-T,1,tf_gb,0.1,TargetPAC-50,0.032968210089841056,0.12531237279614188,,0.0
BV-T,1,tf_gb,0.1,Target-100,0.08574637180373186,0.2754037292851552,,0.11
BV-T,1,tf_gb,0.1,TargetPAC-100,0.05462681409813407,0.19003241755827605,,0.015
BV-T,1,tf_gb,0.1,Target-200,0.08598479612992398,0.2793736964072657,,0.01
BV-T,1,tf_gb,0.1,TargetPAC-200,0.06464754664823774,0.22015505005273625,,0.0
BV-T,1,tf_gb,0.2,ID-all,0.21907394609536973,0.5318894044721545,0.08418294460819388,
BV-T,1,tf_gb,0.2,ID,0.21907394609536976,0.5318894044721546,,0.0
BV-T,1,tf_gb,0.2,Target-50,0.17098479612992395,0.44423776205111304,,0.14
BV-T,1,tf_gb,0.2,TargetPAC-50,0.09911886662059434,0.3028314018107606,,0.01
BV-T,1,tf_gb,0.2,Target-100,0.17205597788527988,0.44985984840788307,,0.085
BV-T,1,tf_gb,0.2,TargetPAC-100,0.12458189357290944,0.3626062880817327,,0.005
BV-T,1,tf_gb,0.2,Target-200,0.16957152729785765,0.4465954985188777,,0.03
BV-T,1,tf_gb,0.2,TargetPAC-200,0.1388666205943331,0.3934999587350518,,0.0
BV-T,1,cb_ens,0.05,ID-all,0.0691085003455425,0.23801894657042227,0.09202419530111038,
BV-T,1,cb_ens,0.05,ID,0.0691085003455425,0.2380189465704223,,0.0
BV-T,1,cb_ens,0.05,Target-50,0.0275984796129924,0.11035256268018485,,0.09
BV-T,1,cb_ens,0.05,TargetPAC-50,0.009941257774706289,0.047547355233795,,0.005
BV-T,1,cb_ens,0.05,Target-100,0.03662059433310297,0.14797433851862102,,0.05
BV-T,1,cb_ens,0.05,TargetPAC-100,0.00933655839668279,0.04803278943705523,,0.0
BV-T,1,cb_ens,0.05,Target-200,0.03648237733241189,0.14923706722452867,,0.005
BV-T,1,cb_ens,0.05,TargetPAC-200,0.01688666205943331,0.08367930938332849,,0.0
BV-T,1,cb_ens,0.1,ID-all,0.12370421561852107,0.34411193916352006,0.09202419530111038,
BV-T,1,cb_ens,0.1,ID,0.12370421561852109,0.34411193916352006,,1.0
BV-T,1,cb_ens,0.1,Target-50,0.08088458880442294,0.25621959543354805,,0.19
BV-T,1,cb_ens,0.1,TargetPAC-50,0.02814098134070491,0.11363180802902212,,0.005
BV-T,1,cb_ens,0.1,Target-100,0.07951278507256392,0.2561998249528036,,0.06
BV-T,1,cb_ens,0.1,TargetPAC-100,0.04416378714581894,0.16881742333049984,,0.005
BV-T,1,cb_ens,0.1,Target-200,0.08644782308223911,0.2724703150833941,,0.055
BV-T,1,cb_ens,0.1,TargetPAC-200,0.058451969592259845,0.21002613153485225,,0.0
BV-T,1,cb_ens,0.2,ID-all,0.21492743607463718,0.5111827094527104,0.09202419530111038,
BV-T,1,cb_ens,0.2,ID,0.21492743607463718,0.5111827094527105,,0.0
BV-T,1,cb_ens,0.2,Target-50,0.1637940566689703,0.4215714872053332,,0.115
BV-T,1,cb_ens,0.2,TargetPAC-50,0.09617138908085694,0.28905640899441887,,0.005
BV-T,1,cb_ens,0.2,Target-100,0.17319626814098135,0.4402034313625311,,0.1
BV-T,1,cb_ens,0.2,TargetPAC-100,0.1325708362128542,0.365767534023004,,0.01
BV-T,1,cb_ens,0.2,Target-200,0.17241188666205942,0.44235369601377683,,0.04
BV-T,1,cb_ens,0.2,TargetPAC-200,0.14275742916378714,0.3879396691495577,,0.0
BV-T,1,tf_ens,0.05,ID-all,0.082930200414651,0.2650632925203157,0.16192634450221122,
BV-T,1,tf_ens,0.05,ID,0.08293020041465102,0.26506329252031563,,1.0
BV-T,1,tf_ens,0.05,Target-50,0.03436074637180373,0.13333583322989032,,0.06
BV-T,1,tf_ens,0.05,TargetPAC-50,0.019160331720801657,0.0796949252084409,,0.015
BV-T,1,tf_ens,0.05,Target-100,0.042125086385625427,0.1611147962365381,,0.06
BV-T,1,tf_ens,0.05,TargetPAC-100,0.01967519004837595,0.08350435664474536,,0.0
BV-T,1,tf_ens,0.05,Target-200,0.04407740152038701,0.16998314920438568,,0.0
BV-T,1,tf_ens,0.05,TargetPAC-200,0.026040082930200416,0.11018734570181117,,0.0
BV-T,1,tf_ens,0.1,ID-all,0.14167242570836214,0.4026991539857787,0.16192634450221122,
BV-T,1,tf_ens,0.1,ID,0.14167242570836214,0.4026991539857789,,1.0
BV-T,1,tf_ens,0.1,Target-50,0.08270214236351071,0.2641440764669406,,0.15
BV-T,1,tf_ens,0.1,TargetPAC-50,0.0361782999308915,0.13820861341064944,,0.01
BV-T,1,tf_ens,0.1,Target-100,0.08596060815480304,0.27384311839749353,,0.1
BV-T,1,tf_ens,0.1,TargetPAC-100,0.05171389080856945,0.18829315032301516,,0.0
BV-T,1,tf_ens,0.1,Target-200,0.08591914305459572,0.274106107096865,,0.03
BV-T,1,tf_ens,0.1,TargetPAC-200,0.06366966136834831,0.2207713234323112,,0.0
BV-T,1,tf_ens,0.2,ID-all,0.26606772633033865,0.5960175721605078,0.16192634450221122,
BV-T,1,tf_ens,0.2,ID,0.26606772633033865,0.5960175721605079,,1.0
BV-T,1,tf_ens,0.2,Target-50,0.17394263994471323,0.4553305842288678,,0.17
BV-T,1,tf_ens,0.2,TargetPAC-50,0.10826883206634416,0.3233090822935678,,0.005
BV-T,1,tf_ens,0.2,Target-100,0.17532480995162406,0.4646509422654108,,0.09
BV-T,1,tf_ens,0.2,TargetPAC-100,0.1291430545957153,0.37260282484794593,,0.005
BV-T,1,tf_ens,0.2,Target-200,0.1732342778161714,0.46508458752408416,,0.025
BV-T,1,tf_ens,0.2,TargetPAC-200,0.1417968210089841,0.4023524209286889,,0.0
BV-T,1,all_ens,0.05,ID-all,0.0718728403593642,0.2583641635036167,0.1407127210922562,
BV-T,1,all_ens,0.05,ID,0.07187284035936421,0.2583641635036167,,1.0
BV-T,1,all_ens,0.05,Target-50,0.028769868693849343,0.12672647179087304,,0.055
BV-T,1,all_ens,0.05,TargetPAC-50,0.011983413959917071,0.05595450514950326,,0.005
BV-T,1,all_ens,0.05,Target-100,0.03655839668279198,0.15869027716258569,,0.08
BV-T,1,all_ens,0.05,TargetPAC-100,0.013507256392536282,0.06502270599583941,,0.005
BV-T,1,all_ens,0.05,Target-200,0.0354837595024188,0.16308122966373542,,0.02
BV-T,1,all_ens,0.05,TargetPAC-200,0.021181755355908775,0.0996723224538476,,0.0
BV-T,1,all_ens,0.1,ID-all,0.12854181064270906,0.3815465035690632,0.1407127210922562,
BV-T,1,all_ens,0.1,ID,0.12854181064270903,0.38154650356906317,,1.0
BV-T,1,all_ens,0.1,Target-50,0.0783690393918452,0.2676513609016707,,0.085
BV-T,1,all_ens,0.1,TargetPAC-50,0.027522460262612302,0.12146904654104462,,0.0
BV-T,1,all_ens,0.1,Target-100,0.0813752591568763,0.2751735757018903,,0.065
BV-T,1,all_ens,0.1,TargetPAC-100,0.04525915687629579,0.18677198331147715,,0.0
BV-T,1,all_ens,0.1,Target-200,0.08390117484450588,0.28166594208954643,,0.03
BV-T,1,all_ens,0.1,TargetPAC-200,0.06036627505183137,0.23076552987636526,,0.0
BV-T,1,all_ens,0.2,ID-all,0.2432619212163096,0.5808277924842264,0.1407127210922562,
BV-T,1,all_ens,0.2,ID,0.24326192121630952,0.5808277924842266,,1.0
BV-T,1,all_ens,0.2,Target-50,0.1759156876295784,0.4718409332386826,,0.185
BV-T,1,all_ens,0.2,TargetPAC-50,0.09750172771250865,0.31083140109876783,,0.0
BV-T,1,all_ens,0.2,Target-100,0.16557705597788527,0.45780009634687113,,0.07
BV-T,1,all_ens,0.2,TargetPAC-100,0.1268590186592951,0.3753053901181966,,0.005
BV-T,1,all_ens,0.2,Target-200,0.17347961299239806,0.4779083445962081,,0.035
BV-T,1,all_ens,0.2,TargetPAC-200,0.14090186592950932,0.40748007340331144,,0.0
BV-T,1,fmt_gb,0.05,ID-all,0.0442294402211472,0.43476381815110005,0.042837502228321785,
BV-T,1,fmt_gb,0.05,ID,0.044229440221147207,0.43476381815110005,,0.0
BV-T,1,fmt_gb,0.05,Target-50,0.028483068417415342,0.29420287459313454,,0.045
BV-T,1,fmt_gb,0.05,TargetPAC-50,0.016285418106427092,0.18459867455065948,,0.005
BV-T,1,fmt_gb,0.05,Target-100,0.03768486523842433,0.3728294510511894,,0.045
BV-T,1,fmt_gb,0.05,TargetPAC-100,0.015774015203870076,0.19588244759539936,,0.0
BV-T,1,fmt_gb,0.05,Target-200,0.03813407049067035,0.3858170844012915,,0.015
BV-T,1,fmt_gb,0.05,TargetPAC-200,0.02312370421561852,0.2769430886190786,,0.0
BV-T,1,fmt_gb,0.1,ID-all,0.11472011057360056,0.6667011124087378,0.042837502228321785,
BV-T,1,fmt_gb,0.1,ID,0.11472011057360058,0.666701112408738,,0.0
BV-T,1,fmt_gb,0.1,Target-50,0.07727366966136834,0.5410888375648346,,0.13
BV-T,1,fmt_gb,0.1,TargetPAC-50,0.02911886662059433,0.29807834753570794,,0.005
BV-T,1,fmt_gb,0.1,Target-100,0.07443331029716654,0.5454360731128287,,0.05
BV-T,1,fmt_gb,0.1,TargetPAC-100,0.0462370421561852,0.4243787416536493,,0.0
BV-T,1,fmt_gb,0.1,Target-200,0.07561506565307533,0.5509435716303385,,0.015
BV-T,1,fmt_gb,0.1,TargetPAC-200,0.05763303386316517,0.4833997194681956,,0.0
BV-T,1,fmt_gb,0.2,ID-all,0.18659295093296477,0.8249038851637314,0.042837502228321785,
BV-T,1,fmt_gb,0.2,ID,0.1865929509329648,0.8249038851637315,,0.0
BV-T,1,fmt_gb,0.2,Target-50,0.16135107118175532,0.7600074371544265,,0.175
BV-T,1,fmt_gb,0.2,TargetPAC-50,0.08783690393918452,0.5810129205893362,,0.0
BV-T,1,fmt_gb,0.2,Target-100,0.16362474084312367,0.7747857415710903,,0.09
BV-T,1,fmt_gb,0.2,TargetPAC-100,0.11738078783690394,0.6730141959544715,,0.005
BV-T,1,fmt_gb,0.2,Target-200,0.16289564616447824,0.7798820896773465,,0.03
BV-T,1,fmt_gb,0.2,TargetPAC-200,0.13136489288182446,0.7134009546361423,,0.0
BV-T,1,ft_cb,0.05,ID-all,0.06496199032480995,0.23752025143885838,0.07685695517227065,
BV-T,1,ft_cb,0.05,ID,0.06496199032480997,0.23752025143885847,,0.0
BV-T,1,ft_cb,0.05,Target-50,0.03094678645473393,0.1288465441159383,,0.09
BV-T,1,ft_cb,0.05,TargetPAC-50,0.013178991015894957,0.06567708277233508,,0.025
BV-T,1,ft_cb,0.05,Target-100,0.03997581202487906,0.1613946978077483,,0.115
BV-T,1,ft_cb,0.05,TargetPAC-100,0.01296821008984105,0.06734329822419674,,0.005
BV-T,1,ft_cb,0.05,Target-200,0.03750863856254319,0.157901302917856,,0.025
BV-T,1,ft_cb,0.05,TargetPAC-200,0.02,0.10128448302727076,,0.005
BV-T,1,ft_cb,0.1,ID-all,0.1326883206634416,0.37325911179285315,0.07685695517227065,
BV-T,1,ft_cb,0.1,ID,0.13268832066344158,0.37325911179285315,,1.0
BV-T,1,ft_cb,0.1,Target-50,0.08510366275051831,0.2715161985174248,,0.21
BV-T,1,ft_cb,0.1,TargetPAC-50,0.03029716655148583,0.12702632942455744,,0.01
BV-T,1,ft_cb,0.1,Target-100,0.0896544574982723,0.2854615667847626,,0.18
BV-T,1,ft_cb,0.1,TargetPAC-100,0.04976848652384244,0.18983226034003914,,0.02
BV-T,1,ft_cb,0.1,Target-200,0.0885487214927436,0.2864185443088488,,0.115
BV-T,1,ft_cb,0.1,TargetPAC-200,0.06146164478230823,0.22496251085872174,,0.0
BV-T,1,ft_cb,0.2,ID-all,0.21147201105736005,0.5241903185077285,0.07685695517227065,
BV-T,1,ft_cb,0.2,ID,0.21147201105736005,0.5241903185077286,,0.0
BV-T,1,ft_cb,0.2,Target-50,0.17777470628887354,0.45646384135270246,,0.115
BV-T,1,ft_cb,0.2,TargetPAC-50,0.10748445058742223,0.32012033480052293,,0.005
BV-T,1,ft_cb,0.2,Target-100,0.18789219073946095,0.47653559997780137,,0.1
BV-T,1,ft_cb,0.2,TargetPAC-100,0.13930545957152732,0.3841528446016725,,0.0
BV-T,1,ft_cb,0.2,Target-200,0.18280926053904628,0.46915924000134296,,0.02
BV-T,1,ft_cb,0.2,TargetPAC-200,0.16007256392536284,0.42394936743951284,,0.0
BV-T,1,ft_tf_ens,0.05,ID-all,0.0856945404284727,0.2962446833064314,0.12022681263293618,
BV-T,1,ft_tf_ens,0.05,ID,0.08569454042847272,0.29624468330643144,,1.0
BV-T,1,ft_tf_ens,0.05,Target-50,0.031161022805805114,0.12571615236742095,,0.06
BV-T,1,ft_tf_ens,0.05,TargetPAC-50,0.016738078783690394,0.07298365924383582,,0.01
BV-T,1,ft_tf_ens,0.05,Target-100,0.04197650310988252,0.1655883251433172,,0.07
BV-T,1,ft_tf_ens,0.05,TargetPAC-100,0.01808914996544575,0.07992437273224834,,0.0
BV-T,1,ft_tf_ens,0.05,Target-200,0.041966136834830685,0.16668753579068696,,0.01
BV-T,1,ft_tf_ens,0.05,TargetPAC-200,0.0267519004837595,0.11447368080652424,,0.0
BV-T,1,ft_tf_ens,0.1,ID-all,0.14789219073946094,0.42819467480668794,0.12022681263293618,
BV-T,1,ft_tf_ens,0.1,ID,0.14789219073946097,0.428194674806688,,1.0
BV-T,1,ft_tf_ens,0.1,Target-50,0.08289910158949551,0.2788471191868533,,0.16
BV-T,1,ft_tf_ens,0.1,TargetPAC-50,0.03237733241188666,0.129945526105098,,0.005
BV-T,1,ft_tf_ens,0.1,Target-100,0.08470283344851418,0.28678262891756295,,0.125
BV-T,1,ft_tf_ens,0.1,TargetPAC-100,0.05068762957843814,0.1940175962889856,,0.0
BV-T,1,ft_tf_ens,0.1,Target-200,0.08509329647546647,0.29123166297454967,,0.05
BV-T,1,ft_tf_ens,0.1,TargetPAC-200,0.06214581893572909,0.23083629117547078,,0.0
BV-T,1,ft_tf_ens,0.2,ID-all,0.24671734623358674,0.600914444115157,0.12022681263293618,
BV-T,1,ft_tf_ens,0.2,ID,0.24671734623358665,0.6009144441151569,,1.0
BV-T,1,ft_tf_ens,0.2,Target-50,0.18494816862474084,0.4925470776479379,,0.27
BV-T,1,ft_tf_ens,0.2,TargetPAC-50,0.10403248099516241,0.3291816980074391,,0.005
BV-T,1,ft_tf_ens,0.2,Target-100,0.180224602626123,0.4872913593539643,,0.125
BV-T,1,ft_tf_ens,0.2,TargetPAC-100,0.1338804422944022,0.39633929868983075,,0.01
BV-T,1,ft_tf_ens,0.2,Target-200,0.18104699378023498,0.48981132228075547,,0.065
BV-T,1,ft_tf_ens,0.2,TargetPAC-200,0.15138217000691084,0.4325940191290364,,0.0
BV-T,2,cb_lr,0.05,ID-all,0.06979958534899793,0.20203029450987764,0.08030835215411908,
BV-T,2,cb_lr,0.05,ID,0.06979958534899791,0.20203029450987756,,0.0
BV-T,2,cb_lr,0.05,Target-50,0.025031098825155494,0.08305854163051213,,0.055
BV-T,2,cb_lr,0.05,TargetPAC-50,0.011765722183828611,0.03930870809513273,,0.015
BV-T,2,cb_lr,0.05,Target-100,0.0356945404284727,0.11821968227762106,,0.045
BV-T,2,cb_lr,0.05,TargetPAC-100,0.010877677954388387,0.03945059929220673,,0.0
BV-T,2,cb_lr,0.05,Target-200,0.03692121630960608,0.12515568534681243,,0.025
BV-T,2,cb_lr,0.05,TargetPAC-200,0.016859018659295094,0.060724285166315874,,0.0
BV-T,2,cb_lr,0.1,ID-all,0.10850034554250172,0.28859063702250043,0.08030835215411908,
BV-T,2,cb_lr,0.1,ID,0.10850034554250175,0.2885906370225005,,0.0
BV-T,2,cb_lr,0.1,Target-50,0.07654457498272287,0.215602808374824,,0.145
BV-T,2,cb_lr,0.1,TargetPAC-50,0.026299239806496198,0.08586128471745759,,0.015
BV-T,2,cb_lr,0.1,Target-100,0.08096406357982032,0.22935568665962805,,0.09
BV-T,2,cb_lr,0.1,TargetPAC-100,0.043800967519004835,0.14068832853187957,,0.005
BV-T,2,cb_lr,0.1,Target-200,0.08221492743607463,0.23476411125601324,,0.055
BV-T,2,cb_lr,0.1,TargetPAC-200,0.05811333794056669,0.1776325921916542,,0.0
BV-T,2,cb_lr,0.2,ID-all,0.21907394609536973,0.4577934048832607,0.08030835215411908,
BV-T,2,cb_lr,0.2,ID,0.21907394609536976,0.4577934048832607,,0.0
BV-T,2,cb_lr,0.2,Target-50,0.16827919834139599,0.3833813499005679,,0.115
BV-T,2,cb_lr,0.2,TargetPAC-50,0.10164478230822391,0.26776557712464594,,0.005
BV-T,2,cb_lr,0.2,Target-100,0.17224257083621286,0.39214451957436686,,0.065
BV-T,2,cb_lr,0.2,TargetPAC-100,0.12659986178299928,0.31840554198799786,,0.0
BV-T,2,cb_lr,0.2,Target-200,0.1786109191430546,0.40253681067790853,,0.005
BV-T,2,cb_lr,0.2,TargetPAC-200,0.1438942639944713,0.34972244074136194,,0.005
BV-T,2,cb_gb,0.05,ID-all,0.0635798203178991,0.21372920826521152,0.05422286185187032,
BV-T,2,cb_gb,0.05,ID,0.0635798203178991,0.21372920826521152,,0.0
BV-T,2,cb_gb,0.05,Target-50,0.027142363510711816,0.1019304227838761,,0.025
BV-T,2,cb_gb,0.05,TargetPAC-50,0.012881824464409122,0.05443664156746461,,0.005
BV-T,2,cb_gb,0.05,Target-100,0.035086385625431926,0.12912085098874068,,0.025
BV-T,2,cb_gb,0.05,TargetPAC-100,0.014022114720110572,0.0595291357446292,,0.0
BV-T,2,cb_gb,0.05,Target-200,0.03529371112646855,0.13042709008603592,,0.005
BV-T,2,cb_gb,0.05,TargetPAC-200,0.022840359364201798,0.08794468752917003,,0.0
BV-T,2,cb_gb,0.1,ID-all,0.11402902557014513,0.32693811438014947,0.05422286185187032,
BV-T,2,cb_gb,0.1,ID,0.11402902557014512,0.32693811438014947,,0.0
BV-T,2,cb_gb,0.1,Target-50,0.07609191430545957,0.23767441896106933,,0.13
BV-T,2,cb_gb,0.1,TargetPAC-50,0.028762957843814788,0.10687835842359839,,0.005
BV-T,2,cb_gb,0.1,Target-100,0.07020387007601935,0.22661626149689085,,0.025
BV-T,2,cb_gb,0.1,TargetPAC-100,0.040794747753973744,0.14750500756514706,,0.0
BV-T,2,cb_gb,0.1,Target-200,0.07413614374568071,0.2367529100799967,,0.005
BV-T,2,cb_gb,0.1,TargetPAC-200,0.0507705597788528,0.17955542070669522,,0.0
BV-T,2,cb_gb,0.2,ID-all,0.23289564616447822,0.5349184462074658,0.05422286185187032,
BV-T,2,cb_gb,0.2,ID,0.2328956461644783,0.5349184462074658,,1.0
BV-T,2,cb_gb,0.2,Target-50,0.1591637871458189,0.4132701634818234,,0.09
BV-T,2,cb_gb,0.2,TargetPAC-50,0.09091914305459571,0.2726497975674691,,0.005
BV-T,2,cb_gb,0.2,Target-100,0.16247408431237045,0.42258079736458,,0.045
BV-T,2,cb_gb,0.2,TargetPAC-100,0.11494125777470629,0.32857074903977435,,0.01
BV-T,2,cb_gb,0.2,Target-200,0.15678991015894955,0.41601952137172993,,0.025
BV-T,2,cb_gb,0.2,TargetPAC-200,0.129713199723566,0.3644424928654966,,0.0
BV-T,2,tf_lr,0.05,ID-all,0.09260539046302695,0.28516581293961096,0.24203411727546267,
BV-T,2,tf_lr,0.05,ID,0.09260539046302693,0.2851658129396109,,1.0
BV-T,2,tf_lr,0.05,Target-50,0.03883552176917761,0.1426632680540826,,0.105
BV-T,2,tf_lr,0.05,TargetPAC-50,0.019219073946095372,0.0750543941398953,,0.005
BV-T,2,tf_lr,0.05,Target-100,0.03994471319972357,0.15315034024867857,,0.03
BV-T,2,tf_lr,0.05,TargetPAC-100,0.020117484450587423,0.07808479488044763,,0.005
BV-T,2,tf_lr,0.05,Target-200,0.040988251554941256,0.15859093965338608,,0.01
BV-T,2,tf_lr,0.05,TargetPAC-200,0.028099516240497578,0.11259006282258915,,0.0
BV-T,2,tf_lr,0.1,ID-all,0.16655148583275742,0.4188704551368232,0.24203411727546267,
BV-T,2,tf_lr,0.1,ID,0.16655148583275747,0.41887045513682336,,1.0
BV-T,2,tf_lr,0.1,Target-50,0.0889426399447132,0.2722734612946565,,0.18
BV-T,2,tf_lr,0.1,TargetPAC-50,0.033358673116793365,0.12625868687256267,,0.0
BV-T,2,tf_lr,0.1,Target-100,0.08616102280580512,0.26958009970046476,,0.085
BV-T,2,tf_lr,0.1,TargetPAC-100,0.04693503800967519,0.1724664894859011,,0.01
BV-T,2,tf_lr,0.1,Target-200,0.0851520387007602,0.26970280852144457,,0.025
BV-T,2,tf_lr,0.1,TargetPAC-200,0.06208016586040083,0.2150810427928238,,0.005
BV-T,2,tf_lr,0.2,ID-all,0.31098825155494125,0.6038118708551221,0.24203411727546267,
BV-T,2,tf_lr,0.2,ID,0.3109882515549413,0.603811870855122,,1.0
BV-T,2,tf_lr,0.2,Target-50,0.1853178991015895,0.4352127837894362,,0.285
BV-T,2,tf_lr,0.2,TargetPAC-50,0.1020974429854872,0.2979404323354784,,0.02
BV-T,2,tf_lr,0.2,Target-100,0.18243953006219762,0.4339057500257227,,0.205
BV-T,2,tf_lr,0.2,TargetPAC-100,0.1346993780234969,0.35987082944206833,,0.025
BV-T,2,tf_lr,0.2,Target-200,0.18179682100898412,0.43539969748900376,,0.125
BV-T,2,tf_lr,0.2,TargetPAC-200,0.14528334485141672,0.3800184599650106,,0.005
BV-T,2,tf_gb,0.05,ID-all,0.0414651002073255,0.19008051550607727,0.05144902238782931,
BV-T,2,tf_gb,0.05,ID,0.04146510020732551,0.19008051550607724,,0.0
BV-T,2,tf_gb,0.05,Target-50,0.023151347615756736,0.1139244756070579,,0.025
BV-T,2,tf_gb,0.05,TargetPAC-50,0.010383552176917759,0.060047017717902273,,0.005
BV-T,2,tf_gb,0.05,Target-100,0.029298548721492745,0.13965508317485548,,0.02
BV-T,2,tf_gb,0.05,TargetPAC-100,0.010808569454042849,0.06486531829026392,,0.0
BV-T,2,tf_gb,0.05,Target-200,0.028462335867311676,0.13905419415218628,,0.0
BV-T,2,tf_gb,0.05,TargetPAC-200,0.01485487214927436,0.08714999918303258,,0.0
BV-T,2,tf_gb,0.1,ID-all,0.12093987560469938,0.3600825481157914,0.05144902238782931,
BV-T,2,tf_gb,0.1,ID,0.12093987560469933,0.36008254811579127,,1.0
BV-T,2,tf_gb,0.1,Target-50,0.07068071872840359,0.24905031044330303,,0.095
BV-T,2,tf_gb,0.1,TargetPAC-50,0.02193849343469247,0.10929843513201973,,0.005
BV-T,2,tf_gb,0.1,Target-100,0.07042847270214236,0.25300763632241396,,0.065
BV-T,2,tf_gb,0.1,TargetPAC-100,0.03681409813407049,0.16231258711055438,,0.0
BV-T,2,tf_gb,0.1,Target-200,0.07227712508638563,0.25936241583889275,,0.01
BV-T,2,tf_gb,0.1,TargetPAC-200,0.04939875604699377,0.20339573357182889,,0.0
BV-T,2,tf_gb,0.2,ID-all,0.23082239115411196,0.5330583160419251,0.05144902238782931,
BV-T,2,tf_gb,0.2,ID,0.23082239115411204,0.5330583160419252,,1.0
BV-T,2,tf_gb,0.2,Target-50,0.1567035245335176,0.41696998811637526,,0.075
BV-T,2,tf_gb,0.2,TargetPAC-50,0.08498963372494817,0.2812777382601144,,0.0
BV-T,2,tf_gb,0.2,Target-100,0.16015203870076022,0.4261703350259606,,0.03
BV-T,2,tf_gb,0.2,TargetPAC-100,0.11691085003455423,0.3475014934713742,,0.0
BV-T,2,tf_gb,0.2,Target-200,0.16352453351762264,0.4335496528247085,,0.005
BV-T,2,tf_gb,0.2,TargetPAC-200,0.13082930200414652,0.3731170455040686,,0.0
BV-T,2,cb_ens,0.05,ID-all,0.05874222529371113,0.2008956872014355,0.0849488335862562,
BV-T,2,cb_ens,0.05,ID,0.05874222529371112,0.2008956872014355,,0.0
BV-T,2,cb_ens,0.05,Target-50,0.025082930200414646,0.09501458568813824,,0.035
BV-T,2,cb_ens,0.05,TargetPAC-50,0.01007256392536282,0.04076515655937408,,0.005
BV-T,2,cb_ens,0.05,Target-100,0.0297581202487906,0.1151661773837676,,0.025
BV-T,2,cb_ens,0.05,TargetPAC-100,0.010950241879751209,0.04376816991136324,,0.0
BV-T,2,cb_ens,0.05,Target-200,0.03205252246026261,0.12608256138448654,,0.005
BV-T,2,cb_ens,0.05,TargetPAC-200,0.016257774706288874,0.06505526826085183,,0.0
BV-T,2,cb_ens,0.1,ID-all,0.11679336558396683,0.33849724440556994,0.0849488335862562,
BV-T,2,cb_ens,0.1,ID,0.11679336558396682,0.3384972444055699,,0.0
BV-T,2,cb_ens,0.1,Target-50,0.07711817553559086,0.242478633806248,,0.115
BV-T,2,cb_ens,0.1,TargetPAC-50,0.02466136834830684,0.09210450184388813,,0.01
BV-T,2,cb_ens,0.1,Target-100,0.0797442985487215,0.25156786994959013,,0.1
BV-T,2,cb_ens,0.1,TargetPAC-100,0.043140981340704904,0.15563291744442945,,0.005
BV-T,2,cb_ens,0.1,Target-200,0.08194540428472702,0.25897543854664584,,0.035
BV-T,2,cb_ens,0.1,TargetPAC-200,0.058047684865238425,0.20004117664074136,,0.005
BV-T,2,cb_ens,0.2,ID-all,0.21147201105736005,0.4963677099664442,0.0849488335862562,
BV-T,2,cb_ens,0.2,ID,0.21147201105736005,0.49636770996644414,,0.0
BV-T,2,cb_ens,0.2,Target-50,0.16697995853489978,0.42386172027301106,,0.155
BV-T,2,cb_ens,0.2,TargetPAC-50,0.09061852107809262,0.273804889120343,,0.005
BV-T,2,cb_ens,0.2,Target-100,0.17262957843814788,0.43616006015138903,,0.08
BV-T,2,cb_ens,0.2,TargetPAC-100,0.12740497581202487,0.35506738103186547,,0.005
BV-T,2,cb_ens,0.2,Target-200,0.17119557705597788,0.435823831854081,,0.02
BV-T,2,cb_ens,0.2,TargetPAC-200,0.14001036627505184,0.38036149409989206,,0.0
BV-T,2,tf_ens,0.05,ID-all,0.0635798203178991,0.23510868640746152,0.13389475084129507,
BV-T,2,tf_ens,0.05,ID,0.0635798203178991,0.23510868640746146,,0.0
BV-T,2,tf_ens,0.05,Target-50,0.030666897028334486,0.1318506717429206,,0.05
BV-T,2,tf_ens,0.05,TargetPAC-50,0.01390808569454043,0.06361486334489673,,0.005
BV-T,2,tf_ens,0.05,Target-100,0.036154111955770556,0.1599910509015105,,0.025
BV-T,2,tf_ens,0.05,TargetPAC-100,0.017688320663441604,0.08106570408032189,,0.005
BV-T,2,tf_ens,0.05,Target-200,0.03626468555632343,0.16301895347959733,,0.015
BV-T,2,tf_ens,0.05,TargetPAC-200,0.022854181064270902,0.11022396131687544,,0.0
BV-T,2,tf_ens,0.1,ID-all,0.15894955079474776,0.42903641255153757,0.13389475084129507,
BV-T,2,tf_ens,0.1,ID,0.1589495507947478,0.42903641255153774,,1.0
BV-T,2,tf_ens,0.1,Target-50,0.07505183137525914,0.25752034919824196,,0.095
BV-T,2,tf_ens,0.1,TargetPAC-50,0.03230476848652384,0.13817595193806068,,0.0
BV-T,2,tf_ens,0.1,Target-100,0.07847961299239806,0.26948435566030027,,0.05
BV-T,2,tf_ens,0.1,TargetPAC-100,0.044357290946786455,0.18446040582823764,,0.0
BV-T,2,tf_ens,0.1,Target-200,0.07688320663441603,0.2670665493513454,,0.0
BV-T,2,tf_ens,0.1,TargetPAC-200,0.05903593642017969,0.22350954638711273,,0.0
BV-T,2,tf_ens,0.2,ID-all,0.2791983413959917,0.5978408313801207,0.13389475084129507,
BV-T,2,tf_ens,0.2,ID,0.27919834139599164,0.5978408313801208,,1.0
BV-T,2,tf_ens,0.2,Target-50,0.1684070490670352,0.4408296680441218,,0.185
BV-T,2,tf_ens,0.2,TargetPAC-50,0.09631997235659986,0.3044570086730245,,0.01
BV-T,2,tf_ens,0.2,Target-100,0.17401174844505873,0.4530320598851638,,0.115
BV-T,2,tf_ens,0.2,TargetPAC-100,0.1186385625431928,0.35423100017479087,,0.005
BV-T,2,tf_ens,0.2,Target-200,0.16733241188666206,0.4438485266398409,,0.035
BV-T,2,tf_ens,0.2,TargetPAC-200,0.13492743607463717,0.3853266575332202,,0.0
BV-T,2,all_ens,0.05,ID-all,0.08154803040774015,0.27583085785057976,0.09936662415662693,
BV-T,2,all_ens,0.05,ID,0.08154803040774017,0.2758308578505798,,1.0
BV-T,2,all_ens,0.05,Target-50,0.02670352453351762,0.10901658388632159,,0.03
BV-T,2,all_ens,0.05,TargetPAC-50,0.0159364201796821,0.06467322982484346,,0.01
BV-T,2,all_ens,0.05,Target-100,0.033880442294402215,0.14690699691022918,,0.025
BV-T,2,all_ens,0.05,TargetPAC-100,0.014053213545266069,0.05531189337283951,,0.0
BV-T,2,all_ens,0.05,Target-200,0.03271941948859709,0.15066399181698906,,0.005
BV-T,2,all_ens,0.05,TargetPAC-200,0.020946786454733933,0.08881569906516691,,0.0
BV-T,2,all_ens,0.1,ID-all,0.13061506565307532,0.4044932423132612,0.09936662415662693,
BV-T,2,all_ens,0.1,ID,0.13061506565307532,0.4044932423132614,,1.0
BV-T,2,all_ens,0.1,Target-50,0.07125777470628887,0.25411777534312074,,0.11
BV-T,2,all_ens,0.1,TargetPAC-50,0.028559087767795435,0.11993900728963817,,0.0
BV-T,2,all_ens,0.1,Target-100,0.07788873531444368,0.2729108863672554,,0.125
BV-T,2,all_ens,0.1,TargetPAC-100,0.04253282653766414,0.17934127217144755,,0.005
BV-T,2,all_ens,0.1,Target-200,0.07899447131997236,0.2750905418692444,,0.03
BV-T,2,all_ens,0.1,TargetPAC-200,0.053697304768486526,0.21721582600179856,,0.0
BV-T,2,all_ens,0.2,ID-all,0.23565998617829992,0.5581923587765847,0.09936662415662693,
BV-T,2,all_ens,0.2,ID,0.23565998617829995,0.5581923587765846,,1.0
BV-T,2,all_ens,0.2,Target-50,0.1660262612301313,0.4552758932612982,,0.17
BV-T,2,all_ens,0.2,TargetPAC-50,0.09323082239115411,0.30653240600382436,,0.0
BV-T,2,all_ens,0.2,Target-100,0.16639253628196268,0.4630126518682818,,0.055
BV-T,2,all_ens,0.2,TargetPAC-100,0.1192467173462336,0.3706340608773967,,0.0
BV-T,2,all_ens,0.2,Target-200,0.16761921216309608,0.4675383384291071,,0.025
BV-T,2,all_ens,0.2,TargetPAC-200,0.1333966827919834,0.4054952821777065,,0.0
BV-T,2,fmt_gb,0.05,ID-all,0.0663441603317208,0.5199151192646521,0.05970879435352679,
BV-T,2,fmt_gb,0.05,ID,0.06634416033172079,0.5199151192646522,,0.0
BV-T,2,fmt_gb,0.05,Target-50,0.032574291637871455,0.3125902270236559,,0.08
BV-T,2,fmt_gb,0.05,TargetPAC-50,0.015898410504492054,0.16579920339894863,,0.02
BV-T,2,fmt_gb,0.05,Target-100,0.03595369730476849,0.3598250424264978,,0.045
BV-T,2,fmt_gb,0.05,TargetPAC-100,0.017363510711817555,0.19075851959923493,,0.0
BV-T,2,fmt_gb,0.05,Target-200,0.03602626123013131,0.3721452738708183,,0.005
BV-T,2,fmt_gb,0.05,TargetPAC-200,0.02275742916378715,0.26267094570052923,,0.0
BV-T,2,fmt_gb,0.1,ID-all,0.11402902557014513,0.6649095907658543,0.05970879435352679,
BV-T,2,fmt_gb,0.1,ID,0.11402902557014512,0.6649095907658544,,0.0
BV-T,2,fmt_gb,0.1,Target-50,0.07974775397373877,0.5481746206948018,,0.135
BV-T,2,fmt_gb,0.1,TargetPAC-50,0.0304837595024188,0.2968091488940323,,0.015
BV-T,2,fmt_gb,0.1,Target-100,0.07972011057360057,0.5594911928093795,,0.075
BV-T,2,fmt_gb,0.1,TargetPAC-100,0.04526606772633034,0.4161521616031631,,0.005
BV-T,2,fmt_gb,0.1,Target-200,0.07824118866620595,0.5601074895123966,,0.02
BV-T,2,fmt_gb,0.1,TargetPAC-200,0.056979958534899795,0.48072708282545407,,0.0
BV-T,2,fmt_gb,0.2,ID-all,0.17000691085003455,0.8050440612583352,0.05970879435352679,
BV-T,2,fmt_gb,0.2,ID,0.17000691085003455,0.8050440612583353,,0.0
BV-T,2,fmt_gb,0.2,Target-50,0.16322736696613685,0.7676082844866263,,0.145
BV-T,2,fmt_gb,0.2,TargetPAC-50,0.09392190739460952,0.5987216721224526,,0.0
BV-T,2,fmt_gb,0.2,Target-100,0.16514167242570835,0.7832605385085383,,0.06
BV-T,2,fmt_gb,0.2,TargetPAC-100,0.12005528680027643,0.6807849916643047,,0.005
BV-T,2,fmt_gb,0.2,Target-200,0.16774360746371805,0.7940545392106599,,0.015
BV-T,2,fmt_gb,0.2,TargetPAC-200,0.1349689011748445,0.7240953330397581,,0.0
DV2BV,0,cb_lr,0.05,ID-all,0.11863693731594446,0.25662554699959955,0.18867455434188082,
DV2BV,0,cb_lr,0.05,ID,0.11827724021876314,0.25588549858841525,,1.0
DV2BV,0,cb_lr,0.05,Target-50,0.0514493058477072,0.1193698090392763,,0.195
DV2BV,0,cb_lr,0.05,TargetPAC-50,0.02931426167437947,0.07134991533878772,,0.025
DV2BV,0,cb_lr,0.05,Target-100,0.06057004627681952,0.14048518476238014,,0.29
DV2BV,0,cb_lr,0.05,TargetPAC-100,0.030435422801851075,0.07390954870169703,,0.01
DV2BV,0,cb_lr,0.05,Target-200,0.0602461085401767,0.13994438621575,,0.17
DV2BV,0,cb_lr,0.05,TargetPAC-200,0.04159444678165755,0.10046920602353698,,0.01
DV2BV,0,cb_lr,0.1,ID-all,0.21665965502734538,0.4020933050612269,0.18867455434188082,
DV2BV,0,cb_lr,0.1,ID,0.2149579301640724,0.398441874711667,,1.0
DV2BV,0,cb_lr,0.1,Target-50,0.1031089608750526,0.22405906038146312,,0.325
DV2BV,0,cb_lr,0.1,TargetPAC-50,0.049263777871266304,0.11534793626549349,,0.04
DV2BV,0,cb_lr,0.1,Target-100,0.10741270509045014,0.2347230588863144,,0.325
DV2BV,0,cb_lr,0.1,TargetPAC-100,0.07002524190155658,0.15988164059601048,,0.045
DV2BV,0,cb_lr,0.1,Target-200,0.11076777450567941,0.24252792521271502,,0.31
DV2BV,0,cb_lr,0.1,TargetPAC-200,0.08718973496003364,0.1960556973454622,,0.06
DV2BV,0,cb_lr,0.2,ID-all,0.3693731594446782,0.5848057038409017,0.18867455434188082,
DV2BV,0,cb_lr,0.2,ID,0.36791123264619274,0.5834975080955175,,1.0
DV2BV,0,cb_lr,0.2,Target-50,0.19382204459402608,0.36845984205640037,,0.275
DV2BV,0,cb_lr,0.2,TargetPAC-50,0.12140723601177957,0.2573588696020861,,0.01
DV2BV,0,cb_lr,0.2,Target-100,0.1956815313420278,0.3726370517057616,,0.185
DV2BV,0,cb_lr,0.2,TargetPAC-100,0.14822675641564997,0.30460924886200985,,0.02
DV2BV,0,cb_lr,0.2,Target-200,0.19864955826672276,0.37721684307158493,,0.15
DV2BV,0,cb_lr,0.2,TargetPAC-200,0.16297013041649136,0.3273725050587293,,0.005
DV2BV,0,cb_gb,0.05,ID-all,0.1480858224652924,0.33527178718035533,0.21038158402709453,
DV2BV,0,cb_gb,0.05,ID,0.1618426588136306,0.35851079219756526,,1.0
DV2BV,0,cb_gb,0.05,Target-50,0.04850862431636517,0.12621444775599674,,0.21
DV2BV,0,cb_gb,0.05,TargetPAC-50,0.02782078249894825,0.07626343166195478,,0.04
DV2BV,0,cb_gb,0.05,Target-100,0.059962137147665115,0.154110111726128,,0.295
DV2BV,0,cb_gb,0.05,TargetPAC-100,0.029551956247370635,0.08252524843939776,,0.0
DV2BV,0,cb_gb,0.05,Target-200,0.06146403029028187,0.1566784881176364,,0.25
DV2BV,0,cb_gb,0.05,TargetPAC-200,0.040647875473285654,0.11190284237779323,,0.01
DV2BV,0,cb_gb,0.1,ID-all,0.26630206142196045,0.5264276500135535,0.21038158402709453,
DV2BV,0,cb_gb,0.1,ID,0.2643710559528818,0.5219580128305037,,1.0
DV2BV,0,cb_gb,0.1,Target-50,0.09673538073201515,0.2292719822072059,,0.205
DV2BV,0,cb_gb,0.1,TargetPAC-50,0.04811737484223811,0.12633720868943896,,0.015
DV2BV,0,cb_gb,0.1,Target-100,0.10130206142196047,0.23876192657614553,,0.21
DV2BV,0,cb_gb,0.1,TargetPAC-100,0.06753470761464031,0.17031558351934867,,0.015
DV2BV,0,cb_gb,0.1,Target-200,0.0990660496424064,0.23455812788378283,,0.085
DV2BV,0,cb_gb,0.1,TargetPAC-200,0.07986327303323518,0.19756859959530015,,0.01
DV2BV,0,cb_gb,0.2,ID-all,0.38914598233066894,0.6756100303093338,0.21038158402709453,
DV2BV,0,cb_gb,0.2,ID,0.3920025241901557,0.6776746647432899,,1.0
DV2BV,0,cb_gb,0.2,Target-50,0.19659444678165755,0.41498147623801757,,0.3
DV2BV,0,cb_gb,0.2,TargetPAC-50,0.11563104753891461,0.26694589121631523,,0.005
DV2BV,0,cb_gb,0.2,Target-100,0.1934118636937316,0.41361946607090205,,0.205
DV2BV,0,cb_gb,0.2,TargetPAC-100,0.14774505679427852,0.32952471675539097,,0.03
DV2BV,0,cb_gb,0.2,Target-200,0.20017248632730333,0.4267243385008503,,0.255
DV2BV,0,cb_gb,0.2,TargetPAC-200,0.1601283129995793,0.35562493771365844,,0.005
DV2BV,0,tf_lr,0.05,ID-all,0.15397559949516196,0.33217886266753477,0.37098164626586905,
DV2BV,0,tf_lr,0.05,ID,0.15734749684476232,0.3351063717417175,,1.0
DV2BV,0,tf_lr,0.05,Target-50,0.04079932688262516,0.12070983867256302,,0.155
DV2BV,0,tf_lr,0.05,TargetPAC-50,0.019991586032814472,0.07155969674019834,,0.02
DV2BV,0,tf_lr,0.05,Target-100,0.048628523348758945,0.13749790487890803,,0.19
DV2BV,0,tf_lr,0.05,TargetPAC-100,0.020816154816996214,0.07859236438178456,,0.0
DV2BV,0,tf_lr,0.05,Target-200,0.05101388304585612,0.1428510856851294,,0.09
DV2BV,0,tf_lr,0.05,TargetPAC-200,0.029429953723180483,0.10118112827386298,,0.015
DV2BV,0,tf_lr,0.1,ID-all,0.2797644089188052,0.5045273453845116,0.37098164626586905,
DV2BV,0,tf_lr,0.1,ID,0.28362010938157345,0.5085644169680236,,1.0
DV2BV,0,tf_lr,0.1,Target-50,0.08983382414808584,0.2138253973334735,,0.135
DV2BV,0,tf_lr,0.1,TargetPAC-50,0.03978123685317627,0.11887525839597102,,0.005
DV2BV,0,tf_lr,0.1,Target-100,0.09342869162810265,0.22055210574795375,,0.125
DV2BV,0,tf_lr,0.1,TargetPAC-100,0.056697517879680276,0.15299566878249293,,0.0
DV2BV,0,tf_lr,0.1,Target-200,0.09623474968447625,0.22616990965524209,,0.035
DV2BV,0,tf_lr,0.1,TargetPAC-200,0.07601809002944888,0.1869330054119677,,0.0
DV2BV,0,tf_lr,0.2,ID-all,0.48001682793437106,0.7225495796959456,0.37098164626586905,
DV2BV,0,tf_lr,0.2,ID,0.48257046697517886,0.725453398260586,,1.0
DV2BV,0,tf_lr,0.2,Target-50,0.19071098022717708,0.38161070417490023,,0.29
DV2BV,0,tf_lr,0.2,TargetPAC-50,0.11344762305427011,0.2574794596338686,,0.02
DV2BV,0,tf_lr,0.2,Target-100,0.18866848969289018,0.3821649349280695,,0.24
DV2BV,0,tf_lr,0.2,TargetPAC-100,0.13200252419015565,0.2927329028147982,,0.025
DV2BV,0,tf_lr,0.2,Target-200,0.1866806899453092,0.380695224447979,,0.16
DV2BV,0,tf_lr,0.2,TargetPAC-200,0.1498359276398822,0.32453478172351935,,0.005
DV2BV,0,tf_gb,0.05,ID-all,0.15734118636937316,0.3650703252791614,0.2728270762134466,
DV2BV,0,tf_gb,0.05,ID,0.15944678165755152,0.36817984610615684,,1.0
DV2BV,0,tf_gb,0.05,Target-50,0.038512831299957924,0.12516985810307055,,0.075
DV2BV,0,tf_gb,0.05,TargetPAC-50,0.022381152713504413,0.08053872428745079,,0.01
DV2BV,0,tf_gb,0.05,Target-100,0.049846445098864114,0.1567630699119301,,0.14
DV2BV,0,tf_gb,0.05,TargetPAC-100,0.023540176693310898,0.08490007913600635,,0.005
DV2BV,0,tf_gb,0.05,Target-200,0.04812999579301641,0.15588909744448254,,0.035
DV2BV,0,tf_gb,0.05,TargetPAC-200,0.03268195204038704,0.11226573110485157,,0.0
DV2BV,0,tf_gb,0.1,ID-all,0.2873369793857804,0.5527485653527576,0.2728270762134466,
DV2BV,0,tf_gb,0.1,ID,0.2872928060580564,0.5526910797124281,,1.0
DV2BV,0,tf_gb,0.1,Target-50,0.09421329406815314,0.2438107070011416,,0.24
DV2BV,0,tf_gb,0.1,TargetPAC-50,0.038632730332351706,0.12466124669260331,,0.015
DV2BV,0,tf_gb,0.1,Target-100,0.0982477913336138,0.25168766548676547,,0.22
DV2BV,0,tf_gb,0.1,TargetPAC-100,0.056994110222970115,0.17264164625811582,,0.0
DV2BV,0,tf_gb,0.1,Target-200,0.0971371476651241,0.2493677808457844,,0.13
DV2BV,0,tf_gb,0.1,TargetPAC-200,0.06944678165755153,0.19946073597328734,,0.0
DV2BV,0,tf_gb,0.2,ID-all,0.45351283129995795,0.7370319538090627,0.2728270762134466,
DV2BV,0,tf_gb,0.2,ID,0.45038914598233065,0.7332783438349216,,1.0
DV2BV,0,tf_gb,0.2,Target-50,0.19008834665544808,0.413828001986818,,0.28
DV2BV,0,tf_gb,0.2,TargetPAC-50,0.10697728228859908,0.2676650726215307,,0.015
DV2BV,0,tf_gb,0.2,Target-100,0.19377156079091293,0.42439010751492867,,0.22
DV2BV,0,tf_gb,0.2,TargetPAC-100,0.15123054270088349,0.3501753060865468,,0.02
DV2BV,0,tf_gb,0.2,Target-200,0.19821413546487168,0.43428238227154436,,0.2
DV2BV,0,tf_gb,0.2,TargetPAC-200,0.16079091291543965,0.36988165805938733,,0.0
DV2BV,0,cb_ens,0.05,ID-all,0.1400925536390408,0.3123064629580173,0.223039967461524,
DV2BV,0,cb_ens,0.05,ID,0.14151451409339502,0.3129085360142047,,1.0
DV2BV,0,cb_ens,0.05,Target-50,0.05303323517038283,0.13765899732843725,,0.215
DV2BV,0,cb_ens,0.05,TargetPAC-50,0.03054690786705932,0.08307452954430111,,0.01
DV2BV,0,cb_ens,0.05,Target-100,0.06162810265039967,0.1602107118137979,,0.26
DV2BV,0,cb_ens,0.05,TargetPAC-100,0.031979385780395456,0.08646998300576944,,0.01
DV2BV,0,cb_ens,0.05,Target-200,0.0607236011779554,0.16041519643098026,,0.18
DV2BV,0,cb_ens,0.05,TargetPAC-200,0.04274505679427851,0.11674182507747868,,0.02
DV2BV,0,cb_ens,0.1,ID-all,0.25999158603281447,0.5091879947939574,0.223039967461524,
DV2BV,0,cb_ens,0.1,ID,0.2586790071518721,0.5092300412771629,,1.0
DV2BV,0,cb_ens,0.1,Target-50,0.10608960875052587,0.24778325264746384,,0.295
DV2BV,0,cb_ens,0.1,TargetPAC-50,0.052013041649137566,0.135836725341879,,0.005
DV2BV,0,cb_ens,0.1,Target-100,0.1094972654606647,0.2553582732281699,,0.29
DV2BV,0,cb_ens,0.1,TargetPAC-100,0.0713777871266302,0.18095897228227145,,0.035
DV2BV,0,cb_ens,0.1,Target-200,0.11023138409760203,0.2566393692592175,,0.215
DV2BV,0,cb_ens,0.1,TargetPAC-200,0.08648716870004208,0.21267077257255212,,0.01
DV2BV,0,cb_ens,0.2,ID-all,0.4005048380311317,0.6666950722805303,0.223039967461524,
DV2BV,0,cb_ens,0.2,ID,0.40057846024400506,0.6665407468940079,,1.0
DV2BV,0,cb_ens,0.2,Target-50,0.19307740849810684,0.4015975229430597,,0.29
DV2BV,0,cb_ens,0.2,TargetPAC-50,0.12132519983172067,0.2767614955197388,,0.015
DV2BV,0,cb_ens,0.2,Target-100,0.19829406815313422,0.4121883520883297,,0.255
DV2BV,0,cb_ens,0.2,TargetPAC-100,0.14571098022717713,0.32203706158077744,,0.015
DV2BV,0,cb_ens,0.2,Target-200,0.19561421960454353,0.40843871856008035,,0.17
DV2BV,0,cb_ens,0.2,TargetPAC-200,0.16172275978123685,0.35110122706270075,,0.01
DV2BV,0,tf_ens,0.05,ID-all,0.16449305847707194,0.3769352934409262,0.33275117172594154,
DV2BV,0,tf_ens,0.05,ID,0.1609676062263357,0.3669350768961641,,1.0
DV2BV,0,tf_ens,0.05,Target-50,0.04112536811106437,0.12806870125763217,,0.1
DV2BV,0,tf_ens,0.05,TargetPAC-50,0.026354648716870002,0.09213195218155212,,0.025
DV2BV,0,tf_ens,0.05,Target-100,0.047608329827513673,0.14295173412710807,,0.06
DV2BV,0,tf_ens,0.05,TargetPAC-100,0.026430374421539757,0.09467467319864598,,0.01
DV2BV,0,tf_ens,0.05,Target-200,0.05001472444257467,0.1480464207196902,,0.04
DV2BV,0,tf_ens,0.05,TargetPAC-200,0.03371897349600336,0.11224047397432312,,0.0
DV2BV,0,tf_ens,0.1,ID-all,0.29322675641565,0.5446905593521989,0.33275117172594154,
DV2BV,0,tf_ens,0.1,ID,0.30008413967185527,0.5543224209150468,,1.0
DV2BV,0,tf_ens,0.1,Target-50,0.09058897770298696,0.23582095472613282,,0.19
DV2BV,0,tf_ens,0.1,TargetPAC-50,0.03868531762726126,0.1231619198847029,,0.0
DV2BV,0,tf_ens,0.1,Target-100,0.09074253260412285,0.23815426623114397,,0.07
DV2BV,0,tf_ens,0.1,TargetPAC-100,0.05701724863273033,0.16420666998994585,,0.005
DV2BV,0,tf_ens,0.1,Target-200,0.09308161548169963,0.2447971995507046,,0.04
DV2BV,0,tf_ens,0.1,TargetPAC-200,0.07116112747160287,0.1990628661096218,,0.0
DV2BV,0,tf_ens,0.2,ID-all,0.4985275557425326,0.7785356875388391,0.33275117172594154,
DV2BV,0,tf_ens,0.2,ID,0.5043899873790493,0.7790896121139823,,1.0
DV2BV,0,tf_ens,0.2,Target-50,0.18406604964240642,0.39714091141252666,,0.32
DV2BV,0,tf_ens,0.2,TargetPAC-50,0.10256625999158604,0.25923793468147116,,0.01
DV2BV,0,tf_ens,0.2,Target-100,0.18611695414387883,0.4032775456188273,,0.29
DV2BV,0,tf_ens,0.2,TargetPAC-100,0.1285843500210349,0.3098180171731717,,0.015
DV2BV,0,tf_ens,0.2,Target-200,0.18152292806058057,0.399659709586447,,0.16
DV2BV,0,tf_ens,0.2,TargetPAC-200,0.1418258308792596,0.33473198124695586,,0.005
DV2BV,0,all_ens,0.05,ID-all,0.18679007151872107,0.411443535789618,0.28787165180255,
DV2BV,0,all_ens,0.05,ID,0.17209507782919647,0.3872698897388841,,1.0
DV2BV,0,all_ens,0.05,Target-50,0.04835717290702567,0.13964086067779702,,0.175
DV2BV,0,all_ens,0.05,TargetPAC-50,0.03062263357172907,0.09271393180602823,,0.06
DV2BV,0,all_ens,0.05,Target-100,0.05783129995793017,0.1641229510490863,,0.27
DV2BV,0,all_ens,0.05,TargetPAC-100,0.03307951198990324,0.10131940576919664,,0.005
DV2BV,0,all_ens,0.05,Target-200,0.06049432057214977,0.17054048056751012,,0.25
DV2BV,0,all_ens,0.05,TargetPAC-200,0.04378838872528397,0.12863871889663328,,0.01
DV2BV,0,all_ens,0.1,ID-all,0.3079511989903239,0.5833366228760669,0.28787165180255,
DV2BV,0,all_ens,0.1,ID,0.306211611274716,0.5785187757857689,,1.0
DV2BV,0,all_ens,0.1,Target-50,0.09518300378628525,0.24680065249169617,,0.205
DV2BV,0,all_ens,0.1,TargetPAC-50,0.04762095077829196,0.13791844503722164,,0.005
DV2BV,0,all_ens,0.1,Target-100,0.09349389987379048,0.24600702733492105,,0.15
DV2BV,0,all_ens,0.1,TargetPAC-100,0.06801640723601178,0.18977778827785055,,0.015
DV2BV,0,all_ens,0.1,Target-200,0.09492427429533025,0.25089528611185785,,0.075
DV2BV,0,all_ens,0.1,TargetPAC-200,0.07702566259991586,0.21380574387727386,,0.005
DV2BV,0,all_ens,0.2,ID-all,0.4652923853596971,0.7450642926801269,0.28787165180255,
DV2BV,0,all_ens,0.2,ID,0.46811106436684896,0.7477691229783153,,1.0
DV2BV,0,all_ens,0.2,Target-50,0.19117164493058475,0.41308284828642927,,0.295
DV2BV,0,all_ens,0.2,TargetPAC-50,0.11882414808582248,0.2930514556749584,,0.02
DV2BV,0,all_ens,0.2,Target-100,0.19033866217921747,0.4152283931767515,,0.175
DV2BV,0,all_ens,0.2,TargetPAC-100,0.14025452250736223,0.33323780757218346,,0.005
DV2BV,0,all_ens,0.2,Target-200,0.18821413546487173,0.4137078871302725,,0.115
DV2BV,0,all_ens,0.2,TargetPAC-200,0.1546865797223391,0.35950404783406065,,0.005
DV2BV,0,fmt_gb,0.05,ID-all,0.1804795961295751,0.3752462967077483,0.19597448098504872,
DV2BV,0,fmt_gb,0.05,ID,0.18530290281867898,0.3793043163239838,,1.0
DV2BV,0,fmt_gb,0.05,Target-50,0.04385359697097181,0.09563206282070351,,0.19
DV2BV,0,fmt_gb,0.05,TargetPAC-50,0.018563315103071097,0.045828355976943874,,0.025
DV2BV,0,fmt_gb,0.05,Target-100,0.05597812368531763,0.11802271204249676,,0.2
DV2BV,0,fmt_gb,0.05,TargetPAC-100,0.021941522928060578,0.05571180608546044,,0.005
DV2BV,0,fmt_gb,0.05,Target-200,0.05735591081194784,0.11957272845962162,,0.14
DV2BV,0,fmt_gb,0.05,TargetPAC-200,0.035700462768195204,0.08781132911674724,,0.0
DV2BV,0,fmt_gb,0.1,ID-all,0.2839713925115692,0.5582236415100181,0.19597448098504872,
DV2BV,0,fmt_gb,0.1,ID,0.28299116533445523,0.5540438112492,,1.0
DV2BV,0,fmt_gb,0.1,Target-50,0.09853596970971815,0.18814328498059027,,0.265
DV2BV,0,fmt_gb,0.1,TargetPAC-50,0.04503996634413125,0.09797601805136213,,0.005
DV2BV,0,fmt_gb,0.1,Target-100,0.099554059739167,0.1856593727904608,,0.19
DV2BV,0,fmt_gb,0.1,TargetPAC-100,0.06567942785023138,0.13237941386357055,,0.01
DV2BV,0,fmt_gb,0.1,Target-200,0.10142406394615061,0.18686256932605055,,0.115
DV2BV,0,fmt_gb,0.1,TargetPAC-200,0.07920277660917123,0.1527744756584445,,0.005
DV2BV,0,fmt_gb,0.2,ID-all,0.37147665124106016,0.7083600981534675,0.19597448098504872,
DV2BV,0,fmt_gb,0.2,ID,0.37392721918384525,0.709408179165719,,1.0
DV2BV,0,fmt_gb,0.2,Target-50,0.20110012620950776,0.39823922122348565,,0.345
DV2BV,0,fmt_gb,0.2,TargetPAC-50,0.11798906184265881,0.22458102469223654,,0.02
DV2BV,0,fmt_gb,0.2,Target-100,0.19877366428270932,0.39855818431737006,,0.28
DV2BV,0,fmt_gb,0.2,TargetPAC-100,0.14488010096760623,0.28044598511586477,,0.025
DV2BV,0,fmt_gb,0.2,Target-200,0.20381573411863696,0.41262944529948087,,0.28
DV2BV,0,fmt_gb,0.2,TargetPAC-200,0.15883676903660074,0.31541927230993594,,0.0
DV2BV,0,ft_cb,0.05,ID-all,0.1451409339503576,0.33647972115351066,0.1383287492296974,
DV2BV,0,ft_cb,0.05,ID,0.1478228859907446,0.34009743306497625,,1.0
DV2BV,0,ft_cb,0.05,Target-50,0.03830879259570888,0.12681851856351462,,0.21
DV2BV,0,ft_cb,0.05,TargetPAC-50,0.016766933108960873,0.06306732108163349,,0.055
DV2BV,0,ft_cb,0.05,Target-100,0.04730963399242743,0.1542313393407443,,0.24
DV2BV,0,ft_cb,0.05,TargetPAC-100,0.01343710559528818,0.05995006758731874,,0.0
DV2BV,0,ft_cb,0.05,Target-200,0.051445098864114434,0.16601089865115234,,0.255
DV2BV,0,ft_cb,0.05,TargetPAC-200,0.022585191417753468,0.09680046686641187,,0.01
DV2BV,0,ft_cb,0.1,ID-all,0.20656289440471182,0.4435696264938699,0.1383287492296974,
DV2BV,0,ft_cb,0.1,ID,0.20927008834665548,0.4463377569509824,,1.0
DV2BV,0,ft_cb,0.1,Target-50,0.11051956247370637,0.27546681906223186,,0.41
DV2BV,0,ft_cb,0.1,TargetPAC-50,0.036901556583929324,0.12608176508982455,,0.01
DV2BV,0,ft_cb,0.1,Target-100,0.11505889777029868,0.28524766880446856,,0.405
DV2BV,0,ft_cb,0.1,TargetPAC-100,0.060776188472864964,0.18326508060999294,,0.03
DV2BV,0,ft_cb,0.1,Target-200,0.11798695835086243,0.2910712603926431,,0.445
DV2BV,0,ft_cb,0.1,TargetPAC-200,0.08426167437946994,0.23088596729336694,,0.075
DV2BV,0,ft_cb,0.2,ID-all,0.33529659234328985,0.5846940007890914,0.1383287492296974,
DV2BV,0,ft_cb,0.2,ID,0.33175851914177534,0.5828370198297173,,1.0
DV2BV,0,ft_cb,0.2,Target-50,0.20780185107278082,0.4354635671073689,,0.375
DV2BV,0,ft_cb,0.2,TargetPAC-50,0.1321224232225494,0.3126883261270888,,0.035
DV2BV,0,ft_cb,0.2,Target-100,0.21062053007993267,0.444180659716164,,0.34
DV2BV,0,ft_cb,0.2,TargetPAC-100,0.16597181320992846,0.3711431295407188,,0.045
DV2BV,0,ft_cb,0.2,Target-200,0.21094867480016827,0.4475009842956881,,0.27
DV2BV,0,ft_cb,0.2,TargetPAC-200,0.17751367269667648,0.391659877027857,,0.02
DV2BV,0,ft_tf_ens,0.05,ID-all,0.14934791754312157,0.3653506098403255,0.2651824339159978,
DV2BV,0,ft_tf_ens,0.05,ID,0.15312999579301642,0.3692418450658738,,1.0
DV2BV,0,ft_tf_ens,0.05,Target-50,0.046979385780395455,0.1424240062863347,,0.17
DV2BV,0,ft_tf_ens,0.05,TargetPAC-50,0.027202355910811944,0.09516210721038565,,0.035
DV2BV,0,ft_tf_ens,0.05,Target-100,0.056224232225494324,0.16320024356797,,0.185
DV2BV,0,ft_tf_ens,0.05,TargetPAC-100,0.02854228018510728,0.10014066411815226,,0.015
DV2BV,0,ft_tf_ens,0.05,Target-200,0.058727387463188896,0.16892262523127954,,0.125
DV2BV,0,ft_tf_ens,0.05,TargetPAC-200,0.039440471182162394,0.12500601700280975,,0.005
DV2BV,0,ft_tf_ens,0.1,ID-all,0.27008834665544806,0.5453474929877683,0.2651824339159978,
DV2BV,0,ft_tf_ens,0.1,ID,0.2652040387042491,0.5415019750483221,,1.0
DV2BV,0,ft_tf_ens,0.1,Target-50,0.09957930164072361,0.26039751484886936,,0.175
DV2BV,0,ft_tf_ens,0.1,TargetPAC-50,0.04795330248212032,0.14458476631028597,,0.005
DV2BV,0,ft_tf_ens,0.1,Target-100,0.10157972233908287,0.2680155254349824,,0.135
DV2BV,0,ft_tf_ens,0.1,TargetPAC-100,0.06697307530500632,0.18805592622572698,,0.01
DV2BV,0,ft_tf_ens,0.1,Target-200,0.10027135044173327,0.267563529452007,,0.05
DV2BV,0,ft_tf_ens,0.1,TargetPAC-200,0.0826146403029028,0.2251237067845116,,0.0
DV2BV,0,ft_tf_ens,0.2,ID-all,0.4270088346655448,0.7237550086952791,0.2651824339159978,
DV2BV,0,ft_tf_ens,0.2,ID,0.4214177534707615,0.7204273372867819,,1.0
DV2BV,0,ft_tf_ens,0.2,Target-50,0.1990071518721077,0.43951815537898464,,0.34
DV2BV,0,ft_tf_ens,0.2,TargetPAC-50,0.12056163230963399,0.3026526029939623,,0.03
DV2BV,0,ft_tf_ens,0.2,Target-100,0.1945225073622213,0.4344771595029207,,0.245
DV2BV,0,ft_tf_ens,0.2,TargetPAC-100,0.14792806058056374,0.3574747968182871,,0.025
DV2BV,0,ft_tf_ens,0.2,Target-200,0.20072149768615902,0.4449553846910224,,0.195
DV2BV,0,ft_tf_ens,0.2,TargetPAC-200,0.1634539335296592,0.3847827063561786,,0.015
DV2BV,1,cb_lr,0.05,ID-all,0.12093788564376799,0.24941029536225057,0.16851685108736938,
DV2BV,1,cb_lr,0.05,ID,0.12427396133278487,0.25158265903070587,,1.0
DV2BV,1,cb_lr,0.05,Target-50,0.03971822295351707,0.10142730186551438,,0.105
DV2BV,1,cb_lr,0.05,TargetPAC-50,0.01972233648704237,0.05632278807753258,,0.01
DV2BV,1,cb_lr,0.05,Target-100,0.05035787741670094,0.1246909611015971,,0.14
DV2BV,1,cb_lr,0.05,TargetPAC-100,0.021750308515014395,0.06286658349182074,,0.01
DV2BV,1,cb_lr,0.05,Target-200,0.04945701357466063,0.12423124354320443,,0.075
DV2BV,1,cb_lr,0.05,TargetPAC-200,0.032583299053887294,0.08856608088636979,,0.0
DV2BV,1,cb_lr,0.1,ID-all,0.2048539695598519,0.3730421204180691,0.16851685108736938,
DV2BV,1,cb_lr,0.1,ID,0.20921225832990537,0.37978548364206766,,1.0
DV2BV,1,cb_lr,0.1,Target-50,0.10537227478403949,0.2179544741003802,,0.32
DV2BV,1,cb_lr,0.1,TargetPAC-50,0.0402468120115179,0.10242000966971053,,0.015
DV2BV,1,cb_lr,0.1,Target-100,0.10682846565199505,0.2226163687005223,,0.27
DV2BV,1,cb_lr,0.1,TargetPAC-100,0.0637145207733443,0.14957946086025609,,0.02
DV2BV,1,cb_lr,0.1,Target-200,0.10841628959276017,0.22693579444155126,,0.22
DV2BV,1,cb_lr,0.1,TargetPAC-200,0.07939736733854381,0.1794135399141033,,0.005
DV2BV,1,cb_lr,0.2,ID-all,0.3290826820238585,0.5344701633421748,0.16851685108736938,
DV2BV,1,cb_lr,0.2,ID,0.3346462361168243,0.5397632451597706,,1.0
DV2BV,1,cb_lr,0.2,Target-50,0.2087309749074455,0.3751093402116233,,0.355
DV2BV,1,cb_lr,0.2,TargetPAC-50,0.12642945290004115,0.25158674278424903,,0.035
DV2BV,1,cb_lr,0.2,Target-100,0.2032332373508844,0.36894142517610407,,0.3
DV2BV,1,cb_lr,0.2,TargetPAC-100,0.15597902097902097,0.29676055191475775,,0.04
DV2BV,1,cb_lr,0.2,Target-200,0.20748251748251748,0.37697807087135216,,0.255
DV2BV,1,cb_lr,0.2,TargetPAC-200,0.1777972027972028,0.3278030063870746,,0.02
DV2BV,1,cb_gb,0.05,ID-all,0.12793089263677498,0.2924878989592117,0.18137531129993636,
DV2BV,1,cb_gb,0.05,ID,0.1386055121349239,0.3075338281441266,,1.0
DV2BV,1,cb_gb,0.05,Target-50,0.039407651172357054,0.11756781137655764,,0.13
DV2BV,1,cb_gb,0.05,TargetPAC-50,0.023506787330316737,0.07410061136486305,,0.05
DV2BV,1,cb_gb,0.05,Target-100,0.050874125874125875,0.14646327047569052,,0.175
DV2BV,1,cb_gb,0.05,TargetPAC-100,0.02171945701357466,0.07455888631141747,,0.01
DV2BV,1,cb_gb,0.05,Target-200,0.052610037021801725,0.15120281005009656,,0.165
DV2BV,1,cb_gb,0.05,TargetPAC-200,0.033609625668449196,0.10908626956624987,,0.015
DV2BV,1,cb_gb,0.1,ID-all,0.21225832990538873,0.42777357276936684,0.18137531129993636,
DV2BV,1,cb_gb,0.1,ID,0.21345536816125055,0.42888223756079236,,1.0
DV2BV,1,cb_gb,0.1,Target-50,0.1072110242698478,0.250081303988452,,0.35
DV2BV,1,cb_gb,0.1,TargetPAC-50,0.04371246400658166,0.12604906023478263,,0.02
DV2BV,1,cb_gb,0.1,Target-100,0.11190662278897573,0.26025201911873075,,0.41
DV2BV,1,cb_gb,0.1,TargetPAC-100,0.0655697243932538,0.175118559230392,,0.03
DV2BV,1,cb_gb,0.1,Target-200,0.11009872480460714,0.2590492721649522,,0.355
DV2BV,1,cb_gb,0.1,TargetPAC-200,0.07877211024269848,0.20041328355406995,,0.015
DV2BV,1,cb_gb,0.2,ID-all,0.36199095022624433,0.6271576335649548,0.18137531129993636,
DV2BV,1,cb_gb,0.2,ID,0.3626717400246812,0.6304476685595297,,1.0
DV2BV,1,cb_gb,0.2,Target-50,0.21089058000822708,0.42086544698211936,,0.385
DV2BV,1,cb_gb,0.2,TargetPAC-50,0.12967503085150145,0.28885848898638267,,0.045
DV2BV,1,cb_gb,0.2,Target-100,0.21623611682435215,0.4315617260937368,,0.465
DV2BV,1,cb_gb,0.2,TargetPAC-100,0.16066639243109834,0.3420626983278434,,0.055
DV2BV,1,cb_gb,0.2,Target-200,0.2141320444261621,0.42907019326313245,,0.485
DV2BV,1,cb_gb,0.2,TargetPAC-200,0.17620526532291236,0.3670729433652845,,0.04
DV2BV,1,tf_lr,0.05,ID-all,0.15220074043603454,0.3194203897585406,0.3801095167168677,
DV2BV,1,tf_lr,0.05,ID,0.1606581653640477,0.3364871923968908,,0.995
DV2BV,1,tf_lr,0.05,Target-50,0.03516042780748663,0.11238033949896838,,0.095
DV2BV,1,tf_lr,0.05,TargetPAC-50,0.01764705882352941,0.06466967194711842,,0.01
DV2BV,1,tf_lr,0.05,Target-100,0.04247840394899218,0.1369075673407381,,0.1
DV2BV,1,tf_lr,0.05,TargetPAC-100,0.01846359522830111,0.06830426207420476,,0.0
DV2BV,1,tf_lr,0.05,Target-200,0.04081447963800905,0.13623770853345338,,0.035
DV2BV,1,tf_lr,0.05,TargetPAC-200,0.02728918140682847,0.10011905159426121,,0.0
DV2BV,1,tf_lr,0.1,ID-all,0.28342245989304815,0.5113977271703741,0.3801095167168677,
DV2BV,1,tf_lr,0.1,ID,0.28540312628547926,0.5132511258902213,,1.0
DV2BV,1,tf_lr,0.1,Target-50,0.10572809543397778,0.24743715340677874,,0.455
DV2BV,1,tf_lr,0.1,TargetPAC-50,0.03734882764294529,0.11909429513046468,,0.02
DV2BV,1,tf_lr,0.1,Target-100,0.10853969559851913,0.25325472502818136,,0.42
DV2BV,1,tf_lr,0.1,TargetPAC-100,0.054043603455368155,0.15980999898195156,,0.035
DV2BV,1,tf_lr,0.1,Target-200,0.10583299053887289,0.25012028629001115,,0.335
DV2BV,1,tf_lr,0.1,TargetPAC-200,0.07355820649938298,0.1964832324038018,,0.055
DV2BV,1,tf_lr,0.2,ID-all,0.5170711641299877,0.7540982028393748,0.3801095167168677,
DV2BV,1,tf_lr,0.2,ID,0.5206499382969971,0.7559638129166041,,1.0
DV2BV,1,tf_lr,0.2,Target-50,0.2081118881118881,0.40652242848262027,,0.325
DV2BV,1,tf_lr,0.2,TargetPAC-50,0.12496914849856028,0.27942889453972963,,0.04
DV2BV,1,tf_lr,0.2,Target-100,0.2120382558617853,0.4150497707266305,,0.335
DV2BV,1,tf_lr,0.2,TargetPAC-100,0.16251336898395724,0.3395189597324837,,0.03
DV2BV,1,tf_lr,0.2,Target-200,0.21202591526120934,0.4167639704699411,,0.3
DV2BV,1,tf_lr,0.2,TargetPAC-200,0.1777437268613739,0.36409665318223255,,0.025
DV2BV,1,tf_gb,0.05,ID-all,0.15754833401892226,0.38411713902237204,0.26194731525371046,
DV2BV,1,tf_gb,0.05,ID,0.15260592348827642,0.37233233876424066,,1.0
DV2BV,1,tf_gb,0.05,Target-50,0.041945701357466066,0.12383266725065326,,0.16
DV2BV,1,tf_gb,0.05,TargetPAC-50,0.021696832579185518,0.068412180216032,,0.01
DV2BV,1,tf_gb,0.05,Target-100,0.048981900452488694,0.14431783306997287,,0.15
DV2BV,1,tf_gb,0.05,TargetPAC-100,0.0234841628959276,0.07357486538321836,,0.005
DV2BV,1,tf_gb,0.05,Target-200,0.05281571369806664,0.15494802163688248,,0.12
DV2BV,1,tf_gb,0.05,TargetPAC-200,0.03296997120526532,0.10250959531722041,,0.005
DV2BV,1,tf_gb,0.1,ID-all,0.23406005758946935,0.5038019075803918,0.26194731525371046,
DV2BV,1,tf_gb,0.1,ID,0.25136363636363634,0.521865998872472,,1.0
DV2BV,1,tf_gb,0.1,Target-50,0.09950226244343892,0.25946737972540307,,0.33
DV2BV,1,tf_gb,0.1,TargetPAC-50,0.04153846153846153,0.12146898760929054,,0.02
DV2BV,1,tf_gb,0.1,Target-100,0.10161456190867955,0.2677939334613655,,0.29
DV2BV,1,tf_gb,0.1,TargetPAC-100,0.061869600987248044,0.17617206204454156,,0.035
DV2BV,1,tf_gb,0.1,Target-200,0.10118469765528589,0.2686753051604318,,0.25
DV2BV,1,tf_gb,0.1,TargetPAC-200,0.07576511723570548,0.21037615684449573,,0.05
DV2BV,1,tf_gb,0.2,ID-all,0.43685726038667216,0.7208092292136542,0.26194731525371046,
DV2BV,1,tf_gb,0.2,ID,0.43538667215137805,0.7181254216330026,,1.0
DV2BV,1,tf_gb,0.2,Target-50,0.2270732208967503,0.48083478358481313,,0.545
DV2BV,1,tf_gb,0.2,TargetPAC-50,0.12149526943644591,0.3059227394254951,,0.055
DV2BV,1,tf_gb,0.2,Target-100,0.22854380913204442,0.4884985940363849,,0.565
DV2BV,1,tf_gb,0.2,TargetPAC-100,0.15793294940353764,0.37886539204509717,,0.065
DV2BV,1,tf_gb,0.2,Target-200,0.22709995886466477,0.4884179750203219,,0.6
DV2BV,1,tf_gb,0.2,TargetPAC-200,0.18096873714520775,0.4202168906552646,,0.125
DV2BV,1,cb_ens,0.05,ID-all,0.14561908679555738,0.31014489566259634,0.1956558477655688,
DV2BV,1,cb_ens,0.05,ID,0.14445701357466065,0.3084048394252548,,1.0
DV2BV,1,cb_ens,0.05,Target-50,0.04144385026737968,0.11811184998408901,,0.125
DV2BV,1,cb_ens,0.05,TargetPAC-50,0.01864870423693953,0.062109700357315244,,0.02
DV2BV,1,cb_ens,0.05,Target-100,0.050154257507198687,0.14064885488147166,,0.125
DV2BV,1,cb_ens,0.05,TargetPAC-100,0.019851912793089264,0.06802529145338919,,0.005
DV2BV,1,cb_ens,0.05,Target-200,0.04683874948580831,0.1363309206223921,,0.04
DV2BV,1,cb_ens,0.05,TargetPAC-200,0.030645824763471823,0.09786278405674008,,0.01
DV2BV,1,cb_ens,0.1,ID-all,0.2044426162073221,0.41642334382214996,0.1956558477655688,
DV2BV,1,cb_ens,0.1,ID,0.20547099958864665,0.415807705969673,,1.0
DV2BV,1,cb_ens,0.1,Target-50,0.11007815713698064,0.24953792228885152,,0.435
DV2BV,1,cb_ens,0.1,TargetPAC-50,0.03887083504730564,0.11200745536528559,,0.01
DV2BV,1,cb_ens,0.1,Target-100,0.11125051419169067,0.25322596990494206,,0.415
DV2BV,1,cb_ens,0.1,TargetPAC-100,0.06233031674208145,0.16497873872594945,,0.045
DV2BV,1,cb_ens,0.1,Target-200,0.11476347182229535,0.26033677960096746,,0.43
DV2BV,1,cb_ens,0.1,TargetPAC-200,0.08196626902509255,0.20263900706083515,,0.045
DV2BV,1,cb_ens,0.2,ID-all,0.3718634306869601,0.6301086042382923,0.1956558477655688,
DV2BV,1,cb_ens,0.2,ID,0.36106334841628956,0.6199726900252304,,1.0
DV2BV,1,cb_ens,0.2,Target-50,0.20699095022624434,0.41013579188008464,,0.345
DV2BV,1,cb_ens,0.2,TargetPAC-50,0.12096873714520774,0.26920543657085083,,0.015
DV2BV,1,cb_ens,0.2,Target-100,0.20505758946935415,0.4106863734422435,,0.335
DV2BV,1,cb_ens,0.2,TargetPAC-100,0.16125874125874126,0.3374387295417411,,0.06
DV2BV,1,cb_ens,0.2,Target-200,0.20522418757712874,0.4127372049078721,,0.275
DV2BV,1,cb_ens,0.2,TargetPAC-200,0.16966474701768816,0.35249956896324264,,0.02
DV2BV,1,tf_ens,0.05,ID-all,0.17030028794734678,0.3851975635163514,0.32754975229137945,
DV2BV,1,tf_ens,0.05,ID,0.18412381735911146,0.40475562374313084,,1.0
DV2BV,1,tf_ens,0.05,Target-50,0.040754833401892225,0.1253261700804568,,0.135
DV2BV,1,tf_ens,0.05,TargetPAC-50,0.022192513368983962,0.07551080520160404,,0.04
DV2BV,1,tf_ens,0.05,Target-100,0.04691279308926368,0.14225534067162687,,0.13
DV2BV,1,tf_ens,0.05,TargetPAC-100,0.023786507610037023,0.08254537706565063,,0.015
DV2BV,1,tf_ens,0.05,Target-200,0.04863430686960099,0.14728500133285982,,0.095
DV2BV,1,tf_ens,0.05,TargetPAC-200,0.03088440970793912,0.10128859123197718,,0.0
DV2BV,1,tf_ens,0.1,ID-all,0.31016042780748665,0.5791697357778598,0.32754975229137945,
DV2BV,1,tf_ens,0.1,ID,0.30936857260386674,0.5791595130332341,,1.0
DV2BV,1,tf_ens,0.1,Target-50,0.10079185520361993,0.25760740254655895,,0.28
DV2BV,1,tf_ens,0.1,TargetPAC-50,0.04124023035787741,0.1261880950154227,,0.025
DV2BV,1,tf_ens,0.1,Target-100,0.10001851090086385,0.2627201635983835,,0.21
DV2BV,1,tf_ens,0.1,TargetPAC-100,0.057636774989716165,0.16878725773805014,,0.015
DV2BV,1,tf_ens,0.1,Target-200,0.10375976964212259,0.2713043146947866,,0.195
DV2BV,1,tf_ens,0.1,TargetPAC-200,0.07412793089263678,0.21088103564354144,,0.015
DV2BV,1,tf_ens,0.2,ID-all,0.48004936240230356,0.7598669781798917,0.32754975229137945,
DV2BV,1,tf_ens,0.2,ID,0.4825359934183463,0.7570563249826426,,1.0
DV2BV,1,tf_ens,0.2,Target-50,0.21401892225421637,0.4459431188022637,,0.39
DV2BV,1,tf_ens,0.2,TargetPAC-50,0.12239201974496092,0.29947266660166827,,0.05
DV2BV,1,tf_ens,0.2,Target-100,0.2147943233237351,0.45015845713601577,,0.44
DV2BV,1,tf_ens,0.2,TargetPAC-100,0.15686548745372275,0.360156410502254,,0.08
DV2BV,1,tf_ens,0.2,Target-200,0.22030645824763473,0.4588718996196997,,0.45
DV2BV,1,tf_ens,0.2,TargetPAC-200,0.1823714520773344,0.4022558212663402,,0.09
DV2BV,1,all_ens,0.05,ID-all,0.16248457424928014,0.37161013651391434,0.2630346574708996,
DV2BV,1,all_ens,0.05,ID,0.16414644179350063,0.37159419202293814,,1.0
DV2BV,1,all_ens,0.05,Target-50,0.04107363225010283,0.12622345073628696,,0.16
DV2BV,1,all_ens,0.05,TargetPAC-50,0.019944467297408473,0.06972120742825377,,0.02
DV2BV,1,all_ens,0.05,Target-100,0.05191279308926368,0.15560791961079157,,0.145
DV2BV,1,all_ens,0.05,TargetPAC-100,0.02080625257095845,0.07612433902601097,,0.005
DV2BV,1,all_ens,0.05,Target-200,0.049134101192924724,0.15235245467296385,,0.045
DV2BV,1,all_ens,0.05,TargetPAC-200,0.030032908268202388,0.10515694637741578,,0.0
DV2BV,1,all_ens,0.1,ID-all,0.26655697243932536,0.5239837419468454,0.2630346574708996,
DV2BV,1,all_ens,0.1,ID,0.2670197449609214,0.5257886414234187,,1.0
DV2BV,1,all_ens,0.1,Target-50,0.10234471410941999,0.2545960318549752,,0.265
DV2BV,1,all_ens,0.1,TargetPAC-50,0.04087206910736322,0.12781639789792842,,0.02
DV2BV,1,all_ens,0.1,Target-100,0.10016865487453724,0.2519107638879186,,0.22
DV2BV,1,all_ens,0.1,TargetPAC-100,0.059154668860551214,0.17133023281289458,,0.01
DV2BV,1,all_ens,0.1,Target-200,0.10265734265734267,0.2572413765079521,,0.17
DV2BV,1,all_ens,0.1,TargetPAC-200,0.07573015220074045,0.20497606233353807,,0.005
DV2BV,1,all_ens,0.2,ID-all,0.4360345536816125,0.7189786330350951,0.2630346574708996,
DV2BV,1,all_ens,0.2,ID,0.4336898395721925,0.7164762737662116,,1.0
DV2BV,1,all_ens,0.2,Target-50,0.21249691484985603,0.44338875354847135,,0.5
DV2BV,1,all_ens,0.2,TargetPAC-50,0.12479638009049773,0.296606474075711,,0.055
DV2BV,1,all_ens,0.2,Target-100,0.21711435623200326,0.4531047936858568,,0.525
DV2BV,1,all_ens,0.2,TargetPAC-100,0.15591937474290415,0.35418310945943515,,0.08
DV2BV,1,all_ens,0.2,Target-200,0.21894899218428626,0.4568827642285337,,0.555
DV2BV,1,all_ens,0.2,TargetPAC-200,0.17226038667215135,0.3844872309205843,,0.065
DV2BV,1,fmt_gb,0.05,ID-all,0.2562731386260798,0.5131821592130458,0.23968261127325546,
DV2BV,1,fmt_gb,0.05,ID,0.25283011106540515,0.504347703825813,,1.0
DV2BV,1,fmt_gb,0.05,Target-50,0.04102426984779926,0.06858182977753022,,0.145
DV2BV,1,fmt_gb,0.05,TargetPAC-50,0.01565405183052242,0.023845907737374484,,0.02
DV2BV,1,fmt_gb,0.05,Target-100,0.04608597285067874,0.07624603969429339,,0.135
DV2BV,1,fmt_gb,0.05,TargetPAC-100,0.016137392019744963,0.02287210957369624,,0.005
DV2BV,1,fmt_gb,0.05,Target-200,0.04928013163307281,0.08347749384961384,,0.085
DV2BV,1,fmt_gb,0.05,TargetPAC-200,0.028718634306869602,0.042938990325638506,,0.0
DV2BV,1,fmt_gb,0.1,ID-all,0.3344302756067462,0.6421211152662343,0.23968261127325546,
DV2BV,1,fmt_gb,0.1,ID,0.33452900041135336,0.6405957723245896,,1.0
DV2BV,1,fmt_gb,0.1,Target-50,0.09839983545865899,0.18140044237677322,,0.29
DV2BV,1,fmt_gb,0.1,TargetPAC-50,0.03804607157548334,0.06288350880406264,,0.02
DV2BV,1,fmt_gb,0.1,Target-100,0.09605717811600165,0.17510725309765485,,0.255
DV2BV,1,fmt_gb,0.1,TargetPAC-100,0.05987659399424105,0.10337314463056263,,0.02
DV2BV,1,fmt_gb,0.1,Target-200,0.10277046482928835,0.18981448651500943,,0.25
DV2BV,1,fmt_gb,0.1,TargetPAC-200,0.0729185520361991,0.12679520101700986,,0.015
DV2BV,1,fmt_gb,0.2,ID-all,0.3973673385438091,0.7508409501529228,0.23968261127325546,
DV2BV,1,fmt_gb,0.2,ID,0.40015014397367343,0.7512151081842987,,1.0
DV2BV,1,fmt_gb,0.2,Target-50,0.21134306869600988,0.4184963430149996,,0.415
DV2BV,1,fmt_gb,0.2,TargetPAC-50,0.11979432332373509,0.22615043128174178,,0.05
DV2BV,1,fmt_gb,0.2,Target-100,0.20414644179350064,0.40645870388718014,,0.36
DV2BV,1,fmt_gb,0.2,TargetPAC-100,0.15356849033319622,0.29602231209074736,,0.07
DV2BV,1,fmt_gb,0.2,Target-200,0.20320238584944467,0.4060013167438429,,0.3
DV2BV,1,fmt_gb,0.2,TargetPAC-200,0.16998560263266146,0.3314265482121185,,0.03
DV2BV,2,cb_lr,0.05,ID-all,0.14481327800829877,0.2886145868320368,0.19512714118523247,
DV2BV,2,cb_lr,0.05,ID,0.14162448132780084,0.2846612097599392,,1.0
DV2BV,2,cb_lr,0.05,Target-50,0.034769709543568464,0.08967710845434228,,0.095
DV2BV,2,cb_lr,0.05,TargetPAC-50,0.018080912863070536,0.051347115886811574,,0.02
DV2BV,2,cb_lr,0.05,Target-100,0.04447095435684647,0.11219714674441875,,0.07
DV2BV,2,cb_lr,0.05,TargetPAC-100,0.020356846473029044,0.057655194083839144,,0.0
DV2BV,2,cb_lr,0.05,Target-200,0.04653319502074689,0.1174798171264602,,0.02
DV2BV,2,cb_lr,0.05,TargetPAC-200,0.028159751037344402,0.07521083652812206,,0.0
DV2BV,2,cb_lr,0.1,ID-all,0.21950207468879668,0.4084870735317417,0.19512714118523247,
DV2BV,2,cb_lr,0.1,ID,0.22699377593360995,0.41784091903790527,,1.0
DV2BV,2,cb_lr,0.1,Target-50,0.08513900414937758,0.19175492276843767,,0.165
DV2BV,2,cb_lr,0.1,TargetPAC-50,0.03589004149377593,0.09262040794566019,,0.0
DV2BV,2,cb_lr,0.1,Target-100,0.08043360995850621,0.18575365012550804,,0.09
DV2BV,2,cb_lr,0.1,TargetPAC-100,0.05277178423236515,0.13053038646231102,,0.0
DV2BV,2,cb_lr,0.1,Target-200,0.08164522821576763,0.18953655429782265,,0.005
DV2BV,2,cb_lr,0.1,TargetPAC-200,0.06345435684647302,0.15443174671225862,,0.0
DV2BV,2,cb_lr,0.2,ID-all,0.36804979253112036,0.5841904782832377,0.19512714118523247,
DV2BV,2,cb_lr,0.2,ID,0.37475726141078836,0.591177710980565,,1.0
DV2BV,2,cb_lr,0.2,Target-50,0.17595435684647304,0.33609927534742845,,0.2
DV2BV,2,cb_lr,0.2,TargetPAC-50,0.10156431535269711,0.21977259793415965,,0.01
DV2BV,2,cb_lr,0.2,Target-100,0.17883817427385892,0.34131204179534663,,0.09
DV2BV,2,cb_lr,0.2,TargetPAC-100,0.12734439834024897,0.2629955360564345,,0.005
DV2BV,2,cb_lr,0.2,Target-200,0.18127178423236515,0.34440053059879205,,0.045
DV2BV,2,cb_lr,0.2,TargetPAC-200,0.14355186721991703,0.2876193643824504,,0.0
DV2BV,2,cb_gb,0.05,ID-all,0.11825726141078838,0.29211833827910666,0.16140462871190103,
DV2BV,2,cb_gb,0.05,ID,0.11658921161825728,0.2871281131599465,,1.0
DV2BV,2,cb_gb,0.05,Target-50,0.027518672199170126,0.0920645928939725,,0.065
DV2BV,2,cb_gb,0.05,TargetPAC-50,0.010912863070539418,0.04400715580472123,,0.005
DV2BV,2,cb_gb,0.05,Target-100,0.03565767634854772,0.11589339376034909,,0.08
DV2BV,2,cb_gb,0.05,TargetPAC-100,0.011211618257261408,0.047315155478326265,,0.0
DV2BV,2,cb_gb,0.05,Target-200,0.03376763485477178,0.11375572778351371,,0.01
DV2BV,2,cb_gb,0.05,TargetPAC-200,0.01853941908713693,0.07214479161009045,,0.0
DV2BV,2,cb_gb,0.1,ID-all,0.1991701244813278,0.4256697182093071,0.16140462871190103,
DV2BV,2,cb_gb,0.1,ID,0.19982987551867218,0.42807179606053053,,1.0
DV2BV,2,cb_gb,0.1,Target-50,0.08218049792531118,0.2163424591771994,,0.17
DV2BV,2,cb_gb,0.1,TargetPAC-50,0.026313278008298756,0.08919268794201311,,0.0
DV2BV,2,cb_gb,0.1,Target-100,0.08609128630705395,0.22591088544396257,,0.115
DV2BV,2,cb_gb,0.1,TargetPAC-100,0.044514522821576766,0.1367024667037314,,0.0
DV2BV,2,cb_gb,0.1,Target-200,0.0887240663900415,0.23253695261352078,,0.075
DV2BV,2,cb_gb,0.1,TargetPAC-200,0.06247510373443983,0.1766364193831159,,0.0
DV2BV,2,cb_gb,0.2,ID-all,0.31825726141078836,0.5931161904381378,0.16140462871190103,
DV2BV,2,cb_gb,0.2,ID,0.3206804979253113,0.593637573938168,,1.0
DV2BV,2,cb_gb,0.2,Target-50,0.18991078838174275,0.40717054304636646,,0.25
DV2BV,2,cb_gb,0.2,TargetPAC-50,0.09969917012448132,0.25124841953962435,,0.005
DV2BV,2,cb_gb,0.2,Target-100,0.18432157676348548,0.40105197415092236,,0.1
DV2BV,2,cb_gb,0.2,TargetPAC-100,0.13306016597510373,0.31525654775916984,,0.0
DV2BV,2,cb_gb,0.2,Target-200,0.1844979253112033,0.4024656675273877,,0.045
DV2BV,2,cb_gb,0.2,TargetPAC-200,0.1514045643153527,0.3461771707699184,,0.0
DV2BV,2,tf_lr,0.05,ID-all,0.1975103734439834,0.401039241979154,0.3658407109378937,
DV2BV,2,tf_lr,0.05,ID,0.1923858921161826,0.3929393461814045,,1.0
DV2BV,2,tf_lr,0.05,Target-50,0.038309128630705395,0.11996037278285708,,0.13
DV2BV,2,tf_lr,0.05,TargetPAC-50,0.01971369294605809,0.06945785896095005,,0.04
DV2BV,2,tf_lr,0.05,Target-100,0.04423651452282158,0.1365177069478096,,0.145
DV2BV,2,tf_lr,0.05,TargetPAC-100,0.01682572614107884,0.06507009686061464,,0.0
DV2BV,2,tf_lr,0.05,Target-200,0.04534232365145228,0.14125426866759444,,0.03
DV2BV,2,tf_lr,0.05,TargetPAC-200,0.02637551867219917,0.09714541308957642,,0.005
DV2BV,2,tf_lr,0.1,ID-all,0.3273858921161826,0.5703363069721645,0.3658407109378937,
DV2BV,2,tf_lr,0.1,ID,0.3245373443983402,0.565232689141141,,1.0
DV2BV,2,tf_lr,0.1,Target-50,0.08728423236514522,0.2178758072069653,,0.15
DV2BV,2,tf_lr,0.1,TargetPAC-50,0.03640041493775934,0.11692424044393844,,0.01
DV2BV,2,tf_lr,0.1,Target-100,0.08920331950207469,0.2225486284378082,,0.1
DV2BV,2,tf_lr,0.1,TargetPAC-100,0.053933609958506226,0.1569684860486633,,0.0
DV2BV,2,tf_lr,0.1,Target-200,0.08766182572614108,0.21959099858469577,,0.04
DV2BV,2,tf_lr,0.1,TargetPAC-200,0.06686514522821577,0.18149436062344917,,0.005
DV2BV,2,tf_lr,0.2,ID-all,0.5091286307053942,0.7479066343647632,0.3658407109378937,
DV2BV,2,tf_lr,0.2,ID,0.5135601659751037,0.7523951262576932,,1.0
DV2BV,2,tf_lr,0.2,Target-50,0.1828734439834025,0.3762709054496455,,0.225
DV2BV,2,tf_lr,0.2,TargetPAC-50,0.10913070539419088,0.25839059631241,,0.015
DV2BV,2,tf_lr,0.2,Target-100,0.18908921161825723,0.3877707438396766,,0.195
DV2BV,2,tf_lr,0.2,TargetPAC-100,0.13391908713692946,0.30306459086918,,0.015
DV2BV,2,tf_lr,0.2,Target-200,0.19414107883817425,0.39612676274851066,,0.135
DV2BV,2,tf_lr,0.2,TargetPAC-200,0.15126970954356847,0.33370903392115214,,0.01
DV2BV,2,tf_gb,0.05,ID-all,0.14232365145228215,0.34810779381921536,0.21544229229313308,
DV2BV,2,tf_gb,0.05,ID,0.1376286307053942,0.3418878567293945,,1.0
DV2BV,2,tf_gb,0.05,Target-50,0.03206846473029046,0.11762428380244883,,0.075
DV2BV,2,tf_gb,0.05,TargetPAC-50,0.017603734439834026,0.07080628348005462,,0.02
DV2BV,2,tf_gb,0.05,Target-100,0.03930912863070539,0.14163534326095875,,0.04
DV2BV,2,tf_gb,0.05,TargetPAC-100,0.0150850622406639,0.06566424525615476,,0.0
DV2BV,2,tf_gb,0.05,Target-200,0.040230290456431526,0.14589807915145062,,0.015
DV2BV,2,tf_gb,0.05,TargetPAC-200,0.025319502074688794,0.09990177784046474,,0.0
DV2BV,2,tf_gb,0.1,ID-all,0.23112033195020748,0.4938861985769814,0.21544229229313308,
DV2BV,2,tf_gb,0.1,ID,0.23101452282157678,0.4917647696101477,,1.0
DV2BV,2,tf_gb,0.1,Target-50,0.08432157676348546,0.24155135148249318,,0.17
DV2BV,2,tf_gb,0.1,TargetPAC-50,0.03296473029045643,0.11959645540067348,,0.01
DV2BV,2,tf_gb,0.1,Target-100,0.08382572614107882,0.24447579669580297,,0.11
DV2BV,2,tf_gb,0.1,TargetPAC-100,0.049101659751037335,0.16770842679133924,,0.005
DV2BV,2,tf_gb,0.1,Target-200,0.08335477178423237,0.24576749553808427,,0.025
DV2BV,2,tf_gb,0.1,TargetPAC-200,0.06137966804979253,0.19995313972250187,,0.0
DV2BV,2,tf_gb,0.2,ID-all,0.3634854771784232,0.6571698220489669,0.21544229229313308,
DV2BV,2,tf_gb,0.2,ID,0.36573651452282163,0.6570284074712671,,1.0
DV2BV,2,tf_gb,0.2,Target-50,0.1821721991701245,0.4141146750199428,,0.255
DV2BV,2,tf_gb,0.2,TargetPAC-50,0.09999792531120331,0.27267268976488884,,0.02
DV2BV,2,tf_gb,0.2,Target-100,0.1860954356846473,0.42404646104226373,,0.25
DV2BV,2,tf_gb,0.2,TargetPAC-100,0.13413278008298754,0.3361942964163581,,0.015
DV2BV,2,tf_gb,0.2,Target-200,0.18151244813278006,0.42082169164729877,,0.14
DV2BV,2,tf_gb,0.2,TargetPAC-200,0.15036514522821576,0.36606213100044627,,0.01
DV2BV,2,cb_ens,0.05,ID-all,0.14315352697095435,0.33017627933458205,0.18359399936163423,
DV2BV,2,cb_ens,0.05,ID,0.14251037344398337,0.3284939336776557,,1.0
DV2BV,2,cb_ens,0.05,Target-50,0.03339004149377593,0.09923388601157278,,0.08
DV2BV,2,cb_ens,0.05,TargetPAC-50,0.01651452282157676,0.05304800356153196,,0.01
DV2BV,2,cb_ens,0.05,Target-100,0.04125518672199171,0.1207400383681241,,0.07
DV2BV,2,cb_ens,0.05,TargetPAC-100,0.01612863070539419,0.053159260269132036,,0.0
DV2BV,2,cb_ens,0.05,Target-200,0.04033195020746889,0.11966735517548027,,0.02
DV2BV,2,cb_ens,0.05,TargetPAC-200,0.02279875518672199,0.07405924134797547,,0.0
DV2BV,2,cb_ens,0.1,ID-all,0.2161825726141079,0.44536361217060916,0.18359399936163423,
DV2BV,2,cb_ens,0.1,ID,0.22219087136929463,0.4508827062172324,,1.0
DV2BV,2,cb_ens,0.1,Target-50,0.08246058091286308,0.21235524267261588,,0.17
DV2BV,2,cb_ens,0.1,TargetPAC-50,0.03132365145228216,0.09462279442044892,,0.0
DV2BV,2,cb_ens,0.1,Target-100,0.08275933609958507,0.21638324656571395,,0.065
DV2BV,2,cb_ens,0.1,TargetPAC-100,0.04667427385892116,0.13374006597038732,,0.0
DV2BV,2,cb_ens,0.1,Target-200,0.08108713692946058,0.21462242344644689,,0.02
DV2BV,2,cb_ens,0.1,TargetPAC-200,0.0605850622406639,0.166526103943857,,0.0
DV2BV,2,cb_ens,0.2,ID-all,0.366804979253112,0.6242385120100615,0.18359399936163423,
DV2BV,2,cb_ens,0.2,ID,0.36728423236514524,0.6263938206443992,,1.0
DV2BV,2,cb_ens,0.2,Target-50,0.1789813278008299,0.38164924705133074,,0.235
DV2BV,2,cb_ens,0.2,TargetPAC-50,0.09520331950207468,0.2385879201485119,,0.01
DV2BV,2,cb_ens,0.2,Target-100,0.17946473029045643,0.38471106833473556,,0.165
DV2BV,2,cb_ens,0.2,TargetPAC-100,0.12562448132780082,0.2981268070968565,,0.005
DV2BV,2,cb_ens,0.2,Target-200,0.1808879668049792,0.3891992754627514,,0.065
DV2BV,2,cb_ens,0.2,TargetPAC-200,0.14084232365145227,0.325226458380479,,0.0
DV2BV,2,tf_ens,0.05,ID-all,0.1995850622406639,0.44541645800004837,0.3059888789960858,
DV2BV,2,tf_ens,0.05,ID,0.19719502074688797,0.4388725773505171,,1.0
DV2BV,2,tf_ens,0.05,Target-50,0.029763485477178424,0.11141777813238844,,0.07
DV2BV,2,tf_ens,0.05,TargetPAC-50,0.016097510373443983,0.06982192275731905,,0.015
DV2BV,2,tf_ens,0.05,Target-100,0.03944398340248963,0.13737790263955205,,0.06
DV2BV,2,tf_ens,0.05,TargetPAC-100,0.015016597510373444,0.07097485053043358,,0.0
DV2BV,2,tf_ens,0.05,Target-200,0.03782572614107884,0.1348701636691131,,0.02
DV2BV,2,tf_ens,0.05,TargetPAC-200,0.02311203319502075,0.0990338423040552,,0.0
DV2BV,2,tf_ens,0.1,ID-all,0.3074688796680498,0.5730737102407991,0.3059888789960858,
DV2BV,2,tf_ens,0.1,ID,0.30521576763485475,0.5718736441105571,,1.0
DV2BV,2,tf_ens,0.1,Target-50,0.08186721991701246,0.2259740884237877,,0.12
DV2BV,2,tf_ens,0.1,TargetPAC-50,0.03132572614107884,0.11510630511604038,,0.005
DV2BV,2,tf_ens,0.1,Target-100,0.08884024896265562,0.2401471478414084,,0.12
DV2BV,2,tf_ens,0.1,TargetPAC-100,0.050143153526970956,0.1611474832443048,,0.005
DV2BV,2,tf_ens,0.1,Target-200,0.08979668049792529,0.2419272363379865,,0.015
DV2BV,2,tf_ens,0.1,TargetPAC-200,0.06422821576763486,0.19241887527164658,,0.0
DV2BV,2,tf_ens,0.2,ID-all,0.44813278008298757,0.7347966552314132,0.3059888789960858,
DV2BV,2,tf_ens,0.2,ID,0.4479398340248963,0.732962409496148,,1.0
DV2BV,2,tf_ens,0.2,Target-50,0.18419294605809128,0.4090478278226572,,0.3
DV2BV,2,tf_ens,0.2,TargetPAC-50,0.10842323651452283,0.27676435379003034,,0.04
DV2BV,2,tf_ens,0.2,Target-100,0.1908734439834025,0.4233400659163372,,0.275
DV2BV,2,tf_ens,0.2,TargetPAC-100,0.13124688796680498,0.32328603942089246,,0.015
DV2BV,2,tf_ens,0.2,Target-200,0.18758091286307058,0.42263196965414246,,0.2
DV2BV,2,tf_ens,0.2,TargetPAC-200,0.147850622406639,0.35668136979316306,,0.01
DV2BV,2,all_ens,0.05,ID-all,0.16224066390041494,0.3780281161836007,0.2455311595298492,
DV2BV,2,all_ens,0.05,ID,0.1573941908713693,0.3691957144922819,,1.0
DV2BV,2,all_ens,0.05,Target-50,0.03229875518672199,0.10839072933550392,,0.065
DV2BV,2,all_ens,0.05,TargetPAC-50,0.016221991701244814,0.060988597937016324,,0.01
DV2BV,2,all_ens,0.05,Target-100,0.0376908713692946,0.12651711942947416,,0.03
DV2BV,2,all_ens,0.05,TargetPAC-100,0.016199170124481327,0.062109663470837725,,0.0
DV2BV,2,all_ens,0.05,Target-200,0.039804979253112036,0.13267689008337352,,0.015
DV2BV,2,all_ens,0.05,TargetPAC-200,0.022910788381742743,0.08579966577274746,,0.0
DV2BV,2,all_ens,0.1,ID-all,0.2692946058091286,0.532603236942232,0.2455311595298492,
DV2BV,2,all_ens,0.1,ID,0.2682780082987552,0.5311927668342987,,1.0
DV2BV,2,all_ens,0.1,Target-50,0.08382157676348548,0.2319845586216802,,0.195
DV2BV,2,all_ens,0.1,TargetPAC-50,0.03297095435684647,0.11041862837345884,,0.005
DV2BV,2,all_ens,0.1,Target-100,0.08461618257261412,0.23609087462477302,,0.11
DV2BV,2,all_ens,0.1,TargetPAC-100,0.046265560165975106,0.14871493450167694,,0.0
DV2BV,2,all_ens,0.1,Target-200,0.08035269709543569,0.2297071516326882,,0.025
DV2BV,2,all_ens,0.1,TargetPAC-200,0.061130705394190875,0.18725358400856532,,0.005
DV2BV,2,all_ens,0.2,ID-all,0.44024896265560165,0.7300217288704428,0.2455311595298492,
DV2BV,2,all_ens,0.2,ID,0.4340684647302905,0.7211537936076156,,1.0
DV2BV,2,all_ens,0.2,Target-50,0.18414730290456433,0.4052077314653583,,0.29
DV2BV,2,all_ens,0.2,TargetPAC-50,0.10690663900414936,0.2758244099176877,,0.015
DV2BV,2,all_ens,0.2,Target-100,0.18660165975103737,0.41117069160532266,,0.275
DV2BV,2,all_ens,0.2,TargetPAC-100,0.13687551867219916,0.3328290508219422,,0.03
DV2BV,2,all_ens,0.2,Target-200,0.18875726141078836,0.41455113577534175,,0.19
DV2BV,2,all_ens,0.2,TargetPAC-200,0.15242946058091283,0.3606379923048785,,0.015
DV2BV,2,fmt_gb,0.05,ID-all,0.12987551867219918,0.258503067225488,0.11816710624310536,
DV2BV,2,fmt_gb,0.05,ID,0.12837344398340247,0.2594159098891436,,1.0
DV2BV,2,fmt_gb,0.05,Target-50,0.028736514522821572,0.056477712281028755,,0.03
DV2BV,2,fmt_gb,0.05,TargetPAC-50,0.0146701244813278,0.027418766918924312,,0.0
DV2BV,2,fmt_gb,0.05,Target-100,0.03610788381742738,0.07221904684342785,,0.005
DV2BV,2,fmt_gb,0.05,TargetPAC-100,0.015780082987551868,0.029443189944144445,,0.0
DV2BV,2,fmt_gb,0.05,Target-200,0.036578838174273855,0.07331969078829027,,0.0
DV2BV,2,fmt_gb,0.05,TargetPAC-200,0.02385269709543568,0.044760152310053786,,0.0
DV2BV,2,fmt_gb,0.1,ID-all,0.2045643153526971,0.42374568282475766,0.11816710624310536,
DV2BV,2,fmt_gb,0.1,ID,0.20671161825726145,0.4272320170517904,,1.0
DV2BV,2,fmt_gb,0.1,Target-50,0.07809958506224067,0.15916311747711143,,0.13
DV2BV,2,fmt_gb,0.1,TargetPAC-50,0.03143360995850622,0.06209436327919093,,0.0
DV2BV,2,fmt_gb,0.1,Target-100,0.07421369294605809,0.15201895491628087,,0.045
DV2BV,2,fmt_gb,0.1,TargetPAC-100,0.04213485477178423,0.08562514135823397,,0.0
DV2BV,2,fmt_gb,0.1,Target-200,0.075850622406639,0.15605968451529692,,0.0
DV2BV,2,fmt_gb,0.1,TargetPAC-200,0.05365767634854771,0.11211617024729133,,0.0
DV2BV,2,fmt_gb,0.2,ID-all,0.2991701244813278,0.6316210240549573,0.11816710624310536,
DV2BV,2,fmt_gb,0.2,ID,0.30468257261410786,0.6402925098562215,,1.0
DV2BV,2,fmt_gb,0.2,Target-50,0.17068879668049788,0.3521788197521973,,0.155
DV2BV,2,fmt_gb,0.2,TargetPAC-50,0.09509958506224066,0.19302195600221636,,0.005
DV2BV,2,fmt_gb,0.2,Target-100,0.17790871369294606,0.3672693450447463,,0.11
DV2BV,2,fmt_gb,0.2,TargetPAC-100,0.1287780082987552,0.26106668624828516,,0.0
DV2BV,2,fmt_gb,0.2,Target-200,0.1802676348547718,0.37538538878760924,,0.05
DV2BV,2,fmt_gb,0.2,TargetPAC-200,0.13853319502074687,0.28236638125519437,,0.0
BV2DV,0,cb_lr,0.05,ID-all,0.08430136076999668,0.251544894461506,0.06758142780135129,
BV2DV,0,cb_lr,0.05,ID,0.08772153999336212,0.2526671769574653,,0.91
BV2DV,0,cb_lr,0.05,Target-50,0.03372884168602722,0.12193112310579902,,0.09
BV2DV,0,cb_lr,0.05,TargetPAC-50,0.01935114503816794,0.07770945812701717,,0.015
BV2DV,0,cb_lr,0.05,Target-100,0.043146365748423496,0.15005719599587272,,0.065
BV2DV,0,cb_lr,0.05,TargetPAC-100,0.016367407899103886,0.07067242555698576,,0.0
BV2DV,0,cb_lr,0.05,Target-200,0.04471622967142383,0.15636349846315611,,0.02
BV2DV,0,cb_lr,0.05,TargetPAC-200,0.026891802190507796,0.10595513326678603,,0.0
BV2DV,0,cb_lr,0.1,ID-all,0.14271490209093926,0.35311786332444045,0.06758142780135129,
BV2DV,0,cb_lr,0.1,ID,0.14068536342515764,0.3480464292602457,,0.975
BV2DV,0,cb_lr,0.1,Target-50,0.08784766013939596,0.248248690799792,,0.2
BV2DV,0,cb_lr,0.1,TargetPAC-50,0.03559077331563226,0.12563322474742245,,0.01
BV2DV,0,cb_lr,0.1,Target-100,0.08641221374045802,0.2483987817075055,,0.1
BV2DV,0,cb_lr,0.1,TargetPAC-100,0.05523398606040491,0.18079083698996157,,0.0
BV2DV,0,cb_lr,0.1,Target-200,0.08724692997012945,0.252120250873148,,0.03
BV2DV,0,cb_lr,0.1,TargetPAC-200,0.06467806173249252,0.20333184858904427,,0.0
BV2DV,0,cb_lr,0.2,ID-all,0.2369731164951875,0.483181704639932,0.06758142780135129,
BV2DV,0,cb_lr,0.2,ID,0.23457185529372718,0.48052079216379057,,0.885
BV2DV,0,cb_lr,0.2,Target-50,0.17300365084633257,0.39258386248356136,,0.16
BV2DV,0,cb_lr,0.2,TargetPAC-50,0.10088947892465981,0.27509197105541006,,0.005
BV2DV,0,cb_lr,0.2,Target-100,0.1757932293395287,0.398034069860809,,0.125
BV2DV,0,cb_lr,0.2,TargetPAC-100,0.12842515765018256,0.32456245787953286,,0.02
BV2DV,0,cb_lr,0.2,Target-200,0.17492698307334884,0.3975734565024125,,0.035
BV2DV,0,cb_lr,0.2,TargetPAC-200,0.1409840690341852,0.3475253917080135,,0.0
BV2DV,0,cb_gb,0.05,ID-all,0.06803849983405244,0.2307545519113347,0.06961863796060365,
BV2DV,0,cb_gb,0.05,ID,0.070751742449386,0.23242421248533532,,0.43
BV2DV,0,cb_gb,0.05,Target-50,0.039213408562894125,0.13249301391436633,,0.12
BV2DV,0,cb_gb,0.05,TargetPAC-50,0.01945569200132758,0.06398758639574385,,0.02
BV2DV,0,cb_gb,0.05,Target-100,0.04699303020245603,0.160785674935914,,0.15
BV2DV,0,cb_gb,0.05,TargetPAC-100,0.021279455692001327,0.07058281978604405,,0.005
BV2DV,0,cb_gb,0.05,Target-200,0.04606870229007634,0.1620300583591848,,0.035
BV2DV,0,cb_gb,0.05,TargetPAC-200,0.03048456687686691,0.10551054313330897,,0.0
BV2DV,0,cb_gb,0.1,ID-all,0.1310985728509791,0.3654325927354888,0.06961863796060365,
BV2DV,0,cb_gb,0.1,ID,0.13307998672419516,0.3652053945988581,,0.795
BV2DV,0,cb_gb,0.1,Target-50,0.0891337537338201,0.26792402658143344,,0.19
BV2DV,0,cb_gb,0.1,TargetPAC-50,0.04035180882841022,0.13517180208762652,,0.005
BV2DV,0,cb_gb,0.1,Target-100,0.09043478260869564,0.2754464499075185,,0.14
BV2DV,0,cb_gb,0.1,TargetPAC-100,0.055187520743445066,0.18631089049801097,,0.005
BV2DV,0,cb_gb,0.1,Target-200,0.09294888815134417,0.2812716899620306,,0.085
BV2DV,0,cb_gb,0.1,TargetPAC-200,0.07211085297046133,0.2349402277105911,,0.0
BV2DV,0,cb_gb,0.2,ID-all,0.2661798871556588,0.55015157789082,0.06961863796060365,
BV2DV,0,cb_gb,0.2,ID,0.26066710919349484,0.5436356178134247,,0.975
BV2DV,0,cb_gb,0.2,Target-50,0.17634749419183535,0.42948589214534794,,0.23
BV2DV,0,cb_gb,0.2,TargetPAC-50,0.11260205774975107,0.316789683231873,,0.025
BV2DV,0,cb_gb,0.2,Target-100,0.1830916030534351,0.44368960007212416,,0.19
BV2DV,0,cb_gb,0.2,TargetPAC-100,0.1365250580816462,0.3688487849803822,,0.015
BV2DV,0,cb_gb,0.2,Target-200,0.18308330567540657,0.4451343252782381,,0.095
BV2DV,0,cb_gb,0.2,TargetPAC-200,0.14634251576501825,0.38900040367996885,,0.0
BV2DV,0,tf_lr,0.05,ID-all,0.09259873879853966,0.25895516711420585,0.19036322901777117,
BV2DV,0,tf_lr,0.05,ID,0.0938997676734152,0.2598602027520297,,0.905
BV2DV,0,tf_lr,0.05,Target-50,0.03592764686359111,0.11917738751790331,,0.085
BV2DV,0,tf_lr,0.05,TargetPAC-50,0.020521075340192495,0.07405659246454638,,0.025
BV2DV,0,tf_lr,0.05,Target-100,0.047142383006969796,0.1497195074450706,,0.135
BV2DV,0,tf_lr,0.05,TargetPAC-100,0.019176900099568538,0.07239749105566663,,0.005
BV2DV,0,tf_lr,0.05,Target-200,0.04682874211749088,0.14880750253895544,,0.07
BV2DV,0,tf_lr,0.05,TargetPAC-200,0.027776302688350477,0.10233367074005553,,0.0
BV2DV,0,tf_lr,0.1,ID-all,0.17690009956853633,0.41194322366543895,0.19036322901777117,
BV2DV,0,tf_lr,0.1,ID,0.17553103219382676,0.40935707816970734,,1.0
BV2DV,0,tf_lr,0.1,Target-50,0.08907235313640889,0.24593797990416658,,0.17
BV2DV,0,tf_lr,0.1,TargetPAC-50,0.03947560570859609,0.12808840432577046,,0.01
BV2DV,0,tf_lr,0.1,Target-100,0.09872884168602722,0.2683934474061177,,0.21
BV2DV,0,tf_lr,0.1,TargetPAC-100,0.05337039495519416,0.16465171075752116,,0.005
BV2DV,0,tf_lr,0.1,Target-200,0.09528708927978759,0.2631788305364119,,0.085
BV2DV,0,tf_lr,0.1,TargetPAC-200,0.07078493196150017,0.20837831153095832,,0.0
BV2DV,0,tf_lr,0.2,ID-all,0.30667109193494857,0.5900617812865728,0.19036322901777117,
BV2DV,0,tf_lr,0.2,ID,0.30470959176900103,0.5867637023965566,,1.0
BV2DV,0,tf_lr,0.2,Target-50,0.1875307002987056,0.42283929669505965,,0.265
BV2DV,0,tf_lr,0.2,TargetPAC-50,0.10278128111516761,0.27393178028301374,,0.015
BV2DV,0,tf_lr,0.2,Target-100,0.19050779953534686,0.43066086249046465,,0.215
BV2DV,0,tf_lr,0.2,TargetPAC-100,0.1390922668436774,0.3470089833987178,,0.005
BV2DV,0,tf_lr,0.2,Target-200,0.1940540989047461,0.43622587337682456,,0.16
BV2DV,0,tf_lr,0.2,TargetPAC-200,0.15416030534351147,0.37570059526895877,,0.02
BV2DV,0,tf_gb,0.05,ID-all,0.06770660471291072,0.21520044202627675,0.09615482091988281,
BV2DV,0,tf_gb,0.05,ID,0.07342349817457684,0.22529837166700184,,0.375
BV2DV,0,tf_gb,0.05,Target-50,0.035,0.12031882585598666,,0.075
BV2DV,0,tf_gb,0.05,TargetPAC-50,0.0172585462993694,0.06482610819995319,,0.025
BV2DV,0,tf_gb,0.05,Target-100,0.04212578825091271,0.14142852166716163,,0.05
BV2DV,0,tf_gb,0.05,TargetPAC-100,0.017373050116163292,0.06972376700397595,,0.0
BV2DV,0,tf_gb,0.05,Target-200,0.04515101228011949,0.14909410846180637,,0.01
BV2DV,0,tf_gb,0.05,TargetPAC-200,0.02883006969797544,0.10636402245868766,,0.0
BV2DV,0,tf_gb,0.1,ID-all,0.15632260205774975,0.3918891484050515,0.09615482091988281,
BV2DV,0,tf_gb,0.1,ID,0.1534035844673083,0.38561868365844654,,0.98
BV2DV,0,tf_gb,0.1,Target-50,0.08959010952538997,0.2538911537337627,,0.185
BV2DV,0,tf_gb,0.1,TargetPAC-50,0.035637238632592105,0.12147581257796826,,0.005
BV2DV,0,tf_gb,0.1,Target-100,0.0854248257550614,0.24871728121057068,,0.08
BV2DV,0,tf_gb,0.1,TargetPAC-100,0.051958181214736145,0.16686078351691297,,0.0
BV2DV,0,tf_gb,0.1,Target-200,0.08573348821772321,0.2508387235816613,,0.005
BV2DV,0,tf_gb,0.1,TargetPAC-200,0.06257882509127116,0.19584529770088885,,0.0
BV2DV,0,tf_gb,0.2,ID-all,0.2711583139727846,0.5502605932788351,0.09615482091988281,
BV2DV,0,tf_gb,0.2,ID,0.26514437437769667,0.5415374652336589,,1.0
BV2DV,0,tf_gb,0.2,Target-50,0.17526551609691338,0.4142356804845281,,0.17
BV2DV,0,tf_gb,0.2,TargetPAC-50,0.10110852970461334,0.2784983542284368,,0.02
BV2DV,0,tf_gb,0.2,Target-100,0.17329074012612014,0.4141088235383817,,0.1
BV2DV,0,tf_gb,0.2,TargetPAC-100,0.13149684699634914,0.34287924244393436,,0.005
BV2DV,0,tf_gb,0.2,Target-200,0.17492366412213742,0.41850729854359014,,0.03
BV2DV,0,tf_gb,0.2,TargetPAC-200,0.14656322602057748,0.37235970423603015,,0.005
BV2DV,0,cb_ens,0.05,ID-all,0.08197809492200464,0.2656598802936987,0.07886233580998497,
BV2DV,0,cb_ens,0.05,ID,0.08368569532027878,0.2676017337680573,,0.925
BV2DV,0,cb_ens,0.05,Target-50,0.03834550282110853,0.13883257025479825,,0.08
BV2DV,0,cb_ens,0.05,TargetPAC-50,0.01998838367076004,0.0778800673004551,,0.025
BV2DV,0,cb_ens,0.05,Target-100,0.04317789578493196,0.15893630931151534,,0.055
BV2DV,0,cb_ens,0.05,TargetPAC-100,0.02074842349817458,0.08316159825635153,,0.0
BV2DV,0,cb_ens,0.05,Target-200,0.044898771988051776,0.166035721897919,,0.015
BV2DV,0,cb_ens,0.05,TargetPAC-200,0.030164288084965154,0.11620814023387804,,0.0
BV2DV,0,cb_ens,0.1,ID-all,0.13508131430467973,0.36710577715020415,0.07886233580998497,
BV2DV,0,cb_ens,0.1,ID,0.13601891802190508,0.3701515231982573,,0.87
BV2DV,0,cb_ens,0.1,Target-50,0.08512943909724527,0.2622904024118499,,0.18
BV2DV,0,cb_ens,0.1,TargetPAC-50,0.037472618652505806,0.1380762489180789,,0.0
BV2DV,0,cb_ens,0.1,Target-100,0.08761865250580816,0.27347989078305995,,0.09
BV2DV,0,cb_ens,0.1,TargetPAC-100,0.05308496515101227,0.18670304189040643,,0.01
BV2DV,0,cb_ens,0.1,Target-200,0.08935114503816795,0.2794705640475368,,0.04
BV2DV,0,cb_ens,0.1,TargetPAC-200,0.0650945901095254,0.22194679589034544,,0.005
BV2DV,0,cb_ens,0.2,ID-all,0.24825755061400598,0.5381718160992605,0.07886233580998497,
BV2DV,0,cb_ens,0.2,ID,0.25079156986392304,0.5384245804414688,,0.895
BV2DV,0,cb_ens,0.2,Target-50,0.1752339860604049,0.4313826930682779,,0.18
BV2DV,0,cb_ens,0.2,TargetPAC-50,0.10265516096913375,0.30289884894086655,,0.0
BV2DV,0,cb_ens,0.2,Target-100,0.176622967142383,0.43782318683901855,,0.135
BV2DV,0,cb_ens,0.2,TargetPAC-100,0.13844507135745104,0.37358735590634806,,0.025
BV2DV,0,cb_ens,0.2,Target-200,0.17663126452041156,0.4408653061830891,,0.055
BV2DV,0,cb_ens,0.2,TargetPAC-200,0.14587454364420843,0.3888301025180714,,0.0
BV2DV,0,tf_ens,0.05,ID-all,0.0809824095585795,0.2665767137676221,0.13893755655550163,
BV2DV,0,tf_ens,0.05,ID,0.08559409226684365,0.2740041342524561,,0.91
BV2DV,0,tf_ens,0.05,Target-50,0.03640059741121806,0.12667337047818786,,0.09
BV2DV,0,tf_ens,0.05,TargetPAC-50,0.020937603717225355,0.07626886602792352,,0.03
BV2DV,0,tf_ens,0.05,Target-100,0.045059741121805504,0.15564907954969476,,0.08
BV2DV,0,tf_ens,0.05,TargetPAC-100,0.020335214072353138,0.07604189259966913,,0.005
BV2DV,0,tf_ens,0.05,Target-200,0.04425489545303684,0.15337441210128377,,0.025
BV2DV,0,tf_ens,0.05,TargetPAC-200,0.03002157318287421,0.10873093277835637,,0.005
BV2DV,0,tf_ens,0.1,ID-all,0.1798871556588118,0.4354098131311306,0.13893755655550163,
BV2DV,0,tf_ens,0.1,ID,0.18012446067042817,0.43446871284239164,,0.995
BV2DV,0,tf_ens,0.1,Target-50,0.0869482243611019,0.2641476778759885,,0.17
BV2DV,0,tf_ens,0.1,TargetPAC-50,0.035932625290408235,0.1248895854509941,,0.01
BV2DV,0,tf_ens,0.1,Target-100,0.08274975107865915,0.2613938438277813,,0.085
BV2DV,0,tf_ens,0.1,TargetPAC-100,0.05284268171257882,0.17896471990601373,,0.005
BV2DV,0,tf_ens,0.1,Target-200,0.08458513109857285,0.27005794629084795,,0.03
BV2DV,0,tf_ens,0.1,TargetPAC-200,0.06332724858944573,0.2124731797458777,,0.0
BV2DV,0,tf_ens,0.2,ID-all,0.3182874211749087,0.6104374972907547,0.13893755655550163,
BV2DV,0,tf_ens,0.2,ID,0.31545801526717554,0.6071625980849503,,1.0
BV2DV,0,tf_ens,0.2,Target-50,0.18163956189844008,0.43438283406172934,,0.24
BV2DV,0,tf_ens,0.2,TargetPAC-50,0.09892134085628941,0.2900734778740023,,0.005
BV2DV,0,tf_ens,0.2,Target-100,0.18005476269498835,0.43417038327601126,,0.145
BV2DV,0,tf_ens,0.2,TargetPAC-100,0.13773149684699637,0.3679838759312002,,0.02
BV2DV,0,tf_ens,0.2,Target-200,0.18281281115167608,0.4390403191242153,,0.075
BV2DV,0,tf_ens,0.2,TargetPAC-200,0.15122469299701294,0.39080020179691927,,0.005
BV2DV,0,all_ens,0.05,ID-all,0.09425821440424825,0.32264616826659953,0.10183185831736667,
BV2DV,0,all_ens,0.05,ID,0.09489877198805179,0.3175735400287292,,0.99
BV2DV,0,all_ens,0.05,Target-50,0.0326617988715566,0.1276586325805411,,0.045
BV2DV,0,all_ens,0.05,TargetPAC-50,0.01896116827082642,0.0737589147950254,,0.01
BV2DV,0,all_ens,0.05,Target-100,0.04256388981081978,0.16556722408328703,,0.06
BV2DV,0,all_ens,0.05,TargetPAC-100,0.01966146697643545,0.07799984033628243,,0.0
BV2DV,0,all_ens,0.05,Target-200,0.04236973116495188,0.1671992749266861,,0.015
BV2DV,0,all_ens,0.05,TargetPAC-200,0.02899435778294059,0.11587665556900745,,0.0
BV2DV,0,all_ens,0.1,ID-all,0.17158977763026884,0.4407844176457732,0.10183185831736667,
BV2DV,0,all_ens,0.1,ID,0.1653086624626618,0.4343747345044473,,1.0
BV2DV,0,all_ens,0.1,Target-50,0.0823365416528377,0.27612333141619905,,0.13
BV2DV,0,all_ens,0.1,TargetPAC-50,0.03587620311981414,0.13814718462449718,,0.01
BV2DV,0,all_ens,0.1,Target-100,0.08271988051775639,0.2841881402231603,,0.075
BV2DV,0,all_ens,0.1,TargetPAC-100,0.0492067706604713,0.1886072192229377,,0.005
BV2DV,0,all_ens,0.1,Target-200,0.08351145038167938,0.29048446669790173,,0.025
BV2DV,0,all_ens,0.1,TargetPAC-200,0.06205111184865582,0.2314572648746212,,0.0
BV2DV,0,all_ens,0.2,ID-all,0.2923996017258546,0.604012230520446,0.10183185831736667,
BV2DV,0,all_ens,0.2,ID,0.2935230667109193,0.6038047079193747,,1.0
BV2DV,0,all_ens,0.2,Target-50,0.17490209093926318,0.4445799917598031,,0.215
BV2DV,0,all_ens,0.2,TargetPAC-50,0.10242947228675739,0.31943003966099803,,0.01
BV2DV,0,all_ens,0.2,Target-100,0.17532027879190173,0.44762256345270857,,0.14
BV2DV,0,all_ens,0.2,TargetPAC-100,0.1294623299037504,0.3754889400576029,,0.005
BV2DV,0,all_ens,0.2,Target-200,0.17660803186193164,0.45059268640859496,,0.065
BV2DV,0,all_ens,0.2,TargetPAC-200,0.14076169930302027,0.3950091124503533,,0.0
BV2DV,0,fmt_gb,0.05,ID-all,0.37404580152671757,0.5505176266767517,0.5614634062488844,
BV2DV,0,fmt_gb,0.05,ID,0.3780285429804182,0.5547696340998417,,1.0
BV2DV,0,fmt_gb,0.05,Target-50,0.0350564221705941,0.06199938968424724,,0.06
BV2DV,0,fmt_gb,0.05,TargetPAC-50,0.017386325921008958,0.03730835229397161,,0.01
BV2DV,0,fmt_gb,0.05,Target-100,0.042955526053767006,0.0716204928824894,,0.085
BV2DV,0,fmt_gb,0.05,TargetPAC-100,0.01971457019581812,0.041234879166945494,,0.0
BV2DV,0,fmt_gb,0.05,Target-200,0.04470627281778958,0.07370872587773467,,0.005
BV2DV,0,fmt_gb,0.05,TargetPAC-200,0.02873216063723863,0.05261123397863603,,0.0
BV2DV,0,fmt_gb,0.1,ID-all,0.4938599402588782,0.6877978475851091,0.5614634062488844,
BV2DV,0,fmt_gb,0.1,ID,0.49259210089611677,0.6858920566717635,,1.0
BV2DV,0,fmt_gb,0.1,Target-50,0.0820278791901759,0.13115192510552162,,0.085
BV2DV,0,fmt_gb,0.1,TargetPAC-50,0.038290740126120146,0.06640892594585171,,0.005
BV2DV,0,fmt_gb,0.1,Target-100,0.08554928642548955,0.13573810506080738,,0.04
BV2DV,0,fmt_gb,0.1,TargetPAC-100,0.050683703949551934,0.08281988736543353,,0.0
BV2DV,0,fmt_gb,0.1,Target-200,0.08668768669100563,0.13629848763760538,,0.0
BV2DV,0,fmt_gb,0.1,TargetPAC-200,0.06742947228675739,0.10717823693852743,,0.0
BV2DV,0,fmt_gb,0.2,ID-all,0.6764022568868238,0.8407901448764634,0.5614634062488844,
BV2DV,0,fmt_gb,0.2,ID,0.6754995021573182,0.8380319315860065,,1.0
BV2DV,0,fmt_gb,0.2,Target-50,0.1717407899103883,0.26819274580082353,,0.175
BV2DV,0,fmt_gb,0.2,TargetPAC-50,0.10300033189512113,0.16411351108928549,,0.015
BV2DV,0,fmt_gb,0.2,Target-100,0.1712711583139728,0.2679009789396883,,0.115
BV2DV,0,fmt_gb,0.2,TargetPAC-100,0.126503484898772,0.20147548340349125,,0.005
BV2DV,0,fmt_gb,0.2,Target-200,0.1769714570195818,0.2764727213532623,,0.04
BV2DV,0,fmt_gb,0.2,TargetPAC-200,0.13514603385330237,0.2178094446372279,,0.0
BV2DV,0,ft_cb,0.05,ID-all,0.08031861931629605,0.24970987615859652,0.13397455647043421,
BV2DV,0,ft_cb,0.05,ID,0.08238466644540327,0.2539749361792868,,0.835
BV2DV,0,ft_cb,0.05,Target-50,0.03120809824095586,0.11652871753654648,,0.07
BV2DV,0,ft_cb,0.05,TargetPAC-50,0.01615665449717889,0.06499596434805464,,0.025
BV2DV,0,ft_cb,0.05,Target-100,0.04230667109193495,0.15319721284038842,,0.105
BV2DV,0,ft_cb,0.05,TargetPAC-100,0.01547295054762695,0.06599126792080096,,0.01
BV2DV,0,ft_cb,0.05,Target-200,0.04032027879190176,0.15028456269677526,,0.025
BV2DV,0,ft_cb,0.05,TargetPAC-200,0.024595087952207103,0.09745042273666536,,0.0
BV2DV,0,ft_cb,0.1,ID-all,0.14736143378692335,0.37521823088845396,0.13397455647043421,
BV2DV,0,ft_cb,0.1,ID,0.14846000663790243,0.37609930527798974,,0.99
BV2DV,0,ft_cb,0.1,Target-50,0.0898456687686691,0.2634435467001081,,0.2
BV2DV,0,ft_cb,0.1,TargetPAC-50,0.02997510786591437,0.11305017883600474,,0.0
BV2DV,0,ft_cb,0.1,Target-100,0.08654497178891471,0.2605047058362701,,0.085
BV2DV,0,ft_cb,0.1,TargetPAC-100,0.0482044473946233,0.16956229062517816,,0.005
BV2DV,0,ft_cb,0.1,Target-200,0.08643544639893794,0.2621017118147571,,0.035
BV2DV,0,ft_cb,0.1,TargetPAC-200,0.06451045469631596,0.21426755585531954,,0.0
BV2DV,0,ft_cb,0.2,ID-all,0.2937271822104215,0.5684810015913758,0.13397455647043421,
BV2DV,0,ft_cb,0.2,ID,0.29757550614005973,0.5697681817772591,,0.99
BV2DV,0,ft_cb,0.2,Target-50,0.1704829074012612,0.4081842589241532,,0.135
BV2DV,0,ft_cb,0.2,TargetPAC-50,0.10041818785263856,0.28505714574493163,,0.005
BV2DV,0,ft_cb,0.2,Target-100,0.1714885496183206,0.41203478432554264,,0.1
BV2DV,0,ft_cb,0.2,TargetPAC-100,0.12968801858612677,0.34119648010815706,,0.005
BV2DV,0,ft_cb,0.2,Target-200,0.17408065051443747,0.4202246149446946,,0.025
BV2DV,0,ft_cb,0.2,TargetPAC-200,0.1463143046797212,0.3718185832967066,,0.0
BV2DV,0,ft_tf_ens,0.05,ID-all,0.08894789246598075,0.2920943252796593,0.13597959087425054,
BV2DV,0,ft_tf_ens,0.05,ID,0.09271324261533355,0.3002071905621756,,0.995
BV2DV,0,ft_tf_ens,0.05,Target-50,0.0316594756057086,0.12041786778766717,,0.05
BV2DV,0,ft_tf_ens,0.05,TargetPAC-50,0.016765682044473946,0.06631001346790141,,0.015
BV2DV,0,ft_tf_ens,0.05,Target-100,0.04367905741785596,0.16354751968842138,,0.09
BV2DV,0,ft_tf_ens,0.05,TargetPAC-100,0.01709259873879854,0.06954101108713516,,0.0
BV2DV,0,ft_tf_ens,0.05,Target-200,0.04301194822436111,0.1633299719306318,,0.005
BV2DV,0,ft_tf_ens,0.05,TargetPAC-200,0.028469963491536677,0.11251758469287658,,0.0
BV2DV,0,ft_tf_ens,0.1,ID-all,0.1885164288084965,0.4677605611841524,0.13597959087425054,
BV2DV,0,ft_tf_ens,0.1,ID,0.18315798207766348,0.4593538767563605,,1.0
BV2DV,0,ft_tf_ens,0.1,Target-50,0.0816412213740458,0.26707135522820435,,0.13
BV2DV,0,ft_tf_ens,0.1,TargetPAC-50,0.036677729837371394,0.13765512118804402,,0.005
BV2DV,0,ft_tf_ens,0.1,Target-100,0.08344341188184534,0.2752263027899408,,0.07
BV2DV,0,ft_tf_ens,0.1,TargetPAC-100,0.05233156322602058,0.1909555064203991,,0.01
BV2DV,0,ft_tf_ens,0.1,Target-200,0.08392963823431795,0.28019597185080936,,0.03
BV2DV,0,ft_tf_ens,0.1,TargetPAC-200,0.06267839362761368,0.22581183157724782,,0.0
BV2DV,0,ft_tf_ens,0.2,ID-all,0.31364088947892466,0.6135832162850376,0.13597959087425054,
BV2DV,0,ft_tf_ens,0.2,ID,0.31176070361765684,0.6116619126384197,,1.0
BV2DV,0,ft_tf_ens,0.2,Target-50,0.1791503484898772,0.4461689027974511,,0.25
BV2DV,0,ft_tf_ens,0.2,TargetPAC-50,0.10441088615997345,0.3165908425689128,,0.005
BV2DV,0,ft_tf_ens,0.2,Target-100,0.18107036176568203,0.45212689207096035,,0.21
BV2DV,0,ft_tf_ens,0.2,TargetPAC-100,0.13210421506803852,0.3744698942535026,,0.01
BV2DV,0,ft_tf_ens,0.2,Target-200,0.18056754065715236,0.4540779555772374,,0.105
BV2DV,0,ft_tf_ens,0.2,TargetPAC-200,0.14632758048456687,0.40092513035317145,,0.0
BV2DV,1,cb_lr,0.05,ID-all,0.08218277449046679,0.21934974838425222,0.055137367910460075,
BV2DV,1,cb_lr,0.05,ID,0.08322485207100591,0.2242048049279061,,0.945
BV2DV,1,cb_lr,0.05,Target-50,0.039271860618014465,0.1227889775451524,,0.145
BV2DV,1,cb_lr,0.05,TargetPAC-50,0.02083826429980276,0.07539707794399439,,0.04
BV2DV,1,cb_lr,0.05,Target-100,0.058706443129520045,0.16976528839200525,,0.3
BV2DV,1,cb_lr,0.05,TargetPAC-100,0.02002958579881657,0.075954192138362,,0.02
BV2DV,1,cb_lr,0.05,Target-200,0.05637902695595003,0.16598589139436512,,0.22
BV2DV,1,cb_lr,0.05,TargetPAC-200,0.03115548980933596,0.10541681840278634,,0.0
BV2DV,1,cb_lr,0.1,ID-all,0.12984878369493755,0.3132016926089671,0.055137367910460075,
BV2DV,1,cb_lr,0.1,ID,0.13296351084812624,0.31772616182878083,,0.865
BV2DV,1,cb_lr,0.1,Target-50,0.11211867192636424,0.2771397111766433,,0.475
BV2DV,1,cb_lr,0.1,TargetPAC-50,0.041668310322156475,0.1287176804411678,,0.02
BV2DV,1,cb_lr,0.1,Target-100,0.1100361604207758,0.27560009137266706,,0.45
BV2DV,1,cb_lr,0.1,TargetPAC-100,0.06611439842209073,0.1866296685097101,,0.045
BV2DV,1,cb_lr,0.1,Target-200,0.1146499013806706,0.28548989515239886,,0.525
BV2DV,1,cb_lr,0.1,TargetPAC-200,0.08710387902695596,0.23301422305304065,,0.055
BV2DV,1,cb_lr,0.2,ID-all,0.2403024326101249,0.4803698493295245,0.055137367910460075,
BV2DV,1,cb_lr,0.2,ID,0.24156476002629848,0.47989000273263366,,0.95
BV2DV,1,cb_lr,0.2,Target-50,0.2126101249178172,0.4359894729257461,,0.42
BV2DV,1,cb_lr,0.2,TargetPAC-50,0.13528763971071664,0.31729599179581014,,0.065
BV2DV,1,cb_lr,0.2,Target-100,0.21495069033530573,0.44170478740534397,,0.475
BV2DV,1,cb_lr,0.2,TargetPAC-100,0.1602958579881657,0.3613620629682963,,0.1
BV2DV,1,cb_lr,0.2,Target-200,0.21410256410256412,0.44220393232441,,0.48
BV2DV,1,cb_lr,0.2,TargetPAC-200,0.17583826429980276,0.3876217313869937,,0.065
BV2DV,1,cb_gb,0.05,ID-all,0.0811965811965812,0.2231794436422778,0.062350344841961544,
BV2DV,1,cb_gb,0.05,ID,0.07842866535174227,0.22033235605770954,,0.665
BV2DV,1,cb_gb,0.05,Target-50,0.04161406969099277,0.13217819112459536,,0.115
BV2DV,1,cb_gb,0.05,TargetPAC-50,0.026316568047337282,0.08805630715449432,,0.035
BV2DV,1,cb_gb,0.05,Target-100,0.05232905982905983,0.160895997123136,,0.205
BV2DV,1,cb_gb,0.05,TargetPAC-100,0.023277449046679815,0.08157809639517674,,0.005
BV2DV,1,cb_gb,0.05,Target-200,0.05252136752136752,0.16310702380849507,,0.14
BV2DV,1,cb_gb,0.05,TargetPAC-200,0.032781065088757395,0.11260288594370664,,0.005
BV2DV,1,cb_gb,0.1,ID-all,0.13379355687047995,0.34383587120659226,0.062350344841961544,
BV2DV,1,cb_gb,0.1,ID,0.1339447731755424,0.339017419244784,,0.795
BV2DV,1,cb_gb,0.1,Target-50,0.10403846153846154,0.273929988559569,,0.32
BV2DV,1,cb_gb,0.1,TargetPAC-50,0.04032708744247206,0.12694089251597224,,0.015
BV2DV,1,cb_gb,0.1,Target-100,0.10392998027613412,0.2780331550251859,,0.29
BV2DV,1,cb_gb,0.1,TargetPAC-100,0.06572978303747534,0.19245884667892657,,0.045
BV2DV,1,cb_gb,0.1,Target-200,0.10505752794214333,0.28159355778099554,,0.24
BV2DV,1,cb_gb,0.1,TargetPAC-200,0.08012491781722553,0.22526992651541028,,0.0
BV2DV,1,cb_gb,0.2,ID-all,0.25805391190006577,0.5340844311615901,0.062350344841961544,
BV2DV,1,cb_gb,0.2,ID,0.2546614069690993,0.5298247742741806,,0.985
BV2DV,1,cb_gb,0.2,Target-50,0.20053747534516767,0.44563648391365973,,0.295
BV2DV,1,cb_gb,0.2,TargetPAC-50,0.12329881656804734,0.31292786548442153,,0.0
BV2DV,1,cb_gb,0.2,Target-100,0.19860289283366206,0.44532573987405466,,0.25
BV2DV,1,cb_gb,0.2,TargetPAC-100,0.15318047337278107,0.3708338048914146,,0.015
BV2DV,1,cb_gb,0.2,Target-200,0.20106180144641683,0.4508735511062516,,0.215
BV2DV,1,cb_gb,0.2,TargetPAC-200,0.16882971729125576,0.39765913520418783,,0.015
BV2DV,1,tf_lr,0.05,ID-all,0.0811965811965812,0.23741838887965813,0.21197988183050676,
BV2DV,1,tf_lr,0.05,ID,0.08354536489151872,0.24165524184094467,,0.84
BV2DV,1,tf_lr,0.05,Target-50,0.04356508875739645,0.13159908627993605,,0.115
BV2DV,1,tf_lr,0.05,TargetPAC-50,0.022792570677186062,0.07433677851140434,,0.01
BV2DV,1,tf_lr,0.05,Target-100,0.05585470085470085,0.16467586057576436,,0.145
BV2DV,1,tf_lr,0.05,TargetPAC-100,0.02108481262327416,0.07096162994906197,,0.01
BV2DV,1,tf_lr,0.05,Target-200,0.05738494411571335,0.16881316707269703,,0.09
BV2DV,1,tf_lr,0.05,TargetPAC-200,0.03698060486522025,0.11368488787207784,,0.0
BV2DV,1,tf_lr,0.1,ID-all,0.16995397764628534,0.4076131309453587,0.21197988183050676,
BV2DV,1,tf_lr,0.1,ID,0.17522353714661407,0.4164407592256963,,0.98
BV2DV,1,tf_lr,0.1,Target-50,0.0880309007232084,0.24923314141277542,,0.105
BV2DV,1,tf_lr,0.1,TargetPAC-50,0.04511012491781722,0.13597262559351933,,0.015
BV2DV,1,tf_lr,0.1,Target-100,0.09422748191978961,0.26609391260331283,,0.105
BV2DV,1,tf_lr,0.1,TargetPAC-100,0.06201840894148587,0.18243853092218515,,0.0
BV2DV,1,tf_lr,0.1,Target-200,0.09174391847468771,0.26257785488626256,,0.045
BV2DV,1,tf_lr,0.1,TargetPAC-200,0.07499178172255096,0.22063241045817897,,0.0
BV2DV,1,tf_lr,0.2,ID-all,0.32905982905982906,0.6194978017863952,0.21197988183050676,
BV2DV,1,tf_lr,0.2,ID,0.3319575936883629,0.6199062530902527,,1.0
BV2DV,1,tf_lr,0.2,Target-50,0.17995397764628535,0.42105232163877376,,0.23
BV2DV,1,tf_lr,0.2,TargetPAC-50,0.11014957264957265,0.29799619387342235,,0.0
BV2DV,1,tf_lr,0.2,Target-100,0.18512820512820516,0.43099769841901625,,0.23
BV2DV,1,tf_lr,0.2,TargetPAC-100,0.13032544378698224,0.34341499804068065,,0.005
BV2DV,1,tf_lr,0.2,Target-200,0.1856508875739645,0.4319152597902046,,0.095
BV2DV,1,tf_lr,0.2,TargetPAC-200,0.142741617357002,0.3690588089751726,,0.01
BV2DV,1,tf_gb,0.05,ID-all,0.09467455621301775,0.25400865979789977,0.095205215924655,
BV2DV,1,tf_gb,0.05,ID,0.09601577909270217,0.25374345353109823,,0.94
BV2DV,1,tf_gb,0.05,Target-50,0.04397435897435897,0.12492581207332712,,0.155
BV2DV,1,tf_gb,0.05,TargetPAC-50,0.02444937541091387,0.0732886097077646,,0.04
BV2DV,1,tf_gb,0.05,Target-100,0.05945595003287311,0.16809334642536203,,0.26
BV2DV,1,tf_gb,0.05,TargetPAC-100,0.02609467455621302,0.0787411878977201,,0.01
BV2DV,1,tf_gb,0.05,Target-200,0.058599605522682445,0.1682579144379117,,0.135
BV2DV,1,tf_gb,0.05,TargetPAC-200,0.035844838921762004,0.10446810242728077,,0.01
BV2DV,1,tf_gb,0.1,ID-all,0.15581854043392504,0.37027589799251176,0.095205215924655,
BV2DV,1,tf_gb,0.1,ID,0.16391518737672583,0.38271917637051145,,0.985
BV2DV,1,tf_gb,0.1,Target-50,0.11207264957264958,0.2824072351490892,,0.405
BV2DV,1,tf_gb,0.1,TargetPAC-50,0.04414529914529914,0.1266057609759147,,0.02
BV2DV,1,tf_gb,0.1,Target-100,0.11353879026955951,0.28741238053703194,,0.445
BV2DV,1,tf_gb,0.1,TargetPAC-100,0.06721071663379356,0.1879206584045737,,0.02
BV2DV,1,tf_gb,0.1,Target-200,0.11510190664036818,0.29074648965756766,,0.41
BV2DV,1,tf_gb,0.1,TargetPAC-200,0.08332182774490465,0.22770590371178157,,0.045
BV2DV,1,tf_gb,0.2,ID-all,0.2873109796186719,0.5605943041383241,0.095205215924655,
BV2DV,1,tf_gb,0.2,ID,0.2885765943458251,0.5635667715753289,,1.0
BV2DV,1,tf_gb,0.2,Target-50,0.207146614069691,0.44888105587721666,,0.375
BV2DV,1,tf_gb,0.2,TargetPAC-50,0.1280818540433925,0.3134477836277368,,0.015
BV2DV,1,tf_gb,0.2,Target-100,0.2046663379355687,0.4475989115390908,,0.3
BV2DV,1,tf_gb,0.2,TargetPAC-100,0.16082347140039446,0.376122412664176,,0.025
BV2DV,1,tf_gb,0.2,Target-200,0.20607495069033532,0.4513849535808208,,0.255
BV2DV,1,tf_gb,0.2,TargetPAC-200,0.17361768573307035,0.3996056432313948,,0.015
BV2DV,1,cb_ens,0.05,ID-all,0.08547008547008547,0.24784467747339414,0.05220918588462537,
BV2DV,1,cb_ens,0.05,ID,0.08772682445759368,0.25133625943384547,,0.96
BV2DV,1,cb_ens,0.05,Target-50,0.04370479947403024,0.140802133296194,,0.145
BV2DV,1,cb_ens,0.05,TargetPAC-50,0.022823800131492437,0.08200647315982289,,0.065
BV2DV,1,cb_ens,0.05,Target-100,0.05895792241946088,0.18131494275520643,,0.28
BV2DV,1,cb_ens,0.05,TargetPAC-100,0.021893491124260357,0.08294449593534184,,0.015
BV2DV,1,cb_ens,0.05,Target-200,0.06157462195923734,0.18912691690885367,,0.26
BV2DV,1,cb_ens,0.05,TargetPAC-200,0.033879026955950034,0.11971251606479572,,0.0
BV2DV,1,cb_ens,0.1,ID-all,0.14365548980933596,0.36330373055525444,0.05220918588462537,
BV2DV,1,cb_ens,0.1,ID,0.14169789612097305,0.35733094483913946,,0.95
BV2DV,1,cb_ens,0.1,Target-50,0.1114595660749507,0.294366955830551,,0.43
BV2DV,1,cb_ens,0.1,TargetPAC-50,0.04715318869165022,0.15023615656568115,,0.035
BV2DV,1,cb_ens,0.1,Target-100,0.11702005259697568,0.3073299976236841,,0.52
BV2DV,1,cb_ens,0.1,TargetPAC-100,0.06879848783694938,0.20484135706721415,,0.05
BV2DV,1,cb_ens,0.1,Target-200,0.11754109138724524,0.3095483913873371,,0.485
BV2DV,1,cb_ens,0.1,TargetPAC-200,0.09071170282708745,0.25537795406776875,,0.09
BV2DV,1,cb_ens,0.2,ID-all,0.24194608809993426,0.5246323632097097,0.05220918588462537,
BV2DV,1,cb_ens,0.2,ID,0.24116863905325445,0.5232187589020058,,0.855
BV2DV,1,cb_ens,0.2,Target-50,0.20706771860618012,0.46662933038267035,,0.32
BV2DV,1,cb_ens,0.2,TargetPAC-50,0.13142340565417487,0.33288128056308836,,0.025
BV2DV,1,cb_ens,0.2,Target-100,0.20528435239973702,0.4670703126744028,,0.25
BV2DV,1,cb_ens,0.2,TargetPAC-100,0.1624441157133465,0.39374390254111785,,0.025
BV2DV,1,cb_ens,0.2,Target-200,0.20660913872452333,0.4704246258163498,,0.12
BV2DV,1,cb_ens,0.2,TargetPAC-200,0.17693293885601577,0.4214607571915572,,0.0
BV2DV,1,tf_ens,0.05,ID-all,0.08185404339250493,0.2528257464502459,0.15310488041917775,
BV2DV,1,tf_ens,0.05,ID,0.08465647600262985,0.2591333193422424,,0.9
BV2DV,1,tf_ens,0.05,Target-50,0.044944115713346486,0.1412498023499786,,0.165
BV2DV,1,tf_ens,0.05,TargetPAC-50,0.02440335305719921,0.07805129834906697,,0.04
BV2DV,1,tf_ens,0.05,Target-100,0.05638560157790927,0.17584833672283037,,0.2
BV2DV,1,tf_ens,0.05,TargetPAC-100,0.020386259040105194,0.06742861159588825,,0.0
BV2DV,1,tf_ens,0.05,Target-200,0.0586078238001315,0.184525547452665,,0.1
BV2DV,1,tf_ens,0.05,TargetPAC-200,0.035318869165023005,0.112386598568252,,0.015
BV2DV,1,tf_ens,0.1,ID-all,0.19000657462195925,0.4501264704330542,0.15310488041917775,
BV2DV,1,tf_ens,0.1,ID,0.18479454306377385,0.44172347707716175,,0.98
BV2DV,1,tf_ens,0.1,Target-50,0.10097304404996713,0.29016550985028805,,0.205
BV2DV,1,tf_ens,0.1,TargetPAC-50,0.04322156476002629,0.13650092341395403,,0.0
BV2DV,1,tf_ens,0.1,Target-100,0.09761341222879687,0.2890135113408847,,0.17
BV2DV,1,tf_ens,0.1,TargetPAC-100,0.0645069033530572,0.20045107399527928,,0.0
BV2DV,1,tf_ens,0.1,Target-200,0.09583497698882315,0.2877598419979966,,0.06
BV2DV,1,tf_ens,0.1,TargetPAC-200,0.07883629191321498,0.24401545283761517,,0.0
BV2DV,1,tf_ens,0.2,ID-all,0.3445101906640368,0.6349009300237585,0.15310488041917775,
BV2DV,1,tf_ens,0.2,ID,0.3384451019066404,0.6302685346003966,,1.0
BV2DV,1,tf_ens,0.2,Target-50,0.19127054569362262,0.4471621791208415,,0.295
BV2DV,1,tf_ens,0.2,TargetPAC-50,0.10916995397764628,0.3113857568736188,,0.01
BV2DV,1,tf_ens,0.2,Target-100,0.19067389875082186,0.4491450149574562,,0.215
BV2DV,1,tf_ens,0.2,TargetPAC-100,0.13874917817225507,0.36989496028828567,,0.045
BV2DV,1,tf_ens,0.2,Target-200,0.19525476660092045,0.4564449401859956,,0.245
BV2DV,1,tf_ens,0.2,TargetPAC-200,0.150560486522025,0.39069779266713583,,0.005
BV2DV,1,all_ens,0.05,ID-all,0.10092044707429323,0.3072590909899331,0.0989372041094427,
BV2DV,1,all_ens,0.05,ID,0.10294214332675872,0.309671582715606,,0.995
BV2DV,1,all_ens,0.05,Target-50,0.044122287968441816,0.15100892855574163,,0.205
BV2DV,1,all_ens,0.05,TargetPAC-50,0.02074786324786325,0.07737428561123391,,0.04
BV2DV,1,all_ens,0.05,Target-100,0.056653517422748184,0.19084131212741542,,0.26
BV2DV,1,all_ens,0.05,TargetPAC-100,0.021479289940828403,0.08126911119834174,,0.02
BV2DV,1,all_ens,0.05,Target-200,0.05838428665351742,0.19737455148503524,,0.215
BV2DV,1,all_ens,0.05,TargetPAC-200,0.03522024983563445,0.12706190937607512,,0.01
BV2DV,1,all_ens,0.1,ID-all,0.17258382642998027,0.43202713617546545,0.0989372041094427,
BV2DV,1,all_ens,0.1,ID,0.17661242603550295,0.43830271640220275,,1.0
BV2DV,1,all_ens,0.1,Target-50,0.10571005917159763,0.30722437157100285,,0.34
BV2DV,1,all_ens,0.1,TargetPAC-50,0.04334812623274162,0.15038916248363612,,0.0
BV2DV,1,all_ens,0.1,Target-100,0.10718606180144642,0.31500988393858315,,0.3
BV2DV,1,all_ens,0.1,TargetPAC-100,0.0685207100591716,0.2234614642601687,,0.005
BV2DV,1,all_ens,0.1,Target-200,0.10711867192636423,0.31759268966110377,,0.28
BV2DV,1,all_ens,0.1,TargetPAC-200,0.08097961867192638,0.25871888821242595,,0.005
BV2DV,1,all_ens,0.2,ID-all,0.28139381985535833,0.5809835765524086,0.0989372041094427,
BV2DV,1,all_ens,0.2,ID,0.28663050624589087,0.5865101880506641,,1.0
BV2DV,1,all_ens,0.2,Target-50,0.20166831032215649,0.47060645232205217,,0.305
BV2DV,1,all_ens,0.2,TargetPAC-50,0.12380670611439842,0.34274159057605175,,0.025
BV2DV,1,all_ens,0.2,Target-100,0.20551610782380014,0.47866177261065046,,0.31
BV2DV,1,all_ens,0.2,TargetPAC-100,0.15305391190006573,0.3984423828169436,,0.015
BV2DV,1,all_ens,0.2,Target-200,0.2053172255095332,0.47961531742707036,,0.255
BV2DV,1,all_ens,0.2,TargetPAC-200,0.16917324128862588,0.4256897131174884,,0.02
BV2DV,1,fmt_gb,0.05,ID-all,0.3698224852071006,0.5467992087414991,0.5225929892122352,
BV2DV,1,fmt_gb,0.05,ID,0.37059664694280076,0.5438640926901358,,1.0
BV2DV,1,fmt_gb,0.05,Target-50,0.03811472715318869,0.061914401574615,,0.115
BV2DV,1,fmt_gb,0.05,TargetPAC-50,0.01786324786324786,0.03097394753889943,,0.02
BV2DV,1,fmt_gb,0.05,Target-100,0.05133300460223537,0.08124610326867086,,0.17
BV2DV,1,fmt_gb,0.05,TargetPAC-100,0.020971400394477317,0.03651420197921482,,0.01
BV2DV,1,fmt_gb,0.05,Target-200,0.04680637738330046,0.07544907241530202,,0.06
BV2DV,1,fmt_gb,0.05,TargetPAC-200,0.029592373438527286,0.051042562854077274,,0.005
BV2DV,1,fmt_gb,0.1,ID-all,0.49243918474687703,0.6780608909912933,0.5225929892122352,
BV2DV,1,fmt_gb,0.1,ID,0.4916239316239317,0.6784873935083577,,1.0
BV2DV,1,fmt_gb,0.1,Target-50,0.10402038132807362,0.15225236367382103,,0.36
BV2DV,1,fmt_gb,0.1,TargetPAC-50,0.04017751479289942,0.06506130189677015,,0.025
BV2DV,1,fmt_gb,0.1,Target-100,0.10813938198553583,0.1569431162583261,,0.365
BV2DV,1,fmt_gb,0.1,TargetPAC-100,0.058657133464825775,0.09127931943956547,,0.025
BV2DV,1,fmt_gb,0.1,Target-200,0.10821827744904669,0.15695711690552513,,0.31
BV2DV,1,fmt_gb,0.1,TargetPAC-200,0.07650723208415515,0.11551251450987071,,0.035
BV2DV,1,fmt_gb,0.2,ID-all,0.6528599605522682,0.8189841797654116,0.5225929892122352,
BV2DV,1,fmt_gb,0.2,ID,0.6490894148586457,0.8158349810340184,,1.0
BV2DV,1,fmt_gb,0.2,Target-50,0.20265121630506247,0.29343036444978077,,0.295
BV2DV,1,fmt_gb,0.2,TargetPAC-50,0.12167488494411571,0.1760145788506391,,0.005
BV2DV,1,fmt_gb,0.2,Target-100,0.19416831032215648,0.2802662600093974,,0.205
BV2DV,1,fmt_gb,0.2,TargetPAC-100,0.1580128205128205,0.22694923007046508,,0.025
BV2DV,1,fmt_gb,0.2,Target-200,0.20070512820512817,0.2902388441666879,,0.2
BV2DV,1,fmt_gb,0.2,TargetPAC-200,0.1753007889546351,0.2528629431996396,,0.02
BV2DV,2,cb_lr,0.05,ID-all,0.03546569439840901,0.12692474200287354,0.05472408488649788,
BV2DV,2,cb_lr,0.05,ID,0.038704010606562804,0.13364085107630053,,0.01
BV2DV,2,cb_lr,0.05,Target-50,0.040452436194895594,0.13378699192332744,,0.105
BV2DV,2,cb_lr,0.05,TargetPAC-50,0.02239973483592973,0.0814826552619777,,0.055
BV2DV,2,cb_lr,0.05,Target-100,0.055203844879018894,0.1743432855985615,,0.17
BV2DV,2,cb_lr,0.05,TargetPAC-100,0.021463374212794165,0.08264499587540901,,0.01
BV2DV,2,cb_lr,0.05,Target-200,0.05482267152800796,0.1754616947380197,,0.115
BV2DV,2,cb_lr,0.05,TargetPAC-200,0.03240470666224726,0.1167673593837039,,0.005
BV2DV,2,cb_lr,0.1,ID-all,0.09943652635067948,0.27373505612447135,0.05472408488649788,
BV2DV,2,cb_lr,0.1,ID,0.10015246934040438,0.27278233524802104,,0.085
BV2DV,2,cb_lr,0.1,Target-50,0.10610871726881006,0.28086118954335304,,0.39
BV2DV,2,cb_lr,0.1,TargetPAC-50,0.04391117003646006,0.14338807017955607,,0.015
BV2DV,2,cb_lr,0.1,Target-100,0.10106894265826981,0.2725555798507797,,0.225
BV2DV,2,cb_lr,0.1,TargetPAC-100,0.06359960225389459,0.19505199345705332,,0.01
BV2DV,2,cb_lr,0.1,Target-200,0.10288200198873053,0.27744278007638157,,0.26
BV2DV,2,cb_lr,0.1,TargetPAC-200,0.07791017567119657,0.22727068495663252,,0.025
BV2DV,2,cb_lr,0.2,ID-all,0.2323500165727544,0.47531463489908937,0.05472408488649788,
BV2DV,2,cb_lr,0.2,ID,0.2274179648657607,0.4685637746140559,,0.675
BV2DV,2,cb_lr,0.2,Target-50,0.1906397083195227,0.42008823335304407,,0.255
BV2DV,2,cb_lr,0.2,TargetPAC-50,0.12092310241962213,0.3108433462187087,,0.005
BV2DV,2,cb_lr,0.2,Target-100,0.18384819356977133,0.4138771292392363,,0.145
BV2DV,2,cb_lr,0.2,TargetPAC-100,0.14645011600928073,0.35846602481170853,,0.015
BV2DV,2,cb_lr,0.2,Target-200,0.18738316208153796,0.4196743047101987,,0.105
BV2DV,2,cb_lr,0.2,TargetPAC-200,0.15647994696718595,0.37838834819242423,,0.005
BV2DV,2,cb_gb,0.05,ID-all,0.07325157441166721,0.2297419406895152,0.04239315046495411,
BV2DV,2,cb_gb,0.05,ID,0.07087835598276433,0.22336067295047407,,0.655
BV2DV,2,cb_gb,0.05,Target-50,0.03894265826980444,0.13163302499342935,,0.075
BV2DV,2,cb_gb,0.05,TargetPAC-50,0.020941332449453096,0.07325151696470375,,0.02
BV2DV,2,cb_gb,0.05,Target-100,0.04927742790851839,0.16426118790394803,,0.12
BV2DV,2,cb_gb,0.05,TargetPAC-100,0.02329300629764667,0.08270786673765908,,0.005
BV2DV,2,cb_gb,0.05,Target-200,0.04923599602253894,0.16576318144705673,,0.055
BV2DV,2,cb_gb,0.05,TargetPAC-200,0.03208319522704674,0.1131514713990553,,0.0
BV2DV,2,cb_gb,0.1,ID-all,0.114683460391117,0.3241481324485799,0.04239315046495411,
BV2DV,2,cb_gb,0.1,ID,0.11412993039443156,0.32237940416230193,,0.39
BV2DV,2,cb_gb,0.1,Target-50,0.0955419290686112,0.27655159649586863,,0.24
BV2DV,2,cb_gb,0.1,TargetPAC-50,0.04157109711634074,0.1384068305835145,,0.01
BV2DV,2,cb_gb,0.1,Target-100,0.09402386476632416,0.2759636051342128,,0.195
BV2DV,2,cb_gb,0.1,TargetPAC-100,0.05926416970500496,0.19143854403946242,,0.01
BV2DV,2,cb_gb,0.1,Target-200,0.09587835598276433,0.2813736072459301,,0.135
BV2DV,2,cb_gb,0.1,TargetPAC-200,0.07216440172356646,0.22604693053026648,,0.005
BV2DV,2,cb_gb,0.2,ID-all,0.21610871726881006,0.4890988430571346,0.04239315046495411,
BV2DV,2,cb_gb,0.2,ID,0.21585349685117666,0.48779594442649454,,0.425
BV2DV,2,cb_gb,0.2,Target-50,0.19134073583029498,0.4480621720830989,,0.3
BV2DV,2,cb_gb,0.2,TargetPAC-50,0.10684123301292674,0.30038690769685916,,0.015
BV2DV,2,cb_gb,0.2,Target-100,0.1922804110043089,0.4543152271833206,,0.265
BV2DV,2,cb_gb,0.2,TargetPAC-100,0.14315379516075571,0.3766198572567939,,0.035
BV2DV,2,cb_gb,0.2,Target-200,0.19058170367915145,0.4550590342745874,,0.175
BV2DV,2,cb_gb,0.2,TargetPAC-200,0.15710971163407358,0.4048143040909119,,0.02
BV2DV,2,tf_lr,0.05,ID-all,0.09214451441829632,0.26377237453792035,0.21758885881489373,
BV2DV,2,tf_lr,0.05,ID,0.09155618163738816,0.25873975955409795,,0.955
BV2DV,2,tf_lr,0.05,Target-50,0.04698707325157441,0.14299102163998767,,0.135
BV2DV,2,tf_lr,0.05,TargetPAC-50,0.024890619821014256,0.08091826124039432,,0.05
BV2DV,2,tf_lr,0.05,Target-100,0.06334603911170036,0.18781749097844533,,0.315
BV2DV,2,tf_lr,0.05,TargetPAC-100,0.02609711634073583,0.08718184682910031,,0.0
BV2DV,2,tf_lr,0.05,Target-200,0.06049386808087505,0.18060104501071866,,0.235
BV2DV,2,tf_lr,0.05,TargetPAC-200,0.04051541266158436,0.12704402296787853,,0.025
BV2DV,2,tf_lr,0.1,ID-all,0.1710308253231687,0.40326309093660945,0.21758885881489373,
BV2DV,2,tf_lr,0.1,ID,0.17715777262180976,0.4119403359284176,,1.0
BV2DV,2,tf_lr,0.1,Target-50,0.10722240636393768,0.2846453303079178,,0.36
BV2DV,2,tf_lr,0.1,TargetPAC-50,0.05190420947961551,0.15593184262115983,,0.035
BV2DV,2,tf_lr,0.1,Target-100,0.11139211136890952,0.2969005822830446,,0.385
BV2DV,2,tf_lr,0.1,TargetPAC-100,0.07157109711634074,0.20861018014338056,,0.02
BV2DV,2,tf_lr,0.1,Target-200,0.1115213788531654,0.29955818384744354,,0.375
BV2DV,2,tf_lr,0.1,TargetPAC-200,0.08544580709313887,0.24497193257163047,,0.035
BV2DV,2,tf_lr,0.2,ID-all,0.33278090818694067,0.6060926473259175,0.21758885881489373,
BV2DV,2,tf_lr,0.2,ID,0.3369854159761353,0.6078136820283366,,1.0
BV2DV,2,tf_lr,0.2,Target-50,0.21143022870401063,0.45434785612799033,,0.42
BV2DV,2,tf_lr,0.2,TargetPAC-50,0.12783394100099435,0.3256232758390486,,0.025
BV2DV,2,tf_lr,0.2,Target-100,0.21335929731521375,0.4582385360391416,,0.48
BV2DV,2,tf_lr,0.2,TargetPAC-100,0.15895757374875705,0.38192463935320864,,0.055
BV2DV,2,tf_lr,0.2,Target-200,0.2075588332780908,0.4524153611637598,,0.36
BV2DV,2,tf_lr,0.2,TargetPAC-200,0.17498011269472985,0.40908918456423754,,0.03
BV2DV,2,tf_gb,0.05,ID-all,0.06662247265495526,0.19924850474596154,0.08655003562806714,
BV2DV,2,tf_gb,0.05,ID,0.07075240304938682,0.2099527040126576,,0.37
BV2DV,2,tf_gb,0.05,Target-50,0.04297315213788532,0.13884502106780036,,0.09
BV2DV,2,tf_gb,0.05,TargetPAC-50,0.024083526682134572,0.08432367836972197,,0.01
BV2DV,2,tf_gb,0.05,Target-100,0.05640371229698376,0.17495143227585494,,0.165
BV2DV,2,tf_gb,0.05,TargetPAC-100,0.025705999337089825,0.09263548756282707,,0.01
BV2DV,2,tf_gb,0.05,Target-200,0.054743122306927405,0.17077562533774546,,0.065
BV2DV,2,tf_gb,0.05,TargetPAC-200,0.03755551872721247,0.12813055211142504,,0.0
BV2DV,2,tf_gb,0.1,ID-all,0.1514749751408684,0.3699937552858533,0.08655003562806714,
BV2DV,2,tf_gb,0.1,ID,0.14643022870401062,0.3650662542483971,,0.895
BV2DV,2,tf_gb,0.1,Target-50,0.1059695061319191,0.28556804108151074,,0.325
BV2DV,2,tf_gb,0.1,TargetPAC-50,0.04518727212462711,0.14416378290165993,,0.015
BV2DV,2,tf_gb,0.1,Target-100,0.10054027179317203,0.27828552724840827,,0.205
BV2DV,2,tf_gb,0.1,TargetPAC-100,0.06521047398077562,0.1965649607109658,,0.005
BV2DV,2,tf_gb,0.1,Target-200,0.1041050712628439,0.28905145177048064,,0.175
BV2DV,2,tf_gb,0.1,TargetPAC-200,0.07779913821677163,0.22806818487255878,,0.0
BV2DV,2,tf_gb,0.2,ID-all,0.2701358965860126,0.5397085502437614,0.08655003562806714,
BV2DV,2,tf_gb,0.2,ID,0.2675074577394763,0.5361497052702358,,0.98
BV2DV,2,tf_gb,0.2,Target-50,0.19511932383162084,0.43892658208363655,,0.305
BV2DV,2,tf_gb,0.2,TargetPAC-50,0.11787040106065629,0.31063501558056544,,0.01
BV2DV,2,tf_gb,0.2,Target-100,0.19847199204507787,0.44759558583202674,,0.245
BV2DV,2,tf_gb,0.2,TargetPAC-100,0.14996353994033806,0.3715680321384211,,0.02
BV2DV,2,tf_gb,0.2,Target-200,0.20050712628438844,0.4519073584123816,,0.245
BV2DV,2,tf_gb,0.2,TargetPAC-200,0.16932383162081538,0.40386295777104536,,0.005
BV2DV,2,cb_ens,0.05,ID-all,0.04607225720914816,0.16480904208272243,0.04148645753237278,
BV2DV,2,cb_ens,0.05,ID,0.04796320848525024,0.16883157171304525,,0.035
BV2DV,2,cb_ens,0.05,Target-50,0.04181968843221744,0.14386338784471156,,0.155
BV2DV,2,cb_ens,0.05,TargetPAC-50,0.023574743122306927,0.08820050529957127,,0.025
BV2DV,2,cb_ens,0.05,Target-100,0.05354325488896254,0.177787565080906,,0.235
BV2DV,2,cb_ens,0.05,TargetPAC-100,0.023659264169705006,0.09163768989963288,,0.02
BV2DV,2,cb_ens,0.05,Target-200,0.05473152137885316,0.18360613877225937,,0.17
BV2DV,2,cb_ens,0.05,TargetPAC-200,0.03368743785217103,0.12455050040618255,,0.01
BV2DV,2,cb_ens,0.1,ID-all,0.11269472986410341,0.31527113727415007,0.04148645753237278,
BV2DV,2,cb_ens,0.1,ID,0.11251574411667219,0.3138815095143352,,0.28
BV2DV,2,cb_ens,0.1,Target-50,0.09954259197878688,0.28371174832521406,,0.25
BV2DV,2,cb_ens,0.1,TargetPAC-50,0.044310573417301956,0.1507620390232841,,0.005
BV2DV,2,cb_ens,0.1,Target-100,0.10298641034139873,0.2924128146210779,,0.2
BV2DV,2,cb_ens,0.1,TargetPAC-100,0.06618329466357309,0.20905842105900946,,0.01
BV2DV,2,cb_ens,0.1,Target-200,0.1041034139874047,0.29501494216064117,,0.17
BV2DV,2,cb_ens,0.1,TargetPAC-200,0.08103248259860787,0.2441498980613008,,0.0
BV2DV,2,cb_ens,0.2,ID-all,0.22306927411335764,0.5074934256461179,0.04148645753237278,
BV2DV,2,cb_ens,0.2,ID,0.22081703679151474,0.5031435352639831,,0.56
BV2DV,2,cb_ens,0.2,Target-50,0.18531156778256544,0.44336809286998746,,0.21
BV2DV,2,cb_ens,0.2,TargetPAC-50,0.11832283725555187,0.32428554682924216,,0.01
BV2DV,2,cb_ens,0.2,Target-100,0.1913523367583692,0.4579835036664926,,0.21
BV2DV,2,cb_ens,0.2,TargetPAC-100,0.13948127278753727,0.36968721179416014,,0.0
BV2DV,2,cb_ens,0.2,Target-200,0.18563473649320514,0.45098503489963354,,0.09
BV2DV,2,cb_ens,0.2,TargetPAC-200,0.15278753728869737,0.3967964501765696,,0.005
BV2DV,2,tf_ens,0.05,ID-all,0.08849850845210475,0.27457487212993525,0.14564297590308092,
BV2DV,2,tf_ens,0.05,ID,0.09001657275439179,0.2719263794590517,,0.915
BV2DV,2,tf_ens,0.05,Target-50,0.04310739144845874,0.1432996997749257,,0.145
BV2DV,2,tf_ens,0.05,TargetPAC-50,0.022500828637719586,0.08165635673901062,,0.025
BV2DV,2,tf_ens,0.05,Target-100,0.059300629764666886,0.18802149314751498,,0.235
BV2DV,2,tf_ens,0.05,TargetPAC-100,0.02507457739476301,0.09129538140734564,,0.005
BV2DV,2,tf_ens,0.05,Target-200,0.0581852833941001,0.18534611672430182,,0.17
BV2DV,2,tf_ens,0.05,TargetPAC-200,0.03649983427245609,0.12680403365088033,,0.005
BV2DV,2,tf_ens,0.1,ID-all,0.17898574743122306,0.43335035946160255,0.14564297590308092,
BV2DV,2,tf_ens,0.1,ID,0.1784587338415645,0.4319186796461873,,1.0
BV2DV,2,tf_ens,0.1,Target-50,0.10896254557507458,0.3058074402970607,,0.39
BV2DV,2,tf_ens,0.1,TargetPAC-50,0.04538117335101093,0.14841444496667872,,0.025
BV2DV,2,tf_ens,0.1,Target-100,0.11128604574080211,0.31684701843930413,,0.41
BV2DV,2,tf_ens,0.1,TargetPAC-100,0.06736990387802452,0.2095996818541102,,0.03
BV2DV,2,tf_ens,0.1,Target-200,0.11360291680477295,0.3249040470694218,,0.395
BV2DV,2,tf_ens,0.1,TargetPAC-200,0.08620318196884323,0.2609277104504695,,0.07
BV2DV,2,tf_ens,0.2,ID-all,0.306927411335764,0.5968738955593745,0.14564297590308092,
BV2DV,2,tf_ens,0.2,ID,0.3082664898906198,0.5968718142066924,,1.0
BV2DV,2,tf_ens,0.2,Target-50,0.19910341398740472,0.45783602307699134,,0.33
BV2DV,2,tf_ens,0.2,TargetPAC-50,0.13339078554855818,0.3551719301944385,,0.03
BV2DV,2,tf_ens,0.2,Target-100,0.1959728206827975,0.4551227526879341,,0.235
BV2DV,2,tf_ens,0.2,TargetPAC-100,0.15893602916804775,0.40207257324054524,,0.025
BV2DV,2,tf_ens,0.2,Target-200,0.19880510440835267,0.4597824103382165,,0.175
BV2DV,2,tf_ens,0.2,TargetPAC-200,0.16877527345044746,0.41810712430046776,,0.02
BV2DV,2,all_ens,0.05,ID-all,0.07093138879681803,0.24524011761377054,0.08974739185998191,
BV2DV,2,all_ens,0.05,ID,0.07027179317202518,0.24380760203536106,,0.545
BV2DV,2,all_ens,0.05,Target-50,0.045558501823002986,0.16089173044698973,,0.205
BV2DV,2,all_ens,0.05,TargetPAC-50,0.021695392774279086,0.08454849070243185,,0.02
BV2DV,2,all_ens,0.05,Target-100,0.05810407689758037,0.20185175310177395,,0.245
BV2DV,2,all_ens,0.05,TargetPAC-100,0.025835266821345706,0.10015578681158312,,0.025
BV2DV,2,all_ens,0.05,Target-200,0.05735333112363275,0.2021584723946845,,0.2
BV2DV,2,all_ens,0.05,TargetPAC-200,0.03390785548558171,0.12770092505273684,,0.0
BV2DV,2,all_ens,0.1,ID-all,0.13921113689095127,0.38845847149383084,0.08974739185998191,
BV2DV,2,all_ens,0.1,ID,0.14454259197878688,0.3957364628503065,,0.815
BV2DV,2,all_ens,0.1,Target-50,0.10289194564136558,0.312516125977831,,0.3
BV2DV,2,all_ens,0.1,TargetPAC-50,0.04498839907192575,0.15923609491512092,,0.025
BV2DV,2,all_ens,0.1,Target-100,0.10925091150149153,0.3307902912641589,,0.34
BV2DV,2,all_ens,0.1,TargetPAC-100,0.0676135233675837,0.228601371748505,,0.03
BV2DV,2,all_ens,0.1,Target-200,0.11002817368246602,0.33405152432976665,,0.255
BV2DV,2,all_ens,0.1,TargetPAC-200,0.08734835929731523,0.28659092091777766,,0.015
BV2DV,2,all_ens,0.2,ID-all,0.2661584355319854,0.566914584386335,0.08974739185998191,
BV2DV,2,all_ens,0.2,ID,0.26591315876698707,0.5657070891990752,,0.985
BV2DV,2,all_ens,0.2,Target-50,0.190977792509115,0.46424397838806397,,0.2
BV2DV,2,all_ens,0.2,TargetPAC-50,0.12006131919124957,0.34882195998251403,,0.005
BV2DV,2,all_ens,0.2,Target-100,0.18492707988067614,0.45808194610998937,,0.125
BV2DV,2,all_ens,0.2,TargetPAC-100,0.14873715611534638,0.4024599550423723,,0.005
BV2DV,2,all_ens,0.2,Target-200,0.1869903878024528,0.46235459612672825,,0.07
BV2DV,2,all_ens,0.2,TargetPAC-200,0.1597514086841233,0.4214991683015711,,0.0
BV2DV,2,fmt_gb,0.05,ID-all,0.33907855485581706,0.513804863149742,0.5108823280761247,
BV2DV,2,fmt_gb,0.05,ID,0.339729864103414,0.5141846720188342,,1.0
BV2DV,2,fmt_gb,0.05,Target-50,0.041160092807424595,0.07223902693793903,,0.13
BV2DV,2,fmt_gb,0.05,TargetPAC-50,0.021827974809413325,0.04455084793914679,,0.035
BV2DV,2,fmt_gb,0.05,Target-100,0.05718594630427577,0.09385469697070292,,0.165
BV2DV,2,fmt_gb,0.05,TargetPAC-100,0.023470334769638713,0.04777225546837842,,0.0
BV2DV,2,fmt_gb,0.05,Target-200,0.055820351342393104,0.0920433829490092,,0.085
BV2DV,2,fmt_gb,0.05,TargetPAC-200,0.03514915478952602,0.06277969862792472,,0.0
BV2DV,2,fmt_gb,0.1,ID-all,0.46602585349685116,0.6637225207799536,0.5108823280761247,
BV2DV,2,fmt_gb,0.1,ID,0.4642940006629102,0.6604404429786679,,1.0
BV2DV,2,fmt_gb,0.1,Target-50,0.10357640039774613,0.1591814870038139,,0.27
BV2DV,2,fmt_gb,0.1,TargetPAC-50,0.04724229366920782,0.08044829400212812,,0.03
BV2DV,2,fmt_gb,0.1,Target-100,0.09726715280079548,0.14952019017480467,,0.145
BV2DV,2,fmt_gb,0.1,TargetPAC-100,0.06589327146171693,0.10638391987647798,,0.0
BV2DV,2,fmt_gb,0.1,Target-200,0.10179151474975143,0.1542615415230345,,0.09
BV2DV,2,fmt_gb,0.1,TargetPAC-200,0.07697381504806099,0.12190407392267603,,0.005
BV2DV,2,fmt_gb,0.2,ID-all,0.6320848525024859,0.7987087344098249,0.5108823280761247,
BV2DV,2,fmt_gb,0.2,ID,0.6301474975140869,0.7964246854082114,,1.0
BV2DV,2,fmt_gb,0.2,Target-50,0.18932383162081534,0.28759980552914594,,0.265
BV2DV,2,fmt_gb,0.2,TargetPAC-50,0.1187819025522042,0.18171868838552083,,0.025
BV2DV,2,fmt_gb,0.2,Target-100,0.1851309247596951,0.2817492975929927,,0.19
BV2DV,2,fmt_gb,0.2,TargetPAC-100,0.13926416970500496,0.21229458841724785,,0.015
BV2DV,2,fmt_gb,0.2,Target-200,0.18970500497182635,0.28860264860904417,,0.075
BV2DV,2,fmt_gb,0.2,TargetPAC-200,0.15579714948624462,0.238043240755527,,0.005
