scenario,seed,model,alpha,regime,miss,clear,viol,ncal,ks,viol2
BV2PV,0,lr,0.02,ID-all,0.024123512383403024,0.1287141526037892,1.0,1254,0.21124399348908837,
BV2PV,0,lr,0.02,ID,0.025135091669347062,0.13509145184111537,0.755,300,,0.055
BV2PV,0,lr,0.02,ID-PAC,0.012462206497266003,0.08051286365048142,0.16,300,,0.005
BV2PV,0,lr,0.02,Weighted,0.021550337729173367,0.12092047140835835,0.48333333333333334,300,,0.05
BV2PV,0,lr,0.02,TargetPAC-25,0.0,0.0,0.0,25,,0.0
BV2PV,0,lr,0.02,Target-25,0.0,0.0,0.0,25,,0.0
BV2PV,0,lr,0.02,TargetPAC-50,0.0,0.0,0.0,50,,0.0
BV2PV,0,lr,0.02,Target-50,0.024808620135091667,0.1291657176381268,0.48,50,,0.18
BV2PV,0,lr,0.02,TargetPAC-100,0.0,0.0,0.0,100,,0.0
BV2PV,0,lr,0.02,Target-100,0.02826149887423609,0.14877532180695036,0.625,100,,0.2
BV2PV,0,lr,0.02,TargetPAC-200,0.013999678353168222,0.08686432342892639,0.22,200,,0.02
BV2PV,0,lr,0.02,Target-200,0.027613380508201994,0.148106903751251,0.66,200,,0.11
BV2PV,0,lr,0.02,TargetPAC-400,0.018568671598584753,0.10698925009490284,0.27,400,,0.005
BV2PV,0,lr,0.02,Target-400,0.029700868446445806,0.15746346240121475,0.88,400,,0.045
BV2PV,0,lr,0.02,TargetPAC-all,0.020585397233837243,0.11460813748835282,1.0,1015,,0.0
BV2PV,0,lr,0.02,Target-all,0.0321646831778707,0.16963453773682574,1.0,1015,,0.0
BV2PV,0,lr,0.05,ID-all,0.06239948536506915,0.282957172930255,1.0,1254,0.21124399348908837,
BV2PV,0,lr,0.05,ID,0.06137021550337729,0.27698735203782304,0.7,300,,0.225
BV2PV,0,lr,0.05,ID-PAC,0.04127050498552589,0.20792753735721434,0.155,300,,0.01
BV2PV,0,lr,0.05,Weighted,0.07067116972231156,0.29581090174966357,0.85,300,,0.55
BV2PV,0,lr,0.05,TargetPAC-25,0.0,0.0,0.0,25,,0.0
BV2PV,0,lr,0.05,Target-25,0.04279350273399807,0.19226951547779272,0.35,25,,0.16
BV2PV,0,lr,0.05,TargetPAC-50,0.026325184946928273,0.13703993684646443,0.165,50,,0.02
BV2PV,0,lr,0.05,Target-50,0.04842232229012545,0.22338854953928977,0.45,50,,0.155
BV2PV,0,lr,0.05,TargetPAC-100,0.02895786426503699,0.15221688753149049,0.125,100,,0.015
BV2PV,0,lr,0.05,Target-100,0.056793181087166286,0.2592556596611105,0.645,100,,0.205
BV2PV,0,lr,0.05,TargetPAC-200,0.039014152460598264,0.19789393311937054,0.235,200,,0.01
BV2PV,0,lr,0.05,Target-200,0.060131875201029264,0.2740413517617421,0.86,200,,0.17
BV2PV,0,lr,0.05,TargetPAC-400,0.04831939530395626,0.2369601753114539,0.495,400,,0.0
BV2PV,0,lr,0.05,Target-400,0.06007558700546799,0.2745255720053836,0.95,400,,0.05
BV2PV,0,lr,0.05,TargetPAC-all,0.05371502090704406,0.2560737826552093,1.0,1015,,0.0
BV2PV,0,lr,0.05,Target-all,0.060791251206175595,0.2766677019705284,1.0,1015,,0.0
BV2PV,0,lr,0.1,ID-all,0.13026696687037634,0.4473375435690375,1.0,1254,0.21124399348908837,
BV2PV,0,lr,0.1,ID,0.1303795432614989,0.44368986610070066,0.965,300,,0.67
BV2PV,0,lr,0.1,ID-PAC,0.1024895464779672,0.3810771473927598,0.56,300,,0.135
BV2PV,0,lr,0.1,Weighted,0.13578321003538116,0.45181077521252483,1.0,300,,0.7833333333333333
BV2PV,0,lr,0.1,TargetPAC-25,0.043600836281762624,0.19688938640991133,0.075,25,,0.045
BV2PV,0,lr,0.1,Target-25,0.08735445480862014,0.3287951651309659,0.39,25,,0.24
BV2PV,0,lr,0.1,TargetPAC-50,0.05137825667417176,0.23183050350277806,0.07,50,,0.035
BV2PV,0,lr,0.1,Target-50,0.11018173045995497,0.3943686803326776,0.6,50,,0.35
BV2PV,0,lr,0.1,TargetPAC-100,0.06968156963653907,0.2981686337440038,0.125,100,,0.035
BV2PV,0,lr,0.1,Target-100,0.10733193953039563,0.3913312282154812,0.625,100,,0.315
BV2PV,0,lr,0.1,TargetPAC-200,0.08414441942746864,0.33894493908962275,0.215,200,,0.025
BV2PV,0,lr,0.1,Target-200,0.10829366355741396,0.39476817821030474,0.68,200,,0.27
BV2PV,0,lr,0.1,TargetPAC-400,0.08850112576391123,0.35123787831728603,0.215,400,,0.005
BV2PV,0,lr,0.1,Target-400,0.10954808620135091,0.39677011077751323,0.84,400,,0.185
BV2PV,0,lr,0.1,TargetPAC-all,0.09906722418784175,0.36912896435103704,0.0,1015,,0.0
BV2PV,0,lr,0.1,Target-all,0.10871662914120296,0.39590019670773374,1.0,1015,,0.0
BV2PV,0,lr,0.2,ID-all,0.26149887423608875,0.6434672326327777,1.0,1254,0.21124399348908837,
BV2PV,0,lr,0.2,ID,0.2654165326471534,0.6459069261828347,1.0,300,,0.99
BV2PV,0,lr,0.2,ID-PAC,0.22358475394017369,0.5928230579425061,0.84,300,,0.605
BV2PV,0,lr,0.2,Weighted,0.2732711482791894,0.6509783621492907,0.9833333333333333,300,,0.9166666666666666
BV2PV,0,lr,0.2,TargetPAC-25,0.1264940495336121,0.4167013493460331,0.14,25,,0.1
BV2PV,0,lr,0.2,Target-25,0.2049211965262142,0.550413388204438,0.505,25,,0.415
BV2PV,0,lr,0.2,TargetPAC-50,0.12289803795432615,0.42292343927942855,0.035,50,,0.025
BV2PV,0,lr,0.2,Target-50,0.205694757156642,0.5612567726127619,0.525,50,,0.39
BV2PV,0,lr,0.2,TargetPAC-100,0.15827597298166615,0.4933539531352452,0.155,100,,0.075
BV2PV,0,lr,0.2,Target-100,0.21045191379864905,0.5718382682817408,0.585,100,,0.415
BV2PV,0,lr,0.2,TargetPAC-200,0.1680620778385333,0.5118035424647134,0.165,200,,0.045
BV2PV,0,lr,0.2,Target-200,0.21601318752010293,0.581825628947096,0.715,200,,0.46
BV2PV,0,lr,0.2,TargetPAC-400,0.17947089096172406,0.5301759153811644,0.23,400,,0.025
BV2PV,0,lr,0.2,Target-400,0.21656159536828562,0.5834801307933879,0.84,400,,0.415
BV2PV,0,lr,0.2,TargetPAC-all,0.1987777420392409,0.556950339924768,0.0,1015,,0.0
BV2PV,0,lr,0.2,Target-all,0.21678996461884859,0.5837129447492838,1.0,1015,,0.0
BV2PV,0,svm,0.02,ID-all,0.022836925056288194,0.12346861303792663,1.0,1254,0.20229713293145435,
BV2PV,0,svm,0.02,ID,0.02449179800578964,0.12737412430548367,0.635,300,,0.095
BV2PV,0,svm,0.02,ID-PAC,0.011849469282727565,0.07393523311591953,0.105,300,,0.005
BV2PV,0,svm,0.02,Weighted,0.022333011686501557,0.11295769058218588,0.6666666666666666,300,,0.06666666666666667
BV2PV,0,svm,0.02,TargetPAC-25,0.0,0.0,0.0,25,,0.0
BV2PV,0,svm,0.02,Target-25,0.0,0.0,0.0,25,,0.0
BV2PV,0,svm,0.02,TargetPAC-50,0.0,0.0,0.0,50,,0.0
BV2PV,0,svm,0.02,Target-50,0.024396912190414923,0.11375862753218069,0.44,50,,0.235
BV2PV,0,svm,0.02,TargetPAC-100,0.0,0.0,0.0,100,,0.0
BV2PV,0,svm,0.02,Target-100,0.025662592473464137,0.12492101494288572,0.505,100,,0.195
BV2PV,0,svm,0.02,TargetPAC-200,0.011908973946606624,0.07022763743658764,0.14,200,,0.005
BV2PV,0,svm,0.02,Target-200,0.024220006432936633,0.12316953963488282,0.525,200,,0.095
BV2PV,0,svm,0.02,TargetPAC-400,0.014911547121260854,0.08941168858059839,0.1,400,,0.0
BV2PV,0,svm,0.02,Target-400,0.024321325184946927,0.12664018014287193,0.63,400,,0.055
BV2PV,0,svm,0.02,TargetPAC-all,0.015117401093599223,0.09700797183973496,0.0,1015,,0.0
BV2PV,0,svm,0.02,Target-all,0.02251527822450949,0.12254546709459227,1.0,1015,,0.0
BV2PV,0,svm,0.05,ID-all,0.07172724348665166,0.27483866514822103,1.0,1254,0.20229713293145435,
BV2PV,0,svm,0.05,ID,0.07207140559665488,0.27363986955171343,0.95,300,,0.57
BV2PV,0,svm,0.05,ID-PAC,0.04988903184303634,0.20773160610139077,0.505,300,,0.11
BV2PV,0,svm,0.05,Weighted,0.06618419641899861,0.25274815658395744,0.75,300,,0.4666666666666667
BV2PV,0,svm,0.05,TargetPAC-25,0.0,0.0,0.0,25,,0.0
BV2PV,0,svm,0.05,Target-25,0.043438404631714375,0.17643212720433446,0.345,25,,0.21
BV2PV,0,svm,0.05,TargetPAC-50,0.022635895786426503,0.10937157055595817,0.1,50,,0.015
BV2PV,0,svm,0.05,Target-50,0.04881312319073658,0.19889856610415155,0.39,50,,0.21
BV2PV,0,svm,0.05,TargetPAC-100,0.02202959150852364,0.11164074093246366,0.035,100,,0.0
BV2PV,0,svm,0.05,Target-100,0.056558378899967836,0.22664285467784795,0.55,100,,0.235
BV2PV,0,svm,0.05,TargetPAC-200,0.037994532003859764,0.17000871380750252,0.13,200,,0.005
BV2PV,0,svm,0.05,Target-200,0.06163557413959474,0.24282845015011906,0.735,200,,0.28
BV2PV,0,svm,0.05,TargetPAC-400,0.046888066902541006,0.19834955309383304,0.27,400,,0.005
BV2PV,0,svm,0.05,Target-400,0.06213091026053394,0.24497700762673844,0.895,400,,0.175
BV2PV,0,svm,0.05,TargetPAC-all,0.05017690575747828,0.2124270973530731,1.0,1015,,0.0
BV2PV,0,svm,0.05,Target-all,0.06046960437439689,0.23855989232839836,1.0,1015,,0.0
BV2PV,0,svm,0.1,ID-all,0.13991637182373753,0.43600096628360424,1.0,1254,0.20229713293145435,
BV2PV,0,svm,0.1,ID,0.1343084593116758,0.42511276184560176,0.975,300,,0.775
BV2PV,0,svm,0.1,ID-PAC,0.10215342553875845,0.353464860061428,0.495,300,,0.16
BV2PV,0,svm,0.1,Weighted,0.14345448697330332,0.43780052570429423,0.95,300,,0.8166666666666667
BV2PV,0,svm,0.1,TargetPAC-25,0.043817947893213256,0.1739315232770818,0.1,25,,0.075
BV2PV,0,svm,0.1,Target-25,0.08177227404310068,0.28539501156089314,0.255,25,,0.165
BV2PV,0,svm,0.1,TargetPAC-50,0.0471646831778707,0.1953151637505608,0.025,50,,0.01
BV2PV,0,svm,0.1,Target-50,0.10868285622386618,0.3607756151430445,0.465,50,,0.335
BV2PV,0,svm,0.1,TargetPAC-100,0.07073335477645545,0.26809366048935357,0.1,100,,0.025
BV2PV,0,svm,0.1,Target-100,0.10412833708587971,0.3561947406563826,0.475,100,,0.24
BV2PV,0,svm,0.1,TargetPAC-200,0.0838292055323255,0.3075592711460814,0.09,200,,0.015
BV2PV,0,svm,0.1,Target-200,0.10534416211000323,0.36185686061359007,0.585,200,,0.19
BV2PV,0,svm,0.1,TargetPAC-400,0.08801704728208427,0.320779842633813,0.065,400,,0.0
BV2PV,0,svm,0.1,Target-400,0.10378739144419427,0.35947988922248686,0.58,400,,0.085
BV2PV,0,svm,0.1,TargetPAC-all,0.09424252171116113,0.33900162197605,0.0,1015,,0.0
BV2PV,0,svm,0.1,Target-all,0.10260533933740755,0.35925906753632203,1.0,1015,,0.0
BV2PV,0,svm,0.2,ID-all,0.2589256995818591,0.6264882493011699,1.0,1254,0.20229713293145435,
BV2PV,0,svm,0.2,ID,0.2591556770665809,0.62568468095386,1.0,300,,0.985
BV2PV,0,svm,0.2,ID-PAC,0.22693470569314889,0.5841039876453739,0.84,300,,0.7
BV2PV,0,svm,0.2,Weighted,0.2620885600943497,0.6260394738355708,0.9833333333333333,300,,0.95
BV2PV,0,svm,0.2,TargetPAC-25,0.11417819234480542,0.36613939503744347,0.095,25,,0.08
BV2PV,0,svm,0.2,Target-25,0.2079125120617562,0.5385687355488836,0.515,25,,0.405
BV2PV,0,svm,0.2,TargetPAC-50,0.12438243808298488,0.39720670704351735,0.065,50,,0.035
BV2PV,0,svm,0.2,Target-50,0.2110485686715986,0.5488380871035649,0.535,50,,0.44
BV2PV,0,svm,0.2,TargetPAC-100,0.1583515599871341,0.4682731131587121,0.185,100,,0.06
BV2PV,0,svm,0.2,Target-100,0.21760373110324863,0.5663837267488008,0.715,100,,0.49
BV2PV,0,svm,0.2,TargetPAC-200,0.1742055323255066,0.5004915967836561,0.21,200,,0.065
BV2PV,0,svm,0.2,Target-200,0.2171920231585719,0.5685704179176588,0.7,200,,0.485
BV2PV,0,svm,0.2,TargetPAC-400,0.18865873271148279,0.5269505124754115,0.305,400,,0.07
BV2PV,0,svm,0.2,Target-400,0.2211965262142168,0.5760528608896711,0.885,400,,0.57
BV2PV,0,svm,0.2,TargetPAC-all,0.2010292698616918,0.5426804016978984,1.0,1015,,0.0
BV2PV,0,svm,0.2,Target-all,0.22290125442264397,0.5785536805052284,1.0,1015,,1.0
BV2PV,0,lgbm,0.02,ID-all,0.030234802187198456,0.15979052351865272,1.0,1254,0.08675461424695398,
BV2PV,0,lgbm,0.02,ID,0.02828079768414281,0.15299202816026505,0.79,300,,0.075
BV2PV,0,lgbm,0.02,ID-PAC,0.016881633965905432,0.09513053456189394,0.175,300,,0.005
BV2PV,0,lgbm,0.02,Weighted,0.024091347700225148,0.13321456097364578,0.55,300,,0.06666666666666667
BV2PV,0,lgbm,0.02,TargetPAC-25,0.0,0.0,0.0,25,,0.0
BV2PV,0,lgbm,0.02,Target-25,0.0,0.0,0.0,25,,0.0
BV2PV,0,lgbm,0.02,TargetPAC-50,0.0,0.0,0.0,50,,0.0
BV2PV,0,lgbm,0.02,Target-50,0.028464136378256674,0.15126043931393865,0.58,50,,0.24
BV2PV,0,lgbm,0.02,TargetPAC-100,0.0,0.0,0.0,100,,0.0
BV2PV,0,lgbm,0.02,Target-100,0.03195239626889675,0.17082958035683476,0.715,100,,0.335
BV2PV,0,lgbm,0.02,TargetPAC-200,0.016067867481505307,0.09340067122200367,0.305,200,,0.02
BV2PV,0,lgbm,0.02,Target-200,0.03085397233837247,0.1669797166718432,0.84,200,,0.175
BV2PV,0,lgbm,0.02,TargetPAC-400,0.02135574139594725,0.11792145494702694,0.515,400,,0.01
BV2PV,0,lgbm,0.02,Target-400,0.0327356063042779,0.1776401111226145,0.99,400,,0.115
BV2PV,0,lgbm,0.02,TargetPAC-all,0.027018333869411385,0.145382544776892,1.0,1015,,0.0
BV2PV,0,lgbm,0.02,Target-all,0.033451270504985524,0.17983228077440733,1.0,1015,,0.0
BV2PV,0,lgbm,0.05,ID-all,0.05628819556127372,0.28777996341926354,1.0,1254,0.08675461424695398,
BV2PV,0,lgbm,0.05,ID,0.05615792859440335,0.2849229992752873,0.825,300,,0.03
BV2PV,0,lgbm,0.05,ID-PAC,0.042988099067224186,0.2265015788383891,0.255,300,,0.0
BV2PV,0,lgbm,0.05,Weighted,0.05621314463385869,0.28309377552311604,0.8,300,,0.1
BV2PV,0,lgbm,0.05,TargetPAC-25,0.0,0.0,0.0,25,,0.0
BV2PV,0,lgbm,0.05,Target-25,0.047679318108716624,0.232094204023881,0.43,25,,0.22
BV2PV,0,lgbm,0.05,TargetPAC-50,0.02782888388549373,0.14907737170859647,0.165,50,,0.025
BV2PV,0,lgbm,0.05,Target-50,0.04995818591186877,0.24513087966318117,0.465,50,,0.22
BV2PV,0,lgbm,0.05,TargetPAC-100,0.02996944355098102,0.16112813610794766,0.115,100,,0.015
BV2PV,0,lgbm,0.05,Target-100,0.05952235445480862,0.2926230717465576,0.755,100,,0.255
BV2PV,0,lgbm,0.05,TargetPAC-200,0.04279993567063364,0.22414811747247818,0.265,200,,0.005
BV2PV,0,lgbm,0.05,Target-200,0.05968156963653909,0.2964766021327259,0.82,200,,0.215
BV2PV,0,lgbm,0.05,TargetPAC-400,0.050082019942103574,0.2572281464609863,0.57,400,,0.0
BV2PV,0,lgbm,0.05,Target-400,0.059980701190093286,0.3013076750526279,0.975,400,,0.075
BV2PV,0,lgbm,0.05,TargetPAC-all,0.05596654872949502,0.2819736342616559,1.0,1015,,0.0
BV2PV,0,lgbm,0.05,Target-all,0.05821807655194597,0.3025416709804328,1.0,1015,,0.0
BV2PV,0,lgbm,0.1,ID-all,0.09938887101962046,0.4237153604582945,0.0,1254,0.08675461424695398,
BV2PV,0,lgbm,0.1,ID,0.09856706336442586,0.41500931773475513,0.48,300,,0.09
BV2PV,0,lgbm,0.1,ID-PAC,0.07465583788999679,0.3502870379956517,0.04,300,,0.0
BV2PV,0,lgbm,0.1,Weighted,0.10327007612308352,0.4219163762064166,0.6,300,,0.16666666666666666
BV2PV,0,lgbm,0.1,TargetPAC-25,0.044560952074622066,0.219461038064672,0.055,25,,0.015
BV2PV,0,lgbm,0.1,Target-25,0.08368446445802508,0.3500975773889637,0.265,25,,0.145
BV2PV,0,lgbm,0.1,TargetPAC-50,0.047664844001286594,0.24026055147185701,0.01,50,,0.0
BV2PV,0,lgbm,0.1,Target-50,0.09616114506272114,0.39619072885391865,0.37,50,,0.18
BV2PV,0,lgbm,0.1,TargetPAC-100,0.06864104213573496,0.3261490578734858,0.045,100,,0.005
BV2PV,0,lgbm,0.1,Target-100,0.09871341267288518,0.4109900524553957,0.435,100,,0.155
BV2PV,0,lgbm,0.1,TargetPAC-200,0.07626568028304921,0.3544270455878801,0.025,200,,0.0
BV2PV,0,lgbm,0.1,Target-200,0.09496461884850435,0.40536641129171413,0.34,200,,0.055
BV2PV,0,lgbm,0.1,TargetPAC-400,0.07911547121260855,0.3640119318770059,0.005,400,,0.0
BV2PV,0,lgbm,0.1,Target-400,0.09511418462528144,0.40795354936673917,0.285,400,,0.005
BV2PV,0,lgbm,0.1,TargetPAC-all,0.08298488259890639,0.37452117196397156,0.0,1015,,0.0
BV2PV,0,lgbm,0.1,Target-all,0.09392087487938246,0.4063740207750976,0.0,1015,,0.0
BV2PV,0,lgbm,0.2,ID-all,0.20649726600192989,0.5927804810711944,1.0,1254,0.08675461424695398,
BV2PV,0,lgbm,0.2,ID,0.2045995496944355,0.5922293111778306,0.675,300,,0.135
BV2PV,0,lgbm,0.2,ID-PAC,0.17489868124798968,0.5508841926355386,0.09,300,,0.01
BV2PV,0,lgbm,0.2,Weighted,0.21685965476573393,0.6051632904257399,0.7166666666666667,300,,0.45
BV2PV,0,lgbm,0.2,TargetPAC-25,0.1154696043743969,0.42495694861441835,0.11,25,,0.09
BV2PV,0,lgbm,0.2,Target-25,0.19629141202959155,0.5615195241053249,0.5,25,,0.33
BV2PV,0,lgbm,0.2,TargetPAC-50,0.11148922483113541,0.4328472581702729,0.05,50,,0.02
BV2PV,0,lgbm,0.2,Target-50,0.19170311997426825,0.5663729423335748,0.445,50,,0.275
BV2PV,0,lgbm,0.2,TargetPAC-100,0.14492602122869092,0.5005031145391172,0.13,100,,0.015
BV2PV,0,lgbm,0.2,Target-100,0.20485847539401736,0.5889087465921248,0.57,100,,0.34
BV2PV,0,lgbm,0.2,TargetPAC-200,0.16642972016725635,0.5366148151982607,0.155,200,,0.015
BV2PV,0,lgbm,0.2,Target-200,0.20853168221293022,0.5975199727369983,0.68,200,,0.31
BV2PV,0,lgbm,0.2,TargetPAC-400,0.18022032807976843,0.5582787210546296,0.215,400,,0.01
BV2PV,0,lgbm,0.2,Target-400,0.20845448697330332,0.5976189736687718,0.75,400,,0.2
BV2PV,0,lgbm,0.2,TargetPAC-all,0.19330974589900293,0.5755512993063465,0.0,1015,,0.0
BV2PV,0,lgbm,0.2,Target-all,0.21132196847861046,0.5997687821375574,1.0,1015,,0.0
BV2PV,0,ens,0.02,ID-all,0.029269861691862336,0.18096248749007834,1.0,1254,0.14103444083468122,
BV2PV,0,ens,0.02,ID,0.02924252171116114,0.17848112295958862,0.895,300,,0.025
BV2PV,0,ens,0.02,ID-PAC,0.01634609199099389,0.10777961831797633,0.215,300,,0.0
BV2PV,0,ens,0.02,Weighted,0.023330116865015547,0.14471664308474538,0.6333333333333333,300,,0.03333333333333333
BV2PV,0,ens,0.02,TargetPAC-25,0.0,0.0,0.0,25,,0.0
BV2PV,0,ens,0.02,Target-25,0.0,0.0,0.0,25,,0.0
BV2PV,0,ens,0.02,TargetPAC-50,0.0,0.0,0.0,50,,0.0
BV2PV,0,ens,0.02,Target-50,0.026466709552910903,0.15556838182006416,0.6,50,,0.155
BV2PV,0,ens,0.02,TargetPAC-100,0.0,0.0,0.0,100,,0.0
BV2PV,0,ens,0.02,Target-100,0.027647153425538758,0.16801105186872348,0.745,100,,0.1
BV2PV,0,ens,0.02,TargetPAC-200,0.017222579607590865,0.11302696966559685,0.4,200,,0.0
BV2PV,0,ens,0.02,Target-200,0.027706658089417822,0.16921463574559134,0.845,200,,0.03
BV2PV,0,ens,0.02,TargetPAC-400,0.021024445159215185,0.13062782551678917,0.6,400,,0.0
BV2PV,0,ens,0.02,Target-400,0.02956416854293985,0.1799922352210374,0.995,400,,0.0
BV2PV,0,ens,0.02,TargetPAC-all,0.02669668703763268,0.15957483521413532,1.0,1015,,0.0
BV2PV,0,ens,0.02,Target-all,0.029269861691862343,0.1795475722124444,1.0,1015,,0.0
BV2PV,0,ens,0.05,ID-all,0.06690254100997105,0.3304689926493426,1.0,1254,0.14103444083468122,
BV2PV,0,ens,0.05,ID,0.06674975876487617,0.3304879732201401,0.86,300,,0.48
BV2PV,0,ens,0.05,ID-PAC,0.04462367320681891,0.25266806432687994,0.345,300,,0.035
BV2PV,0,ens,0.05,Weighted,0.06598584753940175,0.3210579367544374,0.7666666666666667,300,,0.36666666666666664
BV2PV,0,ens,0.05,TargetPAC-25,0.0,0.0,0.0,25,,0.0
BV2PV,0,ens,0.05,Target-25,0.04108877452557092,0.2140416968630293,0.28,25,,0.145
BV2PV,0,ens,0.05,TargetPAC-50,0.027399485365069153,0.1615429478551955,0.125,50,,0.035
BV2PV,0,ens,0.05,Target-50,0.046214216789964624,0.24790717638126789,0.4,50,,0.13
BV2PV,0,ens,0.05,TargetPAC-100,0.0267915728530074,0.16440189633157332,0.05,100,,0.0
BV2PV,0,ens,0.05,Target-100,0.054798970730138306,0.2865504106705318,0.58,100,,0.17
BV2PV,0,ens,0.05,TargetPAC-200,0.037011900932775815,0.21939909238361457,0.125,200,,0.005
BV2PV,0,ens,0.05,Target-200,0.0537327114827919,0.2862014269938227,0.64,200,,0.12
BV2PV,0,ens,0.05,TargetPAC-400,0.040890961724027015,0.24129637298547124,0.145,400,,0.0
BV2PV,0,ens,0.05,Target-400,0.05359279511096816,0.28791921178866,0.735,400,,0.025
BV2PV,0,ens,0.05,TargetPAC-all,0.0456738501125764,0.2575836007868309,0.0,1015,,0.0
BV2PV,0,ens,0.05,Target-all,0.05403666773882277,0.2896262553059322,1.0,1015,,0.0
BV2PV,0,ens,0.1,ID-all,0.12769379221614668,0.4824688546088277,1.0,1254,0.14103444083468122,
BV2PV,0,ens,0.1,ID,0.12638951431328402,0.4770389015426027,0.945,300,,0.725
BV2PV,0,ens,0.1,ID-PAC,0.10016725635252494,0.4216941022190012,0.46,300,,0.155
BV2PV,0,ens,0.1,Weighted,0.12576391122547442,0.47041863661984795,0.9166666666666666,300,,0.5666666666666667
BV2PV,0,ens,0.1,TargetPAC-25,0.04211000321646832,0.22444895951961905,0.04,25,,0.02
BV2PV,0,ens,0.1,Target-25,0.08259408169829527,0.3511993995237603,0.315,25,,0.16
BV2PV,0,ens,0.1,TargetPAC-50,0.04654390479253779,0.24686268419781207,0.05,50,,0.025
BV2PV,0,ens,0.1,Target-50,0.09577516886458669,0.39823057942506124,0.39,50,,0.21
BV2PV,0,ens,0.1,TargetPAC-100,0.06183017047282084,0.3119097905235187,0.02,100,,0.0
BV2PV,0,ens,0.1,Target-100,0.10241878417497588,0.4223745556820927,0.49,100,,0.23
BV2PV,0,ens,0.1,TargetPAC-200,0.07641363782566742,0.35829929771888047,0.095,200,,0.015
BV2PV,0,ens,0.1,Target-200,0.09881794789321326,0.41806501708251376,0.435,200,,0.11
BV2PV,0,ens,0.1,TargetPAC-400,0.08349147635895786,0.38146857852779786,0.085,400,,0.0
BV2PV,0,ens,0.1,Target-400,0.10015117401093601,0.42300540083514515,0.455,400,,0.05
BV2PV,0,ens,0.1,TargetPAC-all,0.09263428755226764,0.407461089829865,0.0,1015,,0.0
BV2PV,0,ens,0.1,Target-all,0.10099710517851397,0.42450909341891846,1.0,1015,,0.0
BV2PV,0,ens,0.2,ID-all,0.24027018333869413,0.6520602546847499,1.0,1254,0.14103444083468122,
BV2PV,0,ens,0.2,ID,0.2412656802830492,0.6491209407461089,0.975,300,,0.885
BV2PV,0,ens,0.2,ID-PAC,0.20526053393374075,0.6032581012527176,0.555,300,,0.27
BV2PV,0,ens,0.2,Weighted,0.24852042457381793,0.6526410313927137,0.9833333333333333,300,,0.7833333333333333
BV2PV,0,ens,0.2,TargetPAC-25,0.12592795110968158,0.45130323187355487,0.14,25,,0.09
BV2PV,0,ens,0.2,Target-25,0.19766645223544546,0.5712056544845912,0.43,25,,0.32
BV2PV,0,ens,0.2,TargetPAC-50,0.11882277259568993,0.4500980519032336,0.05,50,,0.035
BV2PV,0,ens,0.2,Target-50,0.208700546799614,0.5966724902508886,0.505,50,,0.385
BV2PV,0,ens,0.2,TargetPAC-100,0.1530845931167578,0.5204005331814887,0.145,100,,0.08
BV2PV,0,ens,0.2,Target-100,0.2040993888710196,0.5971711184732719,0.5,100,,0.33
BV2PV,0,ens,0.2,TargetPAC-200,0.17060791251206175,0.5527414846257376,0.145,200,,0.045
BV2PV,0,ens,0.2,Target-200,0.20974589900289484,0.6084879387100114,0.685,200,,0.335
BV2PV,0,ens,0.2,TargetPAC-400,0.18050981022836926,0.5683616747765469,0.175,400,,0.01
BV2PV,0,ens,0.2,Target-400,0.20670794467674494,0.6065048573006178,0.755,400,,0.29
BV2PV,0,ens,0.2,TargetPAC-all,0.18912833708587967,0.5809348793871001,0.0,1015,,0.0
BV2PV,0,ens,0.2,Target-all,0.20842714699260206,0.6099147599820549,1.0,1015,,0.0
BV2PV,1,lr,0.02,ID-all,0.04844961240310078,0.2584501413728203,1.0,1231,0.23635486789379445,
BV2PV,1,lr,0.02,ID,0.04878714470284238,0.25048234343712134,0.99,300,,0.695
BV2PV,1,lr,0.02,ID-PAC,0.026206395348837206,0.15492497357316581,0.59,300,,0.085
BV2PV,1,lr,0.02,Weighted,0.038969638242894046,0.20432640935953955,0.95,300,,0.38333333333333336
BV2PV,1,lr,0.02,TargetPAC-25,0.0,0.0,0.0,25,,0.0
BV2PV,1,lr,0.02,Target-25,0.0,0.0,0.0,25,,0.0
BV2PV,1,lr,0.02,TargetPAC-50,0.0,0.0,0.0,50,,0.0
BV2PV,1,lr,0.02,Target-50,0.0182218992248062,0.11113820160022002,0.41,50,,0.075
BV2PV,1,lr,0.02,TargetPAC-100,0.0,0.0,0.0,100,,0.0
BV2PV,1,lr,0.02,Target-100,0.02212693798449612,0.13477053773236278,0.6,100,,0.06
BV2PV,1,lr,0.02,TargetPAC-200,0.011251614987080103,0.07741670175921073,0.19,200,,0.0
BV2PV,1,lr,0.02,Target-200,0.022009043927648575,0.13634673725281243,0.66,200,,0.025
BV2PV,1,lr,0.02,TargetPAC-400,0.01541343669250646,0.10168040289105269,0.21,400,,0.0
BV2PV,1,lr,0.02,Target-400,0.022627583979328163,0.14153073677154324,0.77,400,,0.0
BV2PV,1,lr,0.02,TargetPAC-all,0.017118863049095604,0.11588274220300969,0.0,1042,,0.0
BV2PV,1,lr,0.02,Target-all,0.02325581395348837,0.14510265643396728,1.0,1042,,0.0
BV2PV,1,lr,0.05,ID-all,0.09237726098191215,0.3755016801450683,1.0,1231,0.23635486789379445,
BV2PV,1,lr,0.05,ID,0.09098029715762274,0.3698610764960166,1.0,300,,0.995
BV2PV,1,lr,0.05,ID-PAC,0.06945090439276486,0.3145019293737485,0.925,300,,0.52
BV2PV,1,lr,0.05,Weighted,0.0883667097329888,0.3547288993545836,1.0,300,,0.9
BV2PV,1,lr,0.05,TargetPAC-25,0.0,0.0,0.0,25,,0.0
BV2PV,1,lr,0.05,Target-25,0.0407218992248062,0.19755029692589318,0.27,25,,0.155
BV2PV,1,lr,0.05,TargetPAC-50,0.02055878552971576,0.12108380099519592,0.065,50,,0.025
BV2PV,1,lr,0.05,Target-50,0.040922157622739014,0.2083648020350811,0.305,50,,0.165
BV2PV,1,lr,0.05,TargetPAC-100,0.020253552971576223,0.12567622616213614,0.015,100,,0.0
BV2PV,1,lr,0.05,Target-100,0.04933624031007752,0.24777589185194102,0.41,100,,0.155
BV2PV,1,lr,0.05,TargetPAC-200,0.030150193798449614,0.17532971235572667,0.04,200,,0.005
BV2PV,1,lr,0.05,Target-200,0.04955103359173126,0.2527612818948255,0.43,200,,0.11
BV2PV,1,lr,0.05,TargetPAC-400,0.0374014857881137,0.2090120231352968,0.055,400,,0.0
BV2PV,1,lr,0.05,Target-400,0.04946866925064599,0.2561446901399978,0.435,400,,0.045
BV2PV,1,lr,0.05,TargetPAC-all,0.03875968992248063,0.21550546154573347,0.0,1042,,0.0
BV2PV,1,lr,0.05,Target-all,0.04844961240310077,0.25845014137282035,0.0,1042,,0.0
BV2PV,1,lr,0.1,ID-all,0.15180878552971577,0.4979245266803599,1.0,1231,0.23635486789379445,
BV2PV,1,lr,0.1,ID,0.15358204134366923,0.4977788568138262,0.99,300,,0.93
BV2PV,1,lr,0.1,ID-PAC,0.1216343669250646,0.4349795030895762,0.95,300,,0.4
BV2PV,1,lr,0.1,Weighted,0.15430124892334193,0.4937062596504496,1.0,300,,0.85
BV2PV,1,lr,0.1,TargetPAC-25,0.03789890180878553,0.1847493532945453,0.075,25,,0.025
BV2PV,1,lr,0.1,Target-25,0.07495801033591731,0.3086797325518439,0.245,25,,0.165
BV2PV,1,lr,0.1,TargetPAC-50,0.039032622739018086,0.20329630711848676,0.015,50,,0.005
BV2PV,1,lr,0.1,Target-50,0.09955749354005167,0.3793935148978592,0.43,50,,0.25
BV2PV,1,lr,0.1,TargetPAC-100,0.05631621447028424,0.2715050834056669,0.02,100,,0.0
BV2PV,1,lr,0.1,Target-100,0.0951437338501292,0.37588308596670644,0.39,100,,0.13
BV2PV,1,lr,0.1,TargetPAC-200,0.0748013565891473,0.32769992007494053,0.065,200,,0.005
BV2PV,1,lr,0.1,Target-200,0.09979328165374678,0.38805988363598864,0.475,200,,0.11
BV2PV,1,lr,0.1,TargetPAC-400,0.07945736434108527,0.34144376455624403,0.03,400,,0.0
BV2PV,1,lr,0.1,Target-400,0.09881459948320412,0.38774538282384685,0.51,400,,0.015
BV2PV,1,lr,0.1,TargetPAC-all,0.08882428940568474,0.36560128567622613,0.0,1042,,0.0
BV2PV,1,lr,0.1,Target-all,0.10077519379844958,0.39465791215118723,1.0,1042,,0.0
BV2PV,1,lr,0.2,ID-all,0.3023255813953488,0.695227700478691,1.0,1231,0.23635486789379445,
BV2PV,1,lr,0.2,ID,0.3000581395348837,0.6916644178791498,1.0,300,,1.0
BV2PV,1,lr,0.2,ID-PAC,0.25608527131782943,0.6448965271272528,0.98,300,,0.885
BV2PV,1,lr,0.2,Weighted,0.2942291128337641,0.6830275268780241,1.0,300,,0.9833333333333333
BV2PV,1,lr,0.2,TargetPAC-25,0.11442021963824288,0.4059656322244089,0.06,25,,0.04
BV2PV,1,lr,0.2,Target-25,0.18516634366925064,0.5370437181481449,0.34,25,,0.295
BV2PV,1,lr,0.2,TargetPAC-50,0.12192183462532298,0.4296317431397657,0.04,50,,0.015
BV2PV,1,lr,0.2,Target-50,0.19203488372093028,0.5557446781082684,0.365,50,,0.235
BV2PV,1,lr,0.2,TargetPAC-100,0.14847383720930232,0.4865214551517287,0.045,100,,0.0
BV2PV,1,lr,0.2,Target-100,0.19457687338501295,0.5653099029726966,0.355,100,,0.195
BV2PV,1,lr,0.2,TargetPAC-200,0.16343346253229973,0.5164536047920659,0.015,200,,0.0
BV2PV,1,lr,0.2,Target-200,0.19503229974160205,0.5696659476276007,0.29,200,,0.1
BV2PV,1,lr,0.2,TargetPAC-400,0.17645348837209301,0.5407757457523698,0.035,400,,0.0
BV2PV,1,lr,0.2,Target-400,0.19568475452196382,0.5720854854373104,0.25,400,,0.05
BV2PV,1,lr,0.2,TargetPAC-all,0.1854005167958656,0.5569487534268943,0.0,1042,,0.0
BV2PV,1,lr,0.2,Target-all,0.19444444444444448,0.5711977586606967,0.0,1042,,0.0
BV2PV,1,svm,0.02,ID-all,0.044573643410852716,0.20289792796431733,1.0,1231,0.22426673551680637,
BV2PV,1,svm,0.02,ID,0.045174418604651156,0.20477779974045845,0.99,300,,0.655
BV2PV,1,svm,0.02,ID-PAC,0.02541182170542636,0.1344870186233983,0.6,300,,0.085
BV2PV,1,svm,0.02,Weighted,0.03175064599483204,0.1535655457105452,0.7166666666666667,300,,0.26666666666666666
BV2PV,1,svm,0.02,TargetPAC-25,0.0,0.0,0.0,25,,0.0
BV2PV,1,svm,0.02,Target-25,0.0,0.0,0.0,25,,0.0
BV2PV,1,svm,0.02,TargetPAC-50,0.0,0.0,0.0,50,,0.0
BV2PV,1,svm,0.02,Target-50,0.020384366925064602,0.10466070523122405,0.39,50,,0.11
BV2PV,1,svm,0.02,TargetPAC-100,0.0,0.0,0.0,100,,0.0
BV2PV,1,svm,0.02,Target-100,0.021576227390180877,0.11350101839995189,0.45,100,,0.08
BV2PV,1,svm,0.02,TargetPAC-200,0.010587855297157622,0.06607030827009513,0.08,200,,0.0
BV2PV,1,svm,0.02,Target-200,0.02130652454780362,0.11577011662183416,0.485,200,,0.02
BV2PV,1,svm,0.02,TargetPAC-400,0.013372093023255814,0.08206730893184026,0.105,400,,0.0
BV2PV,1,svm,0.02,Target-400,0.021534237726098193,0.11855735267577067,0.55,400,,0.0
BV2PV,1,svm,0.02,TargetPAC-all,0.015826873385012923,0.09434594659630971,0.0,1042,,0.0
BV2PV,1,svm,0.02,Target-all,0.02260981912144703,0.12554250208406745,1.0,1042,,0.0
BV2PV,1,svm,0.05,ID-all,0.08979328165374677,0.33383752008869105,1.0,1231,0.22426673551680637,
BV2PV,1,svm,0.05,ID,0.09272125322997414,0.3415427255304704,1.0,300,,0.975
BV2PV,1,svm,0.05,ID-PAC,0.06699773901808785,0.2735371565585816,0.88,300,,0.43
BV2PV,1,svm,0.05,Weighted,0.08494293712316968,0.3157108603545922,0.9833333333333333,300,,0.75
BV2PV,1,svm,0.05,TargetPAC-25,0.0,0.0,0.0,25,,0.0
BV2PV,1,svm,0.05,Target-25,0.03844961240310077,0.16527488204608154,0.29,25,,0.165
BV2PV,1,svm,0.05,TargetPAC-50,0.022855297157622738,0.11553936524033379,0.115,50,,0.02
BV2PV,1,svm,0.05,Target-50,0.04149547803617571,0.18362129272338193,0.315,50,,0.12
BV2PV,1,svm,0.05,TargetPAC-100,0.019473514211886308,0.10488707362558976,0.025,100,,0.005
BV2PV,1,svm,0.05,Target-100,0.05388242894056848,0.23008383537156557,0.58,100,,0.19
BV2PV,1,svm,0.05,TargetPAC-200,0.03276970284237726,0.15969998023358745,0.09,200,,0.0
BV2PV,1,svm,0.05,Target-200,0.05445090439276486,0.2341427822514803,0.665,200,,0.1
BV2PV,1,svm,0.05,TargetPAC-400,0.0411046511627907,0.18968876494297818,0.205,400,,0.0
BV2PV,1,svm,0.05,Target-400,0.05417958656330749,0.23530603563110716,0.78,400,,0.03
BV2PV,1,svm,0.05,TargetPAC-all,0.04069767441860466,0.19330692082262652,0.0,1042,,0.0
BV2PV,1,svm,0.05,Target-all,0.05426356589147286,0.23692193985854126,1.0,1042,,0.0
BV2PV,1,svm,0.1,ID-all,0.16149870801033592,0.4839935028661298,1.0,1231,0.22426673551680637,
BV2PV,1,svm,0.1,ID,0.15921350129198966,0.48006179152450607,1.0,300,,0.99
BV2PV,1,svm,0.1,ID-PAC,0.1302858527131783,0.4256815974698992,0.95,300,,0.67
BV2PV,1,svm,0.1,Weighted,0.15247093023255814,0.46299283539161845,1.0,300,,0.9333333333333333
BV2PV,1,svm,0.1,TargetPAC-25,0.040918927648578816,0.17366366159901683,0.075,25,,0.035
BV2PV,1,svm,0.1,Target-25,0.07926518087855296,0.2848431578133191,0.27,25,,0.175
BV2PV,1,svm,0.1,TargetPAC-50,0.040350452196382426,0.18153993245043357,0.025,50,,0.01
BV2PV,1,svm,0.1,Target-50,0.10151324289405686,0.3538713378423672,0.475,50,,0.32
BV2PV,1,svm,0.1,TargetPAC-100,0.06152939276485788,0.25354334430512465,0.06,100,,0.015
BV2PV,1,svm,0.1,Target-100,0.10577842377260982,0.36904364939540557,0.565,100,,0.3
BV2PV,1,svm,0.1,TargetPAC-200,0.07838985788113695,0.30448027226084784,0.095,200,,0.01
BV2PV,1,svm,0.1,Target-200,0.10287144702842375,0.3650800110004383,0.565,200,,0.175
BV2PV,1,svm,0.1,TargetPAC-400,0.08043604651162792,0.3113598862142164,0.035,400,,0.0
BV2PV,1,svm,0.1,Target-400,0.10170058139534884,0.3633860294433607,0.555,400,,0.07
BV2PV,1,svm,0.1,TargetPAC-all,0.09076227390180878,0.33668216467999906,0.0,1042,,0.0
BV2PV,1,svm,0.1,Target-all,0.10239018087855299,0.3676037092102888,1.0,1042,,0.0
BV2PV,1,svm,0.2,ID-all,0.29877260981912146,0.6752722178774311,1.0,1231,0.22426673551680637,
BV2PV,1,svm,0.2,ID,0.2949434754521964,0.6731645596816748,1.0,300,,1.0
BV2PV,1,svm,0.2,ID-PAC,0.2578246124031008,0.6309814453544633,0.99,300,,0.89
BV2PV,1,svm,0.2,Weighted,0.30211563307493544,0.6773676008445128,1.0,300,,0.9833333333333333
BV2PV,1,svm,0.2,TargetPAC-25,0.1225,0.39050821165530814,0.125,25,,0.095
BV2PV,1,svm,0.2,Target-25,0.19871285529715763,0.5343537242499506,0.475,25,,0.43
BV2PV,1,svm,0.2,TargetPAC-50,0.11884205426356591,0.39251600649713386,0.06,50,,0.055
BV2PV,1,svm,0.2,Target-50,0.19787467700258396,0.5407044147852765,0.435,50,,0.345
BV2PV,1,svm,0.2,TargetPAC-100,0.15734011627906974,0.4747458297166527,0.085,100,,0.055
BV2PV,1,svm,0.2,Target-100,0.20008074935400516,0.5487346917728754,0.485,100,,0.375
BV2PV,1,svm,0.2,TargetPAC-200,0.17185723514211887,0.5024442887958817,0.13,200,,0.05
BV2PV,1,svm,0.2,Target-200,0.20252906976744187,0.554855447365481,0.5,200,,0.305
BV2PV,1,svm,0.2,TargetPAC-400,0.18026485788113697,0.519138528175732,0.08,400,,0.02
BV2PV,1,svm,0.2,Target-400,0.20537467700258397,0.5601748038398405,0.565,400,,0.3
BV2PV,1,svm,0.2,TargetPAC-all,0.19218346253229973,0.5389527238975927,0.0,1042,,0.0
BV2PV,1,svm,0.2,Target-all,0.20445736434108525,0.5613145523766964,1.0,1042,,0.0
BV2PV,1,lgbm,0.02,ID-all,0.030684754521963824,0.19837743535093977,1.0,1231,0.11495900477962707,
BV2PV,1,lgbm,0.02,ID,0.030797803617571055,0.19633612354867264,0.985,300,,0.115
BV2PV,1,lgbm,0.02,ID-PAC,0.021660206718346252,0.15038114799886557,0.64,300,,0.005
BV2PV,1,lgbm,0.02,Weighted,0.02852067183462532,0.17861818452662306,0.9666666666666667,300,,0.1
BV2PV,1,lgbm,0.02,TargetPAC-25,0.0,0.0,0.0,25,,0.0
BV2PV,1,lgbm,0.02,Target-25,0.0,0.0,0.0,25,,0.0
BV2PV,1,lgbm,0.02,TargetPAC-50,0.0,0.0,0.0,50,,0.0
BV2PV,1,lgbm,0.02,Target-50,0.016178940568475454,0.1057105165908954,0.295,50,,0.125
BV2PV,1,lgbm,0.02,TargetPAC-100,0.0,0.0,0.0,100,,0.0
BV2PV,1,lgbm,0.02,Target-100,0.019515503875968995,0.1282205501937968,0.42,100,,0.115
BV2PV,1,lgbm,0.02,TargetPAC-200,0.008693475452196382,0.0672436167378544,0.03,200,,0.0
BV2PV,1,lgbm,0.02,Target-200,0.01853359173126615,0.12867470500777764,0.395,200,,0.03
BV2PV,1,lgbm,0.02,TargetPAC-400,0.010767118863049095,0.08169024312687459,0.02,400,,0.0
BV2PV,1,lgbm,0.02,Target-400,0.017280361757105945,0.12454984143899483,0.345,400,,0.0
BV2PV,1,lgbm,0.02,TargetPAC-all,0.013242894056847546,0.09640852877731845,0.0,1042,,0.0
BV2PV,1,lgbm,0.02,Target-all,0.01744186046511628,0.1285504344313719,0.0,1042,,0.0
BV2PV,1,lgbm,0.05,ID-all,0.06750645994832041,0.3143719007554207,1.0,1231,0.11495900477962707,
BV2PV,1,lgbm,0.05,ID,0.0663049095607235,0.31056274117171856,0.895,300,,0.285
BV2PV,1,lgbm,0.05,ID-PAC,0.04661660206718346,0.25327632585360826,0.32,300,,0.005
BV2PV,1,lgbm,0.05,Weighted,0.06906761412575367,0.30999822388756637,0.9,300,,0.35
BV2PV,1,lgbm,0.05,TargetPAC-25,0.0,0.0,0.0,25,,0.0
BV2PV,1,lgbm,0.05,Target-25,0.03641149870801033,0.18822128069165256,0.25,25,,0.13
BV2PV,1,lgbm,0.05,TargetPAC-50,0.0165875322997416,0.10877710361897233,0.045,50,,0.005
BV2PV,1,lgbm,0.05,Target-50,0.03467054263565891,0.19485119328973263,0.185,50,,0.055
BV2PV,1,lgbm,0.05,TargetPAC-100,0.018892118863049093,0.12731215462491086,0.005,100,,0.0
BV2PV,1,lgbm,0.05,Target-100,0.048079780361757106,0.251390223360462,0.345,100,,0.12
BV2PV,1,lgbm,0.05,TargetPAC-200,0.026749031007751934,0.17258338418171348,0.02,200,,0.0
BV2PV,1,lgbm,0.05,Target-200,0.04688145994832041,0.2535784511726639,0.285,200,,0.025
BV2PV,1,lgbm,0.05,TargetPAC-400,0.03603197674418604,0.21520088691033784,0.025,400,,0.0
BV2PV,1,lgbm,0.05,Target-400,0.04527777777777778,0.25068851571429795,0.185,400,,0.005
BV2PV,1,lgbm,0.05,TargetPAC-all,0.04102067183462532,0.23210924810285413,0.0,1042,,0.0
BV2PV,1,lgbm,0.05,Target-all,0.04554263565891471,0.25521876262257326,0.0,1042,,0.0
BV2PV,1,lgbm,0.1,ID-all,0.11983204134366925,0.4346806005551784,1.0,1231,0.11495900477962707,
BV2PV,1,lgbm,0.1,ID,0.12322997416020673,0.4420819618594179,0.91,300,,0.49
BV2PV,1,lgbm,0.1,ID-PAC,0.09675226098191214,0.38565203379197144,0.39,300,,0.065
BV2PV,1,lgbm,0.1,Weighted,0.12781007751937984,0.4482455160322794,0.9666666666666667,300,,0.5833333333333334
BV2PV,1,lgbm,0.1,TargetPAC-25,0.03559593023255814,0.1836244725375777,0.075,25,,0.03
BV2PV,1,lgbm,0.1,Target-25,0.08116925064599484,0.32930980843767993,0.345,25,,0.21
BV2PV,1,lgbm,0.1,TargetPAC-50,0.03691375968992248,0.20309108019147637,0.03,50,,0.0
BV2PV,1,lgbm,0.1,Target-50,0.0908252583979328,0.3635466100602446,0.41,50,,0.205
BV2PV,1,lgbm,0.1,TargetPAC-100,0.05665213178294573,0.2789442157460961,0.045,100,,0.0
BV2PV,1,lgbm,0.1,Target-100,0.09682816537467702,0.38234623020135955,0.495,100,,0.18
BV2PV,1,lgbm,0.1,TargetPAC-200,0.06957525839793283,0.3183519108964498,0.065,200,,0.0
BV2PV,1,lgbm,0.1,Target-200,0.09405038759689922,0.37840008078446874,0.44,200,,0.085
BV2PV,1,lgbm,0.1,TargetPAC-400,0.07470445736434109,0.3324891069878565,0.04,400,,0.0
BV2PV,1,lgbm,0.1,Target-400,0.09711078811369511,0.3866458546395208,0.455,400,,0.01
BV2PV,1,lgbm,0.1,TargetPAC-all,0.08753229974160207,0.36921080449299154,0.0,1042,,0.0
BV2PV,1,lgbm,0.1,Target-all,0.10077519379844958,0.39394460248025515,1.0,1042,,0.0
BV2PV,1,lgbm,0.2,ID-all,0.24321705426356588,0.6228654422949664,1.0,1231,0.11495900477962707,
BV2PV,1,lgbm,0.2,ID,0.2368766149870801,0.6194326180183741,0.96,300,,0.77
BV2PV,1,lgbm,0.2,ID-PAC,0.204749677002584,0.5790443369227992,0.525,300,,0.205
BV2PV,1,lgbm,0.2,Weighted,0.25239018087855297,0.6356564597495683,0.9666666666666667,300,,0.85
BV2PV,1,lgbm,0.2,TargetPAC-25,0.10878875968992247,0.39432974673209636,0.07,25,,0.035
BV2PV,1,lgbm,0.2,Target-25,0.18352874677002584,0.5304120437611186,0.355,25,,0.29
BV2PV,1,lgbm,0.2,TargetPAC-50,0.10513727390180878,0.3975803762493662,0.01,50,,0.005
BV2PV,1,lgbm,0.2,Target-50,0.18387596899224806,0.5418582146632405,0.38,50,,0.185
BV2PV,1,lgbm,0.2,TargetPAC-100,0.1385594315245478,0.4700287472391478,0.02,100,,0.0
BV2PV,1,lgbm,0.2,Target-100,0.18053294573643414,0.5410914497374505,0.29,100,,0.085
BV2PV,1,lgbm,0.2,TargetPAC-200,0.15228682170542635,0.49589228164559684,0.03,200,,0.0
BV2PV,1,lgbm,0.2,Target-200,0.1847739018087855,0.5488251445956049,0.275,200,,0.09
BV2PV,1,lgbm,0.2,TargetPAC-400,0.16197835917312658,0.5136233553055629,0.005,400,,0.0
BV2PV,1,lgbm,0.2,Target-400,0.18376776485788113,0.5483353672685396,0.13,400,,0.005
BV2PV,1,lgbm,0.2,TargetPAC-all,0.17215762273901805,0.5293187462937975,0.0,1042,,0.0
BV2PV,1,lgbm,0.2,Target-all,0.185077519379845,0.549970350381148,0.0,1042,,0.0
BV2PV,1,ens,0.02,ID-all,0.045542635658914726,0.26269562302873006,1.0,1231,0.174009282174321,
BV2PV,1,ens,0.02,ID,0.044074612403100774,0.25388990108199627,0.985,300,,0.67
BV2PV,1,ens,0.02,ID-PAC,0.02635981912144703,0.17696903548500764,0.625,300,,0.17
BV2PV,1,ens,0.02,Weighted,0.03845822566752799,0.22062496240084564,0.9,300,,0.4166666666666667
BV2PV,1,ens,0.02,TargetPAC-25,0.0,0.0,0.0,25,,0.0
BV2PV,1,ens,0.02,Target-25,0.0,0.0,0.0,25,,0.0
BV2PV,1,ens,0.02,TargetPAC-50,0.0,0.0,0.0,50,,0.0
BV2PV,1,ens,0.02,Target-50,0.018969638242894056,0.1293124726063304,0.415,50,,0.135
BV2PV,1,ens,0.02,TargetPAC-100,0.0,0.0,0.0,100,,0.0
BV2PV,1,ens,0.02,Target-100,0.01897286821705426,0.13427513127476173,0.425,100,,0.085
BV2PV,1,ens,0.02,TargetPAC-200,0.010532945736434107,0.08801562406002114,0.12,200,,0.0
BV2PV,1,ens,0.02,Target-200,0.019215116279069768,0.14052166140994682,0.54,200,,0.025
BV2PV,1,ens,0.02,TargetPAC-400,0.01179748062015504,0.0983679388788147,0.105,400,,0.0
BV2PV,1,ens,0.02,Target-400,0.018412467700258398,0.13754703117077322,0.505,400,,0.0
BV2PV,1,ens,0.02,TargetPAC-all,0.012919896640826876,0.10607688275079712,0.0,1042,,0.0
BV2PV,1,ens,0.02,Target-all,0.02034883720930233,0.14810199468885088,1.0,1042,,0.0
BV2PV,1,ens,0.05,ID-all,0.08656330749354005,0.3905671241588532,1.0,1231,0.174009282174321,
BV2PV,1,ens,0.05,ID,0.08752745478036175,0.3913499600374702,1.0,300,,0.9
BV2PV,1,ens,0.05,ID-PAC,0.06425549095607236,0.3263341039369538,0.955,300,,0.3
BV2PV,1,ens,0.05,Weighted,0.08691860465116277,0.37997304319677316,0.9833333333333333,300,,0.8333333333333334
BV2PV,1,ens,0.05,TargetPAC-25,0.0,0.0,0.0,25,,0.0
BV2PV,1,ens,0.05,Target-25,0.03665051679586563,0.19650430993734908,0.245,25,,0.115
BV2PV,1,ens,0.05,TargetPAC-50,0.016354974160206717,0.11580750092386495,0.055,50,,0.01
BV2PV,1,ens,0.05,Target-50,0.035269702842377265,0.20602183758884146,0.24,50,,0.1
BV2PV,1,ens,0.05,TargetPAC-100,0.017416020671834627,0.1269995015426396,0.015,100,,0.005
BV2PV,1,ens,0.05,Target-100,0.04391957364341085,0.25090538763653863,0.38,100,,0.075
BV2PV,1,ens,0.05,TargetPAC-200,0.028622416020671834,0.18841701114653786,0.05,200,,0.005
BV2PV,1,ens,0.05,Target-200,0.04750968992248062,0.26825161783789825,0.395,200,,0.02
BV2PV,1,ens,0.05,TargetPAC-400,0.0355281007751938,0.221365085640131,0.03,400,,0.0
BV2PV,1,ens,0.05,Target-400,0.04768087855297159,0.269821285848108,0.31,400,,0.005
BV2PV,1,ens,0.05,TargetPAC-all,0.04392764857881137,0.25282960492957146,0.0,1042,,0.0
BV2PV,1,ens,0.05,Target-all,0.04748062015503875,0.271547538222226,0.0,1042,,0.0
BV2PV,1,ens,0.1,ID-all,0.1514857881136951,0.5198652446308407,1.0,1231,0.174009282174321,
BV2PV,1,ens,0.1,ID,0.1540390826873385,0.5213505616239397,1.0,300,,0.975
BV2PV,1,ens,0.1,ID-PAC,0.119859496124031,0.46046902259386896,0.85,300,,0.535
BV2PV,1,ens,0.1,Weighted,0.1601421188630491,0.5269315938890273,1.0,300,,0.9666666666666667
BV2PV,1,ens,0.1,TargetPAC-25,0.03497577519379844,0.19369266666093726,0.045,25,,0.025
BV2PV,1,ens,0.1,Target-25,0.07492086563307493,0.33109454361072205,0.235,25,,0.155
BV2PV,1,ens,0.1,TargetPAC-50,0.03454780361757106,0.20551083285349647,0.005,50,,0.005
BV2PV,1,ens,0.1,Target-50,0.08925226098191213,0.38318097439819865,0.37,50,,0.19
BV2PV,1,ens,0.1,TargetPAC-100,0.05326065891472868,0.2855322751140866,0.02,100,,0.01
BV2PV,1,ens,0.1,Target-100,0.08996770025839794,0.3915307797420053,0.35,100,,0.125
BV2PV,1,ens,0.1,TargetPAC-200,0.06718346253229975,0.33555191261526823,0.03,200,,0.0
BV2PV,1,ens,0.1,Target-200,0.09035045219638242,0.3980829158036765,0.26,200,,0.04
BV2PV,1,ens,0.1,TargetPAC-400,0.07224321705426356,0.3522000446892805,0.025,400,,0.0
BV2PV,1,ens,0.1,Target-400,0.09148094315245478,0.40229054048247237,0.265,400,,0.005
BV2PV,1,ens,0.1,TargetPAC-all,0.07558139534883722,0.36363323851184687,0.0,1042,,0.0
BV2PV,1,ens,0.1,Target-all,0.08979328165374677,0.4042231370156155,0.0,1042,,0.0
BV2PV,1,ens,0.2,ID-all,0.27810077519379844,0.6879656923830559,1.0,1231,0.174009282174321,
BV2PV,1,ens,0.2,ID,0.2780684754521964,0.6862655660498973,1.0,300,,1.0
BV2PV,1,ens,0.2,ID-PAC,0.24199450904392766,0.6483141828307223,0.99,300,,0.895
BV2PV,1,ens,0.2,Weighted,0.2861111111111111,0.6926514780406617,1.0,300,,1.0
BV2PV,1,ens,0.2,TargetPAC-25,0.10168120155038761,0.406918545192035,0.05,25,,0.02
BV2PV,1,ens,0.2,Target-25,0.18491117571059434,0.5549483924750127,0.375,25,,0.295
BV2PV,1,ens,0.2,TargetPAC-50,0.11641634366925065,0.4413814573861927,0.065,50,,0.04
BV2PV,1,ens,0.2,Target-50,0.18952680878552972,0.5717498861282754,0.44,50,,0.275
BV2PV,1,ens,0.2,TargetPAC-100,0.14268572351421188,0.49970870323739464,0.04,100,,0.015
BV2PV,1,ens,0.2,Target-100,0.19259043927648578,0.5810728435273593,0.425,100,,0.195
BV2PV,1,ens,0.2,TargetPAC-200,0.1589437984496124,0.5298414389948349,0.02,200,,0.0
BV2PV,1,ens,0.2,Target-200,0.19045865633074935,0.5804098522675513,0.305,200,,0.105
BV2PV,1,ens,0.2,TargetPAC-400,0.1704489664082687,0.5496353526585825,0.015,400,,0.0
BV2PV,1,ens,0.2,Target-400,0.1918814599483204,0.5838256602411502,0.285,400,,0.025
BV2PV,1,ens,0.2,TargetPAC-all,0.17764857881136947,0.5613661169312215,0.0,1042,,0.0
BV2PV,1,ens,0.2,Target-all,0.19282945736434115,0.5857647453140711,0.0,1042,,0.0
BV2PV,2,lr,0.02,ID-all,0.028498238872878643,0.15249186032489792,1.0,1193,0.2553855758548841,
BV2PV,2,lr,0.02,ID,0.029763048350944607,0.1554309290427053,0.93,300,,0.115
BV2PV,2,lr,0.02,ID-PAC,0.0173342939481268,0.10271783320987442,0.445,300,,0.005
BV2PV,2,lr,0.02,Weighted,0.027249439641370478,0.14404727040948165,0.75,300,,0.11666666666666667
BV2PV,2,lr,0.02,TargetPAC-25,0.0,0.0,0.0,25,,0.0
BV2PV,2,lr,0.02,Target-25,0.0,0.0,0.0,25,,0.0
BV2PV,2,lr,0.02,TargetPAC-50,0.0,0.0,0.0,50,,0.0
BV2PV,2,lr,0.02,Target-50,0.024503682356708297,0.12720309566056262,0.59,50,,0.155
BV2PV,2,lr,0.02,TargetPAC-100,0.0,0.0,0.0,100,,0.0
BV2PV,2,lr,0.02,Target-100,0.026700288184438037,0.14176127065065722,0.74,100,,0.13
BV2PV,2,lr,0.02,TargetPAC-200,0.014923150816522575,0.08963496356526383,0.425,200,,0.005
BV2PV,2,lr,0.02,Target-200,0.02819084213896894,0.15049117986528623,0.84,200,,0.085
BV2PV,2,lr,0.02,TargetPAC-400,0.019889529298751197,0.1148110217230271,0.63,400,,0.0
BV2PV,2,lr,0.02,Target-400,0.02966218379763048,0.15738255611638444,0.97,400,,0.025
BV2PV,2,lr,0.02,TargetPAC-all,0.02497598463016331,0.13575599924201967,1.0,979,,0.0
BV2PV,2,lr,0.02,Target-all,0.028498238872878653,0.15243156643525294,1.0,979,,0.0
BV2PV,2,lr,0.05,ID-all,0.07396733909702209,0.3107891608813244,1.0,1193,0.2553855758548841,
BV2PV,2,lr,0.05,ID,0.07412103746397694,0.3121300539199642,0.96,300,,0.565
BV2PV,2,lr,0.05,ID-PAC,0.04888728786423312,0.23015392168685075,0.49,300,,0.07
BV2PV,2,lr,0.05,Weighted,0.07356708293307719,0.30251425519819464,0.9333333333333333,300,,0.55
BV2PV,2,lr,0.05,TargetPAC-25,0.0,0.0,0.0,25,,0.0
BV2PV,2,lr,0.05,Target-25,0.048245276977265446,0.20846517597202363,0.35,25,,0.28
BV2PV,2,lr,0.05,TargetPAC-50,0.026252001280819722,0.134275741184172,0.115,50,,0.055
BV2PV,2,lr,0.05,Target-50,0.04922030099263528,0.2237018725559441,0.405,50,,0.245
BV2PV,2,lr,0.05,TargetPAC-100,0.026284021773935316,0.13986873158883012,0.06,100,,0.02
BV2PV,2,lr,0.05,Target-100,0.06190361831572207,0.2716260831366604,0.605,100,,0.4
BV2PV,2,lr,0.05,TargetPAC-200,0.03800512327889849,0.19136832675842821,0.11,200,,0.015
BV2PV,2,lr,0.05,Target-200,0.059854306756324055,0.2675882013471378,0.615,200,,0.325
BV2PV,2,lr,0.05,TargetPAC-400,0.04619276336855588,0.22236588916260402,0.21,400,,0.02
BV2PV,2,lr,0.05,Target-400,0.06243675952609671,0.2779806715016624,0.765,400,,0.345
BV2PV,2,lr,0.05,TargetPAC-all,0.049631764329170665,0.23404365277610303,0.0,979,,0.0
BV2PV,2,lr,0.05,Target-all,0.06179955171309638,0.2800737308136229,1.0,979,,0.0
BV2PV,2,lr,0.1,ID-all,0.15177713736791545,0.48929352788161723,1.0,1193,0.2553855758548841,
BV2PV,2,lr,0.1,ID,0.15312039705411465,0.4893999035297766,0.995,300,,0.92
BV2PV,2,lr,0.1,ID-PAC,0.11495517130963816,0.41329691295285015,0.755,300,,0.405
BV2PV,2,lr,0.1,Weighted,0.14938093713309852,0.4779116206423309,1.0,300,,0.85
BV2PV,2,lr,0.1,TargetPAC-25,0.0489593339737432,0.21284427810987272,0.105,25,,0.065
BV2PV,2,lr,0.1,Target-25,0.08827089337175792,0.33276645592516674,0.36,25,,0.245
BV2PV,2,lr,0.1,TargetPAC-50,0.050824527697726544,0.22841017933125463,0.06,50,,0.03
BV2PV,2,lr,0.1,Target-50,0.10850624399615755,0.39417858188771554,0.55,50,,0.385
BV2PV,2,lr,0.1,TargetPAC-100,0.07244796669868717,0.3036755585798205,0.095,100,,0.045
BV2PV,2,lr,0.1,Target-100,0.10860390650016011,0.3976169701459112,0.57,100,,0.375
BV2PV,2,lr,0.1,TargetPAC-200,0.08826448927313482,0.3507285655222312,0.225,200,,0.1
BV2PV,2,lr,0.1,Target-200,0.11063880883765609,0.40526903994900854,0.705,200,,0.32
BV2PV,2,lr,0.1,TargetPAC-400,0.09301472942683317,0.36429637030784334,0.22,400,,0.025
BV2PV,2,lr,0.1,Target-400,0.1122398334934358,0.4100368654068115,0.85,400,,0.365
BV2PV,2,lr,0.1,TargetPAC-all,0.10118475824527697,0.38275422487898153,1.0,979,,0.0
BV2PV,2,lr,0.1,Target-all,0.1136727505603586,0.4150286826646453,1.0,979,,0.0
BV2PV,2,lr,0.2,ID-all,0.3016330451488953,0.6985477786008373,1.0,1193,0.2553855758548841,
BV2PV,2,lr,0.2,ID,0.3021565802113353,0.6967657065582525,1.0,300,,1.0
BV2PV,2,lr,0.2,ID-PAC,0.25106948447006083,0.6385277093489983,0.995,300,,0.855
BV2PV,2,lr,0.2,Weighted,0.31811826235457363,0.709305356968538,1.0,300,,1.0
BV2PV,2,lr,0.2,TargetPAC-25,0.12195965417867434,0.41103692570070116,0.13,25,,0.055
BV2PV,2,lr,0.2,Target-25,0.18780179314761447,0.5353363107030268,0.405,25,,0.285
BV2PV,2,lr,0.2,TargetPAC-50,0.12736311239193085,0.4345063222449999,0.05,50,,0.025
BV2PV,2,lr,0.2,Target-50,0.19360870957412743,0.5515338765525677,0.415,50,,0.24
BV2PV,2,lr,0.2,TargetPAC-100,0.15369676593019532,0.48956782201243776,0.055,100,,0.02
BV2PV,2,lr,0.2,Target-100,0.19728466218379762,0.5606631035849025,0.455,100,,0.23
BV2PV,2,lr,0.2,TargetPAC-200,0.16796029458853667,0.5154998363451567,0.095,200,,0.015
BV2PV,2,lr,0.2,Target-200,0.19842138968940123,0.5629955296387534,0.455,200,,0.125
BV2PV,2,lr,0.2,TargetPAC-400,0.17473583093179634,0.5276705886406312,0.08,400,,0.0
BV2PV,2,lr,0.2,Target-400,0.19879763048350946,0.563377060759014,0.45,400,,0.045
BV2PV,2,lr,0.2,TargetPAC-all,0.186039065001601,0.5447294527037503,0.0,979,,0.0
BV2PV,2,lr,0.2,Target-all,0.20076849183477427,0.5652035349446158,1.0,979,,0.0
BV2PV,2,svm,0.02,ID-all,0.029138648735190523,0.13610053575427655,1.0,1193,0.24137198016286165,
BV2PV,2,svm,0.02,ID,0.030164905539545307,0.13929421695464175,0.8,300,,0.18
BV2PV,2,svm,0.02,ID-PAC,0.01568203650336215,0.08525082258092301,0.21,300,,0.01
BV2PV,2,svm,0.02,Weighted,0.027590991567936818,0.12474576076533045,0.7666666666666667,300,,0.11666666666666667
BV2PV,2,svm,0.02,TargetPAC-25,0.0,0.0,0.0,25,,0.0
BV2PV,2,svm,0.02,Target-25,0.0,0.0,0.0,25,,0.0
BV2PV,2,svm,0.02,TargetPAC-50,0.0,0.0,0.0,50,,0.0
BV2PV,2,svm,0.02,Target-50,0.02397054114633365,0.108841194508088,0.48,50,,0.225
BV2PV,2,svm,0.02,TargetPAC-100,0.0,0.0,0.0,100,,0.0
BV2PV,2,svm,0.02,Target-100,0.027694524495677237,0.12721855673655016,0.67,100,,0.165
BV2PV,2,svm,0.02,TargetPAC-200,0.012153378162023694,0.06534488104876915,0.22,200,,0.005
BV2PV,2,svm,0.02,Target-200,0.02735670829330772,0.1276987545005082,0.715,200,,0.12
BV2PV,2,svm,0.02,TargetPAC-400,0.016189561319244317,0.0861095798377233,0.285,400,,0.0
BV2PV,2,svm,0.02,Target-400,0.028794428434197883,0.13397267825457804,0.875,400,,0.025
BV2PV,2,svm,0.02,TargetPAC-all,0.02497598463016331,0.12116487794794054,1.0,979,,0.0
BV2PV,2,svm,0.02,Target-all,0.03009926352865833,0.13876208031146103,1.0,979,,0.0
BV2PV,2,svm,0.05,ID-all,0.06852385526737112,0.2768178607727954,1.0,1193,0.24137198016286165,
BV2PV,2,svm,0.05,ID,0.07146333653538264,0.2784972609347276,0.98,300,,0.415
BV2PV,2,svm,0.05,ID-PAC,0.04681396093499839,0.19706239556236974,0.455,300,,0.025
BV2PV,2,svm,0.05,Weighted,0.07280392784715552,0.2768478641607378,0.95,300,,0.5333333333333333
BV2PV,2,svm,0.05,TargetPAC-25,0.0,0.0,0.0,25,,0.0
BV2PV,2,svm,0.05,Target-25,0.045605187319884714,0.18061387793071368,0.35,25,,0.18
BV2PV,2,svm,0.05,TargetPAC-50,0.027953890489913542,0.12444508087994625,0.16,50,,0.04
BV2PV,2,svm,0.05,Target-50,0.047588856868395764,0.1965989939533842,0.385,50,,0.2
BV2PV,2,svm,0.05,TargetPAC-100,0.02824207492795389,0.1288547606332581,0.105,100,,0.025
BV2PV,2,svm,0.05,Target-100,0.057263848863272494,0.23230787782735274,0.63,100,,0.255
BV2PV,2,svm,0.05,TargetPAC-200,0.039293948126801155,0.17064324966838362,0.17,200,,0.02
BV2PV,2,svm,0.05,Target-200,0.060365033621517766,0.2437531223621423,0.79,200,,0.19
BV2PV,2,svm,0.05,TargetPAC-400,0.047126160742875435,0.19815776326896242,0.395,400,,0.005
BV2PV,2,svm,0.05,Target-400,0.0589273134806276,0.23946691588141053,0.895,400,,0.045
BV2PV,2,svm,0.05,TargetPAC-all,0.05123278898495036,0.21342314251752828,1.0,979,,0.0
BV2PV,2,svm,0.05,Target-all,0.05987832212616074,0.24026253682233978,1.0,979,,0.0
BV2PV,2,svm,0.1,ID-all,0.15145693243675953,0.4701803648641665,1.0,1193,0.24137198016286165,
BV2PV,2,svm,0.1,ID,0.150581171950048,0.4645946958603939,0.985,300,,0.955
BV2PV,2,svm,0.1,ID-PAC,0.11795068844060198,0.3971667901255836,0.76,300,,0.53
BV2PV,2,svm,0.1,Weighted,0.15485110470701252,0.46689879814179963,1.0,300,,0.95
BV2PV,2,svm,0.1,TargetPAC-25,0.046287223823246876,0.18719120915088974,0.06,25,,0.025
BV2PV,2,svm,0.1,Target-25,0.086133525456292,0.30167436131544045,0.285,25,,0.21
BV2PV,2,svm,0.1,TargetPAC-50,0.04691162343900096,0.19551512515288805,0.02,50,,0.005
BV2PV,2,svm,0.1,Target-50,0.10505603586295229,0.3621195024892764,0.425,50,,0.275
BV2PV,2,svm,0.1,TargetPAC-100,0.0718059558117195,0.27704831263243124,0.085,100,,0.035
BV2PV,2,svm,0.1,Target-100,0.10616234390009607,0.36946562386948956,0.445,100,,0.245
BV2PV,2,svm,0.1,TargetPAC-200,0.08344380403458214,0.3167108391186756,0.09,200,,0.02
BV2PV,2,svm,0.1,Target-200,0.10373519052193403,0.367646169615325,0.465,200,,0.13
BV2PV,2,svm,0.1,TargetPAC-400,0.08798591098302914,0.3307358869231167,0.05,400,,0.0
BV2PV,2,svm,0.1,Target-400,0.10304995196926033,0.3680935072094265,0.525,400,,0.07
BV2PV,2,svm,0.1,TargetPAC-all,0.09382004482869036,0.3427879894571827,0.0,979,,0.0
BV2PV,2,svm,0.1,Target-all,0.10022414345180916,0.3641837068683354,1.0,979,,0.0
BV2PV,2,svm,0.2,ID-all,0.2888248479026577,0.6716567038191872,1.0,1193,0.24137198016286165,
BV2PV,2,svm,0.2,ID,0.2901264809478066,0.6714071301831211,1.0,300,,0.995
BV2PV,2,svm,0.2,ID-PAC,0.2536503362151777,0.6264027373425898,0.98,300,,0.89
BV2PV,2,svm,0.2,Weighted,0.2931956452129363,0.6720455994073972,1.0,300,,0.9833333333333333
BV2PV,2,svm,0.2,TargetPAC-25,0.12018731988472624,0.3864323244155799,0.085,25,,0.055
BV2PV,2,svm,0.2,Target-25,0.20212616074287545,0.5414956329997072,0.43,25,,0.34
BV2PV,2,svm,0.2,TargetPAC-50,0.1234774255523535,0.4028602129235646,0.035,50,,0.015
BV2PV,2,svm,0.2,Target-50,0.20009766250400254,0.5453263191441714,0.455,50,,0.345
BV2PV,2,svm,0.2,TargetPAC-100,0.15535862952289464,0.47140657031128874,0.07,100,,0.025
BV2PV,2,svm,0.2,Target-100,0.19774255523535061,0.5444159675446606,0.44,100,,0.265
BV2PV,2,svm,0.2,TargetPAC-200,0.1746829971181556,0.5084152181777464,0.085,200,,0.015
BV2PV,2,svm,0.2,Target-200,0.20267050912584053,0.5536306826990991,0.51,200,,0.24
BV2PV,2,svm,0.2,TargetPAC-400,0.18347102145373037,0.5238161294768213,0.055,400,,0.005
BV2PV,2,svm,0.2,Target-400,0.203059558117195,0.5553565522231219,0.545,400,,0.135
BV2PV,2,svm,0.2,TargetPAC-all,0.18988152417547227,0.5357112094954263,0.0,979,,0.0
BV2PV,2,svm,0.2,Target-all,0.20012808197246243,0.5517063170769524,1.0,979,,0.0
BV2PV,2,lgbm,0.02,ID-all,0.0281780339417227,0.16548950024978898,1.0,1193,0.12559333866381944,
BV2PV,2,lgbm,0.02,ID,0.030032020493115593,0.16859299901807095,0.84,300,,0.1
BV2PV,2,lgbm,0.02,ID-PAC,0.018743195645212936,0.10877986700890627,0.215,300,,0.005
BV2PV,2,lgbm,0.02,Weighted,0.021549791866794746,0.12085192394930719,0.43333333333333335,300,,0.05
BV2PV,2,lgbm,0.02,TargetPAC-25,0.0,0.0,0.0,25,,0.0
BV2PV,2,lgbm,0.02,Target-25,0.0,0.0,0.0,25,,0.0
BV2PV,2,lgbm,0.02,TargetPAC-50,0.0,0.0,0.0,50,,0.0
BV2PV,2,lgbm,0.02,Target-50,0.02065001601024656,0.11415528260607419,0.365,50,,0.12
BV2PV,2,lgbm,0.02,TargetPAC-100,0.0,0.0,0.0,100,,0.0
BV2PV,2,lgbm,0.02,Target-100,0.02216138328530259,0.1256482023807473,0.45,100,,0.06
BV2PV,2,lgbm,0.02,TargetPAC-200,0.014423631123919306,0.0828766214749608,0.115,200,,0.005
BV2PV,2,lgbm,0.02,Target-200,0.023488632724943965,0.13606909679753312,0.605,200,,0.025
BV2PV,2,lgbm,0.02,TargetPAC-400,0.01748479026577009,0.10065952901858774,0.135,400,,0.0
BV2PV,2,lgbm,0.02,Target-400,0.021956452129362796,0.12931364020052027,0.585,400,,0.0
BV2PV,2,lgbm,0.02,TargetPAC-all,0.01857188600704451,0.10733173698082654,0.0,979,,0.0
BV2PV,2,lgbm,0.02,Target-all,0.020493115593980146,0.12639321952143878,1.0,979,,0.0
BV2PV,2,lgbm,0.05,ID-all,0.06660262568043548,0.3033557856293821,1.0,1193,0.12559333866381944,
BV2PV,2,lgbm,0.05,ID,0.068517451168748,0.30438340884425225,0.955,300,,0.39
BV2PV,2,lgbm,0.05,ID-PAC,0.04755043227665706,0.23668353460007924,0.42,300,,0.015
BV2PV,2,lgbm,0.05,Weighted,0.0590831465471235,0.27022529816764,0.7166666666666667,300,,0.2
BV2PV,2,lgbm,0.05,TargetPAC-25,0.0,0.0,0.0,25,,0.0
BV2PV,2,lgbm,0.05,Target-25,0.03965577969900736,0.18962010542817276,0.235,25,,0.15
BV2PV,2,lgbm,0.05,TargetPAC-50,0.022981107909061806,0.12480805009560887,0.075,50,,0.015
BV2PV,2,lgbm,0.05,Target-50,0.03874159462055716,0.19788527795483127,0.22,50,,0.065
BV2PV,2,lgbm,0.05,TargetPAC-100,0.02167627281460134,0.12246179951420352,0.015,100,,0.0
BV2PV,2,lgbm,0.05,Target-100,0.046921229586935634,0.23199512480835152,0.34,100,,0.08
BV2PV,2,lgbm,0.05,TargetPAC-200,0.030317002881844378,0.17027274371651535,0.025,200,,0.0
BV2PV,2,lgbm,0.05,Target-200,0.04544508485430677,0.22899459939017036,0.28,200,,0.015
BV2PV,2,lgbm,0.05,TargetPAC-400,0.035659622158181234,0.1949965977019415,0.0,400,,0.0
BV2PV,2,lgbm,0.05,Target-400,0.04476144732628883,0.2276492273768712,0.165,400,,0.0
BV2PV,2,lgbm,0.05,TargetPAC-all,0.038104386807556845,0.20839290943857772,0.0,979,,0.0
BV2PV,2,lgbm,0.05,Target-all,0.044188280499519686,0.22550776068493852,0.0,979,,0.0
BV2PV,2,lgbm,0.1,ID-all,0.12199807877041306,0.43239332288239246,1.0,1193,0.12559333866381944,
BV2PV,2,lgbm,0.1,ID,0.12347262247838615,0.4365896914675533,0.975,300,,0.56
BV2PV,2,lgbm,0.1,ID-PAC,0.10030899775856547,0.3861863684128925,0.59,300,,0.055
BV2PV,2,lgbm,0.1,Weighted,0.12158714910876293,0.42928775689503684,0.7666666666666667,300,,0.55
BV2PV,2,lgbm,0.1,TargetPAC-25,0.035603586295228945,0.1736796930179676,0.035,25,,0.02
BV2PV,2,lgbm,0.1,Target-25,0.06728946525776497,0.2860153491016211,0.18,25,,0.105
BV2PV,2,lgbm,0.1,TargetPAC-50,0.03836055075248159,0.1926792020534376,0.025,50,,0.005
BV2PV,2,lgbm,0.1,Target-50,0.08468139609349982,0.3412641905975986,0.26,50,,0.15
BV2PV,2,lgbm,0.1,TargetPAC-100,0.052108549471661866,0.2509993281538011,0.005,100,,0.0
BV2PV,2,lgbm,0.1,Target-100,0.08314121037463977,0.34182776619752275,0.205,100,,0.1
BV2PV,2,lgbm,0.1,TargetPAC-200,0.06454530899775857,0.29263337869730743,0.005,200,,0.0
BV2PV,2,lgbm,0.1,Target-200,0.08296990073647134,0.3449539613085497,0.135,200,,0.03
BV2PV,2,lgbm,0.1,TargetPAC-400,0.06776977265449888,0.30413430894589055,0.0,400,,0.0
BV2PV,2,lgbm,0.1,Target-400,0.08227505603586295,0.3449820410342986,0.025,400,,0.0
BV2PV,2,lgbm,0.1,TargetPAC-all,0.07460774895933397,0.32664645385794755,0.0,979,,0.0
BV2PV,2,lgbm,0.1,Target-all,0.08101184758245275,0.3445365122568865,0.0,979,,0.0
BV2PV,2,lgbm,0.2,ID-all,0.23631123919308358,0.6280211545418526,1.0,1193,0.12559333866381944,
BV2PV,2,lgbm,0.2,ID,0.23806436119116234,0.6273535289152268,0.96,300,,0.81
BV2PV,2,lgbm,0.2,ID-PAC,0.2073695164905539,0.5843020551602955,0.575,300,,0.315
BV2PV,2,lgbm,0.2,Weighted,0.25447753228733055,0.6430287343451221,0.8833333333333333,300,,0.8166666666666667
BV2PV,2,lgbm,0.2,TargetPAC-25,0.09647934678194044,0.3615218608417027,0.06,25,,0.03
BV2PV,2,lgbm,0.2,Target-25,0.16331572206211978,0.4967356457475581,0.295,25,,0.19
BV2PV,2,lgbm,0.2,TargetPAC-50,0.09965097662504004,0.3778938913676377,0.01,50,,0.005
BV2PV,2,lgbm,0.2,Target-50,0.17776817162984307,0.5288359833933401,0.335,50,,0.205
BV2PV,2,lgbm,0.2,TargetPAC-100,0.12520653218059558,0.4366829747282469,0.02,100,,0.01
BV2PV,2,lgbm,0.2,Target-100,0.1806868395773295,0.5375602938896449,0.325,100,,0.2
BV2PV,2,lgbm,0.2,TargetPAC-200,0.13890810118475824,0.46618860790022226,0.035,200,,0.015
BV2PV,2,lgbm,0.2,Target-200,0.17881364073006722,0.5379520749711451,0.26,200,,0.075
BV2PV,2,lgbm,0.2,TargetPAC-400,0.14749599743836053,0.4856489345208358,0.005,400,,0.0
BV2PV,2,lgbm,0.2,Target-400,0.17673070765289783,0.5361616048510741,0.12,400,,0.005
BV2PV,2,lgbm,0.2,TargetPAC-all,0.1601024655779699,0.5088976554290339,0.0,979,,0.0
BV2PV,2,lgbm,0.2,Target-all,0.17803394172270257,0.5385794759599649,0.0,979,,0.0
BV2PV,2,ens,0.02,ID-all,0.03586295228946526,0.206541025685197,1.0,1193,0.18284855702452588,
BV2PV,2,ens,0.02,ID,0.03510726865193724,0.20056913125118433,0.94,300,,0.24
BV2PV,2,ens,0.02,ID-PAC,0.018250080051232787,0.11792666540336612,0.325,300,,0.005
BV2PV,2,ens,0.02,Weighted,0.028567616607962427,0.165171665317232,0.8,300,,0.08333333333333333
BV2PV,2,ens,0.02,TargetPAC-25,0.0,0.0,0.0,25,,0.0
BV2PV,2,ens,0.02,Target-25,0.0,0.0,0.0,25,,0.0
BV2PV,2,ens,0.02,TargetPAC-50,0.0,0.0,0.0,50,,0.0
BV2PV,2,ens,0.02,Target-50,0.025262568043547873,0.1437521748867336,0.53,50,,0.2
BV2PV,2,ens,0.02,TargetPAC-100,0.0,0.0,0.0,100,,0.0
BV2PV,2,ens,0.02,Target-100,0.026657060518731988,0.15632637943806096,0.645,100,,0.16
BV2PV,2,ens,0.02,TargetPAC-200,0.013701569004162664,0.08993707901944908,0.285,200,,0.0
BV2PV,2,ens,0.02,Target-200,0.026946845981428113,0.1611703474650726,0.73,200,,0.07
BV2PV,2,ens,0.02,TargetPAC-400,0.01737912263848863,0.11494879326086582,0.335,400,,0.0
BV2PV,2,ens,0.02,Target-400,0.026994876721101506,0.16214555806301575,0.91,400,,0.01
BV2PV,2,ens,0.02,TargetPAC-all,0.0201729106628242,0.1281072886699168,1.0,979,,0.0
BV2PV,2,ens,0.02,Target-all,0.02721741914825488,0.16474874674843668,1.0,979,,0.0
BV2PV,2,ens,0.05,ID-all,0.0675632404739033,0.31686161690985204,1.0,1193,0.18284855702452588,
BV2PV,2,ens,0.05,ID,0.07071245597182196,0.32726046098985334,0.97,300,,0.36
BV2PV,2,ens,0.05,ID-PAC,0.05223342939481269,0.26946325518096775,0.515,300,,0.04
BV2PV,2,ens,0.05,Weighted,0.05978759739566655,0.28826178458428797,0.7166666666666667,300,,0.21666666666666667
BV2PV,2,ens,0.05,TargetPAC-25,0.0,0.0,0.0,25,,0.0
BV2PV,2,ens,0.05,Target-25,0.04175312199807877,0.21071637754311012,0.33,25,,0.135
BV2PV,2,ens,0.05,TargetPAC-50,0.024931155939801473,0.14258949335905874,0.09,50,,0.04
BV2PV,2,ens,0.05,Target-50,0.044827089337175795,0.2325766163069131,0.33,50,,0.13
BV2PV,2,ens,0.05,TargetPAC-100,0.02476144732628882,0.14677406156867473,0.045,100,,0.005
BV2PV,2,ens,0.05,Target-100,0.05468619916746718,0.2745743251391066,0.5,100,,0.18
BV2PV,2,ens,0.05,TargetPAC-200,0.03815401857188601,0.21368580854106015,0.13,200,,0.0
BV2PV,2,ens,0.05,Target-200,0.054527697726544984,0.2785946786335682,0.575,200,,0.08
BV2PV,2,ens,0.05,TargetPAC-400,0.04363912904258726,0.23977363951144726,0.17,400,,0.0
BV2PV,2,ens,0.05,Target-400,0.054324367595260964,0.27979943668280244,0.69,400,,0.02
BV2PV,2,ens,0.05,TargetPAC-all,0.04674991994876722,0.258040620854795,0.0,979,,0.0
BV2PV,2,ens,0.05,Target-all,0.055715658021133534,0.28472497372909095,1.0,979,,0.0
BV2PV,2,ens,0.1,ID-all,0.14185078450208133,0.5049871660149184,1.0,1193,0.18284855702452588,
BV2PV,2,ens,0.1,ID,0.14296189561319245,0.5052146893142001,0.99,300,,0.895
BV2PV,2,ens,0.1,ID-PAC,0.11085494716618634,0.4370012403314441,0.75,300,,0.325
BV2PV,2,ens,0.1,Weighted,0.13577222755897106,0.4844348452743947,0.95,300,,0.6666666666666666
BV2PV,2,ens,0.1,TargetPAC-25,0.040068844060198526,0.20415562714258642,0.065,25,,0.03
BV2PV,2,ens,0.1,Target-25,0.0788872878642331,0.332646255749453,0.255,25,,0.16
BV2PV,2,ens,0.1,TargetPAC-50,0.04445725264169068,0.2291225516374098,0.05,50,,0.01
BV2PV,2,ens,0.1,Target-50,0.09435798911303234,0.3866582973005564,0.325,50,,0.175
BV2PV,2,ens,0.1,TargetPAC-100,0.060139289145052836,0.29241696670054607,0.055,100,,0.01
BV2PV,2,ens,0.1,Target-100,0.09453890489913544,0.3937690571758342,0.395,100,,0.12
BV2PV,2,ens,0.1,TargetPAC-200,0.07604546910022414,0.34289027373425895,0.095,200,,0.005
BV2PV,2,ens,0.1,Target-200,0.09652737752161383,0.40074131337318475,0.405,200,,0.05
BV2PV,2,ens,0.1,TargetPAC-400,0.07905059237912263,0.3519657100036176,0.02,400,,0.0
BV2PV,2,ens,0.1,Target-400,0.09699807877041307,0.40263454150803635,0.32,400,,0.0
BV2PV,2,ens,0.1,TargetPAC-all,0.08997758565481907,0.3814105324811798,0.0,979,,0.0
BV2PV,2,ens,0.1,Target-all,0.0973422990714057,0.4056056090544197,0.0,979,,0.0
BV2PV,2,ens,0.2,ID-all,0.2881844380403458,0.6995727747248015,1.0,1193,0.18284855702452588,
BV2PV,2,ens,0.2,ID,0.2858165225744477,0.6987267222518906,1.0,300,,1.0
BV2PV,2,ens,0.2,ID-PAC,0.2447806596221582,0.6532611242226395,0.935,300,,0.8
BV2PV,2,ens,0.2,Weighted,0.29637634752908526,0.7055522058950198,0.9833333333333333,300,,0.9666666666666667
BV2PV,2,ens,0.2,TargetPAC-25,0.10795228946525777,0.41243957690916294,0.045,25,,0.035
BV2PV,2,ens,0.2,Target-25,0.18050272174191484,0.5493793174731693,0.37,25,,0.285
BV2PV,2,ens,0.2,TargetPAC-50,0.11407941082292666,0.43431915278471633,0.045,50,,0.025
BV2PV,2,ens,0.2,Target-50,0.18503842459173872,0.5662642336646626,0.4,50,,0.265
BV2PV,2,ens,0.2,TargetPAC-100,0.13092699327569643,0.47839359851160224,0.035,100,,0.01
BV2PV,2,ens,0.2,Target-100,0.18246397694524497,0.5665403366121724,0.3,100,,0.195
BV2PV,2,ens,0.2,TargetPAC-200,0.1476112712135767,0.512638288342607,0.01,200,,0.0
BV2PV,2,ens,0.2,Target-200,0.18654819084213897,0.5749040465813365,0.285,200,,0.1
BV2PV,2,ens,0.2,TargetPAC-400,0.16132885046429718,0.5365152715809058,0.015,400,,0.0
BV2PV,2,ens,0.2,Target-400,0.18960134486071084,0.5801789005839894,0.22,400,,0.03
BV2PV,2,ens,0.2,TargetPAC-all,0.17066922830611594,0.5517321573153717,0.0,979,,0.0
BV2PV,2,ens,0.2,Target-all,0.19340377841818765,0.58548812210374,0.0,979,,0.0
DV2PV,0,lr,0.02,ID-all,0.027301092043681748,0.20783058790613088,1.0,2637,0.14975711656452606,
DV2PV,0,lr,0.02,ID,0.031006240249609983,0.20586061273738332,0.89,300,,0.18
DV2PV,0,lr,0.02,ID-PAC,0.012016380655226208,0.10268404854334977,0.295,300,,0.0
DV2PV,0,lr,0.02,Weighted,0.016250650026001043,0.11931475069655745,0.3,300,,0.016666666666666666
DV2PV,0,lr,0.02,TargetPAC-25,0.0,0.0,0.0,25,,0.0
DV2PV,0,lr,0.02,Target-25,0.0,0.0,0.0,25,,0.0
DV2PV,0,lr,0.02,TargetPAC-50,0.0,0.0,0.0,50,,0.0
DV2PV,0,lr,0.02,Target-50,0.028377535101404058,0.17364424859231278,0.68,50,,0.225
DV2PV,0,lr,0.02,TargetPAC-100,0.0,0.0,0.0,100,,0.0
DV2PV,0,lr,0.02,Target-100,0.031743369734789396,0.20372040359528554,0.855,100,,0.235
DV2PV,0,lr,0.02,TargetPAC-200,0.018997659906396253,0.145454219564229,0.62,200,,0.02
DV2PV,0,lr,0.02,Target-200,0.03338533541341654,0.22229776518728359,1.0,200,,0.2
DV2PV,0,lr,0.02,TargetPAC-400,0.022890015600624026,0.18046331269891233,1.0,400,,0.0
DV2PV,0,lr,0.02,Target-400,0.03093993759750389,0.2171075088308327,1.0,400,,0.005
DV2PV,0,lr,0.02,TargetPAC-all,0.021840873634945402,0.17320672891966565,1.0,434,,0.0
DV2PV,0,lr,0.02,Target-all,0.028081123244929788,0.20954429405798616,1.0,434,,0.0
DV2PV,0,lr,0.05,ID-all,0.07878315132605304,0.36286853425663623,1.0,2637,0.14975711656452606,
DV2PV,0,lr,0.05,ID,0.08106084243369736,0.3652990242367013,0.985,300,,0.65
DV2PV,0,lr,0.05,ID-PAC,0.05272230889235569,0.2811974084566152,0.555,300,,0.135
DV2PV,0,lr,0.05,Weighted,0.06354654186167447,0.29017650007577617,0.8333333333333334,300,,0.31666666666666665
DV2PV,0,lr,0.05,TargetPAC-25,0.0,0.0,0.0,25,,0.0
DV2PV,0,lr,0.05,Target-25,0.057472698907956324,0.27360350435421255,0.52,25,,0.245
DV2PV,0,lr,0.05,TargetPAC-50,0.029602184087363495,0.18285183436505442,0.18,50,,0.045
DV2PV,0,lr,0.05,Target-50,0.052667706708268335,0.2740196026999615,0.505,50,,0.175
DV2PV,0,lr,0.05,TargetPAC-100,0.032964118564742594,0.21021001643758958,0.175,100,,0.02
DV2PV,0,lr,0.05,Target-100,0.06793291731669268,0.3237713776099045,0.85,100,,0.32
DV2PV,0,lr,0.05,TargetPAC-200,0.046946177847113885,0.26551839611093625,0.405,200,,0.01
DV2PV,0,lr,0.05,Target-200,0.06879875195007801,0.32621734340572867,0.985,200,,0.29
DV2PV,0,lr,0.05,TargetPAC-400,0.06167316692667708,0.2999677368586717,1.0,400,,0.0
DV2PV,0,lr,0.05,Target-400,0.06868174726989082,0.3270008393662785,1.0,400,,0.015
DV2PV,0,lr,0.05,TargetPAC-all,0.062402496099843975,0.3004231804987234,1.0,434,,0.0
DV2PV,0,lr,0.05,Target-all,0.06864274570982841,0.3232434511943482,1.0,434,,0.0
DV2PV,0,lr,0.1,ID-all,0.1747269890795632,0.5606966740111216,1.0,2637,0.14975711656452606,
DV2PV,0,lr,0.1,ID,0.1715600624024961,0.550055608015948,0.995,300,,0.965
DV2PV,0,lr,0.1,ID-PAC,0.12762870514820593,0.4757674081068793,0.845,300,,0.53
DV2PV,0,lr,0.1,Weighted,0.14299271970878838,0.4869166695811329,0.85,300,,0.7666666666666667
DV2PV,0,lr,0.1,TargetPAC-25,0.051638065522620916,0.2562207533312349,0.1,25,,0.075
DV2PV,0,lr,0.1,Target-25,0.09734789391575664,0.39069807295491904,0.375,25,,0.275
DV2PV,0,lr,0.1,TargetPAC-50,0.05634945397815914,0.2829480117511279,0.08,50,,0.05
DV2PV,0,lr,0.1,Target-50,0.12533541341653667,0.458787203161613,0.64,50,,0.46
DV2PV,0,lr,0.1,TargetPAC-100,0.07849453978159127,0.3544705872066589,0.15,100,,0.065
DV2PV,0,lr,0.1,Target-100,0.12449687987519502,0.46431888923862485,0.715,100,,0.465
DV2PV,0,lr,0.1,TargetPAC-200,0.08813572542901717,0.3868616444584339,0.23,200,,0.07
DV2PV,0,lr,0.1,Target-200,0.12822932917316693,0.4775869968174029,0.87,200,,0.545
DV2PV,0,lr,0.1,TargetPAC-400,0.09631045241809673,0.41590467946700244,0.315,400,,0.0
DV2PV,0,lr,0.1,Target-400,0.12201638065522619,0.47340590354282525,1.0,400,,0.65
DV2PV,0,lr,0.1,TargetPAC-all,0.09750390015600625,0.4191410485083762,0.0,434,,0.0
DV2PV,0,lr,0.1,Target-all,0.1224648985959438,0.47473157765886753,1.0,434,,1.0
DV2PV,0,lr,0.2,ID-all,0.31981279251170047,0.7328192214877768,1.0,2637,0.14975711656452606,
DV2PV,0,lr,0.2,ID,0.3197503900156006,0.7315641065995174,1.0,300,,1.0
DV2PV,0,lr,0.2,ID-PAC,0.2782371294851794,0.6910102122897211,0.99,300,,0.98
DV2PV,0,lr,0.2,Weighted,0.27960218408736354,0.689469742011448,1.0,300,,0.9333333333333333
DV2PV,0,lr,0.2,TargetPAC-25,0.14332683307332292,0.4853265659427133,0.215,25,,0.14
DV2PV,0,lr,0.2,Target-25,0.21992199687987518,0.6132662714650439,0.625,25,,0.45
DV2PV,0,lr,0.2,TargetPAC-50,0.14703978159126366,0.4995821529745042,0.185,50,,0.08
DV2PV,0,lr,0.2,Target-50,0.23009750390015604,0.6331149232329591,0.77,50,,0.53
DV2PV,0,lr,0.2,TargetPAC-100,0.18906396255850233,0.5771484279369077,0.4,100,,0.12
DV2PV,0,lr,0.2,Target-100,0.23280421216848676,0.6385390655055434,0.88,100,,0.68
DV2PV,0,lr,0.2,TargetPAC-200,0.20688767550702028,0.6054049942293568,0.69,200,,0.105
DV2PV,0,lr,0.2,Target-200,0.23272230889235573,0.6393161787850172,0.965,200,,0.715
DV2PV,0,lr,0.2,TargetPAC-400,0.21383385335413416,0.6161712656944007,1.0,400,,0.005
DV2PV,0,lr,0.2,Target-400,0.23108814352574109,0.6366702514601476,1.0,400,,0.99
DV2PV,0,lr,0.2,TargetPAC-all,0.21372854914196565,0.616462071136292,1.0,434,,0.0
DV2PV,0,lr,0.2,Target-all,0.2347893915756631,0.6392298814395133,1.0,434,,1.0
DV2PV,0,svm,0.02,ID-all,0.0218408736349454,0.1583954114643444,1.0,2637,0.11986775261681684,
DV2PV,0,svm,0.02,ID,0.02401326053042122,0.16022898961284227,0.485,300,,0.14
DV2PV,0,svm,0.02,ID-PAC,0.010284711388455539,0.08780252159619487,0.065,300,,0.005
DV2PV,0,svm,0.02,Weighted,0.014807592303692147,0.10509477844227608,0.2833333333333333,300,,0.03333333333333333
DV2PV,0,svm,0.02,TargetPAC-25,0.0,0.0,0.0,25,,0.0
DV2PV,0,svm,0.02,Target-25,0.0,0.0,0.0,25,,0.0
DV2PV,0,svm,0.02,TargetPAC-50,0.0,0.0,0.0,50,,0.0
DV2PV,0,svm,0.02,Target-50,0.029715288611544467,0.17417986919875492,0.57,50,,0.255
DV2PV,0,svm,0.02,TargetPAC-100,0.0,0.0,0.0,100,,0.0
DV2PV,0,svm,0.02,Target-100,0.030643525741029642,0.18872704857832334,0.72,100,,0.28
DV2PV,0,svm,0.02,TargetPAC-200,0.016918876755070204,0.12958573776798515,0.24,200,,0.015
DV2PV,0,svm,0.02,Target-200,0.02747269890795632,0.18297371734340573,0.815,200,,0.14
DV2PV,0,svm,0.02,TargetPAC-400,0.020608424336973484,0.15432876927919417,0.42,400,,0.0
DV2PV,0,svm,0.02,Target-400,0.026302652106084245,0.18579547441681535,1.0,400,,0.005
DV2PV,0,svm,0.02,TargetPAC-all,0.01950078003120125,0.14914489560381905,0.0,434,,0.0
DV2PV,0,svm,0.02,Target-all,0.0249609984399376,0.18002657993215124,1.0,434,,0.0
DV2PV,0,svm,0.05,ID-all,0.0748829953198128,0.33861434616864267,1.0,2637,0.11986775261681684,
DV2PV,0,svm,0.05,ID,0.07388455538221529,0.34070226978631135,0.92,300,,0.565
DV2PV,0,svm,0.05,ID-PAC,0.04918876755070203,0.25642456195572344,0.51,300,,0.09
DV2PV,0,svm,0.05,Weighted,0.05603224128965159,0.2600820130801245,0.6666666666666666,300,,0.08333333333333333
DV2PV,0,svm,0.05,TargetPAC-25,0.0,0.0,0.0,25,,0.0
DV2PV,0,svm,0.05,Target-25,0.05042121684867395,0.24423643898856362,0.425,25,,0.24
DV2PV,0,svm,0.05,TargetPAC-50,0.025549921996879874,0.15901855349211347,0.14,50,,0.035
DV2PV,0,svm,0.05,Target-50,0.05168876755070203,0.2593060364424859,0.475,50,,0.255
DV2PV,0,svm,0.05,TargetPAC-100,0.029734789391575665,0.18716871262197038,0.1,100,,0.01
DV2PV,0,svm,0.05,Target-100,0.06389625585023402,0.3044359633476725,0.795,100,,0.355
DV2PV,0,svm,0.05,TargetPAC-200,0.04422776911076443,0.23965542265589476,0.36,200,,0.0
DV2PV,0,svm,0.05,Target-200,0.06735959438377537,0.3141954324485014,0.955,200,,0.335
DV2PV,0,svm,0.05,TargetPAC-400,0.055702028081123255,0.2745313538278599,1.0,400,,0.0
DV2PV,0,svm,0.05,Target-400,0.06830343213728551,0.31376044836148703,1.0,400,,0.07
DV2PV,0,svm,0.05,TargetPAC-all,0.05460218408736349,0.27223446298044973,1.0,434,,0.0
DV2PV,0,svm,0.05,Target-all,0.06786271450858036,0.3094988283845696,1.0,434,,0.0
DV2PV,0,svm,0.1,ID-all,0.15756630265210608,0.5378938901129647,1.0,2637,0.11986775261681684,
DV2PV,0,svm,0.1,ID,0.15824102964118564,0.5356056552303011,0.975,300,,0.92
DV2PV,0,svm,0.1,ID-PAC,0.11861154446177846,0.4611535165949708,0.665,300,,0.485
DV2PV,0,svm,0.1,Weighted,0.1250390015600624,0.45838783385210835,0.8333333333333334,300,,0.6166666666666667
DV2PV,0,svm,0.1,TargetPAC-25,0.04911466458658346,0.23913029412793343,0.085,25,,0.075
DV2PV,0,svm,0.1,Target-25,0.09810452418096725,0.38590065750358477,0.33,25,,0.28
DV2PV,0,svm,0.1,TargetPAC-50,0.05476599063962558,0.2703720316161298,0.05,50,,0.025
DV2PV,0,svm,0.1,Target-50,0.11368174726989079,0.4375903193089218,0.525,50,,0.365
DV2PV,0,svm,0.1,TargetPAC-100,0.07443057722308892,0.3377377330115763,0.075,100,,0.03
DV2PV,0,svm,0.1,Target-100,0.1186232449297972,0.45657319973420074,0.62,100,,0.37
DV2PV,0,svm,0.1,TargetPAC-200,0.08759750390015601,0.38635548910572515,0.15,200,,0.05
DV2PV,0,svm,0.1,Target-200,0.1143213728549142,0.45205504843842903,0.685,200,,0.34
DV2PV,0,svm,0.1,TargetPAC-400,0.08690327613104526,0.3965300947784423,0.005,400,,0.0
DV2PV,0,svm,0.1,Target-400,0.11694227769110764,0.4569097331514707,1.0,400,,0.215
DV2PV,0,svm,0.1,TargetPAC-all,0.0858034321372855,0.3960584758507327,0.0,434,,0.0
DV2PV,0,svm,0.1,Target-all,0.1170046801872075,0.45764697653271796,1.0,434,,0.0
DV2PV,0,svm,0.2,ID-all,0.2823712948517941,0.7218200258804602,1.0,2637,0.11986775261681684,
DV2PV,0,svm,0.2,ID,0.2863065522620905,0.7210624103801629,1.0,300,,1.0
DV2PV,0,svm,0.2,ID-PAC,0.25297971918876755,0.6816705137621096,0.975,300,,0.88
DV2PV,0,svm,0.2,Weighted,0.271736869474779,0.700025064409704,1.0,300,,0.9166666666666666
DV2PV,0,svm,0.2,TargetPAC-25,0.13349843993759752,0.4700698597558843,0.15,25,,0.095
DV2PV,0,svm,0.2,Target-25,0.20987909516380654,0.6093263211275487,0.56,25,,0.385
DV2PV,0,svm,0.2,TargetPAC-50,0.1382059282371295,0.49092356520826774,0.075,50,,0.025
DV2PV,0,svm,0.2,Target-50,0.21675897035881433,0.6283521316406113,0.645,50,,0.385
DV2PV,0,svm,0.2,TargetPAC-100,0.1773712948517941,0.568090441716504,0.23,100,,0.05
DV2PV,0,svm,0.2,Target-100,0.22086193447737912,0.6380673591438464,0.795,100,,0.38
DV2PV,0,svm,0.2,TargetPAC-200,0.19510530421216848,0.5989233378799007,0.39,200,,0.035
DV2PV,0,svm,0.2,Target-200,0.2227691107644306,0.6441173538978071,0.915,200,,0.405
DV2PV,0,svm,0.2,TargetPAC-400,0.20360764430577225,0.6172856118630434,0.705,400,,0.0
DV2PV,0,svm,0.2,Target-400,0.2186817472698908,0.6421624173748819,1.0,400,,0.245
DV2PV,0,svm,0.2,TargetPAC-all,0.203588143525741,0.6158500332249152,1.0,434,,0.0
DV2PV,0,svm,0.2,Target-all,0.21684867394695792,0.6396145909838072,1.0,434,,0.0
DV2PV,0,lgbm,0.02,ID-all,0.01638065522620905,0.17789319064106598,0.0,2637,0.02492165670699638,
DV2PV,0,lgbm,0.02,ID,0.017886115444617785,0.17836489700276292,0.305,300,,0.005
DV2PV,0,lgbm,0.02,ID-PAC,0.007971918876755071,0.09955889553387193,0.035,300,,0.0
DV2PV,0,lgbm,0.02,Weighted,0.0065522620904836185,0.07706489933433593,0.016666666666666666,300,,0.0
DV2PV,0,lgbm,0.02,TargetPAC-25,0.0,0.0,0.0,25,,0.0
DV2PV,0,lgbm,0.02,Target-25,0.0,0.0,0.0,25,,0.0
DV2PV,0,lgbm,0.02,TargetPAC-50,0.0,0.0,0.0,50,,0.0
DV2PV,0,lgbm,0.02,Target-50,0.027905616224648985,0.22375747560591755,0.615,50,,0.245
DV2PV,0,lgbm,0.02,TargetPAC-100,0.0,0.0,0.0,100,,0.0
DV2PV,0,lgbm,0.02,Target-100,0.0296606864274571,0.24947810652957017,0.755,100,,0.21
DV2PV,0,lgbm,0.02,TargetPAC-200,0.015861934477379096,0.15451491623824012,0.38,200,,0.015
DV2PV,0,lgbm,0.02,Target-200,0.034223868954758194,0.282420435071521,0.945,200,,0.145
DV2PV,0,lgbm,0.02,TargetPAC-400,0.02602964118564743,0.2372925191480432,1.0,400,,0.0
DV2PV,0,lgbm,0.02,Target-400,0.039804992199687986,0.3133316720875739,1.0,400,,0.01
DV2PV,0,lgbm,0.02,TargetPAC-all,0.0249609984399376,0.23316895743713495,1.0,434,,0.0
DV2PV,0,lgbm,0.02,Target-all,0.039781591263650544,0.30830972615675156,1.0,434,,0.0
DV2PV,0,lgbm,0.05,ID-all,0.039781591263650544,0.3201657748399958,0.0,2637,0.02492165670699638,
DV2PV,0,lgbm,0.05,ID,0.040288611544461776,0.31691113209526806,0.075,300,,0.0
DV2PV,0,lgbm,0.05,ID-PAC,0.029290171606864278,0.24980187458468855,0.0,300,,0.0
DV2PV,0,lgbm,0.05,Weighted,0.029017160686427457,0.23203931032070788,0.016666666666666666,300,,0.0
DV2PV,0,lgbm,0.05,TargetPAC-25,0.0,0.0,0.0,25,,0.0
DV2PV,0,lgbm,0.05,Target-25,0.04884945397815912,0.32382112754870074,0.29,25,,0.205
DV2PV,0,lgbm,0.05,TargetPAC-50,0.027921216848673946,0.23026614905746165,0.075,50,,0.025
DV2PV,0,lgbm,0.05,Target-50,0.049375975039001554,0.3467379253663484,0.29,50,,0.19
DV2PV,0,lgbm,0.05,TargetPAC-100,0.030538221528861157,0.25637997062218026,0.025,100,,0.005
DV2PV,0,lgbm,0.05,Target-100,0.058049921996879875,0.3995775189731753,0.455,100,,0.23
DV2PV,0,lgbm,0.05,TargetPAC-200,0.042683307332293294,0.3357759766376387,0.035,200,,0.01
DV2PV,0,lgbm,0.05,Target-200,0.05770670826833073,0.40784274123037106,0.56,200,,0.21
DV2PV,0,lgbm,0.05,TargetPAC-400,0.045354914196567855,0.3510591753226315,0.0,400,,0.0
DV2PV,0,lgbm,0.05,Target-400,0.0566185647425897,0.41273143776448784,0.82,400,,0.005
DV2PV,0,lgbm,0.05,TargetPAC-all,0.045241809672386904,0.3493687266114084,0.0,434,,0.0
DV2PV,0,lgbm,0.05,Target-all,0.05460218408736349,0.4114118840275591,1.0,434,,0.0
DV2PV,0,lgbm,0.1,ID-all,0.07956318252730109,0.48324764802574055,0.0,2637,0.02492165670699638,
DV2PV,0,lgbm,0.1,ID,0.07926677067082682,0.47370501521351377,0.125,300,,0.01
DV2PV,0,lgbm,0.1,ID-PAC,0.059808892355694226,0.4168221242961564,0.005,300,,0.0
DV2PV,0,lgbm,0.1,Weighted,0.06509360374414977,0.4203887315077116,0.016666666666666666,300,,0.0
DV2PV,0,lgbm,0.1,TargetPAC-25,0.04757800312012481,0.32318049872346377,0.06,25,,0.045
DV2PV,0,lgbm,0.1,Target-25,0.09030031201248051,0.46341281082782504,0.315,25,,0.24
DV2PV,0,lgbm,0.1,TargetPAC-50,0.04978549141965678,0.35487759241772465,0.045,50,,0.025
DV2PV,0,lgbm,0.1,Target-50,0.10756240249609984,0.5212100863847795,0.525,50,,0.385
DV2PV,0,lgbm,0.1,TargetPAC-100,0.06698127925117005,0.43224486762494324,0.06,100,,0.03
DV2PV,0,lgbm,0.1,Target-100,0.11072932917316691,0.5333844822159269,0.58,100,,0.39
DV2PV,0,lgbm,0.1,TargetPAC-200,0.084496879875195,0.4861345434197182,0.105,200,,0.015
DV2PV,0,lgbm,0.1,Target-200,0.11002730109204367,0.5332309481341586,0.585,200,,0.295
DV2PV,0,lgbm,0.1,TargetPAC-400,0.09251560062402495,0.5056935263875774,0.0,400,,0.0
DV2PV,0,lgbm,0.1,Target-400,0.1150663026521061,0.5399947539607595,0.98,400,,0.145
DV2PV,0,lgbm,0.1,TargetPAC-all,0.09282371294851796,0.5073619417339909,0.0,434,,0.0
DV2PV,0,lgbm,0.1,Target-all,0.11544461778471142,0.5405169097331514,1.0,434,,0.0
DV2PV,0,lgbm,0.2,ID-all,0.18798751950078002,0.6565767845276816,0.0,2637,0.02492165670699638,
DV2PV,0,lgbm,0.2,ID,0.18789001560062402,0.6564388136956597,0.255,300,,0.12
DV2PV,0,lgbm,0.2,ID-PAC,0.1569578783151326,0.6116056377435036,0.045,300,,0.0
DV2PV,0,lgbm,0.2,Weighted,0.16535361414456579,0.6230522622086991,0.1,300,,0.03333333333333333
DV2PV,0,lgbm,0.2,TargetPAC-25,0.11974258970358814,0.5352961389151191,0.07,25,,0.045
DV2PV,0,lgbm,0.2,Target-25,0.2043369734789392,0.6598512747875354,0.475,25,,0.39
DV2PV,0,lgbm,0.2,TargetPAC-50,0.1277223088923557,0.5587174308397159,0.065,50,,0.015
DV2PV,0,lgbm,0.2,Target-50,0.20787051482059282,0.6730532822718847,0.535,50,,0.385
DV2PV,0,lgbm,0.2,TargetPAC-100,0.14778861154446177,0.5954565802818871,0.055,100,,0.015
DV2PV,0,lgbm,0.2,Target-100,0.20503120124804994,0.6742483300108417,0.48,100,,0.315
DV2PV,0,lgbm,0.2,TargetPAC-200,0.1643408736349454,0.6230823103556815,0.055,200,,0.005
DV2PV,0,lgbm,0.2,Target-200,0.20129485179407175,0.6739437099989509,0.47,200,,0.225
DV2PV,0,lgbm,0.2,TargetPAC-400,0.17807722308892351,0.6444166404364705,0.0,400,,0.0
DV2PV,0,lgbm,0.2,Target-400,0.20227769110764426,0.677414751862344,0.655,400,,0.005
DV2PV,0,lgbm,0.2,TargetPAC-all,0.17862714508580343,0.6446507886545659,0.0,434,,0.0
DV2PV,0,lgbm,0.2,Target-all,0.20514820592823704,0.6791872136536916,1.0,434,,0.0
DV2PV,0,ens,0.02,ID-all,0.031981279251170044,0.25941664043647045,1.0,2637,0.0858578597978959,
DV2PV,0,ens,0.02,ID,0.03104134165366615,0.24753514846291055,0.785,300,,0.175
DV2PV,0,ens,0.02,ID-PAC,0.013350234009360376,0.14089479942643304,0.145,300,,0.005
DV2PV,0,ens,0.02,Weighted,0.015574622984919401,0.14027326035509854,0.25,300,,0.0
DV2PV,0,ens,0.02,TargetPAC-25,0.0,0.0,0.0,25,,0.0
DV2PV,0,ens,0.02,Target-25,0.0,0.0,0.0,25,,0.0
DV2PV,0,ens,0.02,TargetPAC-50,0.0,0.0,0.0,50,,0.0
DV2PV,0,ens,0.02,Target-50,0.029567082683307332,0.2231800615535271,0.575,50,,0.315
DV2PV,0,ens,0.02,TargetPAC-100,0.0,0.0,0.0,100,,0.0
DV2PV,0,ens,0.02,Target-100,0.028034321372854915,0.2224587311579757,0.625,100,,0.26
DV2PV,0,ens,0.02,TargetPAC-200,0.014141965678627147,0.14110472843003533,0.26,200,,0.015
DV2PV,0,ens,0.02,Target-200,0.03150936037441498,0.24719468051621024,0.85,200,,0.25
DV2PV,0,ens,0.02,TargetPAC-400,0.017819812792511703,0.17634010072395345,0.31,400,,0.0
DV2PV,0,ens,0.02,Target-400,0.03336973478939157,0.258132147728465,1.0,400,,0.02
DV2PV,0,ens,0.02,TargetPAC-all,0.01482059282371295,0.16115832546427447,0.0,434,,0.0
DV2PV,0,ens,0.02,Target-all,0.03042121684867394,0.23946420452558315,1.0,434,,0.0
DV2PV,0,ens,0.05,ID-all,0.06786271450858035,0.42368761585003323,1.0,2637,0.0858578597978959,
DV2PV,0,ens,0.05,ID,0.07008970358814352,0.4191511908509076,0.905,300,,0.42
DV2PV,0,ens,0.05,ID-PAC,0.04933697347893915,0.3383512573007379,0.445,300,,0.045
DV2PV,0,ens,0.05,Weighted,0.05395215808632345,0.33116759346693253,0.55,300,,0.15
DV2PV,0,ens,0.05,TargetPAC-25,0.0,0.0,0.0,25,,0.0
DV2PV,0,ens,0.05,Target-25,0.05492199687987519,0.32681784003077674,0.465,25,,0.305
DV2PV,0,ens,0.05,TargetPAC-50,0.029102964118564743,0.21821337390270343,0.16,50,,0.07
DV2PV,0,ens,0.05,Target-50,0.053303432137285486,0.33902825866470804,0.445,50,,0.235
DV2PV,0,ens,0.05,TargetPAC-100,0.03095163806552262,0.23746694995278567,0.135,100,,0.035
DV2PV,0,ens,0.05,Target-100,0.07006630265210609,0.41323383345574094,0.82,100,,0.46
DV2PV,0,ens,0.05,TargetPAC-200,0.04613494539781591,0.3238249746441436,0.29,200,,0.025
DV2PV,0,ens,0.05,Target-200,0.069106864274571,0.41770879236176683,0.95,200,,0.42
DV2PV,0,ens,0.05,TargetPAC-400,0.05342823712948517,0.35799199104675977,1.0,400,,0.0
DV2PV,0,ens,0.05,Target-400,0.0721021840873635,0.4334205050187109,1.0,400,,0.49
DV2PV,0,ens,0.05,TargetPAC-all,0.05226209048361933,0.35026055328227196,1.0,434,,0.0
DV2PV,0,ens,0.05,Target-all,0.06864274570982841,0.42756968488790975,1.0,434,,0.0
DV2PV,0,ens,0.1,ID-all,0.1419656786271451,0.5829573671877732,1.0,2637,0.0858578597978959,
DV2PV,0,ens,0.1,ID,0.14205928237129486,0.5816813555765397,0.99,300,,0.875
DV2PV,0,ens,0.1,ID-PAC,0.10520280811232449,0.5122808029937397,0.605,300,,0.265
DV2PV,0,ens,0.1,Weighted,0.11515860634425376,0.5237502768742932,0.7,300,,0.38333333333333336
DV2PV,0,ens,0.1,TargetPAC-25,0.051415756630265215,0.31015493302556574,0.125,25,,0.06
DV2PV,0,ens,0.1,Target-25,0.09703978159126364,0.4670111565767845,0.415,25,,0.27
DV2PV,0,ens,0.1,TargetPAC-50,0.05623634945397816,0.3433636729269402,0.12,50,,0.055
DV2PV,0,ens,0.1,Target-50,0.11796801872074882,0.529663204280768,0.67,50,,0.425
DV2PV,0,ens,0.1,TargetPAC-100,0.082094383775351,0.45200293778197465,0.185,100,,0.045
DV2PV,0,ens,0.1,Target-100,0.1177028081123245,0.537845014514042,0.8,100,,0.415
DV2PV,0,ens,0.1,TargetPAC-200,0.09792121684867394,0.49811238764732624,0.405,200,,0.055
DV2PV,0,ens,0.1,Target-200,0.11948127925117007,0.544039537649075,0.95,200,,0.465
DV2PV,0,ens,0.1,TargetPAC-400,0.10412636505460218,0.5138734130731298,0.785,400,,0.0
DV2PV,0,ens,0.1,Target-400,0.11988689547581903,0.5449401077186724,1.0,400,,0.49
DV2PV,0,ens,0.1,TargetPAC-all,0.1029641185647426,0.5136222152275033,1.0,434,,0.0
DV2PV,0,ens,0.1,Target-all,0.1185647425897036,0.5435421256951001,1.0,434,,0.0
DV2PV,0,ens,0.2,ID-all,0.2698907956318253,0.7446752701710209,1.0,2637,0.0858578597978959,
DV2PV,0,ens,0.2,ID,0.2656123244929797,0.741748417444829,1.0,300,,0.96
DV2PV,0,ens,0.2,ID-PAC,0.23277691107644305,0.7088948344000281,0.88,300,,0.655
DV2PV,0,ens,0.2,Weighted,0.2506500260010401,0.7255858077151751,0.9166666666666666,300,,0.8333333333333334
DV2PV,0,ens,0.2,TargetPAC-25,0.13255460218408735,0.5452189347042983,0.155,25,,0.08
DV2PV,0,ens,0.2,Target-25,0.20471918876755069,0.6588509425383835,0.495,25,,0.37
DV2PV,0,ens,0.2,TargetPAC-50,0.1336817472698908,0.561881754275522,0.075,50,,0.025
DV2PV,0,ens,0.2,Target-50,0.20567862714508578,0.6677363340677789,0.51,50,,0.385
DV2PV,0,ens,0.2,TargetPAC-100,0.1654641185647426,0.6171442311055153,0.185,100,,0.06
DV2PV,0,ens,0.2,Target-100,0.2188845553822153,0.6895994649039976,0.71,100,,0.425
DV2PV,0,ens,0.2,TargetPAC-200,0.18070202808112326,0.6415387507431889,0.26,200,,0.04
DV2PV,0,ens,0.2,Target-200,0.21758970358814353,0.6915087608855314,0.82,200,,0.375
DV2PV,0,ens,0.2,TargetPAC-400,0.1970748829953198,0.6674683488965831,0.27,400,,0.0
DV2PV,0,ens,0.2,Target-400,0.22001950078003119,0.6951384954359459,1.0,400,,0.355
DV2PV,0,ens,0.2,TargetPAC-all,0.19734789391575666,0.6683279124261183,0.0,434,,0.0
DV2PV,0,ens,0.2,Target-all,0.21918876755070202,0.6941209386912881,1.0,434,,0.0
DV2PV,1,lr,0.02,ID-all,0.023076923076923078,0.19213217938631,1.0,2636,0.13368156881055213,
DV2PV,1,lr,0.02,ID,0.02305,0.18538368738526095,0.55,300,,0.07
DV2PV,1,lr,0.02,ID-PAC,0.008907692307692307,0.10259900340938892,0.095,300,,0.01
DV2PV,1,lr,0.02,Weighted,0.010282051282051282,0.09880379986595565,0.16666666666666666,300,,0.0
DV2PV,1,lr,0.02,TargetPAC-25,0.0,0.0,0.0,25,,0.0
DV2PV,1,lr,0.02,Target-25,0.0,0.0,0.0,25,,0.0
DV2PV,1,lr,0.02,TargetPAC-50,0.0,0.0,0.0,50,,0.0
DV2PV,1,lr,0.02,Target-50,0.019280769230769233,0.15855966430632049,0.435,50,,0.13
DV2PV,1,lr,0.02,TargetPAC-100,0.0,0.0,0.0,100,,0.0
DV2PV,1,lr,0.02,Target-100,0.019834615384615385,0.16777795261823583,0.505,100,,0.1
DV2PV,1,lr,0.02,TargetPAC-200,0.010826923076923078,0.1196513681265845,0.08,200,,0.0
DV2PV,1,lr,0.02,Target-200,0.020076923076923076,0.17616225194510007,0.555,200,,0.02
DV2PV,1,lr,0.02,TargetPAC-400,0.010792307692307697,0.11811093627065304,0.005,400,,0.0
DV2PV,1,lr,0.02,Target-400,0.02203076923076923,0.19024460180085667,1.0,400,,0.0
DV2PV,1,lr,0.02,TargetPAC-all,0.009230769230769233,0.10609318996415772,0.0,420,,0.0
DV2PV,1,lr,0.02,Target-all,0.02153846153846154,0.18905498732406678,1.0,420,,0.0
DV2PV,1,lr,0.05,ID-all,0.06692307692307692,0.35693679517440335,1.0,2636,0.13368156881055213,
DV2PV,1,lr,0.05,ID,0.06986923076923078,0.36099405542442525,0.845,300,,0.42
DV2PV,1,lr,0.05,ID-PAC,0.043196153846153836,0.2673680391642626,0.24,300,,0.045
DV2PV,1,lr,0.05,Weighted,0.04906410256410256,0.26602092257481713,0.4666666666666667,300,,0.11666666666666667
DV2PV,1,lr,0.05,TargetPAC-25,0.0,0.0,0.0,25,,0.0
DV2PV,1,lr,0.05,Target-25,0.03155384615384615,0.21196302124311564,0.19,25,,0.05
DV2PV,1,lr,0.05,TargetPAC-50,0.01888076923076923,0.15334828219249935,0.06,50,,0.01
DV2PV,1,lr,0.05,Target-50,0.03639615384615385,0.23526016260162602,0.2,50,,0.05
DV2PV,1,lr,0.05,TargetPAC-100,0.01935,0.1652652329749104,0.01,100,,0.0
DV2PV,1,lr,0.05,Target-100,0.045746153846153846,0.27655791590173967,0.28,100,,0.05
DV2PV,1,lr,0.05,TargetPAC-200,0.029111538461538463,0.21458344260861964,0.01,200,,0.0
DV2PV,1,lr,0.05,Target-200,0.04659615384615386,0.2792849025264446,0.225,200,,0.0
DV2PV,1,lr,0.05,TargetPAC-400,0.0388076923076923,0.2515467261124224,0.0,400,,0.0
DV2PV,1,lr,0.05,Target-400,0.04445000000000001,0.2708450039339103,0.0,400,,0.0
DV2PV,1,lr,0.05,TargetPAC-all,0.03461538461538461,0.24077279482472239,0.0,420,,0.0
DV2PV,1,lr,0.05,Target-all,0.04384615384615386,0.2694466299501705,0.0,420,,0.0
DV2PV,1,lr,0.1,ID-all,0.16230769230769232,0.5653291371623393,1.0,2636,0.13368156881055213,
DV2PV,1,lr,0.1,ID,0.15837307692307692,0.5609548037415858,0.965,300,,0.905
DV2PV,1,lr,0.1,ID-PAC,0.11502692307692307,0.4793716233936533,0.595,300,,0.41
DV2PV,1,lr,0.1,Weighted,0.12393589743589743,0.4782679138619343,0.7333333333333333,300,,0.6
DV2PV,1,lr,0.1,TargetPAC-25,0.034111538461538464,0.21939068100358428,0.02,25,,0.01
DV2PV,1,lr,0.1,Target-25,0.05884615384615384,0.3122136550397762,0.11,25,,0.075
DV2PV,1,lr,0.1,TargetPAC-50,0.036796153846153846,0.23889570766675408,0.015,50,,0.01
DV2PV,1,lr,0.1,Target-50,0.07910384615384616,0.38411172305271435,0.2,50,,0.105
DV2PV,1,lr,0.1,TargetPAC-100,0.05194230769230769,0.29939138036541657,0.0,100,,0.0
DV2PV,1,lr,0.1,Target-100,0.08041538461538461,0.39458842556167495,0.135,100,,0.06
DV2PV,1,lr,0.1,TargetPAC-200,0.06322307692307692,0.3440162601626017,0.005,200,,0.0
DV2PV,1,lr,0.1,Target-200,0.07911923076923078,0.3925194510009616,0.06,200,,0.0
DV2PV,1,lr,0.1,TargetPAC-400,0.0637730769230769,0.3508737651892648,0.0,400,,0.0
DV2PV,1,lr,0.1,Target-400,0.07867307692307693,0.3892309642451264,0.0,400,,0.0
DV2PV,1,lr,0.1,TargetPAC-all,0.06307692307692306,0.3505201503627939,0.0,420,,0.0
DV2PV,1,lr,0.1,Target-all,0.07923076923076923,0.392831541218638,0.0,420,,0.0
DV2PV,1,lr,0.2,ID-all,0.2915384615384615,0.736795174403357,1.0,2636,0.13368156881055213,
DV2PV,1,lr,0.2,ID,0.2940653846153846,0.7347822362094588,1.0,300,,0.995
DV2PV,1,lr,0.2,ID-PAC,0.25495769230769233,0.6954808112597255,0.985,300,,0.9
DV2PV,1,lr,0.2,Weighted,0.2626282051282051,0.7016571961418538,0.95,300,,0.9
DV2PV,1,lr,0.2,TargetPAC-25,0.09674230769230768,0.42132974910394266,0.065,25,,0.015
DV2PV,1,lr,0.2,Target-25,0.16493846153846156,0.5584300201066525,0.33,25,,0.165
DV2PV,1,lr,0.2,TargetPAC-50,0.09505769230769232,0.4250593583355189,0.025,50,,0.01
DV2PV,1,lr,0.2,Target-50,0.17420000000000002,0.5844565958562812,0.325,50,,0.115
DV2PV,1,lr,0.2,TargetPAC-100,0.12476923076923079,0.4999837398373984,0.015,100,,0.0
DV2PV,1,lr,0.2,Target-100,0.1737423076923077,0.5881921496634321,0.275,100,,0.035
DV2PV,1,lr,0.2,TargetPAC-200,0.13819615384615383,0.5294708453536149,0.01,200,,0.0
DV2PV,1,lr,0.2,Target-200,0.17929615384615386,0.5973125273188216,0.19,200,,0.0
DV2PV,1,lr,0.2,TargetPAC-400,0.14563846153846152,0.5438832939942303,0.0,400,,0.0
DV2PV,1,lr,0.2,Target-400,0.19267692307692308,0.6162164524871055,0.0,400,,0.0
DV2PV,1,lr,0.2,TargetPAC-all,0.14538461538461545,0.5433691756272401,0.0,420,,0.0
DV2PV,1,lr,0.2,Target-all,0.1915384615384616,0.6147565346621208,0.0,420,,0.0
DV2PV,1,svm,0.02,ID-all,0.024615384615384615,0.17681615525832678,1.0,2636,0.11290416715302906,
DV2PV,1,svm,0.02,ID,0.02618846153846154,0.18748719293644547,0.765,300,,0.085
DV2PV,1,svm,0.02,ID-PAC,0.010957692307692309,0.09517370399510447,0.135,300,,0.0
DV2PV,1,svm,0.02,Weighted,0.013333333333333332,0.11291196782935571,0.2,300,,0.0
DV2PV,1,svm,0.02,TargetPAC-25,0.0,0.0,0.0,25,,0.0
DV2PV,1,svm,0.02,Target-25,0.0,0.0,0.0,25,,0.0
DV2PV,1,svm,0.02,TargetPAC-50,0.0,0.0,0.0,50,,0.0
DV2PV,1,svm,0.02,Target-50,0.020919230769230766,0.15788600402133052,0.425,50,,0.07
DV2PV,1,svm,0.02,TargetPAC-100,0.0,0.0,0.0,100,,0.0
DV2PV,1,svm,0.02,Target-100,0.023061538461538463,0.17208453536148266,0.565,100,,0.015
DV2PV,1,svm,0.02,TargetPAC-200,0.013807692307692307,0.11805778477139611,0.12,200,,0.0
DV2PV,1,svm,0.02,Target-200,0.02496153846153846,0.18308846927178948,0.68,200,,0.0
DV2PV,1,svm,0.02,TargetPAC-400,0.017150000000000002,0.14281851560451087,0.025,400,,0.0
DV2PV,1,svm,0.02,Target-400,0.027769230769230765,0.19535728647609057,1.0,400,,0.0
DV2PV,1,svm,0.02,TargetPAC-all,0.016153846153846154,0.1390681003584229,0.0,420,,0.0
DV2PV,1,svm,0.02,Target-all,0.027692307692307686,0.19356587114258242,1.0,420,,0.0
DV2PV,1,svm,0.05,ID-all,0.06230769230769231,0.33502928577672875,1.0,2636,0.11290416715302906,
DV2PV,1,svm,0.05,ID,0.06168846153846154,0.33492027275111463,0.795,300,,0.235
DV2PV,1,svm,0.05,ID-PAC,0.04135384615384616,0.2613579858379229,0.225,300,,0.015
DV2PV,1,svm,0.05,Weighted,0.04888461538461539,0.26326893376460647,0.4166666666666667,300,,0.13333333333333333
DV2PV,1,svm,0.05,TargetPAC-25,0.0,0.0,0.0,25,,0.0
DV2PV,1,svm,0.05,Target-25,0.03325,0.21241786869481602,0.175,25,,0.07
DV2PV,1,svm,0.05,TargetPAC-50,0.020807692307692305,0.15573721479150276,0.04,50,,0.005
DV2PV,1,svm,0.05,Target-50,0.03311923076923077,0.22091546463851736,0.1,50,,0.03
DV2PV,1,svm,0.05,TargetPAC-100,0.023861538461538462,0.1761991432817554,0.005,100,,0.005
DV2PV,1,svm,0.05,Target-100,0.040769230769230766,0.2606632572777341,0.2,100,,0.04
DV2PV,1,svm,0.05,TargetPAC-200,0.030292307692307695,0.21668957076667542,0.0,200,,0.0
DV2PV,1,svm,0.05,Target-200,0.03789230769230769,0.25446900952880497,0.055,200,,0.0
DV2PV,1,svm,0.05,TargetPAC-400,0.03133846153846154,0.2302287787394003,0.0,400,,0.0
DV2PV,1,svm,0.05,Target-400,0.037338461538461536,0.25464586065215494,0.0,400,,0.0
DV2PV,1,svm,0.05,TargetPAC-all,0.03076923076923077,0.22818428184281841,0.0,420,,0.0
DV2PV,1,svm,0.05,Target-all,0.03615384615384615,0.25330885566920186,0.0,420,,0.0
DV2PV,1,svm,0.1,ID-all,0.14384615384615385,0.5549261299064604,1.0,2636,0.11290416715302906,
DV2PV,1,svm,0.1,ID,0.14230384615384614,0.5424544103505551,0.95,300,,0.79
DV2PV,1,svm,0.1,ID-PAC,0.10419230769230768,0.4610515779351341,0.465,300,,0.29
DV2PV,1,svm,0.1,Weighted,0.11747435897435897,0.47021155695427924,0.65,300,,0.5333333333333333
DV2PV,1,svm,0.1,TargetPAC-25,0.03368076923076923,0.21396170993968003,0.025,25,,0.015
DV2PV,1,svm,0.1,Target-25,0.062130769230769226,0.322492438150188,0.14,25,,0.09
DV2PV,1,svm,0.1,TargetPAC-50,0.034265384615384614,0.22597963108663346,0.0,50,,0.0
DV2PV,1,svm,0.1,Target-50,0.07443846153846154,0.3679561150450214,0.165,50,,0.11
DV2PV,1,svm,0.1,TargetPAC-100,0.04738846153846153,0.2855649095200629,0.0,100,,0.0
DV2PV,1,svm,0.1,Target-100,0.07938846153846153,0.39039627589824294,0.165,100,,0.055
DV2PV,1,svm,0.1,TargetPAC-200,0.056173076923076916,0.3143199580382901,0.0,200,,0.0
DV2PV,1,svm,0.1,Target-200,0.07464230769230769,0.37926768074132355,0.035,200,,0.0
DV2PV,1,svm,0.1,TargetPAC-400,0.06218846153846154,0.33251674097386136,0.0,400,,0.0
DV2PV,1,svm,0.1,Target-400,0.07380769230769231,0.3782102456508436,0.0,400,,0.0
DV2PV,1,svm,0.1,TargetPAC-all,0.0623076923076923,0.3334557216539907,0.0,420,,0.0
DV2PV,1,svm,0.1,Target-all,0.07538461538461538,0.38333770434478526,0.0,420,,0.0
DV2PV,1,svm,0.2,ID-all,0.26,0.7245038902001923,1.0,2636,0.11290416715302906,
DV2PV,1,svm,0.2,ID,0.264226923076923,0.7246066963895446,1.0,300,,0.98
DV2PV,1,svm,0.2,ID-PAC,0.2308769230769231,0.6850093539645072,0.955,300,,0.715
DV2PV,1,svm,0.2,Weighted,0.24171794871794874,0.6940737826733105,0.9333333333333333,300,,0.7833333333333333
DV2PV,1,svm,0.2,TargetPAC-25,0.0949076923076923,0.41284683975872016,0.06,25,,0.02
DV2PV,1,svm,0.2,Target-25,0.17188846153846155,0.57934732056998,0.335,25,,0.255
DV2PV,1,svm,0.2,TargetPAC-50,0.09272307692307692,0.4218200017484046,0.01,50,,0.0
DV2PV,1,svm,0.2,Target-50,0.16881153846153846,0.5825890375032783,0.295,50,,0.125
DV2PV,1,svm,0.2,TargetPAC-100,0.1252230769230769,0.5041595419179998,0.05,100,,0.015
DV2PV,1,svm,0.2,Target-100,0.17636153846153846,0.598788967567095,0.295,100,,0.125
DV2PV,1,svm,0.2,TargetPAC-200,0.14360384615384614,0.5456241804353528,0.005,200,,0.0
DV2PV,1,svm,0.2,Target-200,0.18427307692307693,0.6126016260162602,0.205,200,,0.035
DV2PV,1,svm,0.2,TargetPAC-400,0.15780769230769232,0.5729819040125885,0.0,400,,0.0
DV2PV,1,svm,0.2,Target-400,0.17869999999999997,0.6042587638779614,0.0,400,,0.0
DV2PV,1,svm,0.2,TargetPAC-all,0.16076923076923078,0.5775330011364632,0.0,420,,0.0
DV2PV,1,svm,0.2,Target-all,0.1746153846153846,0.5999999999999999,0.0,420,,0.0
DV2PV,1,lgbm,0.02,ID-all,0.016153846153846154,0.2073607832852522,0.0,2636,0.028866581066884556,
DV2PV,1,lgbm,0.02,ID,0.016346153846153847,0.20211434565958564,0.095,300,,0.0
DV2PV,1,lgbm,0.02,ID-PAC,0.009588461538461539,0.1229207098522598,0.0,300,,0.0
DV2PV,1,lgbm,0.02,Weighted,0.0051666666666666675,0.09285310487513478,0.0,300,,0.0
DV2PV,1,lgbm,0.02,TargetPAC-25,0.0,0.0,0.0,25,,0.0
DV2PV,1,lgbm,0.02,Target-25,0.0,0.0,0.0,25,,0.0
DV2PV,1,lgbm,0.02,TargetPAC-50,0.0,0.0,0.0,50,,0.0
DV2PV,1,lgbm,0.02,Target-50,0.017626923076923075,0.19021776379054114,0.3,50,,0.055
DV2PV,1,lgbm,0.02,TargetPAC-100,0.0,0.0,0.0,100,,0.0
DV2PV,1,lgbm,0.02,Target-100,0.019630769230769233,0.2193300987848588,0.305,100,,0.03
DV2PV,1,lgbm,0.02,TargetPAC-200,0.012423076923076924,0.15198041786869482,0.015,200,,0.0
DV2PV,1,lgbm,0.02,Target-200,0.01979615384615385,0.23090698487630035,0.31,200,,0.005
DV2PV,1,lgbm,0.02,TargetPAC-400,0.015026923076923075,0.18605848413322842,0.0,400,,0.0
DV2PV,1,lgbm,0.02,Target-400,0.018250000000000002,0.23304423463589466,0.065,400,,0.0
DV2PV,1,lgbm,0.02,TargetPAC-all,0.014615384615384617,0.1820963370924032,0.0,420,,0.0
DV2PV,1,lgbm,0.02,Target-all,0.016923076923076926,0.22243203077192056,0.0,420,,0.0
DV2PV,1,lgbm,0.05,ID-all,0.03923076923076923,0.33508173791415335,0.0,2636,0.028866581066884556,
DV2PV,1,lgbm,0.05,ID,0.036934615384615385,0.3258235859777953,0.07,300,,0.0
DV2PV,1,lgbm,0.05,ID-PAC,0.023923076923076922,0.25997272488853923,0.005,300,,0.0
DV2PV,1,lgbm,0.05,Weighted,0.026538461538461535,0.24995687268700642,0.016666666666666666,300,,0.0
DV2PV,1,lgbm,0.05,TargetPAC-25,0.0,0.0,0.0,25,,0.0
DV2PV,1,lgbm,0.05,Target-25,0.03303076923076923,0.27603278258589037,0.155,25,,0.095
DV2PV,1,lgbm,0.05,TargetPAC-50,0.017773076923076923,0.19425404318559314,0.015,50,,0.0
DV2PV,1,lgbm,0.05,Target-50,0.03386538461538462,0.3023200454585191,0.095,50,,0.05
DV2PV,1,lgbm,0.05,TargetPAC-100,0.018880769230769232,0.21385392079727247,0.0,100,,0.0
DV2PV,1,lgbm,0.05,Target-100,0.03865769230769231,0.33246446367689486,0.09,100,,0.045
DV2PV,1,lgbm,0.05,TargetPAC-200,0.027030769230769226,0.27847582830667017,0.0,200,,0.0
DV2PV,1,lgbm,0.05,Target-200,0.03961153846153846,0.3375538071509747,0.03,200,,0.005
DV2PV,1,lgbm,0.05,TargetPAC-400,0.030888461538461528,0.29912859515691925,0.0,400,,0.0
DV2PV,1,lgbm,0.05,Target-400,0.039719230769230764,0.33821243115656957,0.0,400,,0.0
DV2PV,1,lgbm,0.05,TargetPAC-all,0.029230769230769234,0.2929451875163913,0.0,420,,0.0
DV2PV,1,lgbm,0.05,Target-all,0.039999999999999994,0.3401870792901477,0.0,420,,0.0
DV2PV,1,lgbm,0.1,ID-all,0.07461538461538461,0.4785907859078591,0.0,2636,0.028866581066884556,
DV2PV,1,lgbm,0.1,ID,0.07611538461538461,0.47488731532476613,0.095,300,,0.015
DV2PV,1,lgbm,0.1,ID-PAC,0.05807307692307692,0.4159536672786083,0.0,300,,0.0
DV2PV,1,lgbm,0.1,Weighted,0.06157692307692308,0.41553603170440306,0.016666666666666666,300,,0.0
DV2PV,1,lgbm,0.1,TargetPAC-25,0.03002307692307692,0.2601454672611242,0.025,25,,0.025
DV2PV,1,lgbm,0.1,Target-25,0.06112692307692308,0.39502911093627063,0.15,25,,0.1
DV2PV,1,lgbm,0.1,TargetPAC-50,0.034565384615384616,0.3028156307369525,0.01,50,,0.01
DV2PV,1,lgbm,0.1,Target-50,0.07401153846153846,0.45057898417693854,0.17,50,,0.14
DV2PV,1,lgbm,0.1,TargetPAC-100,0.04681538461538461,0.3677274237258502,0.005,100,,0.0
DV2PV,1,lgbm,0.1,Target-100,0.07643076923076922,0.4710021855057259,0.12,100,,0.08
DV2PV,1,lgbm,0.1,TargetPAC-200,0.0559,0.40905271439811175,0.0,200,,0.0
DV2PV,1,lgbm,0.1,Target-200,0.07546923076923076,0.4754155083486319,0.05,200,,0.015
DV2PV,1,lgbm,0.1,TargetPAC-400,0.061765384615384604,0.43056281143456593,0.0,400,,0.0
DV2PV,1,lgbm,0.1,Target-400,0.07340384615384617,0.4718674709327739,0.0,400,,0.0
DV2PV,1,lgbm,0.1,TargetPAC-all,0.06307692307692306,0.43439111810472936,0.0,420,,0.0
DV2PV,1,lgbm,0.1,Target-all,0.07384615384615387,0.4718419442258937,0.0,420,,0.0
DV2PV,1,lgbm,0.2,ID-all,0.18461538461538463,0.6639741236122039,0.0,2636,0.028866581066884556,
DV2PV,1,lgbm,0.2,ID,0.18293076923076923,0.6611250109275286,0.195,300,,0.04
DV2PV,1,lgbm,0.2,ID-PAC,0.15368076923076923,0.6189291021942478,0.01,300,,0.0
DV2PV,1,lgbm,0.2,Weighted,0.16280769230769232,0.6257277734067662,0.016666666666666666,300,,0.0
DV2PV,1,lgbm,0.2,TargetPAC-25,0.09233846153846154,0.48235405192761605,0.055,25,,0.03
DV2PV,1,lgbm,0.2,Target-25,0.17381153846153846,0.6310312964419967,0.34,25,,0.25
DV2PV,1,lgbm,0.2,TargetPAC-50,0.09736923076923076,0.5116660547250634,0.005,50,,0.005
DV2PV,1,lgbm,0.2,Target-50,0.17695,0.6464079027887053,0.31,50,,0.215
DV2PV,1,lgbm,0.2,TargetPAC-100,0.12550384615384616,0.571462627852085,0.03,100,,0.015
DV2PV,1,lgbm,0.2,Target-100,0.18603461538461538,0.6632349855756621,0.325,100,,0.15
DV2PV,1,lgbm,0.2,TargetPAC-200,0.14640384615384616,0.6081271964332546,0.01,200,,0.0
DV2PV,1,lgbm,0.2,Target-200,0.1835153846153846,0.6615962933822886,0.195,200,,0.065
DV2PV,1,lgbm,0.2,TargetPAC-400,0.16513846153846154,0.6348950083049218,0.0,400,,0.0
DV2PV,1,lgbm,0.2,Target-400,0.1855461538461539,0.6654733805402571,0.0,400,,0.0
DV2PV,1,lgbm,0.2,TargetPAC-all,0.16615384615384612,0.6373983739837401,0.0,420,,0.0
DV2PV,1,lgbm,0.2,Target-all,0.18461538461538463,0.6639741236122038,0.0,420,,0.0
DV2PV,1,ens,0.02,ID-all,0.023846153846153847,0.25280181834076404,1.0,2636,0.07391152095249212,
DV2PV,1,ens,0.02,ID,0.024550000000000002,0.24766762828918612,0.64,300,,0.035
DV2PV,1,ens,0.02,ID-PAC,0.013326923076923078,0.1557699973773931,0.125,300,,0.025
DV2PV,1,ens,0.02,Weighted,0.007923076923076925,0.1265119328612641,0.05,300,,0.0
DV2PV,1,ens,0.02,TargetPAC-25,0.0,0.0,0.0,25,,0.0
DV2PV,1,ens,0.02,Target-25,0.0,0.0,0.0,25,,0.0
DV2PV,1,ens,0.02,TargetPAC-50,0.0,0.0,0.0,50,,0.0
DV2PV,1,ens,0.02,Target-50,0.019753846153846153,0.20196747967479678,0.31,50,,0.06
DV2PV,1,ens,0.02,TargetPAC-100,0.0,0.0,0.0,100,,0.0
DV2PV,1,ens,0.02,Target-100,0.018915384615384615,0.20394422589387184,0.275,100,,0.01
DV2PV,1,ens,0.02,TargetPAC-200,0.013515384615384613,0.15626042486231312,0.015,200,,0.0
DV2PV,1,ens,0.02,Target-200,0.018826923076923078,0.20888521723926914,0.28,200,,0.0
DV2PV,1,ens,0.02,TargetPAC-400,0.014826923076923078,0.17280190576099308,0.0,400,,0.0
DV2PV,1,ens,0.02,Target-400,0.01742692307692308,0.20553090305096602,0.06,400,,0.0
DV2PV,1,ens,0.02,TargetPAC-all,0.014615384615384617,0.17094151586677156,0.0,420,,0.0
DV2PV,1,ens,0.02,Target-all,0.016923076923076926,0.1994055424425212,0.0,420,,0.0
DV2PV,1,ens,0.05,ID-all,0.057692307692307696,0.4200367164961972,1.0,2636,0.07391152095249212,
DV2PV,1,ens,0.05,ID,0.059484615384615386,0.4182871754523997,0.74,300,,0.215
DV2PV,1,ens,0.05,ID-PAC,0.03835,0.32719975522335865,0.16,300,,0.015
DV2PV,1,ens,0.05,Weighted,0.042358974358974365,0.31120873036687347,0.31666666666666665,300,,0.016666666666666666
DV2PV,1,ens,0.05,TargetPAC-25,0.0,0.0,0.0,25,,0.0
DV2PV,1,ens,0.05,Target-25,0.033596153846153845,0.27634216277646645,0.205,25,,0.08
DV2PV,1,ens,0.05,TargetPAC-50,0.021257692307692307,0.2103459218463153,0.055,50,,0.01
DV2PV,1,ens,0.05,Target-50,0.03298076923076923,0.2863899816417519,0.145,50,,0.06
DV2PV,1,ens,0.05,TargetPAC-100,0.019534615384615383,0.20820290235160413,0.01,100,,0.0
DV2PV,1,ens,0.05,Target-100,0.040842307692307685,0.33602666316985746,0.22,100,,0.045
DV2PV,1,ens,0.05,TargetPAC-200,0.02731923076923077,0.26706827519888104,0.01,200,,0.0
DV2PV,1,ens,0.05,Target-200,0.04110769230769231,0.3405903488067139,0.175,200,,0.01
DV2PV,1,ens,0.05,TargetPAC-400,0.032600000000000004,0.2985808200017484,0.0,400,,0.0
DV2PV,1,ens,0.05,Target-400,0.037515384615384624,0.32820115394702326,0.0,400,,0.0
DV2PV,1,ens,0.05,TargetPAC-all,0.03230769230769231,0.2963021243115657,0.0,420,,0.0
DV2PV,1,ens,0.05,Target-all,0.03692307692307693,0.328070635545065,0.0,420,,0.0
DV2PV,1,ens,0.1,ID-all,0.12307692307692308,0.5851735291546464,1.0,2636,0.07391152095249212,
DV2PV,1,ens,0.1,ID,0.12184615384615384,0.5804852696914066,0.905,300,,0.575
DV2PV,1,ens,0.1,ID-PAC,0.09583846153846155,0.5224392866509311,0.405,300,,0.105
DV2PV,1,ens,0.1,Weighted,0.09641025641025643,0.5136162834746627,0.4666666666666667,300,,0.05
DV2PV,1,ens,0.1,TargetPAC-25,0.03443461538461538,0.2774760905673573,0.04,25,,0.02
DV2PV,1,ens,0.1,Target-25,0.06939999999999999,0.42954235510097033,0.165,25,,0.085
DV2PV,1,ens,0.1,TargetPAC-50,0.035873076923076924,0.29917947373022113,0.015,50,,0.0
DV2PV,1,ens,0.1,Target-50,0.08470384615384617,0.4838506862487979,0.3,50,,0.13
DV2PV,1,ens,0.1,TargetPAC-100,0.048023076923076925,0.3687241891773756,0.01,100,,0.0
DV2PV,1,ens,0.1,Target-100,0.08281538461538462,0.48814109624967217,0.22,100,,0.055
DV2PV,1,ens,0.1,TargetPAC-200,0.06305,0.4342299152023778,0.005,200,,0.0
DV2PV,1,ens,0.1,Target-200,0.0837076923076923,0.4932362968790978,0.085,200,,0.0
DV2PV,1,ens,0.1,TargetPAC-400,0.0663923076923077,0.45014048430806886,0.0,400,,0.0
DV2PV,1,ens,0.1,Target-400,0.08884615384615387,0.5020626803042224,0.0,400,,0.0
DV2PV,1,ens,0.1,TargetPAC-all,0.06615384615384615,0.4476440248273451,0.0,420,,0.0
DV2PV,1,ens,0.1,Target-all,0.09153846153846155,0.5045895620246528,0.0,420,,0.0
DV2PV,1,ens,0.2,ID-all,0.24615384615384617,0.7409214092140921,1.0,2636,0.07391152095249212,
DV2PV,1,ens,0.2,ID,0.2454423076923077,0.7416962147040826,0.935,300,,0.83
DV2PV,1,ens,0.2,ID-PAC,0.2090730769230769,0.7064805489990384,0.555,300,,0.335
DV2PV,1,ens,0.2,Weighted,0.21438461538461542,0.7084873386368273,0.7333333333333333,300,,0.4666666666666667
DV2PV,1,ens,0.2,TargetPAC-25,0.10213076923076922,0.5150849724626279,0.03,25,,0.03
DV2PV,1,ens,0.2,Target-25,0.1611,0.6231362881370749,0.225,25,,0.205
DV2PV,1,ens,0.2,TargetPAC-50,0.09473076923076924,0.5141457295218114,0.0,50,,0.0
DV2PV,1,ens,0.2,Target-50,0.16033846153846157,0.6357409738613515,0.185,50,,0.155
DV2PV,1,ens,0.2,TargetPAC-100,0.12155384615384614,0.5774499519188739,0.01,100,,0.01
DV2PV,1,ens,0.2,Target-100,0.16956153846153846,0.6556623830754437,0.19,100,,0.14
DV2PV,1,ens,0.2,TargetPAC-200,0.1301692307692308,0.5985728647609057,0.0,200,,0.0
DV2PV,1,ens,0.2,Target-200,0.1605461538461539,0.648846227817117,0.055,200,,0.025
DV2PV,1,ens,0.2,TargetPAC-400,0.1356153846153846,0.6097221785121077,0.0,400,,0.0
DV2PV,1,ens,0.2,Target-400,0.16096538461538465,0.6549144155957688,0.0,400,,0.0
DV2PV,1,ens,0.2,TargetPAC-all,0.14153846153846156,0.6177113384037066,0.0,420,,0.0
DV2PV,1,ens,0.2,Target-all,0.16153846153846158,0.6564035317772533,0.0,420,,0.0
DV2PV,2,lr,0.02,ID-all,0.025561580170410533,0.19627275102325176,1.0,2649,0.1347350870313659,
DV2PV,2,lr,0.02,ID,0.027176607281177382,0.1990030479839763,0.76,300,,0.095
DV2PV,2,lr,0.02,ID-PAC,0.014248644461657628,0.1257586867543325,0.245,300,,0.0
DV2PV,2,lr,0.02,Weighted,0.015169119545571907,0.11927864379227264,0.2,300,,0.0
DV2PV,2,lr,0.02,TargetPAC-25,0.0,0.0,0.0,25,,0.0
DV2PV,2,lr,0.02,Target-25,0.0,0.0,0.0,25,,0.0
DV2PV,2,lr,0.02,TargetPAC-50,0.0,0.0,0.0,50,,0.0
DV2PV,2,lr,0.02,Target-50,0.01487219209914795,0.12705120613080206,0.28,50,,0.035
DV2PV,2,lr,0.02,TargetPAC-100,0.0,0.0,0.0,100,,0.0
DV2PV,2,lr,0.02,Target-100,0.014062742060418281,0.12183427675694505,0.19,100,,0.0
DV2PV,2,lr,0.02,TargetPAC-200,0.009349341595662277,0.09503988504746147,0.005,200,,0.0
DV2PV,2,lr,0.02,Target-200,0.015611928737412859,0.1295214665157189,0.185,200,,0.0
DV2PV,2,lr,0.02,TargetPAC-400,0.011890007745933384,0.10730218583993732,0.0,400,,0.0
DV2PV,2,lr,0.02,Target-400,0.01486831913245546,0.12328407210659237,0.01,400,,0.0
DV2PV,2,lr,0.02,TargetPAC-all,0.011618900077459334,0.10512932160585212,0.0,456,,0.0
DV2PV,2,lr,0.02,Target-all,0.013942680092951196,0.11975964469215362,0.0,456,,0.0
DV2PV,2,lr,0.05,ID-all,0.0704879938032533,0.37296873639292866,1.0,2649,0.1347350870313659,
DV2PV,2,lr,0.05,ID,0.06628195197521301,0.36404110424105196,0.765,300,,0.41
DV2PV,2,lr,0.05,ID-PAC,0.04581719597211464,0.291069319864147,0.21,300,,0.075
DV2PV,2,lr,0.05,Weighted,0.05090369222824684,0.2894684896513687,0.5,300,,0.2
DV2PV,2,lr,0.05,TargetPAC-25,0.0,0.0,0.0,25,,0.0
DV2PV,2,lr,0.05,Target-25,0.026661502711076687,0.18167229817991817,0.105,25,,0.07
DV2PV,2,lr,0.05,TargetPAC-50,0.013625096824167314,0.1200549507968301,0.005,50,,0.0
DV2PV,2,lr,0.05,Target-50,0.025391169635941128,0.18287451014543238,0.05,50,,0.025
DV2PV,2,lr,0.05,TargetPAC-100,0.015484120836560806,0.12982034311591048,0.0,100,,0.0
DV2PV,2,lr,0.05,Target-100,0.031374903175832684,0.21884768788644085,0.035,100,,0.005
DV2PV,2,lr,0.05,TargetPAC-200,0.019349341595662276,0.15416877122703126,0.0,200,,0.0
DV2PV,2,lr,0.05,Target-200,0.03099147947327653,0.2192369589828442,0.005,200,,0.0
DV2PV,2,lr,0.05,TargetPAC-400,0.02254066615027111,0.17707132282504567,0.0,400,,0.0
DV2PV,2,lr,0.05,Target-400,0.03310999225406661,0.2288846120351824,0.0,400,,0.0
DV2PV,2,lr,0.05,TargetPAC-all,0.023237800154918668,0.17749716972916482,0.0,456,,0.0
DV2PV,2,lr,0.05,Target-all,0.03175832687838885,0.22511538796481748,0.0,456,,0.0
DV2PV,2,lr,0.1,ID-all,0.15569326103795508,0.5598362797178438,1.0,2649,0.1347350870313659,
DV2PV,2,lr,0.1,ID,0.153144848954299,0.5541497866411216,0.975,300,,0.91
DV2PV,2,lr,0.1,ID-PAC,0.11439194422927963,0.48585604807106153,0.67,300,,0.44
DV2PV,2,lr,0.1,Weighted,0.11798347534211205,0.4714528723620425,0.7333333333333333,300,,0.45
DV2PV,2,lr,0.1,TargetPAC-25,0.027242447714949648,0.18358782548114605,0.04,25,,0.03
DV2PV,2,lr,0.1,Target-25,0.059752130131680875,0.3052216319777062,0.165,25,,0.105
DV2PV,2,lr,0.1,TargetPAC-50,0.02522075910147173,0.1846244012888618,0.0,50,,0.0
DV2PV,2,lr,0.1,Target-50,0.07743222308288149,0.3737949142210224,0.285,50,,0.17
DV2PV,2,lr,0.1,TargetPAC-100,0.038160340821068936,0.2520760254288949,0.005,100,,0.005
DV2PV,2,lr,0.1,Target-100,0.07039504260263361,0.37015954018984587,0.145,100,,0.05
DV2PV,2,lr,0.1,TargetPAC-200,0.04547250193648335,0.29124636419054256,0.0,200,,0.0
DV2PV,2,lr,0.1,Target-200,0.06922153369481023,0.37386188278324484,0.04,200,,0.0
DV2PV,2,lr,0.1,TargetPAC-400,0.04912858249419054,0.3182319951232257,0.0,400,,0.0
DV2PV,2,lr,0.1,Target-400,0.06860960495739736,0.3716529652529827,0.0,400,,0.0
DV2PV,2,lr,0.1,TargetPAC-all,0.0487993803253292,0.3214142645650092,0.0,456,,0.0
DV2PV,2,lr,0.1,Target-all,0.06661502711076685,0.36452146651571893,0.0,456,,0.0
DV2PV,2,lr,0.2,ID-all,0.29589465530596437,0.7305233823913612,1.0,2649,0.1347350870313659,
DV2PV,2,lr,0.2,ID,0.2959643687064291,0.7296398153792564,1.0,300,,1.0
DV2PV,2,lr,0.2,ID-PAC,0.25898528272656857,0.6919168335800748,0.99,300,,0.885
DV2PV,2,lr,0.2,Weighted,0.279137619416473,0.7082359429881855,0.9833333333333333,300,,0.95
DV2PV,2,lr,0.2,TargetPAC-25,0.10264523625096825,0.4247224592876426,0.105,25,,0.085
DV2PV,2,lr,0.2,Target-25,0.17567389620449267,0.5723849168335801,0.435,25,,0.305
DV2PV,2,lr,0.2,TargetPAC-50,0.09425251742835013,0.42285596098580513,0.04,50,,0.03
DV2PV,2,lr,0.2,Target-50,0.1946862896979086,0.6052561177392667,0.545,50,,0.375
DV2PV,2,lr,0.2,TargetPAC-100,0.12907048799380327,0.5087107027780197,0.05,100,,0.035
DV2PV,2,lr,0.2,Target-100,0.19199457784663054,0.6074681703387617,0.515,100,,0.335
DV2PV,2,lr,0.2,TargetPAC-200,0.14822230828814872,0.5473530436297135,0.045,200,,0.005
DV2PV,2,lr,0.2,Target-200,0.19308288148721922,0.6105887834189672,0.455,200,,0.215
DV2PV,2,lr,0.2,TargetPAC-400,0.16122385747482576,0.5663870068797352,0.0,400,,0.0
DV2PV,2,lr,0.2,Target-400,0.19882261812548407,0.6197235043107202,0.51,400,,0.005
DV2PV,2,lr,0.2,TargetPAC-all,0.16886134779240897,0.5764869807541582,0.0,456,,0.0
DV2PV,2,lr,0.2,Target-all,0.20449264136328435,0.6273970216842288,1.0,456,,0.0
DV2PV,2,svm,0.02,ID-all,0.02865995352439969,0.1953322302534181,1.0,2649,0.11330730302038768,
DV2PV,2,svm,0.02,ID,0.028578621223857476,0.18918157275973177,0.74,300,,0.155
DV2PV,2,svm,0.02,ID-PAC,0.012885360185902401,0.1090626142993991,0.14,300,,0.005
DV2PV,2,svm,0.02,Weighted,0.017725277562612957,0.12676826613254374,0.31666666666666665,300,,0.016666666666666666
DV2PV,2,svm,0.02,TargetPAC-25,0.0,0.0,0.0,25,,0.0
DV2PV,2,svm,0.02,Target-25,0.0,0.0,0.0,25,,0.0
DV2PV,2,svm,0.02,TargetPAC-50,0.0,0.0,0.0,50,,0.0
DV2PV,2,svm,0.02,Target-50,0.013586367157242445,0.10938665853870937,0.18,50,,0.025
DV2PV,2,svm,0.02,TargetPAC-100,0.0,0.0,0.0,100,,0.0
DV2PV,2,svm,0.02,Target-100,0.014848954298993028,0.11971723417225462,0.17,100,,0.035
DV2PV,2,svm,0.02,TargetPAC-200,0.009047250193648333,0.09231298441173909,0.02,200,,0.0
DV2PV,2,svm,0.02,Target-200,0.013752904725019366,0.11293904032047372,0.085,200,,0.005
DV2PV,2,svm,0.02,TargetPAC-400,0.010495739736638263,0.09478907950883915,0.0,400,,0.0
DV2PV,2,svm,0.02,Target-400,0.013048024786986833,0.10913480797700949,0.01,400,,0.0
DV2PV,2,svm,0.02,TargetPAC-all,0.010069713400464754,0.09274579813637551,0.0,456,,0.0
DV2PV,2,svm,0.02,Target-all,0.012393493415956625,0.10478098057998776,0.0,456,,0.0
DV2PV,2,svm,0.05,ID-all,0.06429124709527498,0.35912218061482193,1.0,2649,0.11330730302038768,
DV2PV,2,svm,0.05,ID,0.06740123934934159,0.3622725768527388,0.835,300,,0.375
DV2PV,2,svm,0.05,ID-PAC,0.04593338497288923,0.2740150657493686,0.29,300,,0.025
DV2PV,2,svm,0.05,Weighted,0.050503485670023246,0.27376614705796976,0.4166666666666667,300,,0.13333333333333333
DV2PV,2,svm,0.05,TargetPAC-25,0.0,0.0,0.0,25,,0.0
DV2PV,2,svm,0.05,Target-25,0.030193648334624325,0.18437768875729335,0.155,25,,0.085
DV2PV,2,svm,0.05,TargetPAC-50,0.012912470952749807,0.1046200470260385,0.005,50,,0.0
DV2PV,2,svm,0.05,Target-50,0.028028659953524396,0.18237585996690758,0.08,50,,0.025
DV2PV,2,svm,0.05,TargetPAC-100,0.013845855925639038,0.11474980405817294,0.0,100,,0.0
DV2PV,2,svm,0.05,Target-100,0.03452362509682417,0.21732508926238786,0.105,100,,0.02
DV2PV,2,svm,0.05,TargetPAC-200,0.02135166537567777,0.1531050248192981,0.0,200,,0.0
DV2PV,2,svm,0.05,Target-200,0.03634004647560032,0.22518070190716713,0.06,200,,0.005
DV2PV,2,svm,0.05,TargetPAC-400,0.02855151045701007,0.18875032656971172,0.0,400,,0.0
DV2PV,2,svm,0.05,Target-400,0.03599147947327653,0.2195042236349386,0.0,400,,0.0
DV2PV,2,svm,0.05,TargetPAC-all,0.028659953524399696,0.18909692589044674,0.0,456,,0.0
DV2PV,2,svm,0.05,Target-all,0.034082106893880706,0.20830793346686405,0.0,456,,0.0
DV2PV,2,svm,0.1,ID-all,0.13787761425251743,0.5306801358530001,1.0,2649,0.11330730302038768,
DV2PV,2,svm,0.1,ID,0.13670797831138654,0.5284045110162849,0.97,300,,0.81
DV2PV,2,svm,0.1,ID-PAC,0.10408985282726568,0.45904197509361666,0.58,300,,0.215
DV2PV,2,svm,0.1,Weighted,0.10293054479731473,0.43766292200063867,0.55,300,,0.3
DV2PV,2,svm,0.1,TargetPAC-25,0.030689388071262584,0.18911286249238002,0.045,25,,0.03
DV2PV,2,svm,0.1,Target-25,0.06361735089078234,0.3152054341200035,0.205,25,,0.15
DV2PV,2,svm,0.1,TargetPAC-50,0.02688226181254841,0.17834538012714446,0.005,50,,0.0
DV2PV,2,svm,0.1,Target-50,0.07621998450813323,0.37008368893146387,0.26,50,,0.205
DV2PV,2,svm,0.1,TargetPAC-100,0.04306351665375678,0.2561006705564748,0.015,100,,0.0
DV2PV,2,svm,0.1,Target-100,0.07189388071262587,0.37166985979273703,0.155,100,,0.05
DV2PV,2,svm,0.1,TargetPAC-200,0.054004647560030976,0.3125021335887834,0.005,200,,0.0
DV2PV,2,svm,0.1,Target-200,0.07810224632068165,0.39557955238178183,0.155,200,,0.035
DV2PV,2,svm,0.1,TargetPAC-400,0.05949651432997676,0.34291639815379255,0.0,400,,0.0
DV2PV,2,svm,0.1,Target-400,0.0738884585592564,0.3884298528259166,0.01,400,,0.0
DV2PV,2,svm,0.1,TargetPAC-all,0.06041828040278853,0.3461638944526691,0.0,456,,0.0
DV2PV,2,svm,0.1,Target-all,0.07048799380325331,0.3790472872942611,0.0,456,,0.0
DV2PV,2,svm,0.2,ID-all,0.26258714175058095,0.7146216145606549,1.0,2649,0.11330730302038768,
DV2PV,2,svm,0.2,ID,0.26171572424477146,0.7121648523904902,0.985,300,,0.97
DV2PV,2,svm,0.2,ID-PAC,0.22675832687838884,0.6712954802751895,0.78,300,,0.585
DV2PV,2,svm,0.2,Weighted,0.24279628195197525,0.6845104357165664,0.8833333333333333,300,,0.85
DV2PV,2,svm,0.2,TargetPAC-25,0.09233152594887685,0.4048773839588958,0.04,25,,0.015
DV2PV,2,svm,0.2,Target-25,0.16976762199845083,0.5657433597491945,0.285,25,,0.24
DV2PV,2,svm,0.2,TargetPAC-50,0.09840046475600309,0.43307715753722886,0.015,50,,0.01
DV2PV,2,svm,0.2,Target-50,0.17678543764523624,0.5923904032047375,0.3,50,,0.235
DV2PV,2,svm,0.2,TargetPAC-100,0.1252556158017041,0.5022957415309588,0.0,100,,0.0
DV2PV,2,svm,0.2,Target-100,0.1747908597986057,0.594317077418793,0.22,100,,0.135
DV2PV,2,svm,0.2,TargetPAC-200,0.14342757552285051,0.5423677610380563,0.0,200,,0.0
DV2PV,2,svm,0.2,Target-200,0.17716886134779244,0.6030101889750066,0.11,200,,0.025
DV2PV,2,svm,0.2,TargetPAC-400,0.15072811773818745,0.5582084821039799,0.0,400,,0.0
DV2PV,2,svm,0.2,Target-400,0.18152982184353214,0.6114858486458242,0.0,400,,0.0
DV2PV,2,svm,0.2,TargetPAC-all,0.14794732765298213,0.5556387703561788,0.0,456,,0.0
DV2PV,2,svm,0.2,Target-all,0.18357862122385746,0.6139336410345727,0.0,456,,0.0
DV2PV,2,lgbm,0.02,ID-all,0.01471727343144849,0.2133588783418967,0.0,2649,0.032663042540642756,
DV2PV,2,lgbm,0.02,ID,0.01494577846630519,0.19785709309413918,0.18,300,,0.005
DV2PV,2,lgbm,0.02,ID-PAC,0.009066615027110765,0.11683514760950972,0.015,300,,0.0
DV2PV,2,lgbm,0.02,Weighted,0.0065969532662019095,0.0965700020319893,0.0,300,,0.0
DV2PV,2,lgbm,0.02,TargetPAC-25,0.0,0.0,0.0,25,,0.0
DV2PV,2,lgbm,0.02,Target-25,0.0,0.0,0.0,25,,0.0
DV2PV,2,lgbm,0.02,TargetPAC-50,0.0,0.0,0.0,50,,0.0
DV2PV,2,lgbm,0.02,Target-50,0.01608830364058869,0.17354358617086127,0.195,50,,0.08
DV2PV,2,lgbm,0.02,TargetPAC-100,0.0,0.0,0.0,100,,0.0
DV2PV,2,lgbm,0.02,Target-100,0.014860573199070486,0.17474318557868151,0.155,100,,0.04
DV2PV,2,lgbm,0.02,TargetPAC-200,0.009639814097598759,0.12480519028128537,0.005,200,,0.0
DV2PV,2,lgbm,0.02,Target-200,0.013466305189775367,0.17458651920229903,0.1,200,,0.01
DV2PV,2,lgbm,0.02,TargetPAC-400,0.010201394268009291,0.13831341983802142,0.0,400,,0.0
DV2PV,2,lgbm,0.02,Target-400,0.011130906274206043,0.1611958547417922,0.0,400,,0.0
DV2PV,2,lgbm,0.02,TargetPAC-all,0.010069713400464754,0.13475572585561266,0.0,456,,0.0
DV2PV,2,lgbm,0.02,Target-all,0.010844306738962044,0.15941827048680657,0.0,456,,0.0
DV2PV,2,lgbm,0.05,ID-all,0.046475600309837335,0.34818427240268224,0.0,2649,0.032663042540642756,
DV2PV,2,lgbm,0.05,ID,0.04449651432997676,0.3404734825394061,0.39,300,,0.02
DV2PV,2,lgbm,0.05,ID-PAC,0.027176607281177382,0.26744396063746406,0.035,300,,0.0
DV2PV,2,lgbm,0.05,Weighted,0.024580428608313967,0.22464541786408893,0.016666666666666666,300,,0.0
DV2PV,2,lgbm,0.05,TargetPAC-25,0.0,0.0,0.0,25,,0.0
DV2PV,2,lgbm,0.05,Target-25,0.03553834237025561,0.2716338064965601,0.295,25,,0.145
DV2PV,2,lgbm,0.05,TargetPAC-50,0.017931835786212238,0.17860202037794998,0.075,50,,0.035
DV2PV,2,lgbm,0.05,Target-50,0.03165375677769171,0.26744831490028736,0.205,50,,0.065
DV2PV,2,lgbm,0.05,TargetPAC-100,0.014473276529821843,0.17225542105721503,0.015,100,,0.0
DV2PV,2,lgbm,0.05,Target-100,0.0438574748257165,0.3347120961421231,0.36,100,,0.125
DV2PV,2,lgbm,0.05,TargetPAC-200,0.021727343144848952,0.23343176870155882,0.01,200,,0.0
DV2PV,2,lgbm,0.05,Target-200,0.045054221533694816,0.3433607071322825,0.29,200,,0.035
DV2PV,2,lgbm,0.05,TargetPAC-400,0.033799380325329205,0.2944222764086041,0.0,400,,0.0
DV2PV,2,lgbm,0.05,Target-400,0.04565065840433773,0.3462600365758077,0.15,400,,0.0
DV2PV,2,lgbm,0.05,TargetPAC-all,0.034082106893880706,0.2963859618566578,0.0,456,,0.0
DV2PV,2,lgbm,0.05,Target-all,0.043377226955848176,0.33362361752155356,0.0,456,,0.0
DV2PV,2,lgbm,0.1,ID-all,0.08055770720371805,0.4738831315858225,0.0,2649,0.032663042540642756,
DV2PV,2,lgbm,0.1,ID,0.08054996127033308,0.47286876251850557,0.095,300,,0.015
DV2PV,2,lgbm,0.1,ID-PAC,0.06389620449264136,0.4190318732038666,0.0,300,,0.0
DV2PV,2,lgbm,0.1,Weighted,0.06666666666666667,0.40878661209323924,0.016666666666666666,300,,0.0
DV2PV,2,lgbm,0.1,TargetPAC-25,0.03302865995352439,0.2557226334581555,0.04,25,,0.03
DV2PV,2,lgbm,0.1,Target-25,0.06784275755228504,0.40301071148654527,0.185,25,,0.125
DV2PV,2,lgbm,0.1,TargetPAC-50,0.034384198295894654,0.27712670904815817,0.03,50,,0.015
DV2PV,2,lgbm,0.1,Target-50,0.08841982958946554,0.4798097187146216,0.3,50,,0.175
DV2PV,2,lgbm,0.1,TargetPAC-100,0.05290859798605732,0.3733096751719934,0.0,100,,0.0
DV2PV,2,lgbm,0.1,Target-100,0.08532532920216887,0.47998432465383606,0.225,100,,0.075
DV2PV,2,lgbm,0.1,TargetPAC-200,0.06824941905499612,0.4330072280762866,0.0,200,,0.0
DV2PV,2,lgbm,0.1,Target-200,0.08447714949651434,0.48266916311068525,0.12,200,,0.015
DV2PV,2,lgbm,0.1,TargetPAC-400,0.07382649109217662,0.4467016459113472,0.0,400,,0.0
DV2PV,2,lgbm,0.1,Target-400,0.08218048024786986,0.47947191500478964,0.015,400,,0.0
DV2PV,2,lgbm,0.1,TargetPAC-all,0.07668474051123161,0.45012627362187574,0.0,456,,0.0
DV2PV,2,lgbm,0.1,Target-all,0.07978311386522076,0.4705913088914046,0.0,456,,0.0
DV2PV,2,lgbm,0.2,ID-all,0.1735089078233927,0.6586606287555516,0.0,2649,0.032663042540642756,
DV2PV,2,lgbm,0.2,ID,0.17852439969016268,0.6622507184533657,0.18,300,,0.055
DV2PV,2,lgbm,0.2,ID-PAC,0.14715724244771494,0.6160735870417139,0.02,300,,0.0
DV2PV,2,lgbm,0.2,Weighted,0.16385231087012653,0.6397131992220384,0.1,300,,0.016666666666666666
DV2PV,2,lgbm,0.2,TargetPAC-25,0.10266460108443067,0.5037030392754507,0.06,25,,0.025
DV2PV,2,lgbm,0.2,Target-25,0.17136715724244772,0.637036053296177,0.335,25,,0.225
DV2PV,2,lgbm,0.2,TargetPAC-50,0.10266847405112316,0.5185319167464948,0.01,50,,0.0
DV2PV,2,lgbm,0.2,Target-50,0.17315259488768397,0.647947313419838,0.325,50,,0.175
DV2PV,2,lgbm,0.2,TargetPAC-100,0.13190162664601085,0.5855008273099364,0.02,100,,0.0
DV2PV,2,lgbm,0.2,Target-100,0.17083268783888456,0.6494128712009056,0.235,100,,0.04
DV2PV,2,lgbm,0.2,TargetPAC-200,0.14402013942680095,0.611061482191065,0.005,200,,0.0
DV2PV,2,lgbm,0.2,Target-200,0.1739116963594113,0.657265522946965,0.125,200,,0.0
DV2PV,2,lgbm,0.2,TargetPAC-400,0.1495507358636716,0.6224523208220848,0.0,400,,0.0
DV2PV,2,lgbm,0.2,Target-400,0.1747753679318358,0.6602663067142732,0.005,400,,0.0
DV2PV,2,lgbm,0.2,TargetPAC-all,0.15182029434546865,0.6264739179656883,0.0,456,,0.0
DV2PV,2,lgbm,0.2,Target-all,0.1735089078233927,0.6586606287555518,0.0,456,,0.0
DV2PV,2,ens,0.02,ID-all,0.021688613477924088,0.24659061220935297,1.0,2649,0.07310681522249894,
DV2PV,2,ens,0.02,ID,0.023574748257164987,0.24810815988853085,0.52,300,,0.09
DV2PV,2,ens,0.02,ID-PAC,0.011727343144848953,0.15311712966994687,0.08,300,,0.005
DV2PV,2,ens,0.02,Weighted,0.009850245287890523,0.13614009114923512,0.06666666666666667,300,,0.0
DV2PV,2,ens,0.02,TargetPAC-25,0.0,0.0,0.0,25,,0.0
DV2PV,2,ens,0.02,Target-25,0.0,0.0,0.0,25,,0.0
DV2PV,2,ens,0.02,TargetPAC-50,0.0,0.0,0.0,50,,0.0
DV2PV,2,ens,0.02,Target-50,0.01505422153369481,0.17608664983018374,0.13,50,,0.03
DV2PV,2,ens,0.02,TargetPAC-100,0.0,0.0,0.0,100,,0.0
DV2PV,2,ens,0.02,Target-100,0.01399690162664601,0.17776704693895326,0.1,100,,0.005
DV2PV,2,ens,0.02,TargetPAC-200,0.010077459333849728,0.1394045981015414,0.0,200,,0.0
DV2PV,2,ens,0.02,Target-200,0.013361735089078232,0.17810694069494035,0.04,200,,0.0
DV2PV,2,ens,0.02,TargetPAC-400,0.01019364833462432,0.14876008011843597,0.0,400,,0.0
DV2PV,2,ens,0.02,Target-400,0.014209914794732765,0.18507881215710179,0.0,400,,0.0
DV2PV,2,ens,0.02,TargetPAC-all,0.010069713400464754,0.1457110511190456,0.0,456,,0.0
DV2PV,2,ens,0.02,Target-all,0.01471727343144849,0.19245841679003742,0.0,456,,0.0
DV2PV,2,ens,0.05,ID-all,0.06893880712625872,0.43204737437951757,1.0,2649,0.07310681522249894,
DV2PV,2,ens,0.05,ID,0.06434934159566227,0.42447226334581556,0.82,300,,0.365
DV2PV,2,ens,0.05,ID-PAC,0.04312161115414406,0.3464342941739963,0.29,300,,0.025
DV2PV,2,ens,0.05,Weighted,0.038316550477665884,0.2968768324189381,0.3,300,,0.016666666666666666
DV2PV,2,ens,0.05,TargetPAC-25,0.0,0.0,0.0,25,,0.0
DV2PV,2,ens,0.05,Target-25,0.02855925639039504,0.24775102325176349,0.18,25,,0.105
DV2PV,2,ens,0.05,TargetPAC-50,0.018477924089852826,0.19275050074022468,0.07,50,,0.025
DV2PV,2,ens,0.05,Target-50,0.029058869093725796,0.2587914308107637,0.165,50,,0.08
DV2PV,2,ens,0.05,TargetPAC-100,0.0137141750580945,0.1755091004093007,0.005,100,,0.0
DV2PV,2,ens,0.05,Target-100,0.036816421378776144,0.3082811112078725,0.225,100,,0.145
DV2PV,2,ens,0.05,TargetPAC-200,0.01831138652207591,0.21873465122354788,0.0,200,,0.0
DV2PV,2,ens,0.05,Target-200,0.03420604182804028,0.3047772359139597,0.12,200,,0.005
DV2PV,2,ens,0.05,TargetPAC-400,0.021196746707978314,0.241967865540364,0.0,400,,0.0
DV2PV,2,ens,0.05,Target-400,0.03316808675445391,0.30803169903335365,0.0,400,,0.0
DV2PV,2,ens,0.05,TargetPAC-all,0.021688613477924088,0.2463119393886615,0.0,456,,0.0
DV2PV,2,ens,0.05,Target-all,0.030209140201394265,0.300444134807977,0.0,456,,0.0
DV2PV,2,ens,0.1,ID-all,0.13168086754453912,0.5867456239658626,1.0,2649,0.07310681522249894,
DV2PV,2,ens,0.1,ID,0.13195584817970565,0.5846459113472089,0.93,300,,0.705
DV2PV,2,ens,0.1,ID-PAC,0.09651432997676221,0.5183873552207612,0.41,300,,0.12
DV2PV,2,ens,0.1,Weighted,0.1072811773818745,0.5179288223170484,0.6333333333333333,300,,0.36666666666666664
DV2PV,2,ens,0.1,TargetPAC-25,0.0359140201394268,0.27096795262562046,0.055,25,,0.04
DV2PV,2,ens,0.1,Target-25,0.07210302091402014,0.41742906905860844,0.255,25,,0.15
DV2PV,2,ens,0.1,TargetPAC-50,0.027370255615801704,0.25400330923974573,0.0,50,,0.0
DV2PV,2,ens,0.1,Target-50,0.08761425251742835,0.47816432987895147,0.335,50,,0.205
DV2PV,2,ens,0.1,TargetPAC-100,0.04695972114639813,0.35224096490464163,0.015,100,,0.005
DV2PV,2,ens,0.1,Target-100,0.09007358636715723,0.4990983192545502,0.28,100,,0.09
DV2PV,2,ens,0.1,TargetPAC-200,0.06556545313710302,0.4264956892798049,0.01,200,,0.0
DV2PV,2,ens,0.1,Target-200,0.0886909372579396,0.5021738221719062,0.195,200,,0.03
DV2PV,2,ens,0.1,TargetPAC-400,0.0722308288148722,0.450917791517896,0.0,400,,0.0
DV2PV,2,ens,0.1,Target-400,0.08853989155693259,0.5076815292171035,0.035,400,,0.0
DV2PV,2,ens,0.1,TargetPAC-all,0.07358636715724243,0.45886963337107034,0.0,456,,0.0
DV2PV,2,ens,0.1,Target-all,0.08597986057319908,0.5042410519898981,0.0,456,,0.0
DV2PV,2,ens,0.2,ID-all,0.24322230828814873,0.7307498040581729,1.0,2649,0.07310681522249894,
DV2PV,2,ens,0.2,ID,0.2434740511231603,0.7310657493686318,0.98,300,,0.84
DV2PV,2,ens,0.2,ID-PAC,0.20730828814872193,0.6919170948358442,0.615,300,,0.27
DV2PV,2,ens,0.2,Weighted,0.2267492899561064,0.7099581990768963,0.8833333333333333,300,,0.5166666666666667
DV2PV,2,ens,0.2,TargetPAC-25,0.10095274980635167,0.4964855873900549,0.05,25,,0.03
DV2PV,2,ens,0.2,Target-25,0.16689388071262587,0.6281778280937037,0.285,25,,0.16
DV2PV,2,ens,0.2,TargetPAC-50,0.10096824167312163,0.5134541496124706,0.005,50,,0.0
DV2PV,2,ens,0.2,Target-50,0.17244384198295898,0.6413078463816076,0.29,50,,0.135
DV2PV,2,ens,0.2,TargetPAC-100,0.13541053446940357,0.5894707828964556,0.01,100,,0.005
DV2PV,2,ens,0.2,Target-100,0.17634391944229277,0.6504227989201428,0.24,100,,0.09
DV2PV,2,ens,0.2,TargetPAC-200,0.1484856700232378,0.6111780022642166,0.005,200,,0.0
DV2PV,2,ens,0.2,Target-200,0.17873353989155696,0.6555112775407124,0.105,200,,0.015
DV2PV,2,ens,0.2,TargetPAC-400,0.15506971340046477,0.6233454672124009,0.0,400,,0.0
DV2PV,2,ens,0.2,Target-400,0.17974438419829591,0.6576028912305147,0.0,400,,0.0
DV2PV,2,ens,0.2,TargetPAC-all,0.15414407436096053,0.6232517634764436,0.0,456,,0.0
DV2PV,2,ens,0.2,Target-all,0.18048024786986835,0.6584690411913262,0.0,456,,0.0
PV-P,0,lr,0.02,ID-all,0.02005730659025788,0.14536960404234003,1.0,417,0.23589151601355018,
PV-P,0,lr,0.02,ID,0.023209169054441262,0.15423781417432592,0.7,300,,0.065
PV-P,0,lr,0.02,ID-PAC,0.0046346704871060174,0.04111812301258875,0.015,300,,0.0
PV-P,0,lr,0.02,Weighted,0.0027539000318369945,0.024664590321034977,0.0,300,,0.0
PV-P,0,lr,0.02,TargetPAC-25,0.0,0.0,0.0,25,,0.0
PV-P,0,lr,0.02,Target-25,0.0,0.0,0.0,25,,0.0
PV-P,0,lr,0.02,TargetPAC-50,0.0,0.0,0.0,50,,0.0
PV-P,0,lr,0.02,Target-50,0.01477316141356256,0.10382802631005796,0.305,50,,0.09
PV-P,0,lr,0.02,TargetPAC-100,0.0,0.0,0.0,100,,0.0
PV-P,0,lr,0.02,Target-100,0.015327125119388729,0.11145516618025003,0.305,100,,0.055
PV-P,0,lr,0.02,TargetPAC-200,0.006855300859598854,0.06345531863919501,0.0,200,,0.0
PV-P,0,lr,0.02,Target-200,0.012970391595033428,0.10318062029010759,0.17,200,,0.02
PV-P,0,lr,0.02,TargetPAC-400,0.007607449856733523,0.0713435989022956,0.005,400,,0.0
PV-P,0,lr,0.02,Target-400,0.011912607449856734,0.1000602212832687,0.1,400,,0.0
PV-P,0,lr,0.02,TargetPAC-all,0.008118433619866283,0.07461776364507557,0.0,703,,0.0
PV-P,0,lr,0.02,Target-all,0.010028653295128942,0.09289105719388421,0.0,703,,0.0
PV-P,0,lr,0.05,ID-all,0.09169054441260745,0.37154244892625343,1.0,417,0.23589151601355018,
PV-P,0,lr,0.05,ID,0.10164517669531996,0.3960261575989894,1.0,300,,0.995
PV-P,0,lr,0.05,ID-PAC,0.053292741165234005,0.27173933876377576,0.66,300,,0.135
PV-P,0,lr,0.05,Weighted,0.026838586437440307,0.16004904096063655,0.0,300,,0.0
PV-P,0,lr,0.05,TargetPAC-25,0.0,0.0,0.0,25,,0.0
PV-P,0,lr,0.05,Target-25,0.03436246418338109,0.18256158252384894,0.31,25,,0.085
PV-P,0,lr,0.05,TargetPAC-50,0.01593839541547278,0.10600938711504117,0.095,50,,0.015
PV-P,0,lr,0.05,Target-50,0.03171203438395415,0.18164105719388424,0.29,50,,0.055
PV-P,0,lr,0.05,TargetPAC-100,0.013216332378223495,0.10230556039552206,0.01,100,,0.0
PV-P,0,lr,0.05,Target-100,0.039154727793696276,0.21791245589580518,0.38,100,,0.035
PV-P,0,lr,0.05,TargetPAC-200,0.020945558739255014,0.1462075837435205,0.03,200,,0.0
PV-P,0,lr,0.05,Target-200,0.04292502387774594,0.23640605262011583,0.42,200,,0.005
PV-P,0,lr,0.05,TargetPAC-400,0.026903056351480423,0.1761849327002657,0.015,400,,0.0
PV-P,0,lr,0.05,Target-400,0.04442454632282713,0.24353388944548499,0.39,400,,0.0
PV-P,0,lr,0.05,TargetPAC-all,0.03151862464183381,0.19128152633183773,0.0,703,,0.0
PV-P,0,lr,0.05,Target-all,0.04393505253104106,0.2464825543407239,0.0,703,,0.0
PV-P,0,lr,0.1,ID-all,0.20678127984718242,0.5814566363200767,1.0,417,0.23589151601355018,
PV-P,0,lr,0.1,ID,0.21511222540592165,0.5914859302173628,1.0,300,,1.0
PV-P,0,lr,0.1,ID-PAC,0.18258118433619866,0.5396019188047219,1.0,300,,0.995
PV-P,0,lr,0.1,Weighted,0.12086914995224449,0.43543036982184086,0.7333333333333333,300,,0.55
PV-P,0,lr,0.1,TargetPAC-25,0.031924546322827124,0.17541675741603868,0.035,25,,0.005
PV-P,0,lr,0.1,Target-25,0.0643720152817574,0.28594856688591713,0.19,25,,0.1
PV-P,0,lr,0.1,TargetPAC-50,0.031141356255969442,0.1807994293679488,0.01,50,,0.005
PV-P,0,lr,0.1,Target-50,0.08478748806112701,0.3540160408589972,0.285,50,,0.115
PV-P,0,lr,0.1,TargetPAC-100,0.05148758357211079,0.26459484035370473,0.025,100,,0.0
PV-P,0,lr,0.1,Target-100,0.08324498567335244,0.35460001306790956,0.205,100,,0.075
PV-P,0,lr,0.1,TargetPAC-200,0.0626647564469914,0.3057408415733763,0.005,200,,0.0
PV-P,0,lr,0.1,Target-200,0.08181948424068768,0.3543084353356275,0.1,200,,0.015
PV-P,0,lr,0.1,TargetPAC-400,0.06525071633237822,0.3166022890621597,0.0,400,,0.0
PV-P,0,lr,0.1,Target-400,0.08254297994269341,0.35575107810253953,0.03,400,,0.0
PV-P,0,lr,0.1,TargetPAC-all,0.06638013371537728,0.3236921200505294,0.0,703,,0.0
PV-P,0,lr,0.1,Target-all,0.0873925501432665,0.36327699612318687,0.0,703,,0.0
PV-P,0,lr,0.2,ID-all,0.38968481375358166,0.7653765735941107,1.0,417,0.23589151601355018,
PV-P,0,lr,0.2,ID,0.38695081184336194,0.7622171342074313,1.0,300,,1.0
PV-P,0,lr,0.2,ID-PAC,0.34196513849092647,0.7220750751404801,1.0,300,,1.0
PV-P,0,lr,0.2,Weighted,0.26228112066220943,0.6516648879789749,1.0,300,,1.0
PV-P,0,lr,0.2,TargetPAC-25,0.0960482330468004,0.36681878076403707,0.065,25,,0.04
PV-P,0,lr,0.2,Target-25,0.16224212034383953,0.4955358387419959,0.235,25,,0.145
PV-P,0,lr,0.2,TargetPAC-50,0.09831900668576886,0.38370507906085294,0.02,50,,0.01
PV-P,0,lr,0.2,Target-50,0.177256446991404,0.5260432003310537,0.26,50,,0.16
PV-P,0,lr,0.2,TargetPAC-100,0.12791786055396373,0.44727539530426447,0.015,100,,0.0
PV-P,0,lr,0.2,Target-100,0.17683381088825215,0.5295447467003528,0.165,100,,0.065
PV-P,0,lr,0.2,TargetPAC-200,0.14565902578796563,0.4803939974735374,0.0,200,,0.0
PV-P,0,lr,0.2,Target-200,0.17934336198662848,0.5340155508123884,0.055,200,,0.01
PV-P,0,lr,0.2,TargetPAC-400,0.1587559694364852,0.4997505118264582,0.0,400,,0.0
PV-P,0,lr,0.2,Target-400,0.1825334288443171,0.53965076011674,0.005,400,,0.0
PV-P,0,lr,0.2,TargetPAC-all,0.1671442215854823,0.5110532735113473,0.0,703,,0.0
PV-P,0,lr,0.2,Target-all,0.18385864374403055,0.5423726967809382,0.0,703,,0.0
PV-P,0,svm,0.02,ID-all,0.009073543457497613,0.0625081674434813,0.0,417,0.23097166965567947,
PV-P,0,svm,0.02,ID,0.018402578796561604,0.09768436642418435,0.405,300,,0.065
PV-P,0,svm,0.02,ID-PAC,0.0036795606494746907,0.02153112340462604,0.0,300,,0.0
PV-P,0,svm,0.02,Weighted,0.0029847182425978983,0.015013757604797374,0.0,300,,0.0
PV-P,0,svm,0.02,TargetPAC-25,0.0,0.0,0.0,25,,0.0
PV-P,0,svm,0.02,Target-25,0.0,0.0,0.0,25,,0.0
PV-P,0,svm,0.02,TargetPAC-50,0.0,0.0,0.0,50,,0.0
PV-P,0,svm,0.02,Target-50,0.015023877745940786,0.07936691423095352,0.19,50,,0.08
PV-P,0,svm,0.02,TargetPAC-100,0.0,0.0,0.0,100,,0.0
PV-P,0,svm,0.02,Target-100,0.01459885386819484,0.08336520451278479,0.215,100,,0.015
PV-P,0,svm,0.02,TargetPAC-200,0.008228271251193887,0.04825412728143921,0.03,200,,0.0
PV-P,0,svm,0.02,Target-200,0.013841929321872014,0.0823601189179771,0.145,200,,0.0
PV-P,0,svm,0.02,TargetPAC-400,0.009305157593123208,0.05974403232129633,0.0,400,,0.0
PV-P,0,svm,0.02,Target-400,0.013763132760267433,0.08288484993683845,0.05,400,,0.0
PV-P,0,svm,0.02,TargetPAC-all,0.009551098376313278,0.06299821405235873,0.0,703,,0.0
PV-P,0,svm,0.02,Target-all,0.013371537726838587,0.08046565317768,0.0,703,,0.0
PV-P,0,svm,0.05,ID-all,0.1017191977077364,0.3622969029054319,1.0,417,0.23097166965567947,
PV-P,0,svm,0.05,ID,0.09800620821394461,0.3508178877902165,1.0,300,,1.0
PV-P,0,svm,0.05,ID-PAC,0.0595033428844317,0.24325619636712112,0.69,300,,0.315
PV-P,0,svm,0.05,Weighted,0.027355937599490607,0.13942787965907275,0.05,300,,0.016666666666666666
PV-P,0,svm,0.05,TargetPAC-25,0.0,0.0,0.0,25,,0.0
PV-P,0,svm,0.05,Target-25,0.0314207258834766,0.13944319815306877,0.205,25,,0.1
PV-P,0,svm,0.05,TargetPAC-50,0.01510028653295129,0.07949824672213268,0.04,50,,0.015
PV-P,0,svm,0.05,Target-50,0.030845272206303728,0.14500609835779937,0.175,50,,0.055
PV-P,0,svm,0.05,TargetPAC-100,0.01453438395415473,0.08189816831467525,0.005,100,,0.0
PV-P,0,svm,0.05,Target-100,0.04018385864374403,0.1813856340114126,0.33,100,,0.045
PV-P,0,svm,0.05,TargetPAC-200,0.021425501432664754,0.116614376878512,0.0,200,,0.0
PV-P,0,svm,0.05,Target-200,0.038256924546322825,0.17846043690377664,0.195,200,,0.015
PV-P,0,svm,0.05,TargetPAC-400,0.026702483285577845,0.14049690726140177,0.0,400,,0.0
PV-P,0,svm,0.05,Target-400,0.03847898758357211,0.18079349435901904,0.1,400,,0.0
PV-P,0,svm,0.05,TargetPAC-all,0.029130850047755494,0.15219758679269943,0.0,703,,0.0
PV-P,0,svm,0.05,Target-all,0.03677172874880612,0.17930260922594418,0.0,703,,0.0
PV-P,0,svm,0.1,ID-all,0.1991404011461318,0.5445833514832077,1.0,417,0.23097166965567947,
PV-P,0,svm,0.1,ID,0.20619388729703914,0.554082251600819,1.0,300,,1.0
PV-P,0,svm,0.1,ID-PAC,0.13546800382043936,0.4350001088992464,1.0,300,,0.72
PV-P,0,svm,0.1,Weighted,0.1190862782553327,0.4066250671545353,0.6666666666666666,300,,0.45
PV-P,0,svm,0.1,TargetPAC-25,0.030226838586437443,0.13536573811909222,0.04,25,,0.03
PV-P,0,svm,0.1,Target-25,0.05762655205348615,0.22463393518316857,0.16,25,,0.1
PV-P,0,svm,0.1,TargetPAC-50,0.029302769818529133,0.13979608616108377,0.02,50,,0.0
PV-P,0,svm,0.1,Target-50,0.08922636103151863,0.3214593588012371,0.355,50,,0.225
PV-P,0,svm,0.1,TargetPAC-100,0.050374880611270295,0.21409303262621424,0.02,100,,0.005
PV-P,0,svm,0.1,Target-100,0.08681470869149951,0.3185078080759681,0.295,100,,0.105
PV-P,0,svm,0.1,TargetPAC-200,0.06494269340974211,0.25882769961231866,0.0,200,,0.0
PV-P,0,svm,0.1,Target-200,0.08660458452722063,0.320237781504552,0.2,200,,0.035
PV-P,0,svm,0.1,TargetPAC-400,0.06909025787965616,0.2713860151587751,0.0,400,,0.0
PV-P,0,svm,0.1,Target-400,0.08839541547277938,0.326663980485255,0.065,400,,0.0
PV-P,0,svm,0.1,TargetPAC-all,0.07593123209169053,0.29108768567321514,0.0,703,,0.0
PV-P,0,svm,0.1,Target-all,0.0888252148997135,0.3280263100579344,0.0,703,,0.0
PV-P,0,svm,0.2,ID-all,0.3438395415472779,0.711449666768306,1.0,417,0.23097166965567947,
PV-P,0,svm,0.2,ID,0.34327125119388735,0.7106608006272598,1.0,300,,1.0
PV-P,0,svm,0.2,ID-PAC,0.30942693409742117,0.6736420263971774,1.0,300,,1.0
PV-P,0,svm,0.2,Weighted,0.25772843043616683,0.622237044619651,1.0,300,,1.0
PV-P,0,svm,0.2,TargetPAC-25,0.10218958930276983,0.3460368297251382,0.04,25,,0.025
PV-P,0,svm,0.2,Target-25,0.1712750716332378,0.4850547763209479,0.345,25,,0.215
PV-P,0,svm,0.2,TargetPAC-50,0.10426934097421203,0.35882241799886744,0.02,50,,0.005
PV-P,0,svm,0.2,Target-50,0.17252387774594077,0.49454028183124976,0.31,50,,0.165
PV-P,0,svm,0.2,TargetPAC-100,0.12920964660936007,0.41975317985799543,0.03,100,,0.005
PV-P,0,svm,0.2,Target-100,0.17996179560649472,0.5136261815568237,0.335,100,,0.16
PV-P,0,svm,0.2,TargetPAC-200,0.1422230181470869,0.45038670122402746,0.0,200,,0.0
PV-P,0,svm,0.2,Target-200,0.1747827125119389,0.5081957572853597,0.225,200,,0.055
PV-P,0,svm,0.2,TargetPAC-400,0.15279369627507164,0.47440513786644595,0.0,400,,0.0
PV-P,0,svm,0.2,Target-400,0.17383954154727796,0.5084322319989546,0.055,400,,0.0
PV-P,0,svm,0.2,TargetPAC-all,0.15377268385864373,0.4770331489306095,0.0,703,,0.0
PV-P,0,svm,0.2,Target-all,0.17621776504297998,0.5118264581609094,0.0,703,,0.0
PV-P,0,lgbm,0.02,ID-all,0.02387774594078319,0.20322777366380623,1.0,417,0.17859866834326235,
PV-P,0,lgbm,0.02,ID,0.024646609360076406,0.20870513351047612,0.595,300,,0.02
PV-P,0,lgbm,0.02,ID-PAC,0.004202483285577842,0.04407343076185913,0.02,300,,0.0
PV-P,0,lgbm,0.02,Weighted,0.0007402101241642789,0.014528974459496741,0.0,300,,0.0
PV-P,0,lgbm,0.02,TargetPAC-25,0.0,0.0,0.0,25,,0.0
PV-P,0,lgbm,0.02,Target-25,0.0,0.0,0.0,25,,0.0
PV-P,0,lgbm,0.02,TargetPAC-50,0.0,0.0,0.0,50,,0.0
PV-P,0,lgbm,0.02,Target-50,0.01717526265520535,0.14750642505553863,0.355,50,,0.065
PV-P,0,lgbm,0.02,TargetPAC-100,0.0,0.0,0.0,100,,0.0
PV-P,0,lgbm,0.02,Target-100,0.01876552053486151,0.17071361676177202,0.36,100,,0.03
PV-P,0,lgbm,0.02,TargetPAC-200,0.01262655205348615,0.13220602648429672,0.075,200,,0.005
PV-P,0,lgbm,0.02,Target-200,0.01968720152817574,0.18189664372522543,0.46,200,,0.0
PV-P,0,lgbm,0.02,TargetPAC-400,0.015382043935052532,0.15973395914100272,0.065,400,,0.0
PV-P,0,lgbm,0.02,Target-400,0.01950095510983763,0.1804181731062421,0.47,400,,0.0
PV-P,0,lgbm,0.02,TargetPAC-all,0.014326647564469917,0.15546456418521587,0.0,703,,0.0
PV-P,0,lgbm,0.02,Target-all,0.02196752626552053,0.18705623557084988,1.0,703,,0.0
PV-P,0,lgbm,0.05,ID-all,0.08930276981852914,0.44521278912749923,1.0,417,0.17859866834326235,
PV-P,0,lgbm,0.05,ID,0.0922803247373448,0.4522155551683582,1.0,300,,0.975
PV-P,0,lgbm,0.05,ID-PAC,0.05150907354345749,0.32126949296510865,0.55,300,,0.135
PV-P,0,lgbm,0.05,Weighted,0.022293855460044577,0.16473842401010586,0.03333333333333333,300,,0.0
PV-P,0,lgbm,0.05,TargetPAC-25,0.0,0.0,0.0,25,,0.0
PV-P,0,lgbm,0.05,Target-25,0.039849570200573066,0.24267756022128328,0.315,25,,0.16
PV-P,0,lgbm,0.05,TargetPAC-50,0.019111747851002864,0.15733414644770657,0.08,50,,0.025
PV-P,0,lgbm,0.05,Target-50,0.03872015281757402,0.2588004748007144,0.245,50,,0.125
PV-P,0,lgbm,0.05,TargetPAC-100,0.01805396370582617,0.16670443655529904,0.02,100,,0.0
PV-P,0,lgbm,0.05,Target-100,0.04787488061127029,0.30273810820229125,0.465,100,,0.115
PV-P,0,lgbm,0.05,TargetPAC-200,0.02687440305635148,0.21805712854467046,0.025,200,,0.0
PV-P,0,lgbm,0.05,Target-200,0.04737106017191978,0.304029816613669,0.43,200,,0.06
PV-P,0,lgbm,0.05,TargetPAC-400,0.03231136580706782,0.24832888661410465,0.025,400,,0.0
PV-P,0,lgbm,0.05,Target-400,0.046850525310410694,0.30472579169752145,0.34,400,,0.015
PV-P,0,lgbm,0.05,TargetPAC-all,0.03438395415472779,0.2597247027050572,0.0,703,,0.0
PV-P,0,lgbm,0.05,Target-all,0.04680038204393505,0.3061157816787907,0.0,703,,0.0
PV-P,0,lgbm,0.1,ID-all,0.18624641833810887,0.6278368253691684,1.0,417,0.17859866834326235,
PV-P,0,lgbm,0.1,ID,0.18693648519579753,0.6289304460513133,1.0,300,,1.0
PV-P,0,lgbm,0.1,ID-PAC,0.14305873925501433,0.5610298601733675,1.0,300,,0.955
PV-P,0,lgbm,0.1,Weighted,0.08943807704552692,0.43019267906666087,0.3333333333333333,300,,0.1
PV-P,0,lgbm,0.1,TargetPAC-25,0.03509551098376314,0.2264422616195496,0.06,25,,0.035
PV-P,0,lgbm,0.1,Target-25,0.07956781279847182,0.3859860282266847,0.28,25,,0.225
PV-P,0,lgbm,0.1,TargetPAC-50,0.039326647564469915,0.26017494663936924,0.025,50,,0.01
PV-P,0,lgbm,0.1,Target-50,0.09767191977077364,0.450780154201333,0.48,50,,0.27
PV-P,0,lgbm,0.1,TargetPAC-100,0.056893505253104104,0.33297349392342207,0.065,100,,0.02
PV-P,0,lgbm,0.1,Target-100,0.09781757402101242,0.45836433331881343,0.455,100,,0.205
PV-P,0,lgbm,0.1,TargetPAC-200,0.07349331423113659,0.39172550855948074,0.095,200,,0.02
PV-P,0,lgbm,0.1,Target-200,0.10130133715377268,0.4727819945985974,0.54,200,,0.16
PV-P,0,lgbm,0.1,TargetPAC-400,0.07887058261700096,0.4118376203336673,0.045,400,,0.0
PV-P,0,lgbm,0.1,Target-400,0.10157593123209167,0.47760290978786424,0.6,400,,0.045
PV-P,0,lgbm,0.1,TargetPAC-all,0.0816618911174785,0.4274622119614931,0.0,703,,0.0
PV-P,0,lgbm,0.1,Target-all,0.10315186246418338,0.480016988282441,1.0,703,,0.0
PV-P,0,lgbm,0.2,ID-all,0.3390639923591213,0.7802304308054189,1.0,417,0.17859866834326235,
PV-P,0,lgbm,0.2,ID,0.34215138490926456,0.782145260704796,1.0,300,,1.0
PV-P,0,lgbm,0.2,ID-PAC,0.30189111747851,0.7524893278738511,1.0,300,,1.0
PV-P,0,lgbm,0.2,Weighted,0.23587233365170326,0.6874117916104022,0.9333333333333333,300,,0.85
PV-P,0,lgbm,0.2,TargetPAC-25,0.11401384909264564,0.4789303371520669,0.08,25,,0.035
PV-P,0,lgbm,0.2,Target-25,0.19453199617956066,0.6227310297512741,0.4,25,,0.3
PV-P,0,lgbm,0.2,TargetPAC-50,0.12024832855778414,0.5027210110206037,0.035,50,,0.015
PV-P,0,lgbm,0.2,Target-50,0.19653772683858642,0.6360954175197108,0.43,50,,0.265
PV-P,0,lgbm,0.2,TargetPAC-100,0.15307067812798472,0.5751922071699265,0.06,100,,0.01
PV-P,0,lgbm,0.2,Target-100,0.19382760267430754,0.6364665461515007,0.345,100,,0.185
PV-P,0,lgbm,0.2,TargetPAC-200,0.16556351480420248,0.5971368210131986,0.045,200,,0.0
PV-P,0,lgbm,0.2,Target-200,0.19681470869149956,0.6423338741995904,0.37,200,,0.095
PV-P,0,lgbm,0.2,TargetPAC-400,0.17368433619866283,0.6082565230648603,0.015,400,,0.0
PV-P,0,lgbm,0.2,Target-400,0.1953223495702006,0.6416723112776058,0.26,400,,0.025
PV-P,0,lgbm,0.2,TargetPAC-all,0.18338108882521495,0.6190922158818662,0.0,703,,0.0
PV-P,0,lgbm,0.2,Target-all,0.19436485195797515,0.6416670296641547,0.0,703,,0.0
PV-P,0,ens,0.02,ID-all,0.017191977077363897,0.14999782201507167,0.0,417,0.21302728590766357,
PV-P,0,ens,0.02,ID,0.021819484240687678,0.1788505140044431,0.4,300,,0.13
PV-P,0,ens,0.02,ID-PAC,0.004725405921680994,0.06013008014984536,0.015,300,,0.0
PV-P,0,ens,0.02,Weighted,0.0025708373129576566,0.02721555516835823,0.0,300,,0.0
PV-P,0,ens,0.02,TargetPAC-25,0.0,0.0,0.0,25,,0.0
PV-P,0,ens,0.02,Target-25,0.0,0.0,0.0,25,,0.0
PV-P,0,ens,0.02,TargetPAC-50,0.0,0.0,0.0,50,,0.0
PV-P,0,ens,0.02,Target-50,0.01776743075453677,0.1462519057368123,0.435,50,,0.145
PV-P,0,ens,0.02,TargetPAC-100,0.0,0.0,0.0,100,,0.0
PV-P,0,ens,0.02,Target-100,0.01613180515759312,0.1441807509692033,0.39,100,,0.075
PV-P,0,ens,0.02,TargetPAC-200,0.007306590257879655,0.08775531428322517,0.05,200,,0.0
PV-P,0,ens,0.02,Target-200,0.017903533906399236,0.15862356797490962,0.51,200,,0.025
PV-P,0,ens,0.02,TargetPAC-400,0.010487106017191978,0.11192718996384546,0.07,400,,0.0
PV-P,0,ens,0.02,Target-400,0.018560171919770774,0.16319308925382234,0.505,400,,0.0
PV-P,0,ens,0.02,TargetPAC-all,0.009073543457497613,0.10708062900204735,0.0,703,,0.0
PV-P,0,ens,0.02,Target-all,0.020057306590257885,0.17447837260966154,1.0,703,,0.0
PV-P,0,ens,0.05,ID-all,0.11365807067812798,0.4823583220804112,1.0,417,0.21302728590766357,
PV-P,0,ens,0.05,ID,0.1182497612225406,0.49919599686370175,1.0,300,,1.0
PV-P,0,ens,0.05,ID-PAC,0.06327841451766952,0.3614853857211308,0.69,300,,0.34
PV-P,0,ens,0.05,Weighted,0.025795924864692777,0.18634839046913795,0.05,300,,0.0
PV-P,0,ens,0.05,TargetPAC-25,0.0,0.0,0.0,25,,0.0
PV-P,0,ens,0.05,Target-25,0.034999999999999996,0.21769645424053663,0.23,25,,0.155
PV-P,0,ens,0.05,TargetPAC-50,0.017999044890162366,0.1480199939016422,0.045,50,,0.01
PV-P,0,ens,0.05,Target-50,0.03451289398280802,0.23501415690203423,0.195,50,,0.075
PV-P,0,ens,0.05,TargetPAC-100,0.0161676217765043,0.14443862438471927,0.005,100,,0.005
PV-P,0,ens,0.05,Target-100,0.044465138490926454,0.2881012871890926,0.34,100,,0.105
PV-P,0,ens,0.05,TargetPAC-200,0.02551575931232092,0.20268431197456116,0.0,200,,0.0
PV-P,0,ens,0.05,Target-200,0.044147564469914045,0.2912109596201594,0.225,200,,0.01
PV-P,0,ens,0.05,TargetPAC-400,0.03272922636103152,0.24050017423879425,0.0,400,,0.0
PV-P,0,ens,0.05,Target-400,0.0455945558739255,0.2973159058239317,0.09,400,,0.0
PV-P,0,ens,0.05,TargetPAC-all,0.04106972301814709,0.27600514004443083,0.0,703,,0.0
PV-P,0,ens,0.05,Target-all,0.04680038204393505,0.3018796009931611,0.0,703,,0.0
PV-P,0,ens,0.1,ID-all,0.22015281757402103,0.6668772052097399,1.0,417,0.21302728590766357,
PV-P,0,ens,0.1,ID,0.22430038204393504,0.6684854292808293,1.0,300,,1.0
PV-P,0,ens,0.1,ID-PAC,0.16652340019102196,0.593376747832905,1.0,300,,1.0
PV-P,0,ens,0.1,Weighted,0.10652658389048072,0.4705037316141772,0.55,300,,0.26666666666666666
PV-P,0,ens,0.1,TargetPAC-25,0.032846227316141355,0.21421657882127454,0.05,25,,0.03
PV-P,0,ens,0.1,Target-25,0.07247612225405922,0.3621719410201682,0.25,25,,0.185
PV-P,0,ens,0.1,TargetPAC-50,0.03209169054441261,0.22548351265409244,0.015,50,,0.005
PV-P,0,ens,0.1,Target-50,0.09212750716332378,0.4320928801672692,0.35,50,,0.23
PV-P,0,ens,0.1,TargetPAC-100,0.05325453677172875,0.3217544757590278,0.02,100,,0.01
PV-P,0,ens,0.1,Target-100,0.09127745940783188,0.43678992246373655,0.305,100,,0.18
PV-P,0,ens,0.1,TargetPAC-200,0.06668815663801336,0.37696987846844104,0.02,200,,0.0
PV-P,0,ens,0.1,Target-200,0.09223734479465139,0.4424438624384719,0.295,200,,0.135
PV-P,0,ens,0.1,TargetPAC-400,0.0726862464183381,0.3980472731628697,0.0,400,,0.0
PV-P,0,ens,0.1,Target-400,0.09207020057306589,0.4445434399093958,0.17,400,,0.02
PV-P,0,ens,0.1,TargetPAC-all,0.07736389684813752,0.40928692773446,0.0,703,,0.0
PV-P,0,ens,0.1,Target-all,0.08978032473734478,0.4422616195495926,0.0,703,,0.0
PV-P,0,ens,0.2,ID-all,0.40066857688634194,0.8103846321383456,1.0,417,0.21302728590766357,
PV-P,0,ens,0.2,ID,0.3993744030563515,0.8103331772444133,1.0,300,,1.0
PV-P,0,ens,0.2,ID-PAC,0.35548949379178607,0.782417291022346,1.0,300,,1.0
PV-P,0,ens,0.2,Weighted,0.25872333651703283,0.699153126860362,1.0,300,,0.9666666666666667
PV-P,0,ens,0.2,TargetPAC-25,0.10827602674307546,0.45990220847671737,0.075,25,,0.04
PV-P,0,ens,0.2,Target-25,0.18424068767908308,0.5979154506250817,0.4,25,,0.335
PV-P,0,ens,0.2,TargetPAC-50,0.1104512893982808,0.47631071132987757,0.035,50,,0.02
PV-P,0,ens,0.2,Target-50,0.18473018147086914,0.6096525025046827,0.345,50,,0.235
PV-P,0,ens,0.2,TargetPAC-100,0.14032473734479464,0.5411774186522629,0.055,100,,0.015
PV-P,0,ens,0.2,Target-100,0.18983285577841452,0.6229402796532648,0.39,100,,0.24
PV-P,0,ens,0.2,TargetPAC-200,0.15416666666666667,0.5707763971773315,0.015,200,,0.005
PV-P,0,ens,0.2,Target-200,0.18894699140401144,0.6250998606089646,0.365,200,,0.125
PV-P,0,ens,0.2,TargetPAC-400,0.16374641833810888,0.5900516726924251,0.005,400,,0.0
PV-P,0,ens,0.2,Target-400,0.19132760267430754,0.6307597355926298,0.3,400,,0.06
PV-P,0,ens,0.2,TargetPAC-all,0.1685768863419293,0.5998606089645859,0.0,703,,0.0
PV-P,0,ens,0.2,Target-all,0.19197707736389688,0.6317898680141133,0.0,703,,0.0
PV-P,1,lr,0.02,ID-all,0.028072364316905803,0.15339881299427427,1.0,537,0.25554041479488526,
PV-P,1,lr,0.02,ID,0.03174360573923893,0.17163930872613656,1.0,300,,0.08
PV-P,1,lr,0.02,ID-PAC,0.01713661883967561,0.09924997383803502,0.38,300,,0.0
PV-P,1,lr,0.02,Weighted,0.01592846745685174,0.1035560339457725,0.16666666666666666,300,,0.0
PV-P,1,lr,0.02,TargetPAC-25,0.0,0.0,0.0,25,,0.0
PV-P,1,lr,0.02,Target-25,0.0,0.0,0.0,25,,0.0
PV-P,1,lr,0.02,TargetPAC-50,0.0,0.0,0.0,50,,0.0
PV-P,1,lr,0.02,Target-50,0.014217092950717405,0.08055074673722924,0.195,50,,0.045
PV-P,1,lr,0.02,TargetPAC-100,0.0,0.0,0.0,100,,0.0
PV-P,1,lr,0.02,Target-100,0.014719276356830941,0.08485700617422375,0.175,100,,0.015
PV-P,1,lr,0.02,TargetPAC-200,0.007766687461010606,0.0487458701469555,0.005,200,,0.0
PV-P,1,lr,0.02,Target-200,0.01512476606363069,0.08891689464950442,0.195,200,,0.0
PV-P,1,lr,0.02,TargetPAC-400,0.009260761072988146,0.05629053235861327,0.0,400,,0.0
PV-P,1,lr,0.02,Target-400,0.01433873986275733,0.08746266313853882,0.03,400,,0.0
PV-P,1,lr,0.02,TargetPAC-all,0.00873362445414847,0.049005097845749045,0.0,555,,0.0
PV-P,1,lr,0.02,Target-all,0.01497192763568309,0.08920482576131318,0.0,555,,0.0
PV-P,1,lr,0.05,ID-all,0.07735495945102933,0.3277421476730801,1.0,537,0.25554041479488526,
PV-P,1,lr,0.05,ID,0.08260761072988146,0.33699070129015857,1.0,300,,0.84
PV-P,1,lr,0.05,ID-PAC,0.05173112913287585,0.2475238073881389,0.63,300,,0.115
PV-P,1,lr,0.05,Weighted,0.05346225826575172,0.23869304789383725,0.5333333333333333,300,,0.36666666666666664
PV-P,1,lr,0.05,TargetPAC-25,0.0,0.0,0.0,25,,0.0
PV-P,1,lr,0.05,Target-25,0.039575795383655646,0.16669746303688093,0.24,25,,0.22
PV-P,1,lr,0.05,TargetPAC-50,0.016469120399251403,0.08902206574875544,0.06,50,,0.045
PV-P,1,lr,0.05,Target-50,0.03227698066126014,0.15933436486223856,0.14,50,,0.115
PV-P,1,lr,0.05,TargetPAC-100,0.014865876481597007,0.0862461317666054,0.01,100,,0.01
PV-P,1,lr,0.05,Target-100,0.04183406113537118,0.2036907057750669,0.245,100,,0.135
PV-P,1,lr,0.05,TargetPAC-200,0.022548346849656894,0.1277921544004425,0.0,200,,0.0
PV-P,1,lr,0.05,Target-200,0.0403524641297567,0.20533928331165627,0.145,200,,0.055
PV-P,1,lr,0.05,TargetPAC-400,0.030455396132252028,0.16391091477179295,0.0,400,,0.0
PV-P,1,lr,0.05,Target-400,0.039366812227074235,0.20591611726540193,0.05,400,,0.005
PV-P,1,lr,0.05,TargetPAC-all,0.03181534622582658,0.16857275268720756,0.0,555,,0.0
PV-P,1,lr,0.05,Target-all,0.037429819089207735,0.20049034997234308,0.0,555,,0.0
PV-P,1,lr,0.1,ID-all,0.17966313162819714,0.529563020436232,1.0,537,0.25554041479488526,
PV-P,1,lr,0.1,ID,0.18405801621958828,0.5361108370333827,1.0,300,,1.0
PV-P,1,lr,0.1,ID-PAC,0.14034622582657516,0.4580186422687656,1.0,300,,0.87
PV-P,1,lr,0.1,Weighted,0.10311915159076732,0.3698534431637539,0.4666666666666667,300,,0.35
PV-P,1,lr,0.1,TargetPAC-25,0.032105427323767935,0.1514363666263025,0.055,25,,0.04
PV-P,1,lr,0.1,Target-25,0.0741890205864005,0.28587052069785174,0.31,25,,0.2
PV-P,1,lr,0.1,TargetPAC-50,0.03447910168434186,0.16585190832847466,0.04,50,,0.025
PV-P,1,lr,0.1,Target-50,0.10140049906425454,0.36549775007101104,0.49,50,,0.345
PV-P,1,lr,0.1,TargetPAC-100,0.054675608234560205,0.24821037209789062,0.075,100,,0.02
PV-P,1,lr,0.1,Target-100,0.10481597005614474,0.38298664992300907,0.525,100,,0.36
PV-P,1,lr,0.1,TargetPAC-200,0.06958827199001871,0.30013394926073755,0.095,200,,0.0
PV-P,1,lr,0.1,Target-200,0.10800998128509047,0.3941086244786294,0.67,200,,0.355
PV-P,1,lr,0.1,TargetPAC-400,0.07987211478477854,0.33431679897146105,0.05,400,,0.0
PV-P,1,lr,0.1,Target-400,0.10589207735495945,0.3925907820185077,0.76,400,,0.16
PV-P,1,lr,0.1,TargetPAC-all,0.08546475358702432,0.35397886113228977,0.0,555,,0.0
PV-P,1,lr,0.1,Target-all,0.1054273237679351,0.39088965630652867,1.0,555,,0.0
PV-P,1,lr,0.2,ID-all,0.3025577043044292,0.6854285329865004,1.0,537,0.25554041479488526,
PV-P,1,lr,0.2,ID,0.3035683094198378,0.6870152187887757,1.0,300,,1.0
PV-P,1,lr,0.2,ID-PAC,0.27665315034310667,0.661606568895666,1.0,300,,1.0
PV-P,1,lr,0.2,Weighted,0.2212518195050946,0.5823503909345055,0.5666666666666667,300,,0.43333333333333335
PV-P,1,lr,0.2,TargetPAC-25,0.12063318777292575,0.3946866544079174,0.13,25,,0.07
PV-P,1,lr,0.2,Target-25,0.20025265127885217,0.5489097187962506,0.45,25,,0.36
PV-P,1,lr,0.2,TargetPAC-50,0.13090143480973176,0.43086932472230943,0.105,50,,0.045
PV-P,1,lr,0.2,Target-50,0.20770118527760448,0.5666079143681512,0.485,50,,0.325
PV-P,1,lr,0.2,TargetPAC-100,0.16284466625077978,0.4970240391084002,0.1,100,,0.03
PV-P,1,lr,0.2,Target-100,0.21176232064878353,0.5773118954717377,0.56,100,,0.34
PV-P,1,lr,0.2,TargetPAC-200,0.18281347473487208,0.5336293372800526,0.14,200,,0.02
PV-P,1,lr,0.2,Target-200,0.21334373050530261,0.5814203704534243,0.675,200,,0.355
PV-P,1,lr,0.2,TargetPAC-400,0.18977542108546477,0.545443632177722,0.07,400,,0.0
PV-P,1,lr,0.2,Target-400,0.21080786026200876,0.5788046224454709,0.835,400,,0.185
PV-P,1,lr,0.2,TargetPAC-all,0.19151590767311297,0.5507766366177813,0.0,555,,0.0
PV-P,1,lr,0.2,Target-all,0.2121023081721772,0.5795099490215424,1.0,555,,0.0
PV-P,1,svm,0.02,ID-all,0.032439176543980035,0.1414540072655514,1.0,537,0.2441906527681454,
PV-P,1,svm,0.02,ID,0.03542108546475359,0.1510179994319116,1.0,300,,0.31
PV-P,1,svm,0.02,ID-PAC,0.019207735495945105,0.08423831307649758,0.375,300,,0.005
PV-P,1,svm,0.02,Weighted,0.01546059471823664,0.08290602123853236,0.23333333333333334,300,,0.0
PV-P,1,svm,0.02,TargetPAC-25,0.0,0.0,0.0,25,,0.0
PV-P,1,svm,0.02,Target-25,0.0,0.0,0.0,25,,0.0
PV-P,1,svm,0.02,TargetPAC-50,0.0,0.0,0.0,50,,0.0
PV-P,1,svm,0.02,Target-50,0.017813474734872114,0.07539736287392923,0.23,50,,0.115
PV-P,1,svm,0.02,TargetPAC-100,0.0,0.0,0.0,100,,0.0
PV-P,1,svm,0.02,Target-100,0.014775421085464752,0.06456100222750445,0.155,100,,0.03
PV-P,1,svm,0.02,TargetPAC-200,0.008337492202121023,0.03933914876440778,0.005,200,,0.0
PV-P,1,svm,0.02,Target-200,0.014313786650031189,0.0624879281218699,0.125,200,,0.0
PV-P,1,svm,0.02,TargetPAC-400,0.009251403618215845,0.04388131437712099,0.0,400,,0.0
PV-P,1,svm,0.02,Target-400,0.01488147223955084,0.0625563229731952,0.03,400,,0.0
PV-P,1,svm,0.02,TargetPAC-all,0.00873362445414847,0.04307006921708451,0.0,555,,0.0
PV-P,1,svm,0.02,Target-all,0.015595757953836555,0.06399964120733732,0.0,555,,0.0
PV-P,1,svm,0.05,ID-all,0.07673112913287586,0.2970504253188022,1.0,537,0.2441906527681454,
PV-P,1,svm,0.05,ID,0.08435745477230194,0.31308001076377984,1.0,300,,0.985
PV-P,1,svm,0.05,ID-PAC,0.06299750467872739,0.25038764557264803,0.845,300,,0.315
PV-P,1,svm,0.05,Weighted,0.042638802245789136,0.18412491964539326,0.31666666666666665,300,,0.16666666666666666
PV-P,1,svm,0.05,TargetPAC-25,0.0,0.0,0.0,25,,0.0
PV-P,1,svm,0.05,Target-25,0.03364940736119776,0.12895240017341647,0.23,25,,0.14
PV-P,1,svm,0.05,TargetPAC-50,0.0172800998128509,0.07442518425498199,0.065,50,,0.01
PV-P,1,svm,0.05,Target-50,0.03555208983156581,0.1423743104453514,0.28,50,,0.11
PV-P,1,svm,0.05,TargetPAC-100,0.015015595757953836,0.06624717824520489,0.01,100,,0.0
PV-P,1,svm,0.05,Target-100,0.04553025577043044,0.1825957901660911,0.39,100,,0.12
PV-P,1,svm,0.05,TargetPAC-200,0.023730505302557704,0.10217226532717405,0.03,200,,0.0
PV-P,1,svm,0.05,Target-200,0.04551777916406738,0.18633515719603536,0.385,200,,0.04
PV-P,1,svm,0.05,TargetPAC-400,0.02947598253275109,0.12916311611427547,0.0,400,,0.0
PV-P,1,svm,0.05,Target-400,0.04550530255770431,0.1864830096724522,0.36,400,,0.0
PV-P,1,svm,0.05,TargetPAC-all,0.02994385527136618,0.13323167541223782,0.0,555,,0.0
PV-P,1,svm,0.05,Target-all,0.04054897067997504,0.16863255146432254,0.0,555,,0.0
PV-P,1,svm,0.1,ID-all,0.1771678103555833,0.4980789642851804,1.0,537,0.2441906527681454,
PV-P,1,svm,0.1,ID,0.17320024953212726,0.4921620995350645,1.0,300,,0.99
PV-P,1,svm,0.1,ID-PAC,0.12950717404865877,0.4106963567595042,0.985,300,,0.535
PV-P,1,svm,0.1,Weighted,0.08505926388022458,0.29840561510517105,0.35,300,,0.21666666666666667
PV-P,1,svm,0.1,TargetPAC-25,0.03665938864628822,0.1371647157315633,0.08,25,,0.07
PV-P,1,svm,0.1,Target-25,0.07031815346225827,0.2461078470945269,0.27,25,,0.175
PV-P,1,svm,0.1,TargetPAC-50,0.03549906425452277,0.14192791257418785,0.035,50,,0.02
PV-P,1,svm,0.1,Target-50,0.11100748596381785,0.35981529652718597,0.565,50,,0.42
PV-P,1,svm,0.1,TargetPAC-100,0.05566749844042421,0.2152406900778879,0.095,100,,0.045
PV-P,1,svm,0.1,Target-100,0.1055333749220212,0.3564180532508111,0.55,100,,0.325
PV-P,1,svm,0.1,TargetPAC-200,0.07893013100436681,0.29369377046239403,0.125,200,,0.015
PV-P,1,svm,0.1,Target-200,0.10688708671241422,0.36394029092105074,0.62,200,,0.27
PV-P,1,svm,0.1,TargetPAC-400,0.08506550218340612,0.3132866155387121,0.05,400,,0.0
PV-P,1,svm,0.1,Target-400,0.10633499688084841,0.3639384969577372,0.79,400,,0.09
PV-P,1,svm,0.1,TargetPAC-all,0.08983156581409857,0.32748800287034124,0.0,555,,0.0
PV-P,1,svm,0.1,Target-all,0.1060511540860886,0.3629038286167048,1.0,555,,0.0
PV-P,1,svm,0.2,ID-all,0.28446662507797876,0.6521056644391622,1.0,537,0.2441906527681454,
PV-P,1,svm,0.2,ID,0.2855708047411104,0.6530696207262562,1.0,300,,1.0
PV-P,1,svm,0.2,ID-PAC,0.26373986275733,0.6285898700871568,1.0,300,,1.0
PV-P,1,svm,0.2,Weighted,0.1995009357454772,0.5388639727317576,0.35,300,,0.2
PV-P,1,svm,0.2,TargetPAC-25,0.12172177167810357,0.37351713982449053,0.145,25,,0.095
PV-P,1,svm,0.2,Target-25,0.1988552713661884,0.5221317516556786,0.465,25,,0.36
PV-P,1,svm,0.2,TargetPAC-50,0.11659700561447288,0.375898476626153,0.02,50,,0.005
PV-P,1,svm,0.2,Target-50,0.2076731129132876,0.545876276330149,0.515,50,,0.38
PV-P,1,svm,0.2,TargetPAC-100,0.15878041172800997,0.4647466774304465,0.095,100,,0.045
PV-P,1,svm,0.2,Target-100,0.20956955708047414,0.5512480752268616,0.58,100,,0.395
PV-P,1,svm,0.2,TargetPAC-200,0.17195258889582035,0.4905475325529593,0.095,200,,0.015
PV-P,1,svm,0.2,Target-200,0.20869619463505928,0.5536193209848858,0.615,200,,0.34
PV-P,1,svm,0.2,TargetPAC-400,0.18416718652526512,0.5154517050126325,0.08,400,,0.0
PV-P,1,svm,0.2,Target-400,0.20797878976918277,0.5558199907311895,0.745,400,,0.2
PV-P,1,svm,0.2,TargetPAC-all,0.1865252651278852,0.5190832847468271,0.0,555,,0.0
PV-P,1,svm,0.2,Target-all,0.20586400499064259,0.5552914442899644,1.0,555,,0.0
PV-P,1,lgbm,0.02,ID-all,0.031191515907673113,0.2415272607675173,1.0,537,0.22704984020882632,
PV-P,1,lgbm,0.02,ID,0.03284154709918902,0.2419036193209849,1.0,300,,0.12
PV-P,1,lgbm,0.02,ID-PAC,0.020268247036805985,0.16212412731159645,0.38,300,,0.01
PV-P,1,lgbm,0.02,Weighted,0.02398627573300062,0.14834083309662985,0.6833333333333333,300,,0.016666666666666666
PV-P,1,lgbm,0.02,TargetPAC-25,0.0,0.0,0.0,25,,0.0
PV-P,1,lgbm,0.02,Target-25,0.0,0.0,0.0,25,,0.0
PV-P,1,lgbm,0.02,TargetPAC-50,0.0,0.0,0.0,50,,0.0
PV-P,1,lgbm,0.02,Target-50,0.019497816593886462,0.14205580720874256,0.455,50,,0.1
PV-P,1,lgbm,0.02,TargetPAC-100,0.0,0.0,0.0,100,,0.0
PV-P,1,lgbm,0.02,Target-100,0.01737679351216469,0.1385193822786324,0.38,100,,0.02
PV-P,1,lgbm,0.02,TargetPAC-200,0.007869619463505926,0.06915952818764856,0.08,200,,0.0
PV-P,1,lgbm,0.02,Target-200,0.020633187772925766,0.1651616061951533,0.465,200,,0.005
PV-P,1,lgbm,0.02,TargetPAC-400,0.01136930754834685,0.10436045207875498,0.025,400,,0.0
PV-P,1,lgbm,0.02,Target-400,0.02216157205240175,0.17290554783154685,0.56,400,,0.0
PV-P,1,lgbm,0.02,TargetPAC-all,0.01372426699937617,0.12115232243500619,0.0,555,,0.0
PV-P,1,lgbm,0.02,Target-all,0.022457891453524642,0.16999297364368895,1.0,555,,0.0
PV-P,1,lgbm,0.05,ID-all,0.08484092326887087,0.4093375790465085,1.0,537,0.22704984020882632,
PV-P,1,lgbm,0.05,ID,0.08277292576419214,0.4030482426634376,0.995,300,,0.725
PV-P,1,lgbm,0.05,ID-PAC,0.05286026200873362,0.32191229014366657,0.405,300,,0.105
PV-P,1,lgbm,0.05,Weighted,0.08932210438760656,0.3784886357407323,1.0,300,,0.95
PV-P,1,lgbm,0.05,TargetPAC-25,0.0,0.0,0.0,25,,0.0
PV-P,1,lgbm,0.05,Target-25,0.037972551466001245,0.21923509889222764,0.235,25,,0.16
PV-P,1,lgbm,0.05,TargetPAC-50,0.015458515283842796,0.11723490454620203,0.035,50,,0.015
PV-P,1,lgbm,0.05,Target-50,0.03758265751715534,0.2449110493190414,0.215,50,,0.06
PV-P,1,lgbm,0.05,TargetPAC-100,0.01920149719276357,0.15234620502010732,0.01,100,,0.0
PV-P,1,lgbm,0.05,Target-100,0.04825951341235184,0.297683470123036,0.375,100,,0.115
PV-P,1,lgbm,0.05,TargetPAC-200,0.02985028072364317,0.22574770895935178,0.015,200,,0.0
PV-P,1,lgbm,0.05,Target-200,0.04559575795383655,0.29694338550776633,0.3,200,,0.045
PV-P,1,lgbm,0.05,TargetPAC-400,0.034987523393636935,0.2594384147344187,0.005,400,,0.0
PV-P,1,lgbm,0.05,Target-400,0.044504054897068,0.29914809167152534,0.195,400,,0.0
PV-P,1,lgbm,0.05,TargetPAC-all,0.03368683718028697,0.24970474353799468,0.0,555,,0.0
PV-P,1,lgbm,0.05,Target-all,0.0411728009981285,0.2935521968575743,0.0,555,,0.0
PV-P,1,lgbm,0.1,ID-all,0.17654398003742983,0.5866409531925072,1.0,537,0.22704984020882632,
PV-P,1,lgbm,0.1,ID,0.17807236431690585,0.5889725822606927,1.0,300,,0.99
PV-P,1,lgbm,0.1,ID-PAC,0.13640361821584532,0.5137481873495687,0.995,300,,0.615
PV-P,1,lgbm,0.1,Weighted,0.14768143065086298,0.5231057491540965,1.0,300,,0.6666666666666666
PV-P,1,lgbm,0.1,TargetPAC-25,0.0453431066749844,0.23890545813338118,0.125,25,,0.105
PV-P,1,lgbm,0.1,Target-25,0.0806019962570181,0.36849426679224406,0.275,25,,0.25
PV-P,1,lgbm,0.1,TargetPAC-50,0.03815970056144729,0.2456472470137986,0.03,50,,0.025
PV-P,1,lgbm,0.1,Target-50,0.09940736119775422,0.430168184060636,0.385,50,,0.345
PV-P,1,lgbm,0.1,TargetPAC-100,0.05702744853399875,0.32911550133799766,0.035,100,,0.02
PV-P,1,lgbm,0.1,Target-100,0.1063661883967561,0.4515530489901481,0.455,100,,0.36
PV-P,1,lgbm,0.1,TargetPAC-200,0.07435745477230193,0.3810705476073014,0.085,200,,0.05
PV-P,1,lgbm,0.1,Target-200,0.10600124766063629,0.45423203420490055,0.495,200,,0.35
PV-P,1,lgbm,0.1,TargetPAC-400,0.076849656893325,0.39042487031140216,0.005,400,,0.0
PV-P,1,lgbm,0.1,Target-400,0.10504678727386149,0.45592142440687083,0.465,400,,0.225
PV-P,1,lgbm,0.1,TargetPAC-all,0.08484092326887085,0.4062728917193645,0.0,555,,0.0
PV-P,1,lgbm,0.1,Target-all,0.09794135995009359,0.44159901930005524,0.0,555,,0.0
PV-P,1,lgbm,0.2,ID-all,0.3125389893948846,0.7528367044893932,1.0,537,0.22704984020882632,
PV-P,1,lgbm,0.2,ID,0.316837180286962,0.7544138972358015,1.0,300,,1.0
PV-P,1,lgbm,0.2,ID-PAC,0.2754398003742982,0.7142263533210746,1.0,300,,1.0
PV-P,1,lgbm,0.2,Weighted,0.24680806820544815,0.6813106396974182,0.95,300,,0.55
PV-P,1,lgbm,0.2,TargetPAC-25,0.11829382407985028,0.458002571347416,0.14,25,,0.095
PV-P,1,lgbm,0.2,Target-25,0.20893013100436683,0.6185176630637903,0.525,25,,0.425
PV-P,1,lgbm,0.2,TargetPAC-50,0.12903930131004368,0.4923255744420026,0.065,50,,0.03
PV-P,1,lgbm,0.2,Target-50,0.22023393636930755,0.6433614387585774,0.63,50,,0.465
PV-P,1,lgbm,0.2,TargetPAC-100,0.16411104179663133,0.5621477478285568,0.125,100,,0.07
PV-P,1,lgbm,0.2,Target-100,0.21975358702432934,0.6474427052966767,0.68,100,,0.47
PV-P,1,lgbm,0.2,TargetPAC-200,0.17924516531503432,0.5902528740787251,0.13,200,,0.035
PV-P,1,lgbm,0.2,Target-200,0.2177292576419214,0.6480319474966737,0.77,200,,0.435
PV-P,1,lgbm,0.2,TargetPAC-400,0.19107298814722398,0.6104158257463634,0.21,400,,0.015
PV-P,1,lgbm,0.2,Target-400,0.21780099812850903,0.6499577671136625,0.93,400,,0.365
PV-P,1,lgbm,0.2,TargetPAC-all,0.18777292576419216,0.6067632416917074,0.0,555,,0.0
PV-P,1,lgbm,0.2,Target-all,0.2195882719900187,0.6520757650506048,1.0,555,,0.0
PV-P,1,ens,0.02,ID-all,0.040548970679975045,0.2613057062983062,1.0,537,0.24247831405500161,
PV-P,1,ens,0.02,ID,0.040258889582033684,0.26141536230584084,1.0,300,,0.61
PV-P,1,ens,0.02,ID-PAC,0.021640673736743606,0.16711388677101552,0.605,300,,0.06
PV-P,1,ens,0.02,Weighted,0.023424828446662507,0.14688822113587777,0.65,300,,0.0
PV-P,1,ens,0.02,TargetPAC-25,0.0,0.0,0.0,25,,0.0
PV-P,1,ens,0.02,Target-25,0.0,0.0,0.0,25,,0.0
PV-P,1,ens,0.02,TargetPAC-50,0.0,0.0,0.0,50,,0.0
PV-P,1,ens,0.02,Target-50,0.017754210854647536,0.12333146462154848,0.26,50,,0.12
PV-P,1,ens,0.02,TargetPAC-100,0.0,0.0,0.0,100,,0.0
PV-P,1,ens,0.02,Target-100,0.01689020586400499,0.13002803067677265,0.245,100,,0.09
PV-P,1,ens,0.02,TargetPAC-200,0.007782283218964441,0.07088390067423121,0.015,200,,0.0
PV-P,1,ens,0.02,Target-200,0.016805988771054273,0.1347425662645199,0.185,200,,0.035
PV-P,1,ens,0.02,TargetPAC-400,0.009494697442295695,0.08274909928091971,0.005,400,,0.0
PV-P,1,ens,0.02,Target-400,0.01579850280723643,0.1303724716329551,0.025,400,,0.0
PV-P,1,ens,0.02,TargetPAC-all,0.00873362445414847,0.07727496972686909,0.0,555,,0.0
PV-P,1,ens,0.02,Target-all,0.015595757953836555,0.13040618319355368,0.0,555,,0.0
PV-P,1,ens,0.05,ID-all,0.0842170929507174,0.39688448371230806,1.0,537,0.24247831405500161,
PV-P,1,ens,0.05,ID,0.09072988147223954,0.4073033741459987,0.99,300,,0.945
PV-P,1,ens,0.05,ID-PAC,0.05790393013100437,0.32115822756424633,0.625,300,,0.275
PV-P,1,ens,0.05,Weighted,0.0720835932626326,0.3234899562970604,0.8,300,,0.4
PV-P,1,ens,0.05,TargetPAC-25,0.0,0.0,0.0,25,,0.0
PV-P,1,ens,0.05,Target-25,0.037507797878976915,0.20414741893528277,0.25,25,,0.145
PV-P,1,ens,0.05,TargetPAC-50,0.015745477230193386,0.11591865871342931,0.04,50,,0.02
PV-P,1,ens,0.05,Target-50,0.03359638178415471,0.2104600020929572,0.215,50,,0.075
PV-P,1,ens,0.05,TargetPAC-100,0.017358078602620085,0.13231705311626377,0.02,100,,0.005
PV-P,1,ens,0.05,Target-100,0.048933250155957585,0.28294553826374247,0.335,100,,0.145
PV-P,1,ens,0.05,TargetPAC-200,0.026004366812227075,0.19094810961115843,0.025,200,,0.0
PV-P,1,ens,0.05,Target-200,0.0470804741110418,0.28612900091193133,0.34,200,,0.06
PV-P,1,ens,0.05,TargetPAC-400,0.036824703680598876,0.2472923861207038,0.0,400,,0.0
PV-P,1,ens,0.05,Target-400,0.04629132875857767,0.28799270454919196,0.255,400,,0.005
PV-P,1,ens,0.05,TargetPAC-all,0.04054897067997504,0.2601844792273998,0.0,555,,0.0
PV-P,1,ens,0.05,Target-all,0.04366812227074236,0.28114395060621006,0.0,555,,0.0
PV-P,1,ens,0.1,ID-all,0.19588271990018716,0.6176167197380814,1.0,537,0.24247831405500161,
PV-P,1,ens,0.1,ID,0.1998190892077355,0.6208557952489872,1.0,300,,1.0
PV-P,1,ens,0.1,ID-PAC,0.153284466625078,0.5420555829633283,0.995,300,,0.96
PV-P,1,ens,0.1,Weighted,0.1416822624246205,0.49955350246420793,0.7,300,,0.5666666666666667
PV-P,1,ens,0.1,TargetPAC-25,0.037975670617592015,0.20896578014979592,0.09,25,,0.07
PV-P,1,ens,0.1,Target-25,0.08353711790393013,0.36375319549715207,0.35,25,,0.335
PV-P,1,ens,0.1,TargetPAC-50,0.03912975670617592,0.2304459493803352,0.065,50,,0.06
PV-P,1,ens,0.1,Target-50,0.1075857766687461,0.43709871283132257,0.56,50,,0.53
PV-P,1,ens,0.1,TargetPAC-100,0.061880848409232685,0.32570129015861626,0.115,100,,0.085
PV-P,1,ens,0.1,Target-100,0.11498752339363692,0.4591599766784769,0.66,100,,0.595
PV-P,1,ens,0.1,TargetPAC-200,0.07710230817217717,0.37154258420415304,0.125,200,,0.09
PV-P,1,ens,0.1,Target-200,0.11547411104179663,0.4630487659027373,0.71,200,,0.6
PV-P,1,ens,0.1,TargetPAC-400,0.09031815346225827,0.40777997039960534,0.16,400,,0.07
PV-P,1,ens,0.1,Target-400,0.12388958203368684,0.48115105171099254,0.96,400,,0.87
PV-P,1,ens,0.1,TargetPAC-all,0.09856519026824703,0.4270679164611083,0.0,555,,0.0
PV-P,1,ens,0.1,Target-all,0.12414223331253903,0.4794217458252979,1.0,555,,1.0
PV-P,1,ens,0.2,ID-all,0.3636930754834685,0.7856363337369751,1.0,537,0.24247831405500161,
PV-P,1,ens,0.2,ID,0.3559419837804117,0.7799899837048332,1.0,300,,1.0
PV-P,1,ens,0.2,ID-PAC,0.29694946974422953,0.7312056928435814,1.0,300,,1.0
PV-P,1,ens,0.2,Weighted,0.24231648991474322,0.6702994423764034,0.9833333333333333,300,,0.8166666666666667
PV-P,1,ens,0.2,TargetPAC-25,0.11798502807236431,0.4486170037822727,0.115,25,,0.08
PV-P,1,ens,0.2,Target-25,0.19927635683094203,0.6016011122572543,0.475,25,,0.39
PV-P,1,ens,0.2,TargetPAC-50,0.14111041796631316,0.5078455995574891,0.115,50,,0.06
PV-P,1,ens,0.2,Target-50,0.20654086088583906,0.6195862672108355,0.5,50,,0.385
PV-P,1,ens,0.2,TargetPAC-100,0.1597910168434186,0.5518821665096949,0.07,100,,0.015
PV-P,1,ens,0.2,Target-100,0.20961010605115407,0.62782526797327,0.595,100,,0.405
PV-P,1,ens,0.2,TargetPAC-200,0.177077354959451,0.5829098084944163,0.11,200,,0.035
PV-P,1,ens,0.2,Target-200,0.21039925140361823,0.6319312015069293,0.685,200,,0.36
PV-P,1,ens,0.2,TargetPAC-400,0.18184341859014347,0.5925298620143219,0.06,400,,0.0
PV-P,1,ens,0.2,Target-400,0.2112882096069869,0.6368967424616168,0.835,400,,0.185
PV-P,1,ens,0.2,TargetPAC-all,0.1809107922645041,0.5907371694248854,0.0,555,,0.0
PV-P,1,ens,0.2,Target-all,0.21147847785402366,0.6403253053475055,1.0,555,,0.0
PV-P,2,lr,0.02,ID-all,0.030442274554853533,0.1988632472779566,1.0,496,0.20106978747846066,
PV-P,2,lr,0.02,ID,0.03330557151062608,0.20844073135657054,1.0,300,,0.13
PV-P,2,lr,0.02,ID-PAC,0.019701321079839174,0.1357592960350613,0.42,300,,0.005
PV-P,2,lr,0.02,Weighted,0.01132490905609803,0.08896368326143028,0.03333333333333333,300,,0.0
PV-P,2,lr,0.02,TargetPAC-25,0.0,0.0,0.0,25,,0.0
PV-P,2,lr,0.02,Target-25,0.0,0.0,0.0,25,,0.0
PV-P,2,lr,0.02,TargetPAC-50,0.0,0.0,0.0,50,,0.0
PV-P,2,lr,0.02,Target-50,0.022802986789201608,0.1421934533999863,0.44,50,,0.105
PV-P,2,lr,0.02,TargetPAC-100,0.0,0.0,0.0,100,,0.0
PV-P,2,lr,0.02,Target-100,0.024681217690982197,0.160208587276587,0.58,100,,0.065
PV-P,2,lr,0.02,TargetPAC-200,0.017354968408960367,0.11903451345613916,0.205,200,,0.005
PV-P,2,lr,0.02,Target-200,0.025502584721424474,0.16714503869067998,0.765,200,,0.025
PV-P,2,lr,0.02,TargetPAC-400,0.019583572659391157,0.13426090529343285,0.355,400,,0.0
PV-P,2,lr,0.02,Target-400,0.02724870763928777,0.17669417243032254,1.0,400,,0.0
PV-P,2,lr,0.02,TargetPAC-all,0.018380241240666284,0.13171266178182564,0.0,566,,0.0
PV-P,2,lr,0.02,Target-all,0.026995979322228594,0.17395055810449908,1.0,566,,0.0
PV-P,2,lr,0.05,ID-all,0.06490522688110281,0.31827706635622816,1.0,496,0.20106978747846066,
PV-P,2,lr,0.05,ID,0.06805284319356691,0.3280690953913579,0.995,300,,0.48
PV-P,2,lr,0.05,ID-PAC,0.047731188971855264,0.2718934465520783,0.36,300,,0.0
PV-P,2,lr,0.05,Weighted,0.04187248707639288,0.22355246638818507,0.13333333333333333,300,,0.05
PV-P,2,lr,0.05,TargetPAC-25,0.0,0.0,0.0,25,,0.0
PV-P,2,lr,0.05,Target-25,0.04319643882825962,0.22405930288296927,0.295,25,,0.21
PV-P,2,lr,0.05,TargetPAC-50,0.025278575531303846,0.154650003423954,0.085,50,,0.045
PV-P,2,lr,0.05,Target-50,0.0454566341183228,0.2424393617749777,0.325,50,,0.215
PV-P,2,lr,0.05,TargetPAC-100,0.025226881102814475,0.1624587413545162,0.035,100,,0.01
PV-P,2,lr,0.05,Target-100,0.054049396898334295,0.2801760597137574,0.51,100,,0.26
PV-P,2,lr,0.05,TargetPAC-200,0.034408385985066056,0.2116739711018284,0.1,200,,0.01
PV-P,2,lr,0.05,Target-200,0.051249282021826534,0.2768135314661371,0.52,200,,0.145
PV-P,2,lr,0.05,TargetPAC-400,0.03744974152785756,0.2288774224474423,0.05,400,,0.0
PV-P,2,lr,0.05,Target-400,0.05324813325674899,0.28785989180305416,0.705,400,,0.06
PV-P,2,lr,0.05,TargetPAC-all,0.03676048248133257,0.22335136615763893,0.0,566,,0.0
PV-P,2,lr,0.05,Target-all,0.05226881102814474,0.2881462713141136,1.0,566,,0.0
PV-P,2,lr,0.1,ID-all,0.16197587593337162,0.539108402383072,1.0,496,0.20106978747846066,
PV-P,2,lr,0.1,ID,0.15996553704767374,0.5329084434705197,1.0,300,,0.98
PV-P,2,lr,0.1,ID-PAC,0.11373635841470421,0.44184907210847085,0.715,300,,0.385
PV-P,2,lr,0.1,Weighted,0.09283936434999043,0.36990070533452024,0.4,300,,0.35
PV-P,2,lr,0.1,TargetPAC-25,0.044767375071797816,0.22696137779908238,0.07,25,,0.035
PV-P,2,lr,0.1,Target-25,0.08332280298678921,0.3530675203725262,0.31,25,,0.205
PV-P,2,lr,0.1,TargetPAC-50,0.043354394026421585,0.2373495172224885,0.035,50,,0.005
PV-P,2,lr,0.1,Target-50,0.10743825387708213,0.4210650551256591,0.56,50,,0.35
PV-P,2,lr,0.1,TargetPAC-100,0.06451751866743251,0.3150441005272889,0.06,100,,0.015
PV-P,2,lr,0.1,Target-100,0.10794945433658817,0.4276762309114565,0.63,100,,0.3
PV-P,2,lr,0.1,TargetPAC-200,0.08041929925330268,0.3621894816133671,0.13,200,,0.01
PV-P,2,lr,0.1,Target-200,0.1061085582998277,0.4256152160514962,0.64,200,,0.19
PV-P,2,lr,0.1,TargetPAC-400,0.08724296381390005,0.3833028829692529,0.045,400,,0.0
PV-P,2,lr,0.1,Target-400,0.10814761631246408,0.43234917482709034,0.87,400,,0.08
PV-P,2,lr,0.1,TargetPAC-all,0.09190120620333142,0.3928781757173185,0.0,566,,0.0
PV-P,2,lr,0.1,Target-all,0.10855829982768526,0.43160994316236406,1.0,566,,0.0
PV-P,2,lr,0.2,ID-all,0.30729465824238944,0.7002533725946724,1.0,496,0.20106978747846066,
PV-P,2,lr,0.2,ID,0.3064876507754164,0.698816613024721,1.0,300,,1.0
PV-P,2,lr,0.2,ID-PAC,0.2618408960367605,0.6565066082311852,0.99,300,,0.915
PV-P,2,lr,0.2,Weighted,0.24205437488033693,0.6328106096920723,0.8666666666666667,300,,0.5166666666666667
PV-P,2,lr,0.2,TargetPAC-25,0.12253877082136704,0.44219900020543734,0.09,25,,0.05
PV-P,2,lr,0.2,Target-25,0.1855571510626077,0.5555014038211327,0.3,25,,0.205
PV-P,2,lr,0.2,TargetPAC-50,0.12351522113727743,0.4575372868588646,0.025,50,,0.01
PV-P,2,lr,0.2,Target-50,0.1968035611717404,0.5782138601657194,0.385,50,,0.26
PV-P,2,lr,0.2,TargetPAC-100,0.1550114876507754,0.5215235225638567,0.025,100,,0.01
PV-P,2,lr,0.2,Target-100,0.1888426191843768,0.5754499075532425,0.24,100,,0.115
PV-P,2,lr,0.2,TargetPAC-200,0.16643882825962092,0.5445198246935561,0.025,200,,0.0
PV-P,2,lr,0.2,Target-200,0.19032452613440554,0.579828049031021,0.185,200,,0.07
PV-P,2,lr,0.2,TargetPAC-400,0.1755399195864446,0.559968294186126,0.0,400,,0.0
PV-P,2,lr,0.2,Target-400,0.19017805858701892,0.5808483188385948,0.075,400,,0.0
PV-P,2,lr,0.2,TargetPAC-all,0.17690982194141294,0.5624323769088545,0.0,566,,0.0
PV-P,2,lr,0.2,Target-all,0.19012062033314187,0.5802232417996303,0.0,566,,0.0
PV-P,2,svm,0.02,ID-all,0.02469844916714532,0.1421899609669246,1.0,496,0.21478548665023808,
PV-P,2,svm,0.02,ID,0.027541642734060883,0.14911401766760254,0.94,300,,0.06
PV-P,2,svm,0.02,ID-PAC,0.017912119471568063,0.11265527631308636,0.2,300,,0.0
PV-P,2,svm,0.02,Weighted,0.007361669538579361,0.05776461457691342,0.0,300,,0.0
PV-P,2,svm,0.02,TargetPAC-25,0.0,0.0,0.0,25,,0.0
PV-P,2,svm,0.02,Target-25,0.0,0.0,0.0,25,,0.0
PV-P,2,svm,0.02,TargetPAC-50,0.0,0.0,0.0,50,,0.0
PV-P,2,svm,0.02,Target-50,0.020784032165422173,0.10887112237211533,0.355,50,,0.21
PV-P,2,svm,0.02,TargetPAC-100,0.0,0.0,0.0,100,,0.0
PV-P,2,svm,0.02,Target-100,0.01892303273980471,0.10503061014859962,0.29,100,,0.13
PV-P,2,svm,0.02,TargetPAC-200,0.00934233199310741,0.061762103677326576,0.055,200,,0.005
PV-P,2,svm,0.02,Target-200,0.018288340034462953,0.10704197767582004,0.28,200,,0.065
PV-P,2,svm,0.02,TargetPAC-400,0.010485353245261347,0.07245086626035746,0.005,400,,0.0
PV-P,2,svm,0.02,Target-400,0.01691556576680069,0.10700486201465452,0.225,400,,0.005
PV-P,2,svm,0.02,TargetPAC-all,0.010338885697874783,0.07336848592754915,0.0,566,,0.0
PV-P,2,svm,0.02,Target-all,0.013210798391728893,0.09435047592960352,0.0,566,,0.0
PV-P,2,svm,0.05,ID-all,0.06547960941987363,0.284777100595768,1.0,496,0.21478548665023808,
PV-P,2,svm,0.05,ID,0.06724583572659391,0.28938135999452164,1.0,300,,0.095
PV-P,2,svm,0.05,ID-PAC,0.051028144744399775,0.22562685749503525,0.55,300,,0.0
PV-P,2,svm,0.05,Weighted,0.03467355925713191,0.16580702595357122,0.1,300,,0.03333333333333333
PV-P,2,svm,0.05,TargetPAC-25,0.0,0.0,0.0,25,,0.0
PV-P,2,svm,0.05,Target-25,0.03979322228604251,0.1737503252756283,0.29,25,,0.155
PV-P,2,svm,0.05,TargetPAC-50,0.019207352096496266,0.10122769293980688,0.075,50,,0.01
PV-P,2,svm,0.05,Target-50,0.0422027570361861,0.1907595014723002,0.33,50,,0.145
PV-P,2,svm,0.05,TargetPAC-100,0.01812464101091327,0.1020046565774156,0.01,100,,0.0
PV-P,2,svm,0.05,Target-100,0.052228604250430785,0.230243511607204,0.525,100,,0.16
PV-P,2,svm,0.05,TargetPAC-200,0.03380528431935669,0.16441580497158118,0.075,200,,0.0
PV-P,2,svm,0.05,Target-200,0.05427340608845492,0.23727816202150243,0.63,200,,0.085
PV-P,2,svm,0.05,TargetPAC-400,0.04321941412981046,0.19376395261247686,0.055,400,,0.0
PV-P,2,svm,0.05,Target-400,0.054012062033314184,0.23619215229747312,0.82,400,,0.0
PV-P,2,svm,0.05,TargetPAC-all,0.0430786904078116,0.19215229747312196,0.0,566,,0.0
PV-P,2,svm,0.05,Target-all,0.05514072372199886,0.23823871807162916,1.0,566,,0.0
PV-P,2,svm,0.1,ID-all,0.15508328546812178,0.49206327466958844,1.0,496,0.21478548665023808,
PV-P,2,svm,0.1,ID,0.15164273406088455,0.483825378346915,0.99,300,,0.955
PV-P,2,svm,0.1,ID-PAC,0.10564043653072946,0.39156570567691573,0.54,300,,0.23
PV-P,2,svm,0.1,Weighted,0.10134022592379859,0.3508199228469036,0.48333333333333334,300,,0.45
PV-P,2,svm,0.1,TargetPAC-25,0.04553704767375072,0.1955077723755393,0.08,25,,0.055
PV-P,2,svm,0.1,Target-25,0.08593624353819644,0.3136352119427515,0.315,25,,0.24
PV-P,2,svm,0.1,TargetPAC-50,0.040829982768523836,0.18735246182291312,0.015,50,,0.01
PV-P,2,svm,0.1,Target-50,0.10030442274554854,0.36716119975347533,0.41,50,,0.315
PV-P,2,svm,0.1,TargetPAC-100,0.06339460080413556,0.2700073957406013,0.035,100,,0.01
PV-P,2,svm,0.1,Target-100,0.0982538770821367,0.369845031842772,0.395,100,,0.25
PV-P,2,svm,0.1,TargetPAC-200,0.07159103963239516,0.3010708758474286,0.025,200,,0.01
PV-P,2,svm,0.1,Target-200,0.09636990235496842,0.3707662809011847,0.365,200,,0.13
PV-P,2,svm,0.1,TargetPAC-400,0.07587880528431935,0.3175526946517838,0.0,400,,0.0
PV-P,2,svm,0.1,Target-400,0.09458357265939117,0.37068143532150927,0.245,400,,0.02
PV-P,2,svm,0.1,TargetPAC-all,0.07524411257897759,0.31798945422173525,0.0,566,,0.0
PV-P,2,svm,0.1,Target-all,0.0941987363584147,0.37117030747106755,0.0,566,,0.0
PV-P,2,svm,0.2,ID-all,0.2963813900057438,0.6624803122646031,1.0,496,0.21478548665023808,
PV-P,2,svm,0.2,ID,0.2956863871338311,0.6611037458056563,1.0,300,,1.0
PV-P,2,svm,0.2,ID-PAC,0.2564933946008041,0.6196293227419023,0.995,300,,0.995
PV-P,2,svm,0.2,Weighted,0.2385793605207735,0.5930852108014335,0.85,300,,0.7333333333333333
PV-P,2,svm,0.2,TargetPAC-25,0.11921596783457783,0.4012199548038074,0.08,25,,0.045
PV-P,2,svm,0.2,Target-25,0.19824813325674903,0.532524070396494,0.415,25,,0.32
PV-P,2,svm,0.2,TargetPAC-50,0.11906375646180355,0.4065080462918578,0.045,50,,0.04
PV-P,2,svm,0.2,Target-50,0.20790063182079266,0.5559966445250976,0.46,50,,0.38
PV-P,2,svm,0.2,TargetPAC-100,0.14419012062033315,0.4663945764568924,0.045,100,,0.02
PV-P,2,svm,0.2,Target-100,0.20319069500287193,0.5531197699102924,0.455,100,,0.35
PV-P,2,svm,0.2,TargetPAC-200,0.16331131533601378,0.5026324727795659,0.05,200,,0.01
PV-P,2,svm,0.2,Target-200,0.20094198736358415,0.5527180031500377,0.47,200,,0.245
PV-P,2,svm,0.2,TargetPAC-400,0.16784319356691554,0.5128405807025953,0.0,400,,0.0
PV-P,2,svm,0.2,Target-400,0.20337449741527855,0.5562182428268164,0.555,400,,0.1
PV-P,2,svm,0.2,TargetPAC-all,0.17001723147616318,0.5190029446004247,0.0,566,,0.0
PV-P,2,svm,0.2,Target-all,0.20792647903503736,0.5610627953160311,1.0,566,,0.0
PV-P,2,lgbm,0.02,ID-all,0.027570361860999426,0.24045744025200302,1.0,496,0.15946411035556132,
PV-P,2,lgbm,0.02,ID,0.03128661688684664,0.2548649592549476,1.0,300,,0.145
PV-P,2,lgbm,0.02,ID-PAC,0.021955772544514644,0.19179716496610283,0.78,300,,0.005
PV-P,2,lgbm,0.02,Weighted,0.012923607122343483,0.11341368212011232,0.03333333333333333,300,,0.0
PV-P,2,lgbm,0.02,TargetPAC-25,0.0,0.0,0.0,25,,0.0
PV-P,2,lgbm,0.02,Target-25,0.0,0.0,0.0,25,,0.0
PV-P,2,lgbm,0.02,TargetPAC-50,0.0,0.0,0.0,50,,0.0
PV-P,2,lgbm,0.02,Target-50,0.021829408385985065,0.1702396767787441,0.455,50,,0.11
PV-P,2,lgbm,0.02,TargetPAC-100,0.0,0.0,0.0,100,,0.0
PV-P,2,lgbm,0.02,Target-100,0.025100516944284897,0.20688358556461,0.635,100,,0.085
PV-P,2,lgbm,0.02,TargetPAC-200,0.014758759333716256,0.1355339313839622,0.22,200,,0.0
PV-P,2,lgbm,0.02,Target-200,0.025772544514646754,0.21921372320756005,0.77,200,,0.03
PV-P,2,lgbm,0.02,TargetPAC-400,0.018317059161401493,0.16631308635211942,0.31,400,,0.0
PV-P,2,lgbm,0.02,Target-400,0.02664273406088455,0.2293363007601178,1.0,400,,0.0
PV-P,2,lgbm,0.02,TargetPAC-all,0.018380241240666284,0.17371772923371906,0.0,566,,0.0
PV-P,2,lgbm,0.02,Target-all,0.024698449167145312,0.21906457577210162,1.0,566,,0.0
PV-P,2,lgbm,0.05,ID-all,0.07581849511774842,0.39415188659864414,1.0,496,0.15946411035556132,
PV-P,2,lgbm,0.05,ID,0.07747271682940839,0.4004035472163254,0.985,300,,0.81
PV-P,2,lgbm,0.05,ID-PAC,0.05068064330844342,0.3236325412586455,0.365,300,,0.075
PV-P,2,lgbm,0.05,Weighted,0.056748994830557155,0.29394713415051704,0.7166666666666667,300,,0.08333333333333333
PV-P,2,lgbm,0.05,TargetPAC-25,0.0,0.0,0.0,25,,0.0
PV-P,2,lgbm,0.05,Target-25,0.047512923607122344,0.2772266657536122,0.36,25,,0.27
PV-P,2,lgbm,0.05,TargetPAC-50,0.021657093624353817,0.1732470040402657,0.065,50,,0.03
PV-P,2,lgbm,0.05,Target-50,0.05143021252153934,0.3076712319386427,0.39,50,,0.295
PV-P,2,lgbm,0.05,TargetPAC-100,0.02407524411257898,0.19982743271930425,0.04,100,,0.015
PV-P,2,lgbm,0.05,Target-100,0.06046812176909821,0.3484399096076149,0.585,100,,0.36
PV-P,2,lgbm,0.05,TargetPAC-200,0.03581275129236071,0.2720801205231802,0.125,200,,0.025
PV-P,2,lgbm,0.05,Target-200,0.059445720850086155,0.3470147230021229,0.635,200,,0.34
PV-P,2,lgbm,0.05,TargetPAC-400,0.0400689259046525,0.2936869136478806,0.115,400,,0.01
PV-P,2,lgbm,0.05,Target-400,0.06366168868466397,0.35622687119085117,0.885,400,,0.225
PV-P,2,lgbm,0.05,TargetPAC-all,0.04192992533026995,0.29989728138053817,0.0,566,,0.0
PV-P,2,lgbm,0.05,Target-all,0.06720275703618608,0.3585016777374513,1.0,566,,0.0
PV-P,2,lgbm,0.1,ID-all,0.14933946008041354,0.5645415325618024,1.0,496,0.15946411035556132,
PV-P,2,lgbm,0.1,ID,0.1506375646180356,0.5659091967403959,1.0,300,,0.99
PV-P,2,lgbm,0.1,ID-PAC,0.11585870189546238,0.500973087721701,0.935,300,,0.425
PV-P,2,lgbm,0.1,Weighted,0.125282404748229,0.4909187609851857,0.8333333333333334,300,,0.6
PV-P,2,lgbm,0.1,TargetPAC-25,0.04753877082136704,0.27513380812161886,0.14,25,,0.05
PV-P,2,lgbm,0.1,Target-25,0.09241815048822516,0.4188930356776005,0.435,25,,0.25
PV-P,2,lgbm,0.1,TargetPAC-50,0.04194141298104539,0.2746930767650483,0.055,50,,0.0
PV-P,2,lgbm,0.1,Target-50,0.11655657668006893,0.4887536122714511,0.645,50,,0.405
PV-P,2,lgbm,0.1,TargetPAC-100,0.07504020677771396,0.39095432445387934,0.205,100,,0.015
PV-P,2,lgbm,0.1,Target-100,0.11831418724870764,0.5011181264123811,0.8,100,,0.425
PV-P,2,lgbm,0.1,TargetPAC-200,0.09099655370476738,0.4376649318633158,0.345,200,,0.045
PV-P,2,lgbm,0.1,Target-200,0.11889144170017232,0.5064254605218106,0.93,200,,0.365
PV-P,2,lgbm,0.1,TargetPAC-400,0.09879666858127514,0.4597851811271657,0.555,400,,0.01
PV-P,2,lgbm,0.1,Target-400,0.1178719126938541,0.5062166678079847,1.0,400,,0.28
PV-P,2,lgbm,0.1,TargetPAC-all,0.10396323951751868,0.4710401972197494,1.0,566,,0.0
PV-P,2,lgbm,0.1,Target-all,0.11717403790924757,0.5050058207217694,1.0,566,,0.0
PV-P,2,lgbm,0.2,ID-all,0.2986789201608271,0.7387523111689379,1.0,496,0.15946411035556132,
PV-P,2,lgbm,0.2,ID,0.30057438253877083,0.7394530575909058,1.0,300,,1.0
PV-P,2,lgbm,0.2,ID-PAC,0.2547070649052269,0.6962747380675204,1.0,300,,0.965
PV-P,2,lgbm,0.2,Weighted,0.27250622247750333,0.7087100824031592,0.9666666666666667,300,,0.85
PV-P,2,lgbm,0.2,TargetPAC-25,0.13502297530155083,0.5130484147093063,0.135,25,,0.115
PV-P,2,lgbm,0.2,Target-25,0.2157754164273406,0.6411209340546463,0.525,25,,0.45
PV-P,2,lgbm,0.2,TargetPAC-50,0.135393452039058,0.5262237211531877,0.085,50,,0.065
PV-P,2,lgbm,0.2,Target-50,0.22217403790924756,0.6564019721974936,0.62,50,,0.5
PV-P,2,lgbm,0.2,TargetPAC-100,0.16983630097645033,0.5924693556118605,0.16,100,,0.08
PV-P,2,lgbm,0.2,Target-100,0.22917288914417,0.6676932822022872,0.775,100,,0.605
PV-P,2,lgbm,0.2,TargetPAC-200,0.1887851809304997,0.6226843114428542,0.245,200,,0.09
PV-P,2,lgbm,0.2,Target-200,0.22838885697874786,0.668115455728275,0.815,200,,0.595
PV-P,2,lgbm,0.2,TargetPAC-400,0.19627512923607124,0.6348630418407176,0.275,400,,0.05
PV-P,2,lgbm,0.2,Target-400,0.23093337162550256,0.6707568307881943,0.97,400,,0.75
PV-P,2,lgbm,0.2,TargetPAC-all,0.19873635841470422,0.6388413339724712,0.0,566,,0.0
PV-P,2,lgbm,0.2,Target-all,0.23434807581849515,0.6734369650071903,1.0,566,,1.0
PV-P,2,ens,0.02,ID-all,0.03618609994256174,0.2549887009518592,1.0,496,0.18716532952882103,
PV-P,2,ens,0.02,ID,0.036771970132107985,0.2575266041224406,1.0,300,,0.14
PV-P,2,ens,0.02,ID-PAC,0.024299253302699598,0.19406676710265017,0.56,300,,0.0
PV-P,2,ens,0.02,Weighted,0.012569404556768141,0.11224679860302676,0.03333333333333333,300,,0.0
PV-P,2,ens,0.02,TargetPAC-25,0.0,0.0,0.0,25,,0.0
PV-P,2,ens,0.02,Target-25,0.0,0.0,0.0,25,,0.0
PV-P,2,ens,0.02,TargetPAC-50,0.0,0.0,0.0,50,,0.0
PV-P,2,ens,0.02,Target-50,0.02512636415852958,0.17942087242347463,0.485,50,,0.16
PV-P,2,ens,0.02,TargetPAC-100,0.0,0.0,0.0,100,,0.0
PV-P,2,ens,0.02,Target-100,0.027983917288914414,0.2082197493665685,0.67,100,,0.175
PV-P,2,ens,0.02,TargetPAC-200,0.01419012062033314,0.13256454153256178,0.215,200,,0.01
PV-P,2,ens,0.02,Target-200,0.0267145318782309,0.20868636581524347,0.78,200,,0.1
PV-P,2,ens,0.02,TargetPAC-400,0.017268811028144745,0.15554947613504072,0.375,400,,0.0
PV-P,2,ens,0.02,Target-400,0.026654221711659966,0.21382311853728683,1.0,400,,0.0
PV-P,2,ens,0.02,TargetPAC-all,0.014359563469270533,0.13515031157981233,0.0,566,,0.0
PV-P,2,ens,0.02,Target-all,0.02757036186099943,0.2212559063206191,1.0,566,,0.0
PV-P,2,ens,0.05,ID-all,0.08788052843193567,0.4364993494487434,1.0,496,0.18716532952882103,
PV-P,2,ens,0.05,ID,0.08923319931074096,0.4353228788605081,0.995,300,,0.915
PV-P,2,ens,0.05,ID-PAC,0.053480758184951176,0.32935684448401015,0.375,300,,0.145
PV-P,2,ens,0.05,Weighted,0.05222094581658052,0.2924990298797051,0.5833333333333334,300,,0.03333333333333333
PV-P,2,ens,0.05,TargetPAC-25,0.0,0.0,0.0,25,,0.0
PV-P,2,ens,0.05,Target-25,0.045781160252728326,0.26764582620009586,0.33,25,,0.26
PV-P,2,ens,0.05,TargetPAC-50,0.02886559448592763,0.1974077244401835,0.135,50,,0.09
PV-P,2,ens,0.05,Target-50,0.05387995404939689,0.31060152023556803,0.48,50,,0.28
PV-P,2,ens,0.05,TargetPAC-100,0.02700746697300402,0.20415811819489146,0.095,100,,0.025
PV-P,2,ens,0.05,Target-100,0.05963526708788053,0.34375087310826546,0.635,100,,0.345
PV-P,2,ens,0.05,TargetPAC-200,0.03737219988512349,0.26182633705402997,0.155,200,,0.025
PV-P,2,ens,0.05,Target-200,0.06501435956346928,0.3687167020475245,0.845,200,,0.395
PV-P,2,ens,0.05,TargetPAC-400,0.048457782883400344,0.31323892350886806,0.46,400,,0.015
PV-P,2,ens,0.05,Target-400,0.06477024698449167,0.3737290967609395,0.99,400,,0.335
PV-P,2,ens,0.05,TargetPAC-all,0.0505456634118323,0.3209203588303774,1.0,566,,0.0
PV-P,2,ens,0.05,Target-all,0.0649052268811028,0.3797849756899268,1.0,566,,0.0
PV-P,2,ens,0.1,ID-all,0.15508328546812178,0.5806341162774772,1.0,496,0.18716532952882103,
PV-P,2,ens,0.1,ID,0.1585726593911545,0.5849931520920358,1.0,300,,1.0
PV-P,2,ens,0.1,ID-PAC,0.12615163699023552,0.5198597548448949,1.0,300,,0.7
PV-P,2,ens,0.1,Weighted,0.1139862148190695,0.4668237120226438,0.55,300,,0.36666666666666664
PV-P,2,ens,0.1,TargetPAC-25,0.048564043653072944,0.27720454701088815,0.14,25,,0.08
PV-P,2,ens,0.1,Target-25,0.09038483630097645,0.4174965418064781,0.385,25,,0.235
PV-P,2,ens,0.1,TargetPAC-50,0.05084147041929925,0.2989706909539136,0.075,50,,0.04
PV-P,2,ens,0.1,Target-50,0.11504882251579553,0.4876997877148531,0.705,50,,0.45
PV-P,2,ens,0.1,TargetPAC-100,0.07983917288914417,0.40626569882900776,0.24,100,,0.04
PV-P,2,ens,0.1,Target-100,0.11539632395175187,0.4938740669725399,0.775,100,,0.425
PV-P,2,ens,0.1,TargetPAC-200,0.0970649052268811,0.4521096350065055,0.45,200,,0.09
PV-P,2,ens,0.1,Target-200,0.12049684089603677,0.5070710812846676,0.935,200,,0.555
PV-P,2,ens,0.1,TargetPAC-400,0.1030987937966686,0.4647155379031706,0.625,400,,0.015
PV-P,2,ens,0.1,Target-400,0.12,0.5068689995206465,0.995,400,,0.575
PV-P,2,ens,0.1,TargetPAC-all,0.11143021252153938,0.4811614051907141,1.0,566,,0.0
PV-P,2,ens,0.1,Target-all,0.12176909821941415,0.5089091282613163,1.0,566,,1.0
PV-P,2,ens,0.2,ID-all,0.29695577254451466,0.7385331781140861,1.0,496,0.18716532952882103,
PV-P,2,ens,0.2,ID,0.2989230327398047,0.7404208724234747,1.0,300,,1.0
PV-P,2,ens,0.2,ID-PAC,0.2583285468121769,0.7057456686982126,1.0,300,,0.985
PV-P,2,ens,0.2,Weighted,0.2751388091135363,0.7121479604647447,0.8333333333333334,300,,0.8333333333333334
PV-P,2,ens,0.2,TargetPAC-25,0.12823090178058588,0.5069046771211395,0.105,25,,0.075
PV-P,2,ens,0.2,Target-25,0.21324526134405516,0.6425157159487778,0.56,25,,0.46
PV-P,2,ens,0.2,TargetPAC-50,0.13482194141298107,0.5300506060398549,0.085,50,,0.05
PV-P,2,ens,0.2,Target-50,0.21153072946582427,0.6479057043073341,0.57,50,,0.465
PV-P,2,ens,0.2,TargetPAC-100,0.1541298104537622,0.5715172909676095,0.09,100,,0.04
PV-P,2,ens,0.2,Target-100,0.2087507179781735,0.6484620968294186,0.57,100,,0.45
PV-P,2,ens,0.2,TargetPAC-200,0.17125502584721425,0.6026180236937616,0.19,200,,0.07
PV-P,2,ens,0.2,Target-200,0.22240953475014358,0.667547558720811,0.815,200,,0.555
PV-P,2,ens,0.2,TargetPAC-400,0.1815106260769673,0.6208647538177087,0.21,400,,0.005
PV-P,2,ens,0.2,Target-400,0.21949167145318782,0.6652768609189892,0.935,400,,0.47
PV-P,2,ens,0.2,TargetPAC-all,0.18322802986789202,0.6275833732794629,0.0,566,,0.0
PV-P,2,ens,0.2,Target-all,0.22171165996553704,0.667616243237691,1.0,566,,1.0
PV-R,0,lr,0.02,ID-all,0.03185437997724687,0.23120868602877395,1.0,875,0.028245083699008612,
PV-R,0,lr,0.02,ID,0.029755403868031854,0.22074118386025784,0.96,300,,0.025
PV-R,0,lr,0.02,ID-PAC,0.015358361774744025,0.13287470463314688,0.35,300,,0.005
PV-R,0,lr,0.05,ID-all,0.05915813424345848,0.38919630305386893,1.0,875,0.028245083699008612,
PV-R,0,lr,0.05,ID,0.059027303754266215,0.38731896629079043,0.82,300,,0.17
PV-R,0,lr,0.05,ID-PAC,0.04094425483503983,0.3029110459725421,0.18,300,,0.005
PV-R,0,lr,0.1,ID-all,0.12400455062571103,0.5510722938414142,1.0,875,0.028245083699008612,
PV-R,0,lr,0.1,ID,0.12023890784982935,0.5465429366195077,0.945,300,,0.635
PV-R,0,lr,0.1,ID-PAC,0.09271899886234358,0.4823780396614124,0.335,300,,0.085
PV-R,0,lr,0.2,ID-all,0.2161547212741752,0.6930278467382526,1.0,875,0.028245083699008612,
PV-R,0,lr,0.2,ID,0.20849260523321958,0.6859097299075763,0.65,300,,0.385
PV-R,0,lr,0.2,ID-PAC,0.17412400455062574,0.6439073669727514,0.11,300,,0.04
PV-R,0,svm,0.02,ID-all,0.02502844141069397,0.17422905512517572,1.0,875,0.034164797659678205,
PV-R,0,svm,0.02,ID,0.027679180887372014,0.17362934824873627,0.895,300,,0.085
PV-R,0,svm,0.02,ID-PAC,0.013924914675767917,0.08217479735590583,0.235,300,,0.0
PV-R,0,svm,0.05,ID-all,0.06825938566552901,0.35019292315975237,1.0,875,0.034164797659678205,
PV-R,0,svm,0.05,ID,0.06488054607508531,0.34791972003708904,0.99,300,,0.265
PV-R,0,svm,0.05,ID-PAC,0.045278725824800914,0.252918972272904,0.55,300,,0.01
PV-R,0,svm,0.1,ID-all,0.11035267349260523,0.5032452965632758,1.0,875,0.034164797659678205,
PV-R,0,svm,0.1,ID,0.11054607508532423,0.5054592767624801,0.715,300,,0.235
PV-R,0,svm,0.1,ID-PAC,0.08707622298065983,0.44128720126820803,0.135,300,,0.015
PV-R,0,svm,0.2,ID-all,0.19340159271899887,0.6583914096850417,0.0,875,0.034164797659678205,
PV-R,0,svm,0.2,ID,0.19881683731513086,0.6595172434421082,0.365,300,,0.225
PV-R,0,svm,0.2,ID-PAC,0.17044368600682597,0.6268490712768822,0.045,300,,0.015
PV-R,0,lgbm,0.02,ID-all,0.020477815699658702,0.21888553225854696,1.0,875,0.04078270762229807,
PV-R,0,lgbm,0.02,ID,0.020676905574516492,0.2259720934406126,0.595,300,,0.025
PV-R,0,lgbm,0.02,ID-PAC,0.010665529010238907,0.14902925253492058,0.04,300,,0.0
PV-R,0,lgbm,0.05,ID-all,0.06484641638225255,0.41776089492417673,1.0,875,0.04078270762229807,
PV-R,0,lgbm,0.05,ID,0.062133105802047776,0.4192600125624384,0.89,300,,0.045
PV-R,0,lgbm,0.05,ID-PAC,0.04156996587030716,0.3417657703466635,0.3,300,,0.005
PV-R,0,lgbm,0.1,ID-all,0.10921501706484642,0.549636586606048,1.0,875,0.04078270762229807,
PV-R,0,lgbm,0.1,ID,0.1117349260523322,0.5523116382017768,0.695,300,,0.42
PV-R,0,lgbm,0.1,ID-PAC,0.08266780432309442,0.49132159842072204,0.13,300,,0.035
PV-R,0,lgbm,0.2,ID-all,0.22525597269624573,0.7199174468339664,1.0,875,0.04078270762229807,
PV-R,0,lgbm,0.2,ID,0.2220022753128555,0.7168022612388958,0.965,300,,0.605
PV-R,0,lgbm,0.2,ID-PAC,0.1994937428896473,0.6850361917865581,0.595,300,,0.075
PV-R,0,ens,0.02,ID-all,0.03299203640500569,0.28289414650195915,1.0,875,0.026657565415244597,
PV-R,0,ens,0.02,ID,0.03254835039817974,0.27348727305356985,0.92,300,,0.27
PV-R,0,ens,0.02,ID-PAC,0.013253697383390215,0.15896688900188438,0.295,300,,0.025
PV-R,0,ens,0.05,ID-all,0.06029579067121729,0.44865851105195464,1.0,875,0.026657565415244597,
PV-R,0,ens,0.05,ID,0.0632536973833902,0.44534756079322824,0.96,300,,0.17
PV-R,0,ens,0.05,ID-PAC,0.04777019340159273,0.363523464840128,0.47,300,,0.0
PV-R,0,ens,0.1,ID-all,0.11604095563139932,0.5975234050189933,1.0,875,0.026657565415244597,
PV-R,0,ens,0.1,ID,0.11539249146757678,0.5919643765142225,0.865,300,,0.24
PV-R,0,ens,0.1,ID-PAC,0.09433447098976108,0.5355979122423953,0.28,300,,0.015
PV-R,0,ens,0.2,ID-all,0.2150170648464164,0.7323602428738073,1.0,875,0.026657565415244597,
PV-R,0,ens,0.2,ID,0.21420932878270763,0.7322153261747375,0.755,300,,0.425
PV-R,0,ens,0.2,ID-PAC,0.1895790671217292,0.704886339843867,0.255,300,,0.05
PV-R,1,lr,0.02,ID-all,0.016055045871559634,0.21045818532121138,0.0,791,0.02530039782414549,
PV-R,1,lr,0.02,ID,0.0175802752293578,0.2167619965079174,0.28,300,,0.0
PV-R,1,lr,0.02,ID-PAC,0.008704128440366972,0.1342069058943946,0.01,300,,0.0
PV-R,1,lr,0.05,ID-all,0.033256880733944956,0.32605816123788306,0.0,791,0.02530039782414549,
PV-R,1,lr,0.05,ID,0.035647935779816516,0.337709223914745,0.045,300,,0.0
PV-R,1,lr,0.05,ID-PAC,0.0259059633027523,0.28511921247516403,0.005,300,,0.0
PV-R,1,lr,0.1,ID-all,0.07568807339449542,0.48253958697091937,0.0,791,0.02530039782414549,
PV-R,1,lr,0.1,ID,0.08157683486238533,0.4879511108435186,0.095,300,,0.025
PV-R,1,lr,0.1,ID-PAC,0.06192087155963304,0.4329362092841231,0.0,300,,0.0
PV-R,1,lr,0.2,ID-all,0.1926605504587156,0.6802637124450599,0.0,791,0.02530039782414549,
PV-R,1,lr,0.2,ID,0.1874827981651376,0.6721744235053285,0.24,300,,0.085
PV-R,1,lr,0.2,ID-PAC,0.15932912844036695,0.6311025648744656,0.015,300,,0.01
PV-R,1,svm,0.02,ID-all,0.014908256880733946,0.1586489252814739,0.0,791,0.02856533942634454,
PV-R,1,svm,0.02,ID,0.01606077981651376,0.16090342585345294,0.18,300,,0.0
PV-R,1,svm,0.02,ID-PAC,0.007849770642201836,0.10379086639773619,0.005,300,,0.0
PV-R,1,svm,0.05,ID-all,0.0389908256880734,0.30953097718104644,0.0,791,0.02856533942634454,
PV-R,1,svm,0.05,ID,0.04154243119266055,0.3090839303991812,0.155,300,,0.0
PV-R,1,svm,0.05,ID-PAC,0.027144495412844038,0.21886146065386236,0.0,300,,0.0
PV-R,1,svm,0.1,ID-all,0.0779816513761468,0.44632428201577456,0.0,791,0.02856533942634454,
PV-R,1,svm,0.1,ID,0.07883600917431194,0.44472213859955445,0.065,300,,0.015
PV-R,1,svm,0.1,ID-PAC,0.06103784403669725,0.39201050635197787,0.0,300,,0.0
PV-R,1,svm,0.2,ID-all,0.18463302752293578,0.6377265338069721,0.0,791,0.02856533942634454,
PV-R,1,svm,0.2,ID,0.18622133027522939,0.6360890180022879,0.245,300,,0.03
PV-R,1,svm,0.2,ID-PAC,0.15585435779816514,0.5987943283761815,0.025,300,,0.0
PV-R,1,lgbm,0.02,ID-all,0.0194954128440367,0.25708952977301464,0.0,791,0.02026090536888621,
PV-R,1,lgbm,0.02,ID,0.019839449541284405,0.249695044855199,0.395,300,,0.01
PV-R,1,lgbm,0.02,ID-PAC,0.006748853211009174,0.14694698657354446,0.025,300,,0.0
PV-R,1,lgbm,0.05,ID-all,0.05619266055045872,0.413510747185261,1.0,791,0.02026090536888621,
PV-R,1,lgbm,0.05,ID,0.05502293577981652,0.4126464567403215,0.8,300,,0.01
PV-R,1,lgbm,0.05,ID-PAC,0.039827981651376146,0.35065310975976877,0.175,300,,0.0
PV-R,1,lgbm,0.1,ID-all,0.09059633027522936,0.5364862423986995,0.0,791,0.02026090536888621,
PV-R,1,lgbm,0.1,ID,0.08857224770642202,0.5314775121921849,0.195,300,,0.0
PV-R,1,lgbm,0.1,ID-PAC,0.07050458715596329,0.47951923655849243,0.01,300,,0.0
PV-R,1,lgbm,0.2,ID-all,0.1938073394495413,0.7060027695827563,0.0,791,0.02026090536888621,
PV-R,1,lgbm,0.2,ID,0.19637614678899085,0.707530104160395,0.345,300,,0.16
PV-R,1,lgbm,0.2,ID-PAC,0.16686353211009178,0.6671115058101029,0.02,300,,0.005
PV-R,1,ens,0.02,ID-all,0.014908256880733946,0.2438738033596243,0.0,791,0.028630580266530578,
PV-R,1,ens,0.02,ID,0.017557339449541284,0.2552861400445542,0.21,300,,0.0
PV-R,1,ens,0.02,ID-PAC,0.011404816513761469,0.18638223252453487,0.01,300,,0.0
PV-R,1,ens,0.05,ID-all,0.03669724770642202,0.4122463724486724,0.0,791,0.028630580266530578,
PV-R,1,ens,0.05,ID,0.04004587155963304,0.40912065747486304,0.12,300,,0.0
PV-R,1,ens,0.05,ID-PAC,0.027121559633027523,0.3304952134384972,0.0,300,,0.0
PV-R,1,ens,0.1,ID-all,0.08371559633027523,0.5600577999879583,0.0,791,0.028630580266530578,
PV-R,1,ens,0.1,ID,0.0844151376146789,0.5622501354687217,0.18,300,,0.01
PV-R,1,ens,0.1,ID-PAC,0.06314793577981652,0.5015782106087062,0.01,300,,0.0
PV-R,1,ens,0.2,ID-all,0.19839449541284404,0.7276175567463423,0.0,791,0.028630580266530578,
PV-R,1,ens,0.2,ID,0.19133600917431193,0.7218340959720634,0.47,300,,0.06
PV-R,1,ens,0.2,ID-PAC,0.15650229357798165,0.686029261243904,0.05,300,,0.0
PV-R,2,lr,0.02,ID-all,0.02463605823068309,0.22261284075674065,1.0,776,0.03000860068574595,
PV-R,2,lr,0.02,ID,0.023275475923852183,0.2244078653359154,0.6,300,,0.025
PV-R,2,lr,0.02,ID-PAC,0.009204927211646136,0.11705943691345151,0.065,300,,0.0
PV-R,2,lr,0.05,ID-all,0.06159014557670773,0.3793237002830329,1.0,776,0.03000860068574595,
PV-R,2,lr,0.05,ID,0.06091825307950728,0.37922091464322955,0.8,300,,0.2
PV-R,2,lr,0.05,ID-PAC,0.03940089585666293,0.30935766423357663,0.15,300,,0.015
PV-R,2,lr,0.1,ID-all,0.10862262038073908,0.5102338745717265,1.0,776,0.03000860068574595,
PV-R,2,lr,0.1,ID,0.10923292273236282,0.509432444510651,0.72,300,,0.3
PV-R,2,lr,0.1,ID-PAC,0.08665173572228443,0.4564579174735588,0.145,300,,0.02
PV-R,2,lr,0.2,ID-all,0.2026875699888018,0.6708774020557128,1.0,776,0.03000860068574595,
PV-R,2,lr,0.2,ID,0.20611422172452407,0.670578876806197,0.62,300,,0.195
PV-R,2,lr,0.2,ID-PAC,0.17957446808510638,0.6301544763890958,0.11,300,,0.0
PV-R,2,svm,0.02,ID-all,0.011198208286674132,0.14190376880679278,0.0,776,0.025799171101695894,
PV-R,2,svm,0.02,ID,0.013868980963045913,0.1545404439147922,0.135,300,,0.03
PV-R,2,svm,0.02,ID-PAC,0.009020156774916015,0.09514241024877106,0.0,300,,0.0
PV-R,2,svm,0.05,ID-all,0.04927211646136618,0.2941158945329957,0.0,776,0.025799171101695894,
PV-R,2,svm,0.05,ID,0.05262597984322508,0.307033666021153,0.48,300,,0.145
PV-R,2,svm,0.05,ID-PAC,0.028421052631578948,0.225372411738418,0.01,300,,0.0
PV-R,2,svm,0.1,ID-all,0.11086226203807391,0.4752569640995084,1.0,776,0.025799171101695894,
PV-R,2,svm,0.1,ID,0.10929451287793952,0.4723350215998808,0.675,300,,0.155
PV-R,2,svm,0.1,ID-PAC,0.08660134378499439,0.4110458811261731,0.11,300,,0.005
PV-R,2,svm,0.2,ID-all,0.20492721164613661,0.6438254133770297,1.0,776,0.025799171101695894,
PV-R,2,svm,0.2,ID,0.20359462486002236,0.6439535230150455,0.625,300,,0.2
PV-R,2,svm,0.2,ID-PAC,0.1777043673012318,0.6066541039773574,0.095,300,,0.01
PV-R,2,lgbm,0.02,ID-all,0.020156774916013438,0.2091762252346194,1.0,776,0.037848789554496026,
PV-R,2,lgbm,0.02,ID,0.0188969764837626,0.20723789661850142,0.52,300,,0.0
PV-R,2,lgbm,0.02,ID-PAC,0.010543113101903695,0.1365812602413228,0.035,300,,0.0
PV-R,2,lgbm,0.05,ID-all,0.04703247480403135,0.33865633844778786,0.0,776,0.037848789554496026,
PV-R,2,lgbm,0.05,ID,0.04846584546472564,0.3471236406971548,0.435,300,,0.15
PV-R,2,lgbm,0.05,ID-PAC,0.028874580067189255,0.2754775808133473,0.025,300,,0.005
PV-R,2,lgbm,0.1,ID-all,0.10638297872340426,0.5250707582302995,1.0,776,0.037848789554496026,
PV-R,2,lgbm,0.1,ID,0.10696528555431133,0.5222781170862505,0.635,300,,0.165
PV-R,2,lgbm,0.1,ID-PAC,0.08754759238521836,0.47070519886786827,0.05,300,,0.005
PV-R,2,lgbm,0.2,ID-all,0.22620380739081747,0.7040667361835246,1.0,776,0.037848789554496026,
PV-R,2,lgbm,0.2,ID,0.22342105263157894,0.700461641590943,0.91,300,,0.66
PV-R,2,lgbm,0.2,ID-PAC,0.1871780515117581,0.6512297035602562,0.32,300,,0.085
PV-R,2,ens,0.02,ID-all,0.0167973124300112,0.22740950394756443,0.0,776,0.029851306265224368,
PV-R,2,ens,0.02,ID,0.019227323628219484,0.2317247132429614,0.33,300,,0.01
PV-R,2,ens,0.02,ID-PAC,0.010307950727883541,0.13741873975867722,0.005,300,,0.0
PV-R,2,ens,0.05,ID-all,0.05823068309070549,0.41561150007448233,1.0,776,0.029851306265224368,
PV-R,2,ens,0.05,ID,0.06106942889137738,0.420275435721734,0.92,300,,0.175
PV-R,2,ens,0.05,ID-PAC,0.0383090705487122,0.33329569492030386,0.34,300,,0.005
PV-R,2,ens,0.1,ID-all,0.12094064949608063,0.5702070609265604,1.0,776,0.029851306265224368,
PV-R,2,ens,0.1,ID,0.11711646136618141,0.5662629226873231,0.82,300,,0.56
PV-R,2,ens,0.1,ID-PAC,0.09012318029115342,0.5139575450618203,0.21,300,,0.045
PV-R,2,ens,0.2,ID-all,0.21724524076147816,0.7147028154327424,1.0,776,0.029851306265224368,
PV-R,2,ens,0.2,ID,0.21703247480403134,0.7148131982720096,0.86,300,,0.515
PV-R,2,ens,0.2,ID-PAC,0.19017357222844347,0.6753400863995231,0.265,300,,0.03
PV-T,0,lr,0.02,ID-all,0.01646090534979424,0.15238960193293008,0.0,541,0.23729870762115576,
PV-T,0,lr,0.02,ID,0.017246227709190674,0.1602892540740614,0.035,300,,0.0
PV-T,0,lr,0.02,ID-PAC,0.012410836762688615,0.11803965248384941,0.0,300,,0.0
PV-T,0,lr,0.02,Weighted,0.014906264288980339,0.11403316368787521,0.03333333333333333,300,,0.0
PV-T,0,lr,0.02,TargetPAC-25,0.0,0.0,0.0,25,,0.0
PV-T,0,lr,0.02,Target-25,0.0,0.0,0.0,25,,0.0
PV-T,0,lr,0.02,TargetPAC-50,0.0,0.0,0.0,50,,0.0
PV-T,0,lr,0.02,Target-50,0.01331275720164609,0.10589766437616738,0.16,50,,0.04
PV-T,0,lr,0.02,TargetPAC-100,0.0,0.0,0.0,100,,0.0
PV-T,0,lr,0.02,Target-100,0.01326474622770919,0.11660709083743168,0.165,100,,0.015
PV-T,0,lr,0.02,TargetPAC-200,0.006440329218106996,0.058183936802782873,0.01,200,,0.0
PV-T,0,lr,0.02,Target-200,0.012589163237311385,0.11550199633291636,0.055,200,,0.0
PV-T,0,lr,0.02,TargetPAC-400,0.007911522633744856,0.07149253731343284,0.0,400,,0.0
PV-T,0,lr,0.02,Target-400,0.013285322359396435,0.12594050413832103,0.005,400,,0.0
PV-T,0,lr,0.02,TargetPAC-all,0.008916323731138544,0.07692307692307691,0.0,624,,0.0
PV-T,0,lr,0.02,Target-all,0.013031550068587108,0.12733690902548106,0.0,624,,0.0
PV-T,0,lr,0.05,ID-all,0.04252400548696845,0.29413780694689584,0.0,541,0.23729870762115576,
PV-T,0,lr,0.05,ID,0.04298696844993142,0.29421449012115086,0.285,300,,0.0
PV-T,0,lr,0.05,ID-PAC,0.026162551440329217,0.21567858183251368,0.005,300,,0.0
PV-T,0,lr,0.05,Weighted,0.037402834933699135,0.26237355130204315,0.08333333333333333,300,,0.0
PV-T,0,lr,0.05,TargetPAC-25,0.0,0.0,0.0,25,,0.0
PV-T,0,lr,0.05,Target-25,0.028539094650205765,0.183233887965454,0.155,25,,0.075
PV-T,0,lr,0.05,TargetPAC-50,0.011899862825788752,0.09865765889267783,0.015,50,,0.01
PV-T,0,lr,0.05,Target-50,0.026406035665294928,0.19866202854841752,0.085,50,,0.02
PV-T,0,lr,0.05,TargetPAC-100,0.01326474622770919,0.11534417464914234,0.005,100,,0.0
PV-T,0,lr,0.05,Target-100,0.03334362139917695,0.24552101718731253,0.115,100,,0.015
PV-T,0,lr,0.05,TargetPAC-200,0.020733882030178327,0.17928183422725635,0.0,200,,0.0
PV-T,0,lr,0.05,Target-200,0.03362482853223594,0.25297676371300787,0.035,200,,0.0
PV-T,0,lr,0.05,TargetPAC-400,0.02625857338820302,0.21540714909950823,0.0,400,,0.0
PV-T,0,lr,0.05,Target-400,0.03489368998628258,0.2624249018969447,0.0,400,,0.0
PV-T,0,lr,0.05,TargetPAC-all,0.02537722908093278,0.2154840036328118,0.0,624,,0.0
PV-T,0,lr,0.05,Target-all,0.03429355281207134,0.26243638295320176,0.0,624,,0.0
PV-T,0,lr,0.1,ID-all,0.0850480109739369,0.4245420429425776,0.0,541,0.23729870762115576,
PV-T,0,lr,0.1,ID,0.092400548696845,0.439758812139075,0.295,300,,0.085
PV-T,0,lr,0.1,ID-PAC,0.06728395061728396,0.3719476669465531,0.0,300,,0.0
PV-T,0,lr,0.1,Weighted,0.08679698216735253,0.42167777644498516,0.23333333333333334,300,,0.05
PV-T,0,lr,0.1,TargetPAC-25,0.029897119341563787,0.1901648474047672,0.05,25,,0.03
PV-T,0,lr,0.1,Target-25,0.06037037037037037,0.3193786520897236,0.16,25,,0.125
PV-T,0,lr,0.1,TargetPAC-50,0.025521262002743482,0.1922380348544305,0.005,50,,0.005
PV-T,0,lr,0.1,Target-50,0.08027434842249656,0.40078902273934575,0.26,50,,0.125
PV-T,0,lr,0.1,TargetPAC-100,0.0424519890260631,0.28432775845228503,0.005,100,,0.0
PV-T,0,lr,0.1,Target-100,0.07661865569272978,0.3942511609575544,0.19,100,,0.055
PV-T,0,lr,0.1,TargetPAC-200,0.053573388203017845,0.3284876707164522,0.01,200,,0.005
PV-T,0,lr,0.1,Target-200,0.07685528120713306,0.3999404527306064,0.085,200,,0.015
PV-T,0,lr,0.1,TargetPAC-400,0.0583127572016461,0.34283890535839745,0.0,400,,0.0
PV-T,0,lr,0.1,Target-400,0.07560013717421125,0.39857052281645733,0.015,400,,0.0
PV-T,0,lr,0.1,TargetPAC-all,0.062414266117969845,0.35654677245231936,0.0,624,,0.0
PV-T,0,lr,0.1,Target-all,0.07475994513031547,0.39950648593999005,0.0,624,,0.0
PV-T,0,lr,0.2,ID-all,0.25308641975308643,0.6756858645920798,1.0,541,0.23729870762115576,
PV-T,0,lr,0.2,ID,0.2495610425240055,0.671467775930908,0.985,300,,0.925
PV-T,0,lr,0.2,ID-PAC,0.19874142661179697,0.6186991277824425,0.485,300,,0.255
PV-T,0,lr,0.2,Weighted,0.21840420667581162,0.6459470729018513,0.6833333333333333,300,,0.43333333333333335
PV-T,0,lr,0.2,TargetPAC-25,0.09808984910836761,0.42105797076614626,0.09,25,,0.075
PV-T,0,lr,0.2,Target-25,0.18608024691358024,0.5836121630652706,0.39,25,,0.35
PV-T,0,lr,0.2,TargetPAC-50,0.09515089163237311,0.4329262984731909,0.025,50,,0.01
PV-T,0,lr,0.2,Target-50,0.19093278463648833,0.5972025635313674,0.44,50,,0.315
PV-T,0,lr,0.2,TargetPAC-100,0.13257544581618658,0.5161985708655346,0.045,100,,0.035
PV-T,0,lr,0.2,Target-100,0.19387860082304528,0.6081267885600699,0.415,100,,0.29
PV-T,0,lr,0.2,TargetPAC-200,0.14651920438957475,0.5452468427095293,0.01,200,,0.0
PV-T,0,lr,0.2,Target-200,0.18448902606310014,0.6010407491817606,0.275,200,,0.135
PV-T,0,lr,0.2,TargetPAC-400,0.16217764060356651,0.5713054989118701,0.015,400,,0.0
PV-T,0,lr,0.2,Target-400,0.18572702331961594,0.6060636256147505,0.26,400,,0.025
PV-T,0,lr,0.2,TargetPAC-all,0.1680384087791495,0.5789536816491595,0.0,624,,0.0
PV-T,0,lr,0.2,Target-all,0.18518518518518515,0.6050345288482957,0.0,624,,0.0
PV-T,0,svm,0.02,ID-all,0.019890260631001373,0.12363555357540655,0.0,541,0.22340633232671298,
PV-T,0,svm,0.02,ID,0.01992798353909465,0.1332008156690714,0.485,300,,0.01
PV-T,0,svm,0.02,ID-PAC,0.01246227709190672,0.08857429271552682,0.03,300,,0.0
PV-T,0,svm,0.02,Weighted,0.014883401920438959,0.09281148791061913,0.11666666666666667,300,,0.0
PV-T,0,svm,0.02,TargetPAC-25,0.0,0.0,0.0,25,,0.0
PV-T,0,svm,0.02,Target-25,0.0,0.0,0.0,25,,0.0
PV-T,0,svm,0.02,TargetPAC-50,0.0,0.0,0.0,50,,0.0
PV-T,0,svm,0.02,Target-50,0.013607681755829902,0.0902388745137687,0.195,50,,0.045
PV-T,0,svm,0.02,TargetPAC-100,0.0,0.0,0.0,100,,0.0
PV-T,0,svm,0.02,Target-100,0.01314471879286694,0.09208672481450382,0.15,100,,0.015
PV-T,0,svm,0.02,TargetPAC-200,0.00809670781893004,0.05830380245728875,0.0,200,,0.0
PV-T,0,svm,0.02,Target-200,0.01336076817558299,0.09591951265486574,0.09,200,,0.0
PV-T,0,svm,0.02,TargetPAC-400,0.010521262002743482,0.07311170896379184,0.0,400,,0.0
PV-T,0,svm,0.02,Target-400,0.012469135802469134,0.09377186969857944,0.015,400,,0.0
PV-T,0,svm,0.02,TargetPAC-all,0.011659807956104249,0.07855098788491528,0.0,624,,0.0
PV-T,0,svm,0.02,Target-all,0.011659807956104249,0.09099165481433247,0.0,624,,0.0
PV-T,0,svm,0.05,ID-all,0.05075445816186557,0.27191253834158713,1.0,541,0.22340633232671298,
PV-T,0,svm,0.05,ID,0.049396433470507546,0.2693330705827921,0.56,300,,0.005
PV-T,0,svm,0.05,ID-PAC,0.03447530864197531,0.2077841561423651,0.05,300,,0.0
PV-T,0,svm,0.05,Weighted,0.039951989026063096,0.22725151509958819,0.05,300,,0.0
PV-T,0,svm,0.05,TargetPAC-25,0.0,0.0,0.0,25,,0.0
PV-T,0,svm,0.05,Target-25,0.029938271604938275,0.16644789828126874,0.195,25,,0.085
PV-T,0,svm,0.05,TargetPAC-50,0.013587105624142662,0.08975067258426582,0.025,50,,0.015
PV-T,0,svm,0.05,Target-50,0.02503429355281207,0.15379500317014239,0.1,50,,0.025
PV-T,0,svm,0.05,TargetPAC-100,0.013751714677640603,0.09425296022756481,0.01,100,,0.005
PV-T,0,svm,0.05,Target-100,0.033412208504801096,0.19680346830714396,0.17,100,,0.025
PV-T,0,svm,0.05,TargetPAC-200,0.017993827160493827,0.12371669208492556,0.0,200,,0.0
PV-T,0,svm,0.05,Target-200,0.03181069958847736,0.19508867830765803,0.075,200,,0.0
PV-T,0,svm,0.05,TargetPAC-400,0.022019890260631003,0.1466192573298833,0.0,400,,0.0
PV-T,0,svm,0.05,Target-400,0.029783950617283953,0.18951616772623678,0.0,400,,0.0
PV-T,0,svm,0.05,TargetPAC-all,0.021947873799725647,0.15247528145723738,0.0,624,,0.0
PV-T,0,svm,0.05,Target-all,0.03155006858710562,0.2016381925047552,0.0,624,,0.0
PV-T,0,svm,0.1,ID-all,0.08436213991769548,0.4040646366331374,0.0,541,0.22340633232671298,
PV-T,0,svm,0.1,ID,0.09080246913580246,0.4124459790599242,0.325,300,,0.065
PV-T,0,svm,0.1,ID-PAC,0.06765089163237312,0.34390021762599177,0.005,300,,0.0
PV-T,0,svm,0.1,Weighted,0.08388203017832649,0.3883670053863861,0.2,300,,0.03333333333333333
PV-T,0,svm,0.1,TargetPAC-25,0.025733882030178325,0.14770713025001286,0.025,25,,0.01
PV-T,0,svm,0.1,Target-25,0.055723593964334704,0.26720556231471804,0.175,25,,0.075
PV-T,0,svm,0.1,TargetPAC-50,0.02741426611796982,0.1635561286563737,0.01,50,,0.0
PV-T,0,svm,0.1,Target-50,0.07772976680384087,0.3543056531350138,0.245,50,,0.13
PV-T,0,svm,0.1,TargetPAC-100,0.03941358024691358,0.22432750141371216,0.01,100,,0.0
PV-T,0,svm,0.1,Target-100,0.07023319615912209,0.34291336086502044,0.14,100,,0.025
PV-T,0,svm,0.1,TargetPAC-200,0.054242112482853225,0.28893149065236384,0.0,200,,0.0
PV-T,0,svm,0.1,Target-200,0.07443758573388204,0.3636861901742721,0.105,200,,0.0
PV-T,0,svm,0.1,TargetPAC-400,0.0587962962962963,0.30825822095035726,0.0,400,,0.0
PV-T,0,svm,0.1,Target-400,0.07155692729766804,0.3600791678804599,0.005,400,,0.0
PV-T,0,svm,0.1,TargetPAC-all,0.06378600823045268,0.3268331134225542,0.0,624,,0.0
PV-T,0,svm,0.1,Target-all,0.07064471879286695,0.35545007454118605,0.0,624,,0.0
PV-T,0,svm,0.2,ID-all,0.2037037037037037,0.6188974758812139,1.0,541,0.22340633232671298,
PV-T,0,svm,0.2,ID,0.20592592592592593,0.6195576366160015,0.675,300,,0.185
PV-T,0,svm,0.2,ID-PAC,0.17401234567901233,0.5697545281628597,0.075,300,,0.0
PV-T,0,svm,0.2,Weighted,0.19295839048925473,0.6015105300135375,0.26666666666666666,300,,0.08333333333333333
PV-T,0,svm,0.2,TargetPAC-25,0.0821673525377229,0.35100236475487084,0.04,25,,0.02
PV-T,0,svm,0.2,Target-25,0.17487997256515775,0.5494258615076169,0.36,25,,0.255
PV-T,0,svm,0.2,TargetPAC-50,0.09266117969821673,0.3959400757406995,0.03,50,,0.01
PV-T,0,svm,0.2,Target-50,0.16678669410150893,0.546834998372089,0.285,50,,0.145
PV-T,0,svm,0.2,TargetPAC-100,0.12336076817558299,0.47431704851174666,0.02,100,,0.0
PV-T,0,svm,0.2,Target-100,0.16935185185185186,0.5589342323971417,0.23,100,,0.08
PV-T,0,svm,0.2,TargetPAC-200,0.13882373113854599,0.5069810819610329,0.01,200,,0.0
PV-T,0,svm,0.2,Target-200,0.17314471879286691,0.5681312438953339,0.16,200,,0.02
PV-T,0,svm,0.2,TargetPAC-400,0.1509087791495199,0.5313142382233493,0.0,400,,0.0
PV-T,0,svm,0.2,Target-400,0.17378600823045268,0.5700641739637061,0.01,400,,0.0
PV-T,0,svm,0.2,TargetPAC-all,0.15637860082304525,0.5404835752351903,0.0,624,,0.0
PV-T,0,svm,0.2,Target-all,0.17764060356652947,0.5741899000976748,0.0,624,,0.0
PV-T,0,lgbm,0.02,ID-all,0.0205761316872428,0.22167006528779754,1.0,541,0.09465781246434359,
PV-T,0,lgbm,0.02,ID,0.02082647462277092,0.22738249053241255,0.66,300,,0.005
PV-T,0,lgbm,0.02,ID-PAC,0.010168038408779152,0.15220230649279437,0.05,300,,0.0
PV-T,0,lgbm,0.02,Weighted,0.014620484682213076,0.15406120945216512,0.08333333333333333,300,,0.0
PV-T,0,lgbm,0.02,TargetPAC-25,0.0,0.0,0.0,25,,0.0
PV-T,0,lgbm,0.02,Target-25,0.0,0.0,0.0,25,,0.0
PV-T,0,lgbm,0.02,TargetPAC-50,0.0,0.0,0.0,50,,0.0
PV-T,0,lgbm,0.02,Target-50,0.011543209876543212,0.11913789262642012,0.195,50,,0.07
PV-T,0,lgbm,0.02,TargetPAC-100,0.0,0.0,0.0,100,,0.0
PV-T,0,lgbm,0.02,Target-100,0.010130315500685872,0.12350934763610193,0.18,100,,0.04
PV-T,0,lgbm,0.02,TargetPAC-200,0.002215363511659808,0.04692341964117414,0.01,200,,0.0
PV-T,0,lgbm,0.02,Target-200,0.0077229080932784645,0.12310819610329522,0.08,200,,0.0
PV-T,0,lgbm,0.02,TargetPAC-400,0.003203017832647462,0.07667434926401288,0.0,400,,0.0
PV-T,0,lgbm,0.02,Target-400,0.006635802469135803,0.12152929382936066,0.015,400,,0.0
PV-T,0,lgbm,0.02,TargetPAC-all,0.003429355281207134,0.08393166201141254,0.0,624,,0.0
PV-T,0,lgbm,0.02,Target-all,0.003429355281207134,0.0910087907191939,0.0,624,,0.0
PV-T,0,lgbm,0.05,ID-all,0.062414266117969824,0.41014788285895437,1.0,541,0.09465781246434359,
PV-T,0,lgbm,0.05,ID,0.06298353909465021,0.41191433761159757,0.925,300,,0.16
PV-T,0,lgbm,0.05,ID-PAC,0.037654320987654324,0.3206057542368525,0.125,300,,0.0
PV-T,0,lgbm,0.05,Weighted,0.04951989026063099,0.36472945262207906,0.36666666666666664,300,,0.05
PV-T,0,lgbm,0.05,TargetPAC-25,0.0,0.0,0.0,25,,0.0
PV-T,0,lgbm,0.05,Target-25,0.027709190672153633,0.21569837380262868,0.26,25,,0.12
PV-T,0,lgbm,0.05,TargetPAC-50,0.008336762688614541,0.10003341501447982,0.03,50,,0.0
PV-T,0,lgbm,0.05,Target-50,0.02748971193415638,0.23243381256747264,0.225,50,,0.065
PV-T,0,lgbm,0.05,TargetPAC-100,0.009368998628257887,0.12609267097349075,0.015,100,,0.0
PV-T,0,lgbm,0.05,Target-100,0.037047325102880654,0.3017232722723923,0.295,100,,0.04
PV-T,0,lgbm,0.05,TargetPAC-200,0.016457475994513034,0.19289999485922857,0.01,200,,0.0
PV-T,0,lgbm,0.05,Target-200,0.039389574759945124,0.3212864780574738,0.275,200,,0.01
PV-T,0,lgbm,0.05,TargetPAC-400,0.026347736625514404,0.26031024555751664,0.01,400,,0.0
PV-T,0,lgbm,0.05,Target-400,0.04021262002743484,0.33087453090460445,0.235,400,,0.0
PV-T,0,lgbm,0.05,TargetPAC-all,0.02674897119341563,0.26236783933375607,0.0,624,,0.0
PV-T,0,lgbm,0.05,Target-all,0.037722908093278454,0.3244683585516733,0.0,624,,0.0
PV-T,0,lgbm,0.1,ID-all,0.11454046639231824,0.5481775965179841,1.0,541,0.09465781246434359,
PV-T,0,lgbm,0.1,ID,0.10983539094650205,0.5399790085165447,0.945,300,,0.025
PV-T,0,lgbm,0.1,ID-PAC,0.09192043895747598,0.500153623387083,0.335,300,,0.0
PV-T,0,lgbm,0.1,Weighted,0.10765889346136258,0.5287237749256017,0.7333333333333333,300,,0.0
PV-T,0,lgbm,0.1,TargetPAC-25,0.025384087791495195,0.19420335178299092,0.035,25,,0.01
PV-T,0,lgbm,0.1,Target-25,0.06422496570644719,0.3816550713710437,0.175,25,,0.09
PV-T,0,lgbm,0.1,TargetPAC-50,0.028645404663923183,0.2430335692376236,0.02,50,,0.0
PV-T,0,lgbm,0.1,Target-50,0.08402606310013716,0.46136513186078787,0.305,50,,0.12
PV-T,0,lgbm,0.1,TargetPAC-100,0.04770576131687242,0.34774320132974623,0.015,100,,0.0
PV-T,0,lgbm,0.1,Target-100,0.08289437585733882,0.4677610226708022,0.28,100,,0.065
PV-T,0,lgbm,0.1,TargetPAC-200,0.06339849108367628,0.41129890158849847,0.005,200,,0.0
PV-T,0,lgbm,0.1,Target-200,0.08044581618655693,0.4688441832170948,0.155,200,,0.0
PV-T,0,lgbm,0.1,TargetPAC-400,0.06669753086419752,0.4248086776222219,0.0,400,,0.0
PV-T,0,lgbm,0.1,Target-400,0.07950274348422495,0.47205468067241296,0.04,400,,0.0
PV-T,0,lgbm,0.1,TargetPAC-all,0.0692729766803841,0.4413695015165277,0.0,624,,0.0
PV-T,0,lgbm,0.1,Target-all,0.07887517146776406,0.4730195177956372,0.0,624,,0.0
PV-T,0,lgbm,0.2,ID-all,0.20438957475994513,0.6848193018832359,1.0,541,0.09465781246434359,
PV-T,0,lgbm,0.2,ID,0.21099451303155006,0.6913582774988433,0.73,300,,0.335
PV-T,0,lgbm,0.2,ID-PAC,0.18689643347050755,0.6626516099182618,0.06,300,,0.005
PV-T,0,lgbm,0.2,Weighted,0.20538408779149517,0.6891264115701631,0.6333333333333333,300,,0.26666666666666666
PV-T,0,lgbm,0.2,TargetPAC-25,0.10194444444444443,0.49150581763970047,0.055,25,,0.035
PV-T,0,lgbm,0.2,Target-25,0.17729080932784633,0.6267902736604006,0.375,25,,0.265
PV-T,0,lgbm,0.2,TargetPAC-50,0.09861111111111111,0.5028115735901434,0.01,50,,0.01
PV-T,0,lgbm,0.2,Target-50,0.18457818930041153,0.6499870623918295,0.39,50,,0.21
PV-T,0,lgbm,0.2,TargetPAC-100,0.128758573388203,0.5698900731703138,0.025,100,,0.0
PV-T,0,lgbm,0.2,Target-100,0.1848765432098765,0.655218568466508,0.36,100,,0.15
PV-T,0,lgbm,0.2,TargetPAC-200,0.14537037037037037,0.603459739191528,0.025,200,,0.005
PV-T,0,lgbm,0.2,Target-200,0.18891975308641976,0.663569323303117,0.34,200,,0.075
PV-T,0,lgbm,0.2,TargetPAC-400,0.16420096021947878,0.631346196685916,0.005,400,,0.0
PV-T,0,lgbm,0.2,Target-400,0.18906035665294924,0.6647983103997807,0.27,400,,0.0
PV-T,0,lgbm,0.2,TargetPAC-all,0.17352537722908096,0.6429220144969756,0.0,624,,0.0
PV-T,0,lgbm,0.2,Target-all,0.18518518518518515,0.6606234042188597,0.0,624,,0.0
PV-T,0,ens,0.02,ID-all,0.01783264746227709,0.2188255050807958,0.0,541,0.17834802694801324,
PV-T,0,ens,0.02,ID,0.019218106995884773,0.218018918038967,0.345,300,,0.0
PV-T,0,ens,0.02,ID-PAC,0.013203017832647464,0.14431790530698974,0.01,300,,0.0
PV-T,0,ens,0.02,Weighted,0.014814814814814817,0.14639289202666345,0.03333333333333333,300,,0.0
PV-T,0,ens,0.02,TargetPAC-25,0.0,0.0,0.0,25,,0.0
PV-T,0,ens,0.02,Target-25,0.0,0.0,0.0,25,,0.0
PV-T,0,ens,0.02,TargetPAC-50,0.0,0.0,0.0,50,,0.0
PV-T,0,ens,0.02,Target-50,0.015442386831275723,0.15107399283719175,0.165,50,,0.07
PV-T,0,ens,0.02,TargetPAC-100,0.0,0.0,0.0,100,,0.0
PV-T,0,ens,0.02,Target-100,0.012702331961591222,0.14319918775810955,0.085,100,,0.005
PV-T,0,ens,0.02,TargetPAC-200,0.00637517146776406,0.07080178898846753,0.0,200,,0.0
PV-T,0,ens,0.02,Target-200,0.01390260631001372,0.15511566735781485,0.04,200,,0.005
PV-T,0,ens,0.02,TargetPAC-400,0.009451303155006857,0.09668463080692975,0.0,400,,0.0
PV-T,0,ens,0.02,Target-400,0.014290123456790123,0.16071285364223656,0.0,400,,0.0
PV-T,0,ens,0.02,TargetPAC-all,0.011659807956104249,0.11580444505372103,0.0,624,,0.0
PV-T,0,ens,0.02,Target-all,0.014403292181069957,0.1615744469386706,0.0,624,,0.0
PV-T,0,ens,0.05,ID-all,0.05281207133058985,0.403636239011601,1.0,541,0.17834802694801324,
PV-T,0,ens,0.05,ID,0.0506241426611797,0.3869762839076717,0.625,300,,0.03
PV-T,0,ens,0.05,ID-PAC,0.030342935528120715,0.30136770224651716,0.005,300,,0.0
PV-T,0,ens,0.05,Weighted,0.04087791495198902,0.3359868282011299,0.18333333333333332,300,,0.0
PV-T,0,ens,0.05,TargetPAC-25,0.0,0.0,0.0,25,,0.0
PV-T,0,ens,0.05,Target-25,0.030373799725651577,0.2261767225868362,0.2,25,,0.165
PV-T,0,ens,0.05,TargetPAC-50,0.013192729766803841,0.13293435234847575,0.02,50,,0.01
PV-T,0,ens,0.05,Target-50,0.028967764060356657,0.24824888188220784,0.145,50,,0.085
PV-T,0,ens,0.05,TargetPAC-100,0.013477366255144034,0.1482392000959611,0.005,100,,0.005
PV-T,0,ens,0.05,Target-100,0.03385116598079561,0.2992790068029543,0.15,100,,0.055
PV-T,0,ens,0.05,TargetPAC-200,0.018755144032921812,0.21281191630824067,0.005,200,,0.0
PV-T,0,ens,0.05,Target-200,0.033768861454046645,0.3068181195058005,0.12,200,,0.035
PV-T,0,ens,0.05,TargetPAC-400,0.021165980795610426,0.24272640814298202,0.0,400,,0.0
PV-T,0,ens,0.05,Target-400,0.031320301783264747,0.3029077060164162,0.0,400,,0.0
PV-T,0,ens,0.05,TargetPAC-all,0.021947873799725647,0.2497215415460014,0.0,624,,0.0
PV-T,0,ens,0.05,Target-all,0.02743484224965707,0.296588241342084,0.0,624,,0.0
PV-T,0,ens,0.1,ID-all,0.11522633744855967,0.551930359682643,1.0,541,0.17834802694801324,
PV-T,0,ens,0.1,ID,0.11064471879286693,0.5420302620079853,0.775,300,,0.245
PV-T,0,ens,0.1,ID-PAC,0.07986282578875172,0.47530767517178746,0.095,300,,0.0
PV-T,0,ens,0.1,Weighted,0.1039551897576589,0.5267611426221362,0.6333333333333333,300,,0.18333333333333332
PV-T,0,ens,0.1,TargetPAC-25,0.031145404663923185,0.23912375550490947,0.06,25,,0.03
PV-T,0,ens,0.1,Target-25,0.05807956104252401,0.3685888582346591,0.18,25,,0.055
PV-T,0,ens,0.1,TargetPAC-50,0.02778463648834019,0.2449518481073393,0.005,50,,0.0
PV-T,0,ens,0.1,Target-50,0.08340877914951988,0.4665880699830355,0.325,50,,0.145
PV-T,0,ens,0.1,TargetPAC-100,0.045459533607681755,0.3474816217420361,0.025,100,,0.0
PV-T,0,ens,0.1,Target-100,0.08789780521262003,0.49018206898915295,0.24,100,,0.035
PV-T,0,ens,0.1,TargetPAC-200,0.06681755829903978,0.4337191767911305,0.035,200,,0.0
PV-T,0,ens,0.1,Target-200,0.09175582990397806,0.5031261031238755,0.24,200,,0.01
PV-T,0,ens,0.1,TargetPAC-400,0.07481824417009603,0.4604507599773806,0.0,400,,0.0
PV-T,0,ens,0.1,Target-400,0.09427297668038409,0.5114087427386602,0.11,400,,0.0
PV-T,0,ens,0.1,TargetPAC-all,0.08299039780521264,0.4833524684270952,0.0,624,,0.0
PV-T,0,ens,0.1,Target-all,0.09533607681755832,0.5134773891735352,0.0,624,,0.0
PV-T,0,ens,0.2,ID-all,0.23251028806584362,0.7093236458351183,1.0,541,0.17834802694801324,
PV-T,0,ens,0.2,ID,0.22616941015089165,0.7067695392155183,0.85,300,,0.625
PV-T,0,ens,0.2,ID-PAC,0.18850137174211248,0.668799030107785,0.16,300,,0.07
PV-T,0,ens,0.2,Weighted,0.21400320073159582,0.695067715384044,0.7333333333333333,300,,0.48333333333333334
PV-T,0,ens,0.2,TargetPAC-25,0.10229080932784637,0.49132529088198496,0.08,25,,0.075
PV-T,0,ens,0.2,Target-25,0.17536351165980796,0.62720222081327,0.31,25,,0.265
PV-T,0,ens,0.2,TargetPAC-50,0.0995576131687243,0.5082415991226417,0.015,50,,0.015
PV-T,0,ens,0.2,Target-50,0.1715843621399177,0.6325458813852667,0.225,50,,0.205
PV-T,0,ens,0.2,TargetPAC-100,0.12844650205761315,0.5720125263464538,0.02,100,,0.02
PV-T,0,ens,0.2,Target-100,0.17164266117969823,0.6379732508525113,0.18,100,,0.125
PV-T,0,ens,0.2,TargetPAC-200,0.13810013717421124,0.5901399146631938,0.005,200,,0.005
PV-T,0,ens,0.2,Target-200,0.17091220850480113,0.6393542334252961,0.12,200,,0.055
PV-T,0,ens,0.2,TargetPAC-400,0.1467695473251029,0.6049928029199582,0.0,400,,0.0
PV-T,0,ens,0.2,Target-400,0.16760631001371742,0.6356264030022106,0.025,400,,0.0
PV-T,0,ens,0.2,TargetPAC-all,0.1529492455418382,0.613722432613054,0.0,624,,0.0
PV-T,0,ens,0.2,Target-all,0.16598079561042528,0.6323662971023186,0.0,624,,0.0
PV-T,1,lr,0.02,ID-all,0.0205761316872428,0.18726116832599346,1.0,527,0.22120968392667037,
PV-T,1,lr,0.02,ID,0.020685871056241433,0.17900628887708414,0.755,300,,0.0
PV-T,1,lr,0.02,ID-PAC,0.011382030178326475,0.09598540020905805,0.085,300,,0.0
PV-T,1,lr,0.02,Weighted,0.017409693644261544,0.13033197959684928,0.13333333333333333,300,,0.0
PV-T,1,lr,0.02,TargetPAC-25,0.0,0.0,0.0,25,,0.0
PV-T,1,lr,0.02,Target-25,0.0,0.0,0.0,25,,0.0
PV-T,1,lr,0.02,TargetPAC-50,0.0,0.0,0.0,50,,0.0
PV-T,1,lr,0.02,Target-50,0.017349108367626886,0.13013631612317286,0.315,50,,0.115
PV-T,1,lr,0.02,TargetPAC-100,0.0,0.0,0.0,100,,0.0
PV-T,1,lr,0.02,Target-100,0.01654663923182442,0.13365560258409445,0.31,100,,0.04
PV-T,1,lr,0.02,TargetPAC-200,0.0078052126200274345,0.06711645560943846,0.045,200,,0.0
PV-T,1,lr,0.02,Target-200,0.016999314128943756,0.14262376407286187,0.31,200,,0.005
PV-T,1,lr,0.02,TargetPAC-400,0.010442386831275723,0.08857771989649914,0.005,400,,0.0
PV-T,1,lr,0.02,Target-400,0.01797325102880658,0.15253765615093304,0.21,400,,0.0
PV-T,1,lr,0.02,TargetPAC-all,0.009602194787379973,0.08137841218705553,0.0,624,,0.0
PV-T,1,lr,0.02,Target-all,0.017832647462277088,0.15029902153983238,0.0,624,,0.0
PV-T,1,lr,0.05,ID-all,0.0541838134430727,0.34364343609164283,1.0,527,0.22120968392667037,
PV-T,1,lr,0.05,ID,0.05535665294924554,0.33957237349418234,0.685,300,,0.075
PV-T,1,lr,0.05,ID-PAC,0.03295953360768175,0.2467117055366109,0.055,300,,0.0
PV-T,1,lr,0.05,Weighted,0.04919981710105167,0.3106376841395777,0.38333333333333336,300,,0.016666666666666666
PV-T,1,lr,0.05,TargetPAC-25,0.0,0.0,0.0,25,,0.0
PV-T,1,lr,0.05,Target-25,0.03284293552812072,0.20791310382644757,0.195,25,,0.105
PV-T,1,lr,0.05,TargetPAC-50,0.015294924554183813,0.11530039241222133,0.02,50,,0.015
PV-T,1,lr,0.05,Target-50,0.030829903978052124,0.21529259557550937,0.105,50,,0.045
PV-T,1,lr,0.05,TargetPAC-100,0.015781893004115227,0.12961915451445413,0.005,100,,0.0
PV-T,1,lr,0.05,Target-100,0.0397599451303155,0.2724165909830869,0.13,100,,0.03
PV-T,1,lr,0.05,TargetPAC-200,0.02540466392318244,0.20082338022859297,0.0,200,,0.0
PV-T,1,lr,0.05,Target-200,0.04176268861454046,0.28481484654797196,0.12,200,,0.0
PV-T,1,lr,0.05,TargetPAC-400,0.031347736625514405,0.23948095344174647,0.0,400,,0.0
PV-T,1,lr,0.05,Target-400,0.04251714677640603,0.2890870846685059,0.005,400,,0.0
PV-T,1,lr,0.05,TargetPAC-all,0.030864197530864206,0.2397313090117724,0.0,624,,0.0
PV-T,1,lr,0.05,Target-all,0.04320987654320987,0.2899737820655619,0.0,624,,0.0
PV-T,1,lr,0.1,ID-all,0.11522633744855967,0.47620679609986805,1.0,527,0.22120968392667037,
PV-T,1,lr,0.1,ID,0.12336076817558297,0.4880784653083607,0.97,300,,0.46
PV-T,1,lr,0.1,ID-PAC,0.0884156378600823,0.42016047774902743,0.275,300,,0.015
PV-T,1,lr,0.1,Weighted,0.11864426154549611,0.47942349104077775,0.8166666666666667,300,,0.5333333333333333
PV-T,1,lr,0.1,TargetPAC-25,0.03509259259259259,0.2073441061055229,0.065,25,,0.05
PV-T,1,lr,0.1,Target-25,0.058799725651577504,0.31724480353685075,0.125,25,,0.09
PV-T,1,lr,0.1,TargetPAC-50,0.031724965706447186,0.2204311393663142,0.005,50,,0.0
PV-T,1,lr,0.1,Target-50,0.08258230452674897,0.39589792141474034,0.25,50,,0.185
PV-T,1,lr,0.1,TargetPAC-100,0.04829218106995884,0.3071062597460459,0.005,100,,0.005
PV-T,1,lr,0.1,Target-100,0.07896090534979422,0.39381907911647274,0.17,100,,0.085
PV-T,1,lr,0.1,TargetPAC-200,0.05758916323731139,0.34375370563942625,0.015,200,,0.0
PV-T,1,lr,0.1,Target-200,0.07697530864197531,0.39378266531864214,0.055,200,,0.01
PV-T,1,lr,0.1,TargetPAC-400,0.06301097393689986,0.3596306355707113,0.0,400,,0.0
PV-T,1,lr,0.1,Target-400,0.07573731138545954,0.3908598797059479,0.0,400,,0.0
PV-T,1,lr,0.1,TargetPAC-all,0.0672153635116598,0.3680106928046335,0.0,624,,0.0
PV-T,1,lr,0.1,Target-all,0.07407407407407407,0.3882824682557363,0.0,624,,0.0
PV-T,1,lr,0.2,ID-all,0.26886145404663925,0.693421526123687,1.0,527,0.22120968392667037,
PV-T,1,lr,0.2,ID,0.27026748971193415,0.6909836009390475,1.0,300,,0.995
PV-T,1,lr,0.2,ID-PAC,0.22714677640603567,0.6393407817399798,0.915,300,,0.645
PV-T,1,lr,0.2,Weighted,0.24922267946959306,0.6727559104591851,0.9833333333333333,300,,0.95
PV-T,1,lr,0.2,TargetPAC-25,0.10168724279835391,0.4252133420155251,0.055,25,,0.04
PV-T,1,lr,0.2,Target-25,0.18120370370370373,0.5651131826516099,0.34,25,,0.315
PV-T,1,lr,0.2,TargetPAC-50,0.09773319615912207,0.42841364360745066,0.03,50,,0.025
PV-T,1,lr,0.2,Target-50,0.1798971193415638,0.5726180235447332,0.31,50,,0.275
PV-T,1,lr,0.2,TargetPAC-100,0.12459876543209876,0.4884323217437496,0.025,100,,0.0
PV-T,1,lr,0.2,Target-100,0.18077160493827157,0.5778165430025531,0.285,100,,0.215
PV-T,1,lr,0.2,TargetPAC-200,0.14309670781893005,0.5244626180235447,0.005,200,,0.005
PV-T,1,lr,0.2,Target-200,0.18347736625514405,0.5834492006100382,0.255,200,,0.12
PV-T,1,lr,0.2,TargetPAC-400,0.15286008230452672,0.5439582226639478,0.0,400,,0.0
PV-T,1,lr,0.2,Target-400,0.17892661179698216,0.5784601675891495,0.085,400,,0.03
PV-T,1,lr,0.2,TargetPAC-all,0.15157750342935525,0.5431739122984389,0.0,624,,0.0
PV-T,1,lr,0.2,Target-all,0.1762688614540466,0.5750295594358859,0.0,624,,0.0
PV-T,1,svm,0.02,ID-all,0.02263374485596708,0.13213496238668884,1.0,527,0.20831608894719444,
PV-T,1,svm,0.02,ID,0.021042524005486965,0.13294377709614957,0.605,300,,0.0
PV-T,1,svm,0.02,ID-PAC,0.00986968449931413,0.06949037818942029,0.035,300,,0.0
PV-T,1,svm,0.02,Weighted,0.015820759030635574,0.09454449908894108,0.05,300,,0.0
PV-T,1,svm,0.02,TargetPAC-25,0.0,0.0,0.0,25,,0.0
PV-T,1,svm,0.02,Target-25,0.0,0.0,0.0,25,,0.0
PV-T,1,svm,0.02,TargetPAC-50,0.0,0.0,0.0,50,,0.0
PV-T,1,svm,0.02,Target-50,0.01513374485596708,0.09625597614682045,0.38,50,,0.06
PV-T,1,svm,0.02,TargetPAC-100,0.0,0.0,0.0,100,,0.0
PV-T,1,svm,0.02,Target-100,0.01687928669410151,0.10805995853111025,0.465,100,,0.01
PV-T,1,svm,0.02,TargetPAC-200,0.007390260631001373,0.052672173004095484,0.07,200,,0.0
PV-T,1,svm,0.02,Target-200,0.01748628257887517,0.11024153057902222,0.51,200,,0.0
PV-T,1,svm,0.02,TargetPAC-400,0.009979423868312758,0.06902993642579297,0.04,400,,0.0
PV-T,1,svm,0.02,Target-400,0.019012345679012346,0.11897672944119815,0.6,400,,0.0
PV-T,1,svm,0.02,TargetPAC-all,0.009602194787379973,0.06854361944582485,0.0,624,,0.0
PV-T,1,svm,0.02,Target-all,0.020576131687242795,0.12731977312061965,1.0,624,,0.0
PV-T,1,svm,0.05,ID-all,0.04526748971193416,0.2699590451873811,0.0,527,0.20831608894719444,
PV-T,1,svm,0.05,ID,0.04950274348422497,0.27681957605771373,0.36,300,,0.03
PV-T,1,svm,0.05,ID-PAC,0.031680384087791495,0.19604032078413897,0.01,300,,0.005
PV-T,1,svm,0.05,Weighted,0.04342706904435299,0.2487142359385621,0.16666666666666666,300,,0.0
PV-T,1,svm,0.05,TargetPAC-25,0.0,0.0,0.0,25,,0.0
PV-T,1,svm,0.05,Target-25,0.028611111111111108,0.1570497969395274,0.14,25,,0.075
PV-T,1,svm,0.05,TargetPAC-50,0.015843621399176954,0.10006083246225816,0.02,50,,0.0
PV-T,1,svm,0.05,Target-50,0.02807270233196159,0.1673543019689155,0.08,50,,0.025
PV-T,1,svm,0.05,TargetPAC-100,0.01689986282578875,0.10793735113182652,0.0,100,,0.0
PV-T,1,svm,0.05,Target-100,0.03433813443072702,0.20503555700258752,0.085,100,,0.02
PV-T,1,svm,0.05,TargetPAC-200,0.02439643347050754,0.15097529002518978,0.0,200,,0.0
PV-T,1,svm,0.05,Target-200,0.0334156378600823,0.20471922819884505,0.035,200,,0.0
PV-T,1,svm,0.05,TargetPAC-400,0.02767832647462277,0.17145543807940775,0.0,400,,0.0
PV-T,1,svm,0.05,Target-400,0.03334019204389575,0.20774063094401696,0.0,400,,0.0
PV-T,1,svm,0.05,TargetPAC-all,0.029492455418381355,0.18021831142793496,0.0,624,,0.0
PV-T,1,svm,0.05,Target-all,0.03292181069958849,0.20527100433538387,0.0,624,,0.0
PV-T,1,svm,0.1,ID-all,0.12071330589849108,0.4684785030073513,1.0,527,0.20831608894719444,
PV-T,1,svm,0.1,ID,0.12423525377229079,0.4731015987799235,0.97,300,,0.59
PV-T,1,svm,0.1,ID-PAC,0.08743827160493828,0.387182428843155,0.315,300,,0.035
PV-T,1,svm,0.1,Weighted,0.11531778692272517,0.44697494159512424,0.7666666666666667,300,,0.4
PV-T,1,svm,0.1,TargetPAC-25,0.02751714677640604,0.15905075655019962,0.02,25,,0.01
PV-T,1,svm,0.1,Target-25,0.05443072702331962,0.2684230683551245,0.105,25,,0.05
PV-T,1,svm,0.1,TargetPAC-50,0.027379972565157753,0.16448823620131262,0.0,50,,0.0
PV-T,1,svm,0.1,Target-50,0.07430727023319615,0.34151961204311393,0.2,50,,0.09
PV-T,1,svm,0.1,TargetPAC-100,0.04042181069958847,0.23471734324931026,0.0,100,,0.0
PV-T,1,svm,0.1,Target-100,0.07111454046639233,0.339414466130884,0.13,100,,0.04
PV-T,1,svm,0.1,TargetPAC-200,0.05103566529492456,0.27901991192144904,0.0,200,,0.0
PV-T,1,svm,0.1,Target-200,0.07242798353909466,0.346679404355947,0.07,200,,0.01
PV-T,1,svm,0.1,TargetPAC-400,0.054043209876543215,0.29151541374642287,0.0,400,,0.0
PV-T,1,svm,0.1,Target-400,0.07132716049382716,0.34521248522028203,0.0,400,,0.0
PV-T,1,svm,0.1,TargetPAC-all,0.06172839506172841,0.3094058981784533,0.0,624,,0.0
PV-T,1,svm,0.1,Target-all,0.07064471879286695,0.34189557379577434,0.0,624,,0.0
PV-T,1,svm,0.2,ID-all,0.2366255144032922,0.647411621570677,1.0,527,0.20831608894719444,
PV-T,1,svm,0.2,ID,0.2380384087791495,0.6501619343009408,1.0,300,,0.97
PV-T,1,svm,0.2,ID-PAC,0.21474622770919066,0.6235182583066299,0.83,300,,0.38
PV-T,1,svm,0.2,Weighted,0.22225651577503433,0.6337160352085724,0.95,300,,0.48333333333333334
PV-T,1,svm,0.2,TargetPAC-25,0.09066529492455419,0.3691397775759549,0.06,25,,0.03
PV-T,1,svm,0.2,Target-25,0.1584636488340192,0.5182924070805559,0.23,25,,0.165
PV-T,1,svm,0.2,TargetPAC-50,0.08612825788751714,0.3748790205116781,0.005,50,,0.005
PV-T,1,svm,0.2,Target-50,0.16390603566529494,0.5367808489127269,0.195,50,,0.11
PV-T,1,svm,0.2,TargetPAC-100,0.11730109739368999,0.4547959113731001,0.005,100,,0.0
PV-T,1,svm,0.2,Target-100,0.16445130315500683,0.5425364566375928,0.085,100,,0.02
PV-T,1,svm,0.2,TargetPAC-200,0.1335871056241427,0.49050910773343387,0.0,200,,0.0
PV-T,1,svm,0.2,Target-200,0.16339163237311388,0.5424525763832959,0.04,200,,0.005
PV-T,1,svm,0.2,TargetPAC-400,0.14232510288065844,0.5080453073324537,0.0,400,,0.0
PV-T,1,svm,0.2,Target-400,0.165960219478738,0.5469900783110853,0.0,400,,0.0
PV-T,1,svm,0.2,TargetPAC-all,0.1467764060356653,0.5151567078499582,0.0,624,,0.0
PV-T,1,svm,0.2,Target-all,0.16598079561042528,0.5476977911818633,0.0,624,,0.0
PV-T,1,lgbm,0.02,ID-all,0.02263374485596708,0.218945456414826,1.0,527,0.11142216079316368,
PV-T,1,lgbm,0.02,ID,0.023998628257887518,0.22977372037630445,0.95,300,,0.01
PV-T,1,lgbm,0.02,ID-PAC,0.011358024691358026,0.1355155336977569,0.22,300,,0.0
PV-T,1,lgbm,0.02,Weighted,0.018255601280292636,0.16697454175734416,0.23333333333333334,300,,0.0
PV-T,1,lgbm,0.02,TargetPAC-25,0.0,0.0,0.0,25,,0.0
PV-T,1,lgbm,0.02,Target-25,0.0,0.0,0.0,25,,0.0
PV-T,1,lgbm,0.02,TargetPAC-50,0.0,0.0,0.0,50,,0.0
PV-T,1,lgbm,0.02,Target-50,0.013401920438957476,0.11297273677536541,0.28,50,,0.09
PV-T,1,lgbm,0.02,TargetPAC-100,0.0,0.0,0.0,100,,0.0
PV-T,1,lgbm,0.02,Target-100,0.012506858710562412,0.13036627996641362,0.265,100,,0.05
PV-T,1,lgbm,0.02,TargetPAC-200,0.0023491083676268863,0.03284036191031067,0.02,200,,0.0
PV-T,1,lgbm,0.02,Target-200,0.010301783264746227,0.12448240999365971,0.17,200,,0.005
PV-T,1,lgbm,0.02,TargetPAC-400,0.0037688614540466393,0.0569027708758161,0.01,400,,0.0
PV-T,1,lgbm,0.02,Target-400,0.008981481481481481,0.12368927463714721,0.045,400,,0.0
PV-T,1,lgbm,0.02,TargetPAC-all,0.006172839506172839,0.0967321829429203,0.0,624,,0.0
PV-T,1,lgbm,0.02,Target-all,0.008916323731138544,0.12773103483729462,0.0,624,,0.0
PV-T,1,lgbm,0.05,ID-all,0.04938271604938271,0.34386620285484176,0.0,527,0.11142216079316368,
PV-T,1,lgbm,0.05,ID,0.05010631001371742,0.34910439193241594,0.255,300,,0.015
PV-T,1,lgbm,0.05,ID-PAC,0.03664609053497943,0.28919444111246295,0.0,300,,0.0
PV-T,1,lgbm,0.05,Weighted,0.04396433470507544,0.3102701189802995,0.11666666666666667,300,,0.0
PV-T,1,lgbm,0.05,TargetPAC-25,0.0,0.0,0.0,25,,0.0
PV-T,1,lgbm,0.05,Target-25,0.03400548696844993,0.22900560344088966,0.285,25,,0.16
PV-T,1,lgbm,0.05,TargetPAC-50,0.011790123456790123,0.10735747211131484,0.045,50,,0.01
PV-T,1,lgbm,0.05,Target-50,0.03144375857338821,0.238545333036311,0.22,50,,0.07
PV-T,1,lgbm,0.05,TargetPAC-100,0.011550068587105625,0.11948523741796187,0.03,100,,0.0
PV-T,1,lgbm,0.05,Target-100,0.04396090534979424,0.31617406652158264,0.39,100,,0.14
PV-T,1,lgbm,0.05,TargetPAC-200,0.022301097393689986,0.2135428483301061,0.05,200,,0.0
PV-T,1,lgbm,0.05,Target-200,0.0458676268861454,0.3313157804547869,0.385,200,,0.03
PV-T,1,lgbm,0.05,TargetPAC-400,0.03198559670781893,0.27155019963329163,0.005,400,,0.0
PV-T,1,lgbm,0.05,Target-400,0.04877229080932784,0.3437621879123327,0.385,400,,0.0
PV-T,1,lgbm,0.05,TargetPAC-all,0.03223593964334704,0.269839093853351,0.0,624,,0.0
PV-T,1,lgbm,0.05,Target-all,0.04938271604938271,0.3436434360916429,0.0,624,,0.0
PV-T,1,lgbm,0.1,ID-all,0.09670781893004116,0.4985348801343455,0.0,527,0.11142216079316368,
PV-T,1,lgbm,0.1,ID,0.09325788751714677,0.49288157376150243,0.2,300,,0.01
PV-T,1,lgbm,0.1,ID-PAC,0.07177297668038408,0.43660769059410187,0.005,300,,0.0
PV-T,1,lgbm,0.1,Weighted,0.08481938728852308,0.46783276499248877,0.1,300,,0.0
PV-T,1,lgbm,0.1,TargetPAC-25,0.025624142661179697,0.18812755967578865,0.04,25,,0.02
PV-T,1,lgbm,0.1,Target-25,0.07313443072702332,0.3957708586801926,0.23,25,,0.15
PV-T,1,lgbm,0.1,TargetPAC-50,0.031526063100137176,0.23630070085850885,0.025,50,,0.01
PV-T,1,lgbm,0.1,Target-50,0.097599451303155,0.4879107904792913,0.43,50,,0.325
PV-T,1,lgbm,0.1,TargetPAC-100,0.05508916323731139,0.3664862827081584,0.025,100,,0.01
PV-T,1,lgbm,0.1,Target-100,0.09245884773662551,0.48504138321024043,0.315,100,,0.19
PV-T,1,lgbm,0.1,TargetPAC-200,0.06891632373113855,0.4250841372928697,0.03,200,,0.01
PV-T,1,lgbm,0.1,Target-200,0.09650891632373114,0.49868242027520265,0.385,200,,0.13
PV-T,1,lgbm,0.1,TargetPAC-400,0.07146433470507545,0.43774388676594067,0.0,400,,0.0
PV-T,1,lgbm,0.1,Target-400,0.09634773662551441,0.5001603920695032,0.315,400,,0.04
PV-T,1,lgbm,0.1,TargetPAC-all,0.07544581618655691,0.45026303613962343,0.0,624,,0.0
PV-T,1,lgbm,0.1,Target-all,0.0973936899862826,0.5017564302482994,0.0,624,,0.0
PV-T,1,lgbm,0.2,ID-all,0.20781893004115226,0.6838768271158558,1.0,527,0.11142216079316368,
PV-T,1,lgbm,0.2,ID,0.20602880658436212,0.6837616738351869,0.685,300,,0.195
PV-T,1,lgbm,0.2,ID-PAC,0.16666323731138546,0.6306439673046935,0.04,300,,0.0
PV-T,1,lgbm,0.2,Weighted,0.20091449474165524,0.6816880008682192,0.55,300,,0.11666666666666667
PV-T,1,lgbm,0.2,TargetPAC-25,0.11987997256515776,0.5199440512706274,0.14,25,,0.085
PV-T,1,lgbm,0.2,Target-25,0.1890809327846365,0.6441794471957093,0.42,25,,0.315
PV-T,1,lgbm,0.2,TargetPAC-50,0.11586419753086422,0.5285766917422074,0.055,50,,0.02
PV-T,1,lgbm,0.2,Target-50,0.19685871056241425,0.6648881025412546,0.5,50,,0.34
PV-T,1,lgbm,0.2,TargetPAC-100,0.14866255144032922,0.5979861027811573,0.09,100,,0.03
PV-T,1,lgbm,0.2,Target-100,0.2000925925925926,0.6734324931027982,0.54,100,,0.33
PV-T,1,lgbm,0.2,TargetPAC-200,0.16373113854595334,0.6247056051544801,0.085,200,,0.005
PV-T,1,lgbm,0.2,Target-200,0.19999657064471876,0.6747952259369058,0.59,200,,0.225
PV-T,1,lgbm,0.2,TargetPAC-400,0.173360768175583,0.6394241479171308,0.085,400,,0.0
PV-T,1,lgbm,0.2,Target-400,0.20441358024691358,0.6816790616378497,0.765,400,,0.13
PV-T,1,lgbm,0.2,TargetPAC-all,0.1748971193415638,0.6452867693678563,0.0,624,,0.0
PV-T,1,lgbm,0.2,Target-all,0.20438957475994513,0.6814263927206676,1.0,624,,0.0
PV-T,1,ens,0.02,ID-all,0.021262002743484224,0.24533474990146856,1.0,527,0.1552046811024954,
PV-T,1,ens,0.02,ID,0.023196159122085048,0.24715364052298783,0.72,300,,0.005
PV-T,1,ens,0.02,ID-PAC,0.0161522633744856,0.1730866905426941,0.095,300,,0.0
PV-T,1,ens,0.02,Weighted,0.01730681298582533,0.17257655465496854,0.08333333333333333,300,,0.0
PV-T,1,ens,0.02,TargetPAC-25,0.0,0.0,0.0,25,,0.0
PV-T,1,ens,0.02,Target-25,0.0,0.0,0.0,25,,0.0
PV-T,1,ens,0.02,TargetPAC-50,0.0,0.0,0.0,50,,0.0
PV-T,1,ens,0.02,Target-50,0.01790466392318244,0.15429203009064893,0.235,50,,0.11
PV-T,1,ens,0.02,TargetPAC-100,0.0,0.0,0.0,100,,0.0
PV-T,1,ens,0.02,Target-100,0.016268861454046636,0.15690020049008688,0.145,100,,0.045
PV-T,1,ens,0.02,TargetPAC-200,0.007376543209876543,0.07243689703034768,0.0,200,,0.0
PV-T,1,ens,0.02,Target-200,0.01468792866941015,0.15339582226639478,0.07,200,,0.005
PV-T,1,ens,0.02,TargetPAC-400,0.009341563786008231,0.08753037339136693,0.0,400,,0.0
PV-T,1,ens,0.02,Target-400,0.015504115226337448,0.17301814692324824,0.005,400,,0.0
PV-T,1,ens,0.02,TargetPAC-all,0.009602194787379973,0.0823380228592971,0.0,624,,0.0
PV-T,1,ens,0.02,Target-all,0.015089163237311385,0.17351817262710562,0.0,624,,0.0
PV-T,1,ens,0.05,ID-all,0.050068587105624146,0.3694501088129959,1.0,527,0.1552046811024954,
PV-T,1,ens,0.05,ID,0.05063100137174212,0.36980953441746484,0.54,300,,0.01
PV-T,1,ens,0.05,ID-PAC,0.035853909465020574,0.3024055383244512,0.01,300,,0.0
PV-T,1,ens,0.05,Weighted,0.0461705532693187,0.33349669562634593,0.2833333333333333,300,,0.0
PV-T,1,ens,0.05,TargetPAC-25,0.0,0.0,0.0,25,,0.0
PV-T,1,ens,0.05,Target-25,0.027421124828532237,0.2061636992991415,0.15,25,,0.08
PV-T,1,ens,0.05,TargetPAC-50,0.017325102880658437,0.15104648970988915,0.08,50,,0.015
PV-T,1,ens,0.05,Target-50,0.031364883401920444,0.25257972479736795,0.18,50,,0.08
PV-T,1,ens,0.05,TargetPAC-100,0.014845679012345675,0.14788088832530805,0.015,100,,0.0
PV-T,1,ens,0.05,Target-100,0.041183127572016455,0.31768948026800553,0.305,100,,0.09
PV-T,1,ens,0.05,TargetPAC-200,0.02247599451303155,0.2274001405144199,0.005,200,,0.0
PV-T,1,ens,0.05,Target-200,0.04294581618655693,0.3311151190088593,0.31,200,,0.035
PV-T,1,ens,0.05,TargetPAC-400,0.027674897119341565,0.2654798910156451,0.005,400,,0.0
PV-T,1,ens,0.05,Target-400,0.042894375857338816,0.33172507154240277,0.21,400,,0.0
PV-T,1,ens,0.05,TargetPAC-all,0.028806584362139915,0.2738488955909317,0.0,624,,0.0
PV-T,1,ens,0.05,Target-all,0.03909465020576131,0.31149647857155094,0.0,624,,0.0
PV-T,1,ens,0.1,ID-all,0.12208504801097393,0.5558202100861936,1.0,527,0.1552046811024954,
PV-T,1,ens,0.1,ID,0.11906035665294926,0.5530005826207653,0.69,300,,0.62
PV-T,1,ens,0.1,ID-PAC,0.0798525377229081,0.47480833490412466,0.075,300,,0.055
PV-T,1,ens,0.1,Weighted,0.12231367169638774,0.5536810779626552,0.9166666666666666,300,,0.5833333333333334
PV-T,1,ens,0.1,TargetPAC-25,0.03161522633744856,0.23213393423239712,0.05,25,,0.02
PV-T,1,ens,0.1,Target-25,0.06666323731138546,0.390347430471066,0.24,25,,0.15
PV-T,1,ens,0.1,TargetPAC-50,0.036104252400548695,0.2692289699607588,0.04,50,,0.005
PV-T,1,ens,0.1,Target-50,0.08784979423868312,0.4760859022910705,0.375,50,,0.18
PV-T,1,ens,0.1,TargetPAC-100,0.054231824417009605,0.37303579690525557,0.03,100,,0.0
PV-T,1,ens,0.1,Target-100,0.09175240054869685,0.49336249293143924,0.37,100,,0.14
PV-T,1,ens,0.1,TargetPAC-200,0.07049725651577504,0.44283445002313343,0.04,200,,0.005
PV-T,1,ens,0.1,Target-200,0.09519890260631002,0.5088998749078946,0.415,200,,0.065
PV-T,1,ens,0.1,TargetPAC-400,0.07502743484224965,0.46552632931781956,0.0,400,,0.0
PV-T,1,ens,0.1,Target-400,0.09729423868312757,0.5161481056257177,0.33,400,,0.0
PV-T,1,ens,0.1,TargetPAC-all,0.08230452674897118,0.4883904244563634,0.0,624,,0.0
PV-T,1,ens,0.1,Target-all,0.09670781893004118,0.5148139897527289,0.0,624,,0.0
PV-T,1,ens,0.2,ID-all,0.2366255144032922,0.7230666415340062,1.0,527,0.1552046811024954,
PV-T,1,ens,0.2,ID,0.2333127572016461,0.720010881299587,0.985,300,,0.68
PV-T,1,ens,0.2,ID-PAC,0.19839506172839505,0.6778235687235464,0.46,300,,0.05
PV-T,1,ens,0.2,Weighted,0.23651120256058528,0.7266192002102003,1.0,300,,0.8333333333333334
PV-T,1,ens,0.2,TargetPAC-25,0.10914266117969822,0.5129724797367925,0.08,25,,0.05
PV-T,1,ens,0.2,Target-25,0.17717764060356653,0.6307350446390322,0.32,25,,0.24
PV-T,1,ens,0.2,TargetPAC-50,0.10638203017832648,0.518310571139709,0.04,50,,0.02
PV-T,1,ens,0.2,Target-50,0.1813888888888889,0.6461825487944891,0.385,50,,0.25
PV-T,1,ens,0.2,TargetPAC-100,0.13002057613168724,0.5712719982178659,0.015,100,,0.0
PV-T,1,ens,0.2,Target-100,0.18068930041152265,0.6488650033415015,0.31,100,,0.185
PV-T,1,ens,0.2,TargetPAC-200,0.1437037037037037,0.5950532069845949,0.015,200,,0.0
PV-T,1,ens,0.2,Target-200,0.18087105624142658,0.6527756738694586,0.295,200,,0.065
PV-T,1,ens,0.2,TargetPAC-400,0.14859396433470506,0.6043782236921021,0.0,400,,0.0
PV-T,1,ens,0.2,Target-400,0.1785528120713306,0.6515175557345306,0.155,400,,0.005
PV-T,1,ens,0.2,TargetPAC-all,0.14951989026063095,0.6084103021060027,0.0,624,,0.0
PV-T,1,ens,0.2,Target-all,0.18175582990397807,0.6569220487687852,0.0,624,,0.0
PV-T,2,lr,0.02,ID-all,0.019890260631001373,0.16046061312267595,0.0,549,0.21279992803975803,
PV-T,2,lr,0.02,ID,0.020531550068587107,0.15568337988587488,0.385,300,,0.005
PV-T,2,lr,0.02,ID-PAC,0.0136522633744856,0.10060669671161986,0.015,300,,0.0
PV-T,2,lr,0.02,Weighted,0.016335162322816642,0.09360745069143375,0.0,300,,0.0
PV-T,2,lr,0.02,TargetPAC-25,0.0,0.0,0.0,25,,0.0
PV-T,2,lr,0.02,Target-25,0.0,0.0,0.0,25,,0.0
PV-T,2,lr,0.02,TargetPAC-50,0.0,0.0,0.0,50,,0.0
PV-T,2,lr,0.02,Target-50,0.017445130315500688,0.12531735695803417,0.305,50,,0.14
PV-T,2,lr,0.02,TargetPAC-100,0.0,0.0,0.0,100,,0.0
PV-T,2,lr,0.02,Target-100,0.019924554183813444,0.1543891906712134,0.44,100,,0.055
PV-T,2,lr,0.02,TargetPAC-200,0.009526748971193417,0.07619977037887486,0.07,200,,0.005
PV-T,2,lr,0.02,Target-200,0.019807956104252403,0.15248410644824098,0.35,200,,0.035
PV-T,2,lr,0.02,TargetPAC-400,0.011862139917695474,0.09312173346813576,0.035,400,,0.0
PV-T,2,lr,0.02,Target-400,0.02122085048010974,0.16396970372020495,0.37,400,,0.0
PV-T,2,lr,0.02,TargetPAC-all,0.013031550068587108,0.09243107082269476,0.0,624,,0.0
PV-T,2,lr,0.02,Target-all,0.019890260631001376,0.16018643864489263,0.0,624,,0.0
PV-T,2,lr,0.05,ID-all,0.04046639231824417,0.29225285741213564,0.0,549,0.21279992803975803,
PV-T,2,lr,0.05,ID,0.04502057613168724,0.3011080076083417,0.215,300,,0.075
PV-T,2,lr,0.05,ID-PAC,0.027558299039780524,0.21547098034511714,0.01,300,,0.005
PV-T,2,lr,0.05,Weighted,0.030018289894833107,0.22636101924362118,0.03333333333333333,300,,0.0
PV-T,2,lr,0.05,TargetPAC-25,0.0,0.0,0.0,25,,0.0
PV-T,2,lr,0.05,Target-25,0.03474279835390947,0.21567575440821152,0.245,25,,0.1
PV-T,2,lr,0.05,TargetPAC-50,0.017863511659807957,0.13150581763970046,0.055,50,,0.005
PV-T,2,lr,0.05,Target-50,0.03556241426611797,0.24001499391675374,0.205,50,,0.035
PV-T,2,lr,0.05,TargetPAC-100,0.018439643347050755,0.14064559521565534,0.005,100,,0.0
PV-T,2,lr,0.05,Target-100,0.04590192043895747,0.2993328135442192,0.335,100,,0.095
PV-T,2,lr,0.05,TargetPAC-200,0.031234567901234567,0.23541169011429652,0.005,200,,0.0
PV-T,2,lr,0.05,Target-200,0.04681069958847736,0.311893260448618,0.285,200,,0.005
PV-T,2,lr,0.05,TargetPAC-400,0.03824074074074074,0.2813649605017393,0.005,400,,0.0
PV-T,2,lr,0.05,Target-400,0.04659122085048011,0.3128813167229295,0.155,400,,0.0
PV-T,2,lr,0.05,TargetPAC-all,0.038408779149519894,0.2863066984252103,0.0,624,,0.0
PV-T,2,lr,0.05,Target-all,0.04732510288065843,0.3120276916222561,0.0,624,,0.0
PV-T,2,lr,0.1,ID-all,0.1111111111111111,0.4856658155833919,1.0,549,0.21279992803975803,
PV-T,2,lr,0.1,ID,0.11083676268861453,0.48168900046266944,0.655,300,,0.225
PV-T,2,lr,0.1,ID-PAC,0.0842832647462277,0.41488630327124426,0.06,300,,0.01
PV-T,2,lr,0.1,Weighted,0.0893347050754458,0.42251457979905305,0.21666666666666667,300,,0.1
PV-T,2,lr,0.1,TargetPAC-25,0.0341838134430727,0.21178479017084495,0.025,25,,0.02
PV-T,2,lr,0.1,Target-25,0.06713648834019205,0.346672721353051,0.12,25,,0.07
PV-T,2,lr,0.1,TargetPAC-50,0.035294924554183815,0.23980636427506552,0.01,50,,0.0
PV-T,2,lr,0.1,Target-50,0.07558299039780521,0.38734187843789086,0.14,50,,0.055
PV-T,2,lr,0.1,TargetPAC-100,0.05205075445816187,0.3262154497318231,0.0,100,,0.0
PV-T,2,lr,0.1,Target-100,0.07719135802469135,0.3950867933581233,0.095,100,,0.02
PV-T,2,lr,0.1,TargetPAC-200,0.06299725651577504,0.35860299535616974,0.0,200,,0.0
PV-T,2,lr,0.1,Target-200,0.07705418381344306,0.3945095704028651,0.005,200,,0.0
PV-T,2,lr,0.1,TargetPAC-400,0.06606995884773662,0.3665661360248128,0.0,400,,0.0
PV-T,2,lr,0.1,Target-400,0.08028463648834018,0.4009601247493874,0.0,400,,0.0
PV-T,2,lr,0.1,TargetPAC-all,0.0665294924554184,0.3704268553900989,0.0,624,,0.0
PV-T,2,lr,0.1,Target-all,0.08161865569272976,0.4019740562400396,0.0,624,,0.0
PV-T,2,lr,0.2,ID-all,0.2496570644718793,0.6795757149956303,1.0,549,0.21279992803975803,
PV-T,2,lr,0.2,ID,0.25544581618655693,0.6825429682814402,1.0,300,,0.995
PV-T,2,lr,0.2,ID-PAC,0.2238374485596708,0.64734384906695,0.885,300,,0.68
PV-T,2,lr,0.2,Weighted,0.22826931870141748,0.655492343106511,0.9333333333333333,300,,0.7
PV-T,2,lr,0.2,TargetPAC-25,0.09596707818930042,0.4264212519492092,0.085,25,,0.05
PV-T,2,lr,0.2,Target-25,0.1610150891632373,0.541229929571431,0.32,25,,0.28
PV-T,2,lr,0.2,TargetPAC-50,0.0900034293552812,0.42572613396850423,0.005,50,,0.0
PV-T,2,lr,0.2,Target-50,0.1730864197530864,0.5720909231111948,0.335,50,,0.24
PV-T,2,lr,0.2,TargetPAC-100,0.11236282578875173,0.47771081446955804,0.02,100,,0.01
PV-T,2,lr,0.2,Target-100,0.16893004115226337,0.5716553284096166,0.3,100,,0.225
PV-T,2,lr,0.2,TargetPAC-200,0.12429012345679012,0.5078738626043148,0.01,200,,0.005
PV-T,2,lr,0.2,Target-200,0.1730692729766804,0.5824600305019106,0.23,200,,0.13
PV-T,2,lr,0.2,TargetPAC-400,0.13310013717421124,0.5289980636427507,0.005,400,,0.0
PV-T,2,lr,0.2,Target-400,0.1759224965706447,0.5877000188494954,0.105,400,,0.015
PV-T,2,lr,0.2,TargetPAC-all,0.13580246913580243,0.5315043610877872,0.0,624,,0.0
PV-T,2,lr,0.2,Target-all,0.1748971193415638,0.5864249361687542,0.0,624,,0.0
PV-T,2,svm,0.02,ID-all,0.0205761316872428,0.13886937299724111,1.0,549,0.207616541860622,
PV-T,2,svm,0.02,ID,0.019849108367626888,0.13211842623849754,0.465,300,,0.0
PV-T,2,svm,0.02,ID-PAC,0.012215363511659806,0.07308334904124612,0.03,300,,0.0
PV-T,2,svm,0.02,Weighted,0.01109967992684042,0.06109721198827905,0.03333333333333333,300,,0.0
PV-T,2,svm,0.02,TargetPAC-25,0.0,0.0,0.0,25,,0.0
PV-T,2,svm,0.02,Target-25,0.0,0.0,0.0,25,,0.0
PV-T,2,svm,0.02,TargetPAC-50,0.0,0.0,0.0,50,,0.0
PV-T,2,svm,0.02,Target-50,0.01728737997256516,0.10650324725397123,0.28,50,,0.05
PV-T,2,svm,0.02,TargetPAC-100,0.0,0.0,0.0,100,,0.0
PV-T,2,svm,0.02,Target-100,0.01856652949245542,0.11846942097777474,0.28,100,,0.015
PV-T,2,svm,0.02,TargetPAC-200,0.011165980795610424,0.07090580393097656,0.02,200,,0.0
PV-T,2,svm,0.02,Target-200,0.018593964334705074,0.12209786315266377,0.25,200,,0.0
PV-T,2,svm,0.02,TargetPAC-400,0.015504115226337448,0.0988446116147163,0.0,400,,0.0
PV-T,2,svm,0.02,Target-400,0.018669410150891633,0.12482195794848948,0.14,400,,0.0
PV-T,2,svm,0.02,TargetPAC-all,0.015089163237311385,0.09692067789639632,0.0,624,,0.0
PV-T,2,svm,0.02,Target-all,0.018518518518518517,0.12466370786709394,0.0,624,,0.0
PV-T,2,svm,0.05,ID-all,0.039780521262002745,0.23911441643675993,0.0,549,0.207616541860622,
PV-T,2,svm,0.05,ID,0.04191015089163238,0.2436276710591703,0.15,300,,0.0
PV-T,2,svm,0.05,ID-PAC,0.029382716049382713,0.183909213976044,0.0,300,,0.0
PV-T,2,svm,0.05,Weighted,0.031287151348879744,0.18966505017964141,0.016666666666666666,300,,0.0
PV-T,2,svm,0.05,TargetPAC-25,0.0,0.0,0.0,25,,0.0
PV-T,2,svm,0.05,Target-25,0.030877914951989025,0.17455283856264028,0.19,25,,0.07
PV-T,2,svm,0.05,TargetPAC-50,0.016831275720164608,0.10422999811505047,0.02,50,,0.005
PV-T,2,svm,0.05,Target-50,0.0330281207133059,0.19105205887896912,0.16,50,,0.055
PV-T,2,svm,0.05,TargetPAC-100,0.01844307270233196,0.11705545178813168,0.005,100,,0.005
PV-T,2,svm,0.05,Target-100,0.037026748971193416,0.21722783899103795,0.155,100,,0.025
PV-T,2,svm,0.05,TargetPAC-200,0.02436899862825789,0.1564758298061929,0.0,200,,0.0
PV-T,2,svm,0.05,Target-200,0.03739026063100138,0.22189094710146168,0.08,200,,0.0
PV-T,2,svm,0.05,TargetPAC-400,0.028888888888888895,0.17958805284713059,0.0,400,,0.0
PV-T,2,svm,0.05,Target-400,0.03825102880658436,0.22893774525763833,0.01,400,,0.0
PV-T,2,svm,0.05,TargetPAC-all,0.029492455418381355,0.1769796254091198,0.0,624,,0.0
PV-T,2,svm,0.05,Target-all,0.038408779149519894,0.2329112188769127,0.0,624,,0.0
PV-T,2,svm,0.1,ID-all,0.09876543209876543,0.4295457271621228,0.0,549,0.207616541860622,
PV-T,2,svm,0.1,ID,0.10160150891632373,0.42812353273814624,0.445,300,,0.27
PV-T,2,svm,0.1,ID-PAC,0.06561385459533607,0.33219528077180116,0.015,300,,0.01
PV-T,2,svm,0.1,Weighted,0.0727137631458619,0.3474410382073559,0.05,300,,0.016666666666666666
PV-T,2,svm,0.1,TargetPAC-25,0.028357338820301784,0.16220736158472845,0.015,25,,0.005
PV-T,2,svm,0.1,Target-25,0.06238683127572016,0.2984509142005244,0.18,25,,0.1
PV-T,2,svm,0.1,TargetPAC-50,0.03007887517146777,0.17929708518258308,0.01,50,,0.0
PV-T,2,svm,0.1,Target-50,0.07871399176954733,0.35970509107733434,0.25,50,,0.13
PV-T,2,svm,0.1,TargetPAC-100,0.0449074074074074,0.2512460373220008,0.005,100,,0.0
PV-T,2,svm,0.1,Target-100,0.07594650205761316,0.35942397655808217,0.2,100,,0.045
PV-T,2,svm,0.1,TargetPAC-200,0.05500685871056241,0.2941776479256987,0.0,200,,0.0
PV-T,2,svm,0.1,Target-200,0.07550754458161865,0.3621425878643522,0.065,200,,0.005
PV-T,2,svm,0.1,TargetPAC-400,0.060264060356652945,0.314963757561218,0.0,400,,0.0
PV-T,2,svm,0.1,Target-400,0.07584362139917696,0.36734521993933883,0.01,400,,0.0
PV-T,2,svm,0.1,TargetPAC-all,0.06310013717421124,0.32806689857257915,0.0,624,,0.0
PV-T,2,svm,0.1,Target-all,0.07475994513031547,0.3652175403122162,0.0,624,,0.0
PV-T,2,svm,0.2,ID-all,0.22290809327846364,0.632914646057885,1.0,549,0.207616541860622,
PV-T,2,svm,0.2,ID,0.2217798353909465,0.6314584368627585,0.995,300,,0.545
PV-T,2,svm,0.2,ID-PAC,0.2004218106995885,0.596831314152544,0.625,300,,0.045
PV-T,2,svm,0.2,Weighted,0.1997942386831276,0.5995647480165189,0.4166666666666667,300,,0.08333333333333333
PV-T,2,svm,0.2,TargetPAC-25,0.09525377229080931,0.3923362235892867,0.055,25,,0.04
PV-T,2,svm,0.2,Target-25,0.15911865569272976,0.5199653854721799,0.27,25,,0.18
PV-T,2,svm,0.2,TargetPAC-50,0.09099108367626886,0.389697208561098,0.03,50,,0.01
PV-T,2,svm,0.2,Target-50,0.1609705075445816,0.5307416419624039,0.255,50,,0.155
PV-T,2,svm,0.2,TargetPAC-100,0.11291495198902606,0.45250629744503656,0.01,100,,0.0
PV-T,2,svm,0.2,Target-100,0.16163580246913578,0.534998886166184,0.16,100,,0.07
PV-T,2,svm,0.2,TargetPAC-200,0.12762345679012344,0.4819929914149117,0.005,200,,0.0
PV-T,2,svm,0.2,Target-200,0.16599451303155008,0.5436029096766455,0.12,200,,0.015
PV-T,2,svm,0.2,TargetPAC-400,0.13699588477366256,0.4983689188957623,0.0,400,,0.0
PV-T,2,svm,0.2,Target-400,0.16523662551440327,0.5425870932364583,0.01,400,,0.0
PV-T,2,svm,0.2,TargetPAC-all,0.13648834019204387,0.4986719673732373,0.0,624,,0.0
PV-T,2,svm,0.2,Target-all,0.16735253772290812,0.5463954624123926,0.0,624,,0.0
PV-T,2,lgbm,0.02,ID-all,0.019890260631001373,0.2324485494456535,0.0,549,0.14591063437450807,
PV-T,2,lgbm,0.02,ID,0.020517832647462278,0.22780360539438285,0.37,300,,0.005
PV-T,2,lgbm,0.02,ID-PAC,0.012609739368998629,0.15259077745600355,0.005,300,,0.0
PV-T,2,lgbm,0.02,Weighted,0.015454961133973483,0.16661154617269563,0.06666666666666667,300,,0.0
PV-T,2,lgbm,0.02,TargetPAC-25,0.0,0.0,0.0,25,,0.0
PV-T,2,lgbm,0.02,Target-25,0.0,0.0,0.0,25,,0.0
PV-T,2,lgbm,0.02,TargetPAC-50,0.0,0.0,0.0,50,,0.0
PV-T,2,lgbm,0.02,Target-50,0.012109053497942389,0.11335392497900852,0.16,50,,0.1
PV-T,2,lgbm,0.02,TargetPAC-100,0.0,0.0,0.0,100,,0.0
PV-T,2,lgbm,0.02,Target-100,0.012794924554183816,0.132404081772538,0.16,100,,0.07
PV-T,2,lgbm,0.02,TargetPAC-200,0.0031652949245541836,0.037739345751152384,0.005,200,,0.005
PV-T,2,lgbm,0.02,Target-200,0.011598079561042524,0.12877101290333637,0.095,200,,0.03
PV-T,2,lgbm,0.02,TargetPAC-400,0.0037208504801097397,0.049679901297187995,0.005,400,,0.0
PV-T,2,lgbm,0.02,Target-400,0.012321673525377228,0.14314992203163288,0.01,400,,0.005
PV-T,2,lgbm,0.02,TargetPAC-all,0.003429355281207134,0.06775536782219783,0.0,624,,0.0
PV-T,2,lgbm,0.02,Target-all,0.010973936899862823,0.12315574823928578,0.0,624,,0.0
PV-T,2,lgbm,0.05,ID-all,0.05692729766803841,0.39044159226827974,1.0,549,0.14591063437450807,
PV-T,2,lgbm,0.05,ID,0.05794924554183813,0.39703625957468686,0.805,300,,0.09
PV-T,2,lgbm,0.05,ID-PAC,0.03585733882030178,0.30740468152920813,0.125,300,,0.0
PV-T,2,lgbm,0.05,Weighted,0.045336076817558316,0.34255873331391257,0.26666666666666666,300,,0.03333333333333333
PV-T,2,lgbm,0.05,TargetPAC-25,0.0,0.0,0.0,25,,0.0
PV-T,2,lgbm,0.05,Target-25,0.029283264746227708,0.22421508987782096,0.245,25,,0.045
PV-T,2,lgbm,0.05,TargetPAC-50,0.013460219478737998,0.12107879089055298,0.095,50,,0.005
PV-T,2,lgbm,0.05,Target-50,0.030716735253772286,0.2451048717377521,0.3,50,,0.045
PV-T,2,lgbm,0.05,TargetPAC-100,0.010449245541838134,0.11254947992528745,0.02,100,,0.0
PV-T,2,lgbm,0.05,Target-100,0.03988340192043896,0.3142168891478314,0.425,100,,0.005
PV-T,2,lgbm,0.05,TargetPAC-200,0.019804526748971193,0.20364609215689633,0.04,200,,0.0
PV-T,2,lgbm,0.05,Target-200,0.0450480109739369,0.34247485305961584,0.46,200,,0.01
PV-T,2,lgbm,0.05,TargetPAC-400,0.02920438957475995,0.2738841955549463,0.03,400,,0.0
PV-T,2,lgbm,0.05,Target-400,0.046412894375857335,0.3484770464554381,0.47,400,,0.0
PV-T,2,lgbm,0.05,TargetPAC-all,0.029492455418381355,0.28675223195160815,0.0,624,,0.0
PV-T,2,lgbm,0.05,Target-all,0.050068587105624125,0.35822609112874204,1.0,624,,0.0
PV-T,2,lgbm,0.1,ID-all,0.10631001371742113,0.5580821495279058,1.0,549,0.14591063437450807,
PV-T,2,lgbm,0.1,ID,0.10924211248285323,0.5605870761005535,0.775,300,,0.175
PV-T,2,lgbm,0.1,ID-PAC,0.08459533607681756,0.502024607159381,0.075,300,,0.0
PV-T,2,lgbm,0.1,Weighted,0.09248971193415637,0.5199099222601116,0.13333333333333333,300,,0.03333333333333333
PV-T,2,lgbm,0.1,TargetPAC-25,0.026550068587105624,0.2076871669208493,0.015,25,,0.005
PV-T,2,lgbm,0.1,Target-25,0.06643347050754458,0.3908652775159792,0.185,25,,0.135
PV-T,2,lgbm,0.1,TargetPAC-50,0.030689300411522635,0.2450190208543962,0.005,50,,0.0
PV-T,2,lgbm,0.1,Target-50,0.07960219478737997,0.4631457237349417,0.25,50,,0.11
PV-T,2,lgbm,0.1,TargetPAC-100,0.051735253772290817,0.369555837345991,0.005,100,,0.0
PV-T,2,lgbm,0.1,Target-100,0.080099451303155,0.47800538067412646,0.18,100,,0.055
PV-T,2,lgbm,0.1,TargetPAC-200,0.061975308641975306,0.41672609969669444,0.0,200,,0.0
PV-T,2,lgbm,0.1,Target-200,0.0744684499314129,0.4664674332128108,0.08,200,,0.01
PV-T,2,lgbm,0.1,TargetPAC-400,0.06296296296296296,0.4236418938602053,0.0,400,,0.0
PV-T,2,lgbm,0.1,Target-400,0.07450960219478737,0.4698252137704131,0.005,400,,0.0
PV-T,2,lgbm,0.1,TargetPAC-all,0.06515775034293551,0.4427917816200286,0.0,624,,0.0
PV-T,2,lgbm,0.1,Target-all,0.07338820301783265,0.46021899686412937,0.0,624,,0.0
PV-T,2,lgbm,0.2,ID-all,0.2496570644718793,0.7293212468084377,1.0,549,0.14591063437450807,
PV-T,2,lgbm,0.2,ID,0.2480006858710562,0.729634148431208,1.0,300,,0.93
PV-T,2,lgbm,0.2,ID-PAC,0.20733196159122083,0.6939665335778055,0.705,300,,0.29
PV-T,2,lgbm,0.2,Weighted,0.21513488797439412,0.7051222075615037,0.75,300,,0.43333333333333335
PV-T,2,lgbm,0.2,TargetPAC-25,0.10344650205761315,0.49996230100930483,0.08,25,,0.05
PV-T,2,lgbm,0.2,Target-25,0.17372770919067215,0.6294826670322325,0.305,25,,0.255
PV-T,2,lgbm,0.2,TargetPAC-50,0.10253429355281207,0.5241725071542404,0.01,50,,0.005
PV-T,2,lgbm,0.2,Target-50,0.1854320987654321,0.6586925304590711,0.33,50,,0.255
PV-T,2,lgbm,0.2,TargetPAC-100,0.1270644718792867,0.5818020117552307,0.03,100,,0.02
PV-T,2,lgbm,0.2,Target-100,0.18464334705075447,0.6650412118511919,0.295,100,,0.205
PV-T,2,lgbm,0.2,TargetPAC-200,0.14196844993141292,0.6136138766557567,0.005,200,,0.0
PV-T,2,lgbm,0.2,Target-200,0.18631344307270234,0.6705157907363298,0.255,200,,0.145
PV-T,2,lgbm,0.2,TargetPAC-400,0.15825102880658437,0.6377374608016176,0.0,400,,0.0
PV-T,2,lgbm,0.2,Target-400,0.18448216735253772,0.6697368781808523,0.075,400,,0.0
PV-T,2,lgbm,0.2,TargetPAC-all,0.16460905349794236,0.6471374470928939,0.0,624,,0.0
PV-T,2,lgbm,0.2,Target-all,0.18655692729766798,0.6721558681906197,0.0,624,,0.0
PV-T,2,ens,0.02,ID-all,0.01577503429355281,0.20417430642425075,0.0,549,0.18195821808450832,
PV-T,2,ens,0.02,ID,0.019207818930041153,0.22313561355107353,0.44,300,,0.0
PV-T,2,ens,0.02,ID-PAC,0.013391632373113853,0.14905178470449132,0.025,300,,0.0
PV-T,2,ens,0.02,Weighted,0.013683127572016462,0.14802680055520331,0.0,300,,0.0
PV-T,2,ens,0.02,TargetPAC-25,0.0,0.0,0.0,25,,0.0
PV-T,2,ens,0.02,Target-25,0.0,0.0,0.0,25,,0.0
PV-T,2,ens,0.02,TargetPAC-50,0.0,0.0,0.0,50,,0.0
PV-T,2,ens,0.02,Target-50,0.0153360768175583,0.15813081549771238,0.235,50,,0.055
PV-T,2,ens,0.02,TargetPAC-100,0.0,0.0,0.0,100,,0.0
PV-T,2,ens,0.02,Target-100,0.013477366255144032,0.1511778364206522,0.155,100,,0.0
PV-T,2,ens,0.02,TargetPAC-200,0.00784636488340192,0.08602712613739567,0.015,200,,0.0
PV-T,2,ens,0.02,Target-200,0.014855967078189298,0.17293281011703826,0.09,200,,0.0
PV-T,2,ens,0.02,TargetPAC-400,0.010010288065843621,0.1054766351937214,0.0,400,,0.0
PV-T,2,ens,0.02,Target-400,0.015288065843621398,0.19003110166732357,0.01,400,,0.0
PV-T,2,ens,0.02,TargetPAC-all,0.012345679012345678,0.13297462172490018,0.0,624,,0.0
PV-T,2,ens,0.02,Target-all,0.015089163237311385,0.19058553386911598,0.0,624,,0.0
PV-T,2,ens,0.05,ID-all,0.04526748971193416,0.3837928611820347,0.0,549,0.18195821808450832,
PV-T,2,ens,0.05,ID,0.048573388203017834,0.3902106859502716,0.42,300,,0.075
PV-T,2,ens,0.05,ID-PAC,0.03179355281207133,0.30853016776050857,0.04,300,,0.0
PV-T,2,ens,0.05,Weighted,0.03632830361225423,0.3201404001804982,0.05,300,,0.0
PV-T,2,ens,0.05,TargetPAC-25,0.0,0.0,0.0,25,,0.0
PV-T,2,ens,0.05,Target-25,0.029111796982167353,0.24060061346539402,0.155,25,,0.075
PV-T,2,ens,0.05,TargetPAC-50,0.014513031550068587,0.15351037579039362,0.02,50,,0.0
PV-T,2,ens,0.05,Target-50,0.029060356652949246,0.26348124475212914,0.12,50,,0.035
PV-T,2,ens,0.05,TargetPAC-100,0.01466735253772291,0.16449389104991688,0.01,100,,0.0
PV-T,2,ens,0.05,Target-100,0.03431412894375857,0.3174981578902274,0.155,100,,0.015
PV-T,2,ens,0.05,TargetPAC-200,0.021334019204389577,0.23948266703223264,0.0,200,,0.0
PV-T,2,ens,0.05,Target-200,0.0360082304526749,0.33503324365543125,0.1,200,,0.0
PV-T,2,ens,0.05,TargetPAC-400,0.02743484224965706,0.2837190911116062,0.0,400,,0.0
PV-T,2,ens,0.05,Target-400,0.035493827160493825,0.33685915999794375,0.01,400,,0.0
PV-T,2,ens,0.05,TargetPAC-all,0.028120713305898493,0.291738780266292,0.0,624,,0.0
PV-T,2,ens,0.05,Target-all,0.035665294924554176,0.33649776376441565,0.0,624,,0.0
PV-T,2,ens,0.1,ID-all,0.11728395061728394,0.5579964700035985,1.0,549,0.18195821808450832,
PV-T,2,ens,0.1,ID,0.11851508916323733,0.5619982178658944,0.945,300,,0.405
PV-T,2,ens,0.1,ID-PAC,0.09272976680384087,0.5072988673166886,0.305,300,,0.005
PV-T,2,ens,0.1,Weighted,0.09491312299954274,0.510873588429837,0.3,300,,0.06666666666666667
PV-T,2,ens,0.1,TargetPAC-25,0.03069615912208505,0.2518424524907038,0.06,25,,0.025
PV-T,2,ens,0.1,Target-25,0.061337448559670785,0.3949745531812808,0.205,25,,0.12
PV-T,2,ens,0.1,TargetPAC-50,0.028233882030178327,0.26109335640968523,0.01,50,,0.005
PV-T,2,ens,0.1,Target-50,0.07792181069958849,0.4607116541288962,0.28,50,,0.145
PV-T,2,ens,0.1,TargetPAC-100,0.04376200274348422,0.3616713504806621,0.01,100,,0.0
PV-T,2,ens,0.1,Target-100,0.08055212620027437,0.4736361533320767,0.26,100,,0.135
PV-T,2,ens,0.1,TargetPAC-200,0.05535665294924554,0.4106377983789434,0.005,200,,0.0
PV-T,2,ens,0.1,Target-200,0.0770644718792867,0.46905821066881437,0.11,200,,0.025
PV-T,2,ens,0.1,TargetPAC-400,0.057685185185185194,0.42102943948455196,0.0,400,,0.0
PV-T,2,ens,0.1,Target-400,0.07516460905349795,0.4651419709717771,0.03,400,,0.0
PV-T,2,ens,0.1,TargetPAC-all,0.05898491083676271,0.42860325239474273,0.0,624,,0.0
PV-T,2,ens,0.1,Target-all,0.0692729766803841,0.4518052675771544,0.0,624,,0.0
PV-T,2,ens,0.2,ID-all,0.2757201646090535,0.7526089415151567,1.0,549,0.18195821808450832,
PV-T,2,ens,0.2,ID,0.2796090534979424,0.7543913326593211,1.0,300,,0.985
PV-T,2,ens,0.2,ID-PAC,0.22342592592592594,0.7058973216580702,0.835,300,,0.52
PV-T,2,ens,0.2,Weighted,0.24218106995884775,0.7277593090803159,0.9166666666666666,300,,0.8
PV-T,2,ens,0.2,TargetPAC-25,0.09594650205761317,0.4894906352279932,0.055,25,,0.015
PV-T,2,ens,0.2,Target-25,0.17003086419753088,0.6250671727470568,0.27,25,,0.21
PV-T,2,ens,0.2,TargetPAC-50,0.10002743484224964,0.5134770464554381,0.025,50,,0.015
PV-T,2,ens,0.2,Target-50,0.1687105624142661,0.6340362767105917,0.235,50,,0.145
PV-T,2,ens,0.2,TargetPAC-100,0.12896090534979426,0.5772911561595011,0.01,100,,0.005
PV-T,2,ens,0.2,Target-100,0.1708127572016461,0.6425722706787532,0.185,100,,0.1
PV-T,2,ens,0.2,TargetPAC-200,0.14074074074074075,0.6020935791764485,0.005,200,,0.0
PV-T,2,ens,0.2,Target-200,0.17280178326474618,0.6476155388385284,0.185,200,,0.045
PV-T,2,ens,0.2,TargetPAC-400,0.14946159122085048,0.6182312319002005,0.0,400,,0.0
PV-T,2,ens,0.2,Target-400,0.16931069958847736,0.6447066333087719,0.02,400,,0.0
PV-T,2,ens,0.2,TargetPAC-all,0.15775034293552812,0.6302071730897749,0.0,624,,0.0
PV-T,2,ens,0.2,Target-all,0.16735253772290812,0.6400945901948354,0.0,624,,0.0
PV2BV,0,lr,0.02,ID-all,0.05406529423996673,0.1517637755246138,1.0,879,0.32419446756898507,
PV2BV,0,lr,0.02,ID,0.05402890413807444,0.1538524161888892,0.985,300,,0.715
PV2BV,0,lr,0.02,ID-PAC,0.025765231856934915,0.08433918434207925,0.675,300,,0.11
PV2BV,0,lr,0.02,Weighted,0.02897345255423858,0.07704008623530187,0.8166666666666667,300,,0.21666666666666667
PV2BV,0,lr,0.02,TargetPAC-25,0.0,0.0,0.0,25,,0.0
PV2BV,0,lr,0.02,Target-25,0.0,0.0,0.0,25,,0.0
PV2BV,0,lr,0.02,TargetPAC-50,0.0,0.0,0.0,50,,0.0
PV2BV,0,lr,0.02,Target-50,0.020276564774381365,0.06619778574858079,0.4,50,,0.145
PV2BV,0,lr,0.02,TargetPAC-100,0.0,0.0,0.0,100,,0.0
PV2BV,0,lr,0.02,Target-100,0.019966729049698484,0.06776611969384584,0.41,100,,0.11
PV2BV,0,lr,0.02,TargetPAC-200,0.008694115200665419,0.0350250656649815,0.095,200,,0.005
PV2BV,0,lr,0.02,Target-200,0.020697650239134956,0.0708818171547999,0.465,200,,0.07
PV2BV,0,lr,0.02,TargetPAC-400,0.011104179663131628,0.04412086593046572,0.08,400,,0.0
PV2BV,0,lr,0.02,Target-400,0.02109690164275317,0.07261212472110035,0.525,400,,0.015
PV2BV,0,lr,0.02,TargetPAC-all,0.016635475150758996,0.060355296975174395,0.0,1609,,0.0
PV2BV,0,lr,0.02,Target-all,0.021210230817217714,0.07386957381308779,1.0,1609,,0.0
PV2BV,0,lr,0.05,ID-all,0.15554169265959658,0.36200468833846416,1.0,879,0.32419446756898507,
PV2BV,0,lr,0.05,ID,0.1582376793512165,0.35780777812297004,1.0,300,,1.0
PV2BV,0,lr,0.05,ID-PAC,0.09731441048034935,0.251804586663654,0.99,300,,0.905
PV2BV,0,lr,0.05,Weighted,0.09323144104803492,0.2222166520744486,0.7666666666666667,300,,0.7666666666666667
PV2BV,0,lr,0.05,TargetPAC-25,0.0,0.0,0.0,25,,0.0
PV2BV,0,lr,0.05,Target-25,0.040849448949885625,0.11677959160617955,0.32,25,,0.205
PV2BV,0,lr,0.05,TargetPAC-50,0.021249740070700768,0.06863219137458694,0.105,50,,0.045
PV2BV,0,lr,0.05,Target-50,0.04195258889582034,0.12302842658231423,0.295,50,,0.16
PV2BV,0,lr,0.05,TargetPAC-100,0.018951965065502185,0.06513486033835118,0.02,100,,0.005
PV2BV,0,lr,0.05,Target-100,0.05411728009981285,0.1542513486033835,0.535,100,,0.195
PV2BV,0,lr,0.05,TargetPAC-200,0.032747972551466005,0.10253897534385857,0.125,200,,0.01
PV2BV,0,lr,0.05,Target-200,0.053905177791640675,0.15415496935634196,0.57,200,,0.135
PV2BV,0,lr,0.05,TargetPAC-400,0.040129964649615296,0.12081198633038664,0.155,400,,0.0
PV2BV,0,lr,0.05,Target-400,0.05369931378665003,0.15342382862145904,0.585,400,,0.055
PV2BV,0,lr,0.05,TargetPAC-all,0.04678727386150967,0.13836247069788457,0.0,1609,,0.0
PV2BV,0,lr,0.05,Target-all,0.05427323767935121,0.15309119665602847,1.0,1609,,0.0
PV2BV,0,lr,0.1,ID-all,0.3023497608650447,0.5608777925269015,1.0,879,0.32419446756898507,
PV2BV,0,lr,0.1,ID,0.29630068621335,0.5518028920834863,1.0,300,,1.0
PV2BV,0,lr,0.1,ID-PAC,0.24626221667706383,0.4868420086423589,1.0,300,,1.0
PV2BV,0,lr,0.1,Weighted,0.1887225341373813,0.3907986650474012,0.9333333333333333,300,,0.85
PV2BV,0,lr,0.1,TargetPAC-25,0.041331877729257636,0.11878851639506312,0.07,25,,0.04
PV2BV,0,lr,0.1,Target-25,0.07813370763152423,0.20259115429152427,0.255,25,,0.17
PV2BV,0,lr,0.1,TargetPAC-50,0.040818257433977954,0.1200029655152936,0.04,50,,0.02
PV2BV,0,lr,0.1,Target-50,0.10461218548554793,0.2624262151551953,0.52,50,,0.295
PV2BV,0,lr,0.1,TargetPAC-100,0.06411935953420671,0.17827181065890926,0.07,100,,0.01
PV2BV,0,lr,0.1,Target-100,0.10160636306924516,0.259892888411896,0.51,100,,0.21
PV2BV,0,lr,0.1,TargetPAC-200,0.07705344146392182,0.2101520179625498,0.065,200,,0.005
PV2BV,0,lr,0.1,Target-200,0.10137242669993761,0.26143297935436494,0.515,200,,0.145
PV2BV,0,lr,0.1,TargetPAC-400,0.08357766687461013,0.2260738695738131,0.065,400,,0.0
PV2BV,0,lr,0.1,Target-400,0.10213765855687253,0.26382911571158246,0.515,400,,0.065
PV2BV,0,lr,0.1,TargetPAC-all,0.09336660428363486,0.24644844239839572,0.0,1609,,0.0
PV2BV,0,lr,0.1,Target-all,0.10230817217716781,0.26548422628293844,1.0,1609,,0.0
PV2BV,0,lr,0.2,ID-all,0.4560199625701809,0.7269042844635242,1.0,879,0.32419446756898507,
PV2BV,0,lr,0.2,ID,0.45728737783322937,0.7265684751602791,1.0,300,,1.0
PV2BV,0,lr,0.2,ID-PAC,0.4109825327510917,0.6825127093512583,1.0,300,,1.0
PV2BV,0,lr,0.2,Weighted,0.3073508005822416,0.5583987629564775,1.0,300,,1.0
PV2BV,0,lr,0.2,TargetPAC-25,0.12609586192555625,0.29503735137119785,0.145,25,,0.115
PV2BV,0,lr,0.2,Target-25,0.1835298398835517,0.38999759934476236,0.415,25,,0.315
PV2BV,0,lr,0.2,TargetPAC-50,0.12014036182158452,0.2916989578331968,0.04,50,,0.02
PV2BV,0,lr,0.2,Target-50,0.1948003742981909,0.41286023950066375,0.5,50,,0.37
PV2BV,0,lr,0.2,TargetPAC-100,0.1478124350176752,0.34337581551670576,0.085,100,,0.015
PV2BV,0,lr,0.2,Target-100,0.19576315242254105,0.4153776795548903,0.465,100,,0.255
PV2BV,0,lr,0.2,TargetPAC-200,0.1639363693075483,0.3702021492925127,0.075,200,,0.015
PV2BV,0,lr,0.2,Target-200,0.19547411104179663,0.41574716863896977,0.41,200,,0.21
PV2BV,0,lr,0.2,TargetPAC-400,0.16839259721355795,0.3784203688536165,0.035,400,,0.0
PV2BV,0,lr,0.2,Target-400,0.19564150551050116,0.41596626373316015,0.425,400,,0.09
PV2BV,0,lr,0.2,TargetPAC-all,0.18111873570388856,0.3968283107860028,0.0,1609,,0.0
PV2BV,0,lr,0.2,Target-all,0.19941775836972347,0.4205383116332929,0.0,1609,,0.0
PV2BV,0,svm,0.02,ID-all,0.036805988771054274,0.09437399384302539,1.0,879,0.3033596704699735,
PV2BV,0,svm,0.02,ID,0.04262008733624454,0.10389245064535262,0.845,300,,0.37
PV2BV,0,svm,0.02,ID-PAC,0.019135995009357455,0.04571024091281386,0.245,300,,0.055
PV2BV,0,svm,0.02,Weighted,0.033045678242184795,0.07039474303574621,0.85,300,,0.2833333333333333
PV2BV,0,svm,0.02,TargetPAC-25,0.0,0.0,0.0,25,,0.0
PV2BV,0,svm,0.02,Target-25,0.0,0.0,0.0,25,,0.0
PV2BV,0,svm,0.02,TargetPAC-50,0.0,0.0,0.0,50,,0.0
PV2BV,0,svm,0.02,Target-50,0.02201393221043876,0.0522292202106928,0.465,50,,0.085
PV2BV,0,svm,0.02,TargetPAC-100,0.0,0.0,0.0,100,,0.0
PV2BV,0,svm,0.02,Target-100,0.021610521938032857,0.05217951252577174,0.515,100,,0.09
PV2BV,0,svm,0.02,TargetPAC-200,0.011747764608026616,0.02725605106334905,0.14,200,,0.005
PV2BV,0,svm,0.02,Target-200,0.02303285506342275,0.05580725562741831,0.64,200,,0.02
PV2BV,0,svm,0.02,TargetPAC-400,0.015518818881264296,0.03603319964978677,0.195,400,,0.0
PV2BV,0,svm,0.02,Target-400,0.022663755458515285,0.054736069138870844,0.655,400,,0.0
PV2BV,0,svm,0.02,TargetPAC-all,0.01933873986275733,0.04528765498347786,0.0,1609,,0.0
PV2BV,0,svm,0.02,Target-all,0.023289665211062592,0.056754314118677075,1.0,1609,,0.0
PV2BV,0,svm,0.05,ID-all,0.1260137242669994,0.26586550682068516,1.0,879,0.3033596704699735,
PV2BV,0,svm,0.05,ID,0.13317113745061346,0.28021803598158557,1.0,300,,1.0
PV2BV,0,svm,0.05,ID-PAC,0.08265751715533376,0.1884018696867851,0.915,300,,0.685
PV2BV,0,svm,0.05,Weighted,0.09156442780896931,0.1910549702977754,1.0,300,,0.9333333333333333
PV2BV,0,svm,0.05,TargetPAC-25,0.0,0.0,0.0,25,,0.0
PV2BV,0,svm,0.05,Target-25,0.03833125389893949,0.09069802581410455,0.27,25,,0.145
PV2BV,0,svm,0.05,TargetPAC-50,0.02052713661883968,0.04930783460897563,0.06,50,,0.02
PV2BV,0,svm,0.05,Target-50,0.03892181326679143,0.09397131923066059,0.21,50,,0.115
PV2BV,0,svm,0.05,TargetPAC-100,0.021545019754626738,0.05204316942977377,0.035,100,,0.0
PV2BV,0,svm,0.05,Target-100,0.05198585984612185,0.12599902561640353,0.465,100,,0.155
PV2BV,0,svm,0.05,TargetPAC-200,0.0304678727386151,0.07506347614878414,0.045,200,,0.005
PV2BV,0,svm,0.05,Target-200,0.04789041380744438,0.11776809670404158,0.365,200,,0.065
PV2BV,0,svm,0.05,TargetPAC-400,0.03695570804741111,0.09255041375999096,0.02,400,,0.0
PV2BV,0,svm,0.05,Target-400,0.04845082137658556,0.12024740870449346,0.375,400,,0.015
PV2BV,0,svm,0.05,TargetPAC-all,0.041380744437512995,0.10521930691671134,0.0,1609,,0.0
PV2BV,0,svm,0.05,Target-all,0.0496984820128925,0.12243341712090829,0.0,1609,,0.0
PV2BV,0,svm,0.1,ID-all,0.2761488875025993,0.5143333239189991,1.0,879,0.3033596704699735,
PV2BV,0,svm,0.1,ID,0.27163339571636513,0.503567656113198,1.0,300,,1.0
PV2BV,0,svm,0.1,ID-PAC,0.20787065918070285,0.4096906685118762,1.0,300,,1.0
PV2BV,0,svm,0.1,Weighted,0.18104595550010397,0.35611861119740923,0.9666666666666667,300,,0.9166666666666666
PV2BV,0,svm,0.1,TargetPAC-25,0.03837076315242254,0.09041616064619991,0.055,25,,0.035
PV2BV,0,svm,0.1,Target-25,0.07000415886878768,0.15856066597000593,0.26,25,,0.145
PV2BV,0,svm,0.1,TargetPAC-50,0.03918382200041589,0.09450101674810067,0.025,50,,0.0
PV2BV,0,svm,0.1,Target-50,0.09148679559159908,0.20351759539074193,0.38,50,,0.255
PV2BV,0,svm,0.1,TargetPAC-100,0.06072260345186109,0.14500960262095067,0.05,100,,0.015
PV2BV,0,svm,0.1,Target-100,0.09486275733000625,0.2115123421922219,0.415,100,,0.185
PV2BV,0,svm,0.1,TargetPAC-200,0.0715564566437929,0.16886703194283614,0.07,200,,0.005
PV2BV,0,svm,0.1,Target-200,0.09741006446246621,0.21618062812438218,0.54,200,,0.135
PV2BV,0,svm,0.1,TargetPAC-400,0.07826575171553336,0.18218127771344647,0.04,400,,0.0
PV2BV,0,svm,0.1,Target-400,0.09911416094822209,0.2194729149603186,0.535,400,,0.085
PV2BV,0,svm,0.1,TargetPAC-all,0.09232688708671243,0.2082215381139322,0.0,1609,,0.0
PV2BV,0,svm,0.1,Target-all,0.10002079434393842,0.22090264636936205,1.0,1609,,0.0
PV2BV,0,svm,0.2,ID-all,0.4279475982532751,0.6844974157652441,1.0,879,0.3033596704699735,
PV2BV,0,svm,0.2,ID,0.43381992098149297,0.689412404326828,1.0,300,,1.0
PV2BV,0,svm,0.2,ID-PAC,0.38897587856103144,0.6430930324512102,1.0,300,,1.0
PV2BV,0,svm,0.2,Weighted,0.3141470853261246,0.5478589450297023,1.0,300,,0.9833333333333333
PV2BV,0,svm,0.2,TargetPAC-25,0.11944687045123725,0.2534054706696416,0.125,25,,0.06
PV2BV,0,svm,0.2,Target-25,0.1781378665003119,0.35417113847544274,0.35,25,,0.205
PV2BV,0,svm,0.2,TargetPAC-50,0.11142233312538989,0.2403516253848109,0.04,50,,0.015
PV2BV,0,svm,0.2,Target-50,0.1902173008941568,0.3787469991809529,0.45,50,,0.235
PV2BV,0,svm,0.2,TargetPAC-100,0.14422021210230818,0.30026979128420933,0.04,100,,0.02
PV2BV,0,svm,0.2,Target-100,0.18735495945102934,0.3756764905244725,0.35,100,,0.155
PV2BV,0,svm,0.2,TargetPAC-200,0.15994593470576005,0.3293941169825176,0.065,200,,0.005
PV2BV,0,svm,0.2,Target-200,0.19225930546891246,0.38517136441946503,0.41,200,,0.09
PV2BV,0,svm,0.2,TargetPAC-400,0.17090351424412561,0.3498523597028836,0.04,400,,0.0
PV2BV,0,svm,0.2,Target-400,0.19186109378249117,0.3845502301804728,0.29,400,,0.01
PV2BV,0,svm,0.2,TargetPAC-all,0.18111873570388856,0.36864179399553765,0.0,1609,,0.0
PV2BV,0,svm,0.2,Target-all,0.19380328550634224,0.386095969723501,0.0,1609,,0.0
PV2BV,0,lgbm,0.02,ID-all,0.13349968808484092,0.33223656339141977,1.0,879,0.3610785238428799,
PV2BV,0,lgbm,0.02,ID,0.13237055520898314,0.3258551275171576,1.0,300,,1.0
PV2BV,0,lgbm,0.02,ID-PAC,0.0659877313370763,0.19386745558787807,1.0,300,,0.875
PV2BV,0,lgbm,0.02,Weighted,0.04468011367574686,0.11453243708871129,0.75,300,,0.5333333333333333
PV2BV,0,lgbm,0.02,TargetPAC-25,0.0,0.0,0.0,25,,0.0
PV2BV,0,lgbm,0.02,Target-25,0.0,0.0,0.0,25,,0.0
PV2BV,0,lgbm,0.02,TargetPAC-50,0.0,0.0,0.0,50,,0.0
PV2BV,0,lgbm,0.02,Target-50,0.015270326471199833,0.060227426780015254,0.355,50,,0.055
PV2BV,0,lgbm,0.02,TargetPAC-100,0.0,0.0,0.0,100,,0.0
PV2BV,0,lgbm,0.02,Target-100,0.013064046579330421,0.05684511537266643,0.31,100,,0.015
PV2BV,0,lgbm,0.02,TargetPAC-200,0.006076107298814721,0.033846626373316015,0.07,200,,0.0
PV2BV,0,lgbm,0.02,Target-200,0.015173632771886046,0.06446740757477336,0.395,200,,0.01
PV2BV,0,lgbm,0.02,TargetPAC-400,0.007637762528592222,0.04155110571355946,0.045,400,,0.0
PV2BV,0,lgbm,0.02,Target-400,0.01473175296319401,0.06380638009433164,0.325,400,,0.0
PV2BV,0,lgbm,0.02,TargetPAC-all,0.007485963817841545,0.04355071031152031,0.0,1609,,0.0
PV2BV,0,lgbm,0.02,Target-all,0.014763984196298605,0.06367384980371116,0.0,1609,,0.0
PV2BV,0,lgbm,0.05,ID-all,0.2514036182158453,0.5096167424520575,1.0,879,0.3610785238428799,
PV2BV,0,lgbm,0.05,ID,0.25246516947390313,0.5080486203293134,1.0,300,,1.0
PV2BV,0,lgbm,0.05,ID-PAC,0.19754314826367228,0.43100453300194874,1.0,300,,1.0
PV2BV,0,lgbm,0.05,Weighted,0.0913218271296874,0.22787231338435904,0.7333333333333333,300,,0.5833333333333334
PV2BV,0,lgbm,0.05,TargetPAC-25,0.0,0.0,0.0,25,,0.0
PV2BV,0,lgbm,0.05,Target-25,0.026487835308796007,0.09000268308526563,0.155,25,,0.085
PV2BV,0,lgbm,0.05,TargetPAC-50,0.014510293200249533,0.05827392888411897,0.03,50,,0.005
PV2BV,0,lgbm,0.05,Target-50,0.030493865668538157,0.10428439291665491,0.16,50,,0.065
PV2BV,0,lgbm,0.05,TargetPAC-100,0.01333125389893949,0.057177606123083,0.005,100,,0.005
PV2BV,0,lgbm,0.05,Target-100,0.038805364940736116,0.12896221086225887,0.23,100,,0.075
PV2BV,0,lgbm,0.05,TargetPAC-200,0.023489290912871698,0.08781201457338944,0.005,200,,0.0
PV2BV,0,lgbm,0.05,Target-200,0.03959451029320024,0.13162383144575932,0.195,200,,0.025
PV2BV,0,lgbm,0.05,TargetPAC-400,0.030386774797255142,0.1062907758352868,0.01,400,,0.0
PV2BV,0,lgbm,0.05,Target-400,0.03851320440840091,0.12858982687039286,0.09,400,,0.0
PV2BV,0,lgbm,0.05,TargetPAC-all,0.03285506342274901,0.11198350608636712,0.0,1609,,0.0
PV2BV,0,lgbm,0.05,Target-all,0.03950925348305262,0.13171124353941313,0.0,1609,,0.0
PV2BV,0,lgbm,0.1,ID-all,0.3690996049074652,0.6546163188070155,1.0,879,0.3610785238428799,
PV2BV,0,lgbm,0.1,ID,0.36770534414639217,0.6495376620442285,1.0,300,,1.0
PV2BV,0,lgbm,0.1,ID-PAC,0.31709087128301106,0.5892780382410259,1.0,300,,1.0
PV2BV,0,lgbm,0.1,Weighted,0.21060858113259862,0.4305909377618361,1.0,300,,0.9833333333333333
PV2BV,0,lgbm,0.1,TargetPAC-25,0.03300894156789354,0.1071475273251052,0.055,25,,0.025
PV2BV,0,lgbm,0.1,Target-25,0.06843626533582865,0.1923200920721891,0.22,25,,0.14
PV2BV,0,lgbm,0.1,TargetPAC-50,0.0325670617592015,0.10982905922557688,0.03,50,,0.015
PV2BV,0,lgbm,0.1,Target-50,0.08980453316697858,0.24313059564492895,0.375,50,,0.2
PV2BV,0,lgbm,0.1,TargetPAC-100,0.04860677895612393,0.15313363176772954,0.04,100,,0.015
PV2BV,0,lgbm,0.1,Target-100,0.08728945726762322,0.24272728556500126,0.325,100,,0.125
PV2BV,0,lgbm,0.1,TargetPAC-200,0.06490642545227697,0.19670806620159859,0.055,200,,0.01
PV2BV,0,lgbm,0.1,Target-200,0.09013204408400916,0.2502784760075691,0.37,200,,0.09
PV2BV,0,lgbm,0.1,TargetPAC-400,0.06627989186941152,0.20224256502951396,0.0,400,,0.0
PV2BV,0,lgbm,0.1,Target-400,0.09003846953628614,0.2511469483435479,0.27,400,,0.015
PV2BV,0,lgbm,0.1,TargetPAC-all,0.07860262008733625,0.23015222978507077,0.0,1609,,0.0
PV2BV,0,lgbm,0.1,Target-all,0.08962362237471408,0.25004942525489315,0.0,1609,,0.0
PV2BV,0,lgbm,0.2,ID-all,0.5389893948845914,0.799799474680148,1.0,879,0.3610785238428799,
PV2BV,0,lgbm,0.2,ID,0.5395747556664587,0.800043141186771,1.0,300,,1.0
PV2BV,0,lgbm,0.2,ID-PAC,0.4965606155125806,0.7664946903154743,1.0,300,,1.0
PV2BV,0,lgbm,0.2,Weighted,0.35180564219865523,0.6276258931849632,0.9833333333333333,300,,0.9666666666666667
PV2BV,0,lgbm,0.2,TargetPAC-25,0.10626429611145768,0.2680276498997373,0.085,25,,0.055
PV2BV,0,lgbm,0.2,Target-25,0.18343938448741945,0.40056853164628464,0.41,25,,0.345
PV2BV,0,lgbm,0.2,TargetPAC-50,0.10951653150343107,0.2822050724433022,0.05,50,,0.035
PV2BV,0,lgbm,0.2,Target-50,0.20070804741110418,0.43260647612054115,0.49,50,,0.35
PV2BV,0,lgbm,0.2,TargetPAC-100,0.14469224370971095,0.34739168808427706,0.115,100,,0.045
PV2BV,0,lgbm,0.2,Target-100,0.2099157829070493,0.4476620442285424,0.585,100,,0.445
PV2BV,0,lgbm,0.2,TargetPAC-200,0.16813370763152424,0.38734106250176514,0.15,200,,0.06
PV2BV,0,lgbm,0.2,Target-200,0.2034289873154502,0.4390825966616771,0.535,200,,0.295
PV2BV,0,lgbm,0.2,TargetPAC-400,0.1759950093574548,0.4005243313469088,0.08,400,,0.01
PV2BV,0,lgbm,0.2,Target-400,0.2077240590559368,0.4451669161465247,0.655,400,,0.3
PV2BV,0,lgbm,0.2,TargetPAC-all,0.1900603035974215,0.41836360041799636,0.0,1609,,0.0
PV2BV,0,lgbm,0.2,Target-all,0.20565606155125812,0.44258197531561555,1.0,1609,,0.0
PV2BV,0,ens,0.02,ID-all,0.08234560199625701,0.2459118253452707,1.0,879,0.35624330659876213,
PV2BV,0,ens,0.02,ID,0.08674360573923892,0.24949501511000652,1.0,300,,1.0
PV2BV,0,ens,0.02,ID-PAC,0.05177375753794969,0.1690782896037507,0.965,300,,0.765
PV2BV,0,ens,0.02,Weighted,0.04253136480210716,0.11386637293943759,0.75,300,,0.6166666666666667
PV2BV,0,ens,0.02,TargetPAC-25,0.0,0.0,0.0,25,,0.0
PV2BV,0,ens,0.02,Target-25,0.0,0.0,0.0,25,,0.0
PV2BV,0,ens,0.02,TargetPAC-50,0.0,0.0,0.0,50,,0.0
PV2BV,0,ens,0.02,Target-50,0.016636514867955917,0.06494979806253001,0.355,50,,0.07
PV2BV,0,ens,0.02,TargetPAC-100,0.0,0.0,0.0,100,,0.0
PV2BV,0,ens,0.02,Target-100,0.018827199001871492,0.07532345298952184,0.41,100,,0.065
PV2BV,0,ens,0.02,TargetPAC-200,0.00865668538157621,0.040673736831699954,0.075,200,,0.005
PV2BV,0,ens,0.02,Target-200,0.017325847369515493,0.07188550286666479,0.345,200,,0.01
PV2BV,0,ens,0.02,TargetPAC-400,0.010517779164067374,0.04935909565905047,0.08,400,,0.0
PV2BV,0,ens,0.02,Target-400,0.01894988563110834,0.07785367300251363,0.44,400,,0.005
PV2BV,0,ens,0.02,TargetPAC-all,0.015387814514452067,0.06744429067698478,0.0,1609,,0.0
PV2BV,0,ens,0.02,Target-all,0.019546683302141817,0.07920750134154263,0.0,1609,,0.0
PV2BV,0,ens,0.05,ID-all,0.20607194843002702,0.4587793374191544,1.0,879,0.35624330659876213,
PV2BV,0,ens,0.05,ID,0.20392493241838217,0.44956971785240213,1.0,300,,1.0
PV2BV,0,ens,0.05,ID-PAC,0.1397733416510709,0.3481006580619652,1.0,300,,0.99
PV2BV,0,ens,0.05,Weighted,0.09559506480903862,0.23527739335912862,0.7,300,,0.5666666666666667
PV2BV,0,ens,0.05,TargetPAC-25,0.0,0.0,0.0,25,,0.0
PV2BV,0,ens,0.05,Target-25,0.03404865876481597,0.11512052701443216,0.195,25,,0.105
PV2BV,0,ens,0.05,TargetPAC-50,0.016764400083177377,0.06604181376563956,0.05,50,,0.015
PV2BV,0,ens,0.05,Target-50,0.037176128093158664,0.12692814980088682,0.195,50,,0.115
PV2BV,0,ens,0.05,TargetPAC-100,0.018649407361197756,0.07425855056909651,0.02,100,,0.005
PV2BV,0,ens,0.05,Target-100,0.044708879184861716,0.15024811477956337,0.33,100,,0.08
PV2BV,0,ens,0.05,TargetPAC-200,0.027114784778540235,0.10232559945773435,0.005,200,,0.0
PV2BV,0,ens,0.05,Target-200,0.043761696818465375,0.14863473324483858,0.18,200,,0.035
PV2BV,0,ens,0.05,TargetPAC-400,0.03508421709295072,0.12566243963058152,0.01,400,,0.0
PV2BV,0,ens,0.05,Target-400,0.04477957995425244,0.1513186658005479,0.13,400,,0.015
PV2BV,0,ens,0.05,TargetPAC-all,0.03888542316489914,0.13591945095602567,0.0,1609,,0.0
PV2BV,0,ens,0.05,Target-all,0.04408400914951134,0.14721665207444853,0.0,1609,,0.0
PV2BV,0,ens,0.1,ID-all,0.35308796007485965,0.6488688677380179,1.0,879,0.35624330659876213,
PV2BV,0,ens,0.1,ID,0.35320440840091494,0.6449329934758664,1.0,300,,1.0
PV2BV,0,ens,0.1,ID-PAC,0.29529735911831984,0.5764685655378881,1.0,300,,1.0
PV2BV,0,ens,0.1,Weighted,0.19491924863103904,0.4180788168064696,1.0,300,,0.95
PV2BV,0,ens,0.1,TargetPAC-25,0.038933250155957576,0.12503586861355098,0.085,25,,0.06
PV2BV,0,ens,0.1,Target-25,0.07239030983572468,0.2072178524020674,0.255,25,,0.185
PV2BV,0,ens,0.1,TargetPAC-50,0.035990850488667084,0.1242141384471997,0.02,50,,0.01
PV2BV,0,ens,0.1,Target-50,0.0991515907673113,0.2686295082893213,0.445,50,,0.32
PV2BV,0,ens,0.1,TargetPAC-100,0.053645248492410064,0.1725996977998701,0.035,100,,0.02
PV2BV,0,ens,0.1,Target-100,0.093378041172801,0.2613640664275426,0.355,100,,0.23
PV2BV,0,ens,0.1,TargetPAC-200,0.06600852568101477,0.20424908916315984,0.025,200,,0.005
PV2BV,0,ens,0.1,Target-200,0.08959035142441256,0.2577050442002994,0.24,200,,0.075
PV2BV,0,ens,0.1,TargetPAC-400,0.07231856934913704,0.22008183410060156,0.015,400,,0.0
PV2BV,0,ens,0.1,Target-400,0.09242981908920773,0.26514128562148725,0.3,400,,0.045
PV2BV,0,ens,0.1,TargetPAC-all,0.08359326263256396,0.24745106899765587,0.0,1609,,0.0
PV2BV,0,ens,0.1,Target-all,0.0906633395716365,0.2662326658570339,0.0,1609,,0.0
PV2BV,0,ens,0.2,ID-all,0.5446038677479725,0.809698647160166,1.0,879,0.35624330659876213,
PV2BV,0,ens,0.2,ID,0.535268247036806,0.8029370604682691,1.0,300,,1.0
PV2BV,0,ens,0.2,ID-PAC,0.49011124974007075,0.7703817041827886,1.0,300,,1.0
PV2BV,0,ens,0.2,Weighted,0.32997504678727385,0.6135422844823529,1.0,300,,0.9666666666666667
PV2BV,0,ens,0.2,TargetPAC-25,0.12302869619463505,0.30860345411924195,0.14,25,,0.1
PV2BV,0,ens,0.2,Target-25,0.1975774589311707,0.4345423927471968,0.475,25,,0.37
PV2BV,0,ens,0.2,TargetPAC-50,0.11246101060511542,0.29538523455813825,0.04,50,,0.015
PV2BV,0,ens,0.2,Target-50,0.20176232064878352,0.4449988702798881,0.54,50,,0.41
PV2BV,0,ens,0.2,TargetPAC-100,0.15033166978581824,0.36635728810687157,0.125,100,,0.045
PV2BV,0,ens,0.2,Target-100,0.20271990018714908,0.44911437003982263,0.53,100,,0.365
PV2BV,0,ens,0.2,TargetPAC-200,0.16549802453732584,0.3925271838901912,0.095,200,,0.015
PV2BV,0,ens,0.2,Target-200,0.20234872114784783,0.45037563193718755,0.565,200,,0.305
PV2BV,0,ens,0.2,TargetPAC-400,0.17962050322312328,0.416626232100997,0.165,400,,0.02
PV2BV,0,ens,0.2,Target-400,0.2057423580786026,0.45660992176688225,0.65,400,,0.275
PV2BV,0,ens,0.2,TargetPAC-all,0.19754626741526304,0.44468607902392177,0.0,1609,,0.0
PV2BV,0,ens,0.2,Target-all,0.20773549594510293,0.4612223571610133,1.0,1609,,0.0
PV2BV,1,lr,0.02,ID-all,0.06744623094591773,0.18569921957392954,1.0,872,0.3274062214440202,
PV2BV,1,lr,0.02,ID,0.07489141783253289,0.19773606130914714,1.0,300,,0.93
PV2BV,1,lr,0.02,ID-PAC,0.03503027771977449,0.10604563031709204,0.67,300,,0.325
PV2BV,1,lr,0.02,Weighted,0.02410732929630403,0.06757786683540742,0.5166666666666667,300,,0.16666666666666666
PV2BV,1,lr,0.02,TargetPAC-25,0.0,0.0,0.0,25,,0.0
PV2BV,1,lr,0.02,Target-25,0.0,0.0,0.0,25,,0.0
PV2BV,1,lr,0.02,TargetPAC-50,0.0,0.0,0.0,50,,0.0
PV2BV,1,lr,0.02,Target-50,0.02027876383378576,0.0668093229276524,0.385,50,,0.185
PV2BV,1,lr,0.02,TargetPAC-100,0.0,0.0,0.0,100,,0.0
PV2BV,1,lr,0.02,Target-100,0.019831906452286493,0.06779645644378823,0.48,100,,0.085
PV2BV,1,lr,0.02,TargetPAC-200,0.008303403633326373,0.03644906137945581,0.105,200,,0.0
PV2BV,1,lr,0.02,Target-200,0.021201712257256214,0.07275469310272094,0.51,200,,0.08
PV2BV,1,lr,0.02,TargetPAC-400,0.01084046773856755,0.04688370948463756,0.15,400,,0.0
PV2BV,1,lr,0.02,Target-400,0.02153267905617039,0.0741894115165577,0.565,400,,0.02
PV2BV,1,lr,0.02,TargetPAC-all,0.013155147212361662,0.0530830345215496,0.0,1628,,0.0
PV2BV,1,lr,0.02,Target-all,0.02276049279599081,0.07780355761794278,1.0,1628,,0.0
PV2BV,1,lr,0.05,ID-all,0.1910628523700146,0.4193770653167405,1.0,872,0.3274062214440202,
PV2BV,1,lr,0.05,ID,0.18726143244936314,0.4101050411305631,1.0,300,,1.0
PV2BV,1,lr,0.05,ID-PAC,0.12823136354144915,0.3098376573156155,1.0,300,,0.97
PV2BV,1,lr,0.05,Weighted,0.09883413377879864,0.22990273969392297,0.9333333333333333,300,,0.7
PV2BV,1,lr,0.05,TargetPAC-25,0.0,0.0,0.0,25,,0.0
PV2BV,1,lr,0.05,Target-25,0.03479745249530174,0.10133016944385854,0.265,25,,0.11
PV2BV,1,lr,0.05,TargetPAC-50,0.02178534140739194,0.06942016452225269,0.09,50,,0.045
PV2BV,1,lr,0.05,Target-50,0.04154833994570892,0.12029002320185615,0.365,50,,0.11
PV2BV,1,lr,0.05,TargetPAC-100,0.01891626644393402,0.06577740279828447,0.035,100,,0.005
PV2BV,1,lr,0.05,Target-100,0.049040509500939654,0.1388475005273149,0.45,100,,0.12
PV2BV,1,lr,0.05,TargetPAC-200,0.03260283984130299,0.09983442311748575,0.105,200,,0.0
PV2BV,1,lr,0.05,Target-200,0.05223741908540406,0.145892146523237,0.565,200,,0.07
PV2BV,1,lr,0.05,TargetPAC-400,0.04102422217581959,0.11937889334177038,0.1,400,,0.0
PV2BV,1,lr,0.05,Target-400,0.05259031112967216,0.14657744498347747,0.59,400,,0.02
PV2BV,1,lr,0.05,TargetPAC-all,0.04572979745249529,0.1305491105955143,0.0,1628,,0.0
PV2BV,1,lr,0.05,Target-all,0.05387346001252869,0.1467060395134641,1.0,1628,,0.0
PV2BV,1,lr,0.1,ID-all,0.32971392775109626,0.5906911340786051,1.0,872,0.3274062214440202,
PV2BV,1,lr,0.1,ID,0.3218250156608895,0.5797156014905435,1.0,300,,1.0
PV2BV,1,lr,0.1,ID-PAC,0.257397160158697,0.5022324404134149,1.0,300,,1.0
PV2BV,1,lr,0.1,Weighted,0.21784645367856895,0.4402355339942347,1.0,300,,1.0
PV2BV,1,lr,0.1,TargetPAC-25,0.03498851534767175,0.1022384869577445,0.055,25,,0.025
PV2BV,1,lr,0.1,Target-25,0.07782835665065777,0.20048829360894324,0.275,25,,0.16
PV2BV,1,lr,0.1,TargetPAC-50,0.040377949467529754,0.11737769809463544,0.03,50,,0.005
PV2BV,1,lr,0.1,Target-50,0.09237941115055336,0.23560444350699572,0.365,50,,0.185
PV2BV,1,lr,0.1,TargetPAC-100,0.05738567550636876,0.15833452858046826,0.03,100,,0.0
PV2BV,1,lr,0.1,Target-100,0.09458028816036751,0.24240371229698376,0.44,100,,0.2
PV2BV,1,lr,0.1,TargetPAC-200,0.0743923574859052,0.19860212332138086,0.075,200,,0.0
PV2BV,1,lr,0.1,Target-200,0.09449885153476717,0.24302587358503833,0.425,200,,0.06
PV2BV,1,lr,0.1,TargetPAC-400,0.07711839632491126,0.20561428671869508,0.03,400,,0.0
PV2BV,1,lr,0.1,Target-400,0.0957924410106494,0.24614202348309078,0.38,400,,0.025
PV2BV,1,lr,0.1,TargetPAC-all,0.08373355606598455,0.22227378190255212,0.0,1628,,0.0
PV2BV,1,lr,0.1,Target-all,0.09354771351012739,0.24127118048231735,0.0,1628,,0.0
PV2BV,1,lr,0.2,ID-all,0.4984339110461474,0.7563523869788371,1.0,872,0.3274062214440202,
PV2BV,1,lr,0.2,ID,0.49669242012946335,0.7552488223300289,1.0,300,,1.0
PV2BV,1,lr,0.2,ID-PAC,0.45350490707872204,0.7195276664557407,1.0,300,,1.0
PV2BV,1,lr,0.2,Weighted,0.36252523143314536,0.6200307014460146,1.0,300,,1.0
PV2BV,1,lr,0.2,TargetPAC-25,0.10934015452077679,0.26648070027420373,0.06,25,,0.02
PV2BV,1,lr,0.2,Target-25,0.17614533305491753,0.3825756872671026,0.345,25,,0.245
PV2BV,1,lr,0.2,TargetPAC-50,0.10805074128210482,0.26732672431976373,0.04,50,,0.005
PV2BV,1,lr,0.2,Target-50,0.18098872415953227,0.3956015608521409,0.36,50,,0.185
PV2BV,1,lr,0.2,TargetPAC-100,0.1359020672374191,0.3245302678759755,0.025,100,,0.015
PV2BV,1,lr,0.2,Target-100,0.1795374817289622,0.397107853476763,0.315,100,,0.08
PV2BV,1,lr,0.2,TargetPAC-200,0.1469388181248695,0.34710391619208325,0.01,200,,0.0
PV2BV,1,lr,0.2,Target-200,0.1800970975151389,0.40005526260282637,0.23,200,,0.045
PV2BV,1,lr,0.2,TargetPAC-400,0.1562017122572562,0.36297440764958167,0.0,400,,0.0
PV2BV,1,lr,0.2,Target-400,0.18163499686782208,0.40334627012585245,0.135,400,,0.015
PV2BV,1,lr,0.2,TargetPAC-all,0.16830235957402379,0.3830274906841033,0.0,1628,,0.0
PV2BV,1,lr,0.2,Target-all,0.18187513050741283,0.4047669268086901,0.0,1628,,0.0
PV2BV,1,svm,0.02,ID-all,0.049279599081227816,0.11932784925824369,1.0,872,0.3101943291296377,
PV2BV,1,svm,0.02,ID,0.05716015869701399,0.1346031076425508,1.0,300,,0.79
PV2BV,1,svm,0.02,ID-PAC,0.02736270620171226,0.06577873866272937,0.795,300,,0.165
PV2BV,1,svm,0.02,Weighted,0.028551541727570125,0.06167990813002414,0.7666666666666667,300,,0.16666666666666666
PV2BV,1,svm,0.02,TargetPAC-25,0.0,0.0,0.0,25,,0.0
PV2BV,1,svm,0.02,Target-25,0.0,0.0,0.0,25,,0.0
PV2BV,1,svm,0.02,TargetPAC-50,0.0,0.0,0.0,50,,0.0
PV2BV,1,svm,0.02,Target-50,0.01945813322196701,0.04796744709273712,0.37,50,,0.135
PV2BV,1,svm,0.02,TargetPAC-100,0.0,0.0,0.0,100,,0.0
PV2BV,1,svm,0.02,Target-100,0.019400709960325748,0.04834936370667229,0.4,100,,0.08
PV2BV,1,svm,0.02,TargetPAC-200,0.008329505115890583,0.02239506433241932,0.055,200,,0.0
PV2BV,1,svm,0.02,Target-200,0.019842347045312177,0.049697180622934684,0.415,200,,0.025
PV2BV,1,svm,0.02,TargetPAC-400,0.012349133430778867,0.032843563242635175,0.09,400,,0.0
PV2BV,1,svm,0.02,Target-400,0.02027249947797035,0.05089924769739155,0.45,400,,0.005
PV2BV,1,svm,0.02,TargetPAC-all,0.01482564209647108,0.03921816775645082,0.0,1628,,0.0
PV2BV,1,svm,0.02,Target-all,0.019210691167258296,0.04986289812275891,0.0,1628,,0.0
PV2BV,1,svm,0.05,ID-all,0.1507621632908749,0.32098713351613584,1.0,872,0.3101943291296377,
PV2BV,1,svm,0.05,ID,0.14949363123825432,0.31790353652534625,1.0,300,,1.0
PV2BV,1,svm,0.05,ID-PAC,0.10253497598663604,0.23074260001406174,0.97,300,,0.9
PV2BV,1,svm,0.05,Weighted,0.09266722349829472,0.1949914457803089,0.9333333333333333,300,,0.7333333333333333
PV2BV,1,svm,0.05,TargetPAC-25,0.0,0.0,0.0,25,,0.0
PV2BV,1,svm,0.05,Target-25,0.039550010440593024,0.09264789425578288,0.25,25,,0.155
PV2BV,1,svm,0.05,TargetPAC-50,0.019835038630194195,0.04886852281515855,0.045,50,,0.01
PV2BV,1,svm,0.05,Target-50,0.03660367508874504,0.08760254517331084,0.21,50,,0.085
PV2BV,1,svm,0.05,TargetPAC-100,0.020733973689705577,0.05139091612177459,0.015,100,,0.0
PV2BV,1,svm,0.05,Target-100,0.04724055126331175,0.1126107712859453,0.34,100,,0.09
PV2BV,1,svm,0.05,TargetPAC-200,0.029151179787011906,0.07036391759825635,0.01,200,,0.0
PV2BV,1,svm,0.05,Target-200,0.04639381916892879,0.11074323279195669,0.28,200,,0.035
PV2BV,1,svm,0.05,TargetPAC-400,0.03639903946544164,0.0866199114110947,0.01,400,,0.0
PV2BV,1,svm,0.05,Target-400,0.04535393610357069,0.10795493215214794,0.165,400,,0.01
PV2BV,1,svm,0.05,TargetPAC-all,0.040091877218626004,0.09554946213878932,0.0,1628,,0.0
PV2BV,1,svm,0.05,Target-all,0.04552098559198162,0.1068832173240526,0.0,1628,,0.0
PV2BV,1,svm,0.1,ID-all,0.31175610774692003,0.5483090768473599,1.0,872,0.3101943291296377,
PV2BV,1,svm,0.1,ID,0.3063656295677595,0.5418064402727976,1.0,300,,1.0
PV2BV,1,svm,0.1,ID-PAC,0.23851221549384008,0.45274569359488154,1.0,300,,1.0
PV2BV,1,svm,0.1,Weighted,0.20219948493074408,0.3900546063887131,1.0,300,,1.0
PV2BV,1,svm,0.1,TargetPAC-25,0.03709438296095219,0.0868169865710469,0.075,25,,0.04
PV2BV,1,svm,0.1,Target-25,0.06942889956149509,0.15834106728538283,0.21,25,,0.125
PV2BV,1,svm,0.1,TargetPAC-50,0.03547922321987888,0.08553518948182522,0.015,50,,0.0
PV2BV,1,svm,0.1,Target-50,0.0905251618291919,0.2041627645363144,0.33,50,,0.245
PV2BV,1,svm,0.1,TargetPAC-100,0.05276466903320109,0.1252512831329537,0.01,100,,0.0
PV2BV,1,svm,0.1,Target-100,0.08618396324911255,0.19736307389439642,0.255,100,,0.13
PV2BV,1,svm,0.1,TargetPAC-200,0.06555335143036124,0.15549377768403289,0.015,200,,0.0
PV2BV,1,svm,0.1,Target-200,0.0897755272499478,0.2064724741615693,0.24,200,,0.09
PV2BV,1,svm,0.1,TargetPAC-400,0.07021925245353935,0.1663680658089011,0.005,400,,0.0
PV2BV,1,svm,0.1,Target-400,0.08838484025892672,0.2044848484848485,0.175,400,,0.035
PV2BV,1,svm,0.1,TargetPAC-all,0.07809563583211525,0.18209941643816357,0.0,1628,,0.0
PV2BV,1,svm,0.1,Target-all,0.08623929839214871,0.20174365464388663,0.0,1628,,0.0
PV2BV,1,svm,0.2,ID-all,0.4556274796408436,0.7101736623778387,1.0,872,0.3101943291296377,
PV2BV,1,svm,0.2,ID,0.4540718312800167,0.7063433874709976,1.0,300,,1.0
PV2BV,1,svm,0.2,ID-PAC,0.41200354980162873,0.6628721085565633,1.0,300,,1.0
PV2BV,1,svm,0.2,Weighted,0.33583907565949755,0.5741428203145139,1.0,300,,1.0
PV2BV,1,svm,0.2,TargetPAC-25,0.11047400292336604,0.2394860437319834,0.075,25,,0.06
PV2BV,1,svm,0.2,Target-25,0.18369805804969722,0.3635723827603178,0.39,25,,0.3
PV2BV,1,svm,0.2,TargetPAC-50,0.11231676759239924,0.24744027279758135,0.025,50,,0.015
PV2BV,1,svm,0.2,Target-50,0.1828972645646273,0.36869268086901497,0.325,50,,0.235
PV2BV,1,svm,0.2,TargetPAC-100,0.1370045938609313,0.2950680587780356,0.04,100,,0.02
PV2BV,1,svm,0.2,Target-100,0.18168511171434537,0.37103550587077266,0.265,100,,0.15
PV2BV,1,svm,0.2,TargetPAC-200,0.1505449989559407,0.32064001968642336,0.02,200,,0.005
PV2BV,1,svm,0.2,Target-200,0.18248590519941538,0.3734655839133798,0.245,200,,0.11
PV2BV,1,svm,0.2,TargetPAC-400,0.1630851952390896,0.3432891091893412,0.005,400,,0.0
PV2BV,1,svm,0.2,Target-400,0.18371893923574859,0.3766793925332209,0.195,400,,0.02
PV2BV,1,svm,0.2,TargetPAC-all,0.17310503236583835,0.3589256837516697,0.0,1628,,0.0
PV2BV,1,svm,0.2,Target-all,0.1847984965546043,0.3793995640863389,0.0,1628,,0.0
PV2BV,1,lgbm,0.02,ID-all,0.12800167049488412,0.3196231456092245,1.0,872,0.3735658552378252,
PV2BV,1,lgbm,0.02,ID,0.13319168928795155,0.32881684595373684,1.0,300,,1.0
PV2BV,1,lgbm,0.02,ID-PAC,0.07384213823345165,0.21054439991562962,0.945,300,,0.945
PV2BV,1,lgbm,0.02,Weighted,0.0200076564348855,0.055257212496191616,0.4166666666666667,300,,0.2
PV2BV,1,lgbm,0.02,TargetPAC-25,0.0,0.0,0.0,25,,0.0
PV2BV,1,lgbm,0.02,Target-25,0.0,0.0,0.0,25,,0.0
PV2BV,1,lgbm,0.02,TargetPAC-50,0.0,0.0,0.0,50,,0.0
PV2BV,1,lgbm,0.02,Target-50,0.02059302568385884,0.07074527174295156,0.445,50,,0.16
PV2BV,1,lgbm,0.02,TargetPAC-100,0.0,0.0,0.0,100,,0.0
PV2BV,1,lgbm,0.02,Target-100,0.020109626226769678,0.07255832102931871,0.485,100,,0.11
PV2BV,1,lgbm,0.02,TargetPAC-200,0.009707663395280852,0.04129283554805596,0.145,200,,0.01
PV2BV,1,lgbm,0.02,Target-200,0.019024848611401125,0.07104675525557197,0.435,200,,0.04
PV2BV,1,lgbm,0.02,TargetPAC-400,0.011804134474838168,0.0521355550868312,0.1,400,,0.0
PV2BV,1,lgbm,0.02,Target-400,0.021555648360826893,0.07834992617591226,0.605,400,,0.005
PV2BV,1,lgbm,0.02,TargetPAC-all,0.008978910002088118,0.045124094776066936,0.0,1628,,0.0
PV2BV,1,lgbm,0.02,Target-all,0.0238045520985592,0.08508753427546932,1.0,1628,,0.0
PV2BV,1,lgbm,0.05,ID-all,0.26122363750261013,0.5322646417774028,1.0,872,0.3735658552378252,
PV2BV,1,lgbm,0.05,ID,0.25489872624765086,0.519416227237573,1.0,300,,1.0
PV2BV,1,lgbm,0.05,ID-PAC,0.19532783462100645,0.43200112493848,1.0,300,,1.0
PV2BV,1,lgbm,0.05,Weighted,0.08349342242639382,0.20915910848625466,0.6166666666666667,300,,0.4666666666666667
PV2BV,1,lgbm,0.05,TargetPAC-25,0.0,0.0,0.0,25,,0.0
PV2BV,1,lgbm,0.05,Target-25,0.03785028189601169,0.11548365323771356,0.23,25,,0.145
PV2BV,1,lgbm,0.05,TargetPAC-50,0.01609835038630194,0.057997187653800186,0.025,50,,0.005
PV2BV,1,lgbm,0.05,Target-50,0.04129672165378993,0.1285983266540111,0.24,50,,0.14
PV2BV,1,lgbm,0.05,TargetPAC-100,0.02119022760492796,0.07570196161147438,0.05,100,,0.005
PV2BV,1,lgbm,0.05,Target-100,0.04649509292127793,0.14363341067285382,0.265,100,,0.105
PV2BV,1,lgbm,0.05,TargetPAC-200,0.03090415535602422,0.10245784996133026,0.015,200,,0.0
PV2BV,1,lgbm,0.05,Target-200,0.04766757151806223,0.14815017928707022,0.28,200,,0.05
PV2BV,1,lgbm,0.05,TargetPAC-400,0.038409897682188346,0.12186346059199887,0.005,400,,0.0
PV2BV,1,lgbm,0.05,Target-400,0.04704740029233661,0.14643921816775646,0.2,400,,0.005
PV2BV,1,lgbm,0.05,TargetPAC-all,0.04238880768427646,0.12959291288757643,0.0,1628,,0.0
PV2BV,1,lgbm,0.05,Target-all,0.04656504489455001,0.14667791605146593,0.0,1628,,0.0
PV2BV,1,lgbm,0.1,ID-all,0.37189392357485906,0.6622231596709555,1.0,872,0.3735658552378252,
PV2BV,1,lgbm,0.1,ID,0.371541031530591,0.6605115657737468,1.0,300,,1.0
PV2BV,1,lgbm,0.1,ID-PAC,0.3270578408853623,0.6114929339801729,1.0,300,,1.0
PV2BV,1,lgbm,0.1,Weighted,0.17332428481937776,0.3726893060535751,0.65,300,,0.5833333333333334
PV2BV,1,lgbm,0.1,TargetPAC-25,0.03758300271455419,0.11483245447514591,0.065,25,,0.035
PV2BV,1,lgbm,0.1,Target-25,0.07178951764460222,0.1965664065246432,0.235,25,,0.185
PV2BV,1,lgbm,0.1,TargetPAC-50,0.038657339736897056,0.12237790902060044,0.015,50,,0.01
PV2BV,1,lgbm,0.1,Target-50,0.08759135518897473,0.2392197848555157,0.36,50,,0.17
PV2BV,1,lgbm,0.1,TargetPAC-100,0.05689183545625392,0.17113928144554597,0.015,100,,0.0
PV2BV,1,lgbm,0.1,Target-100,0.09070891626644392,0.24833459888912324,0.315,100,,0.16
PV2BV,1,lgbm,0.1,TargetPAC-200,0.06744205470870746,0.19875054489207622,0.03,200,,0.005
PV2BV,1,lgbm,0.1,Target-200,0.09172374190854042,0.2523348801237432,0.345,200,,0.04
PV2BV,1,lgbm,0.1,TargetPAC-400,0.07294737941115055,0.21228545313928143,0.02,400,,0.0
PV2BV,1,lgbm,0.1,Target-400,0.09212883691793694,0.25435421500386696,0.245,400,,0.005
PV2BV,1,lgbm,0.1,TargetPAC-all,0.08060137815827939,0.23102017858398363,0.0,1628,,0.0
PV2BV,1,lgbm,0.1,Target-all,0.09626226769680521,0.26237783871194553,0.0,1628,,0.0
PV2BV,1,lgbm,0.2,ID-all,0.555648360826895,0.8133445827181326,1.0,872,0.3735658552378252,
PV2BV,1,lgbm,0.2,ID,0.5524483190645229,0.8102805315334316,1.0,300,,1.0
PV2BV,1,lgbm,0.2,ID-PAC,0.5081718521612028,0.7772712507909724,1.0,300,,1.0
PV2BV,1,lgbm,0.2,Weighted,0.36849377044616133,0.6422348777801213,1.0,300,,0.9833333333333333
PV2BV,1,lgbm,0.2,TargetPAC-25,0.1071726874086448,0.27220888701399143,0.065,25,,0.045
PV2BV,1,lgbm,0.2,Target-25,0.18118500730841514,0.40179786261688816,0.35,25,,0.3
PV2BV,1,lgbm,0.2,TargetPAC-50,0.10213405721444978,0.26847690360683396,0.025,50,,0.015
PV2BV,1,lgbm,0.2,Target-50,0.18376592190436417,0.4099814385150812,0.36,50,,0.275
PV2BV,1,lgbm,0.2,TargetPAC-100,0.1313802463979954,0.32527033677845746,0.045,100,,0.03
PV2BV,1,lgbm,0.2,Target-100,0.18419816245562745,0.4140539267383815,0.315,100,,0.195
PV2BV,1,lgbm,0.2,TargetPAC-200,0.147648778450616,0.35520333263024684,0.01,200,,0.0
PV2BV,1,lgbm,0.2,Target-200,0.1808655251618292,0.41062785628910914,0.25,200,,0.06
PV2BV,1,lgbm,0.2,TargetPAC-400,0.15763416162038005,0.37286620262954373,0.01,400,,0.0
PV2BV,1,lgbm,0.2,Target-400,0.18467529755690124,0.41752858046825564,0.14,400,,0.015
PV2BV,1,lgbm,0.2,TargetPAC-all,0.17289622050532474,0.3986078886310906,0.0,1628,,0.0
PV2BV,1,lgbm,0.2,Target-all,0.18772186260179574,0.4206707445686564,0.0,1628,,0.0
PV2BV,1,ens,0.02,ID-all,0.11234078095635833,0.2966603388877171,1.0,872,0.3820098045789184,
PV2BV,1,ens,0.02,ID,0.11942889956149509,0.30996772832735714,1.0,300,,1.0
PV2BV,1,ens,0.02,ID-PAC,0.05147421173522655,0.15573289741967236,0.77,300,,0.475
PV2BV,1,ens,0.02,Weighted,0.025102665831419225,0.07415313225058003,0.35,300,,0.2
PV2BV,1,ens,0.02,TargetPAC-25,0.0,0.0,0.0,25,,0.0
PV2BV,1,ens,0.02,Target-25,0.0,0.0,0.0,25,,0.0
PV2BV,1,ens,0.02,TargetPAC-50,0.0,0.0,0.0,50,,0.0
PV2BV,1,ens,0.02,Target-50,0.021051367717686363,0.07546670885185966,0.485,50,,0.1
PV2BV,1,ens,0.02,TargetPAC-100,0.0,0.0,0.0,100,,0.0
PV2BV,1,ens,0.02,Target-100,0.02376383378575903,0.08533502074105322,0.58,100,,0.1
PV2BV,1,ens,0.02,TargetPAC-200,0.011526414700354981,0.04833396611122829,0.2,200,,0.01
PV2BV,1,ens,0.02,Target-200,0.024572979745249527,0.08929417141250089,0.705,200,,0.07
PV2BV,1,ens,0.02,TargetPAC-400,0.015714136562956775,0.06488342825001758,0.265,400,,0.0
PV2BV,1,ens,0.02,Target-400,0.02392461891835456,0.08870161006819939,0.74,400,,0.0
PV2BV,1,ens,0.02,TargetPAC-all,0.020045938609313002,0.07989875553680659,1.0,1628,,0.0
PV2BV,1,ens,0.02,Target-all,0.024639799540613908,0.09186528861702876,1.0,1628,,0.0
PV2BV,1,ens,0.05,ID-all,0.26289413238671955,0.5467622864374605,1.0,872,0.3820098045789184,
PV2BV,1,ens,0.05,ID,0.2516214240968887,0.5269859382690009,1.0,300,,1.0
PV2BV,1,ens,0.05,ID-PAC,0.1764501983712675,0.4123267946284187,1.0,300,,1.0
PV2BV,1,ens,0.05,Weighted,0.09609521820839423,0.23830860812299326,0.8,300,,0.7333333333333333
PV2BV,1,ens,0.05,TargetPAC-25,0.0,0.0,0.0,25,,0.0
PV2BV,1,ens,0.05,Target-25,0.04182188348298183,0.12999318006046545,0.305,25,,0.2
PV2BV,1,ens,0.05,TargetPAC-50,0.02497494257673836,0.08556450819095832,0.1,50,,0.025
PV2BV,1,ens,0.05,Target-50,0.04147838797243684,0.13162258313998454,0.315,50,,0.145
PV2BV,1,ens,0.05,TargetPAC-100,0.02338692837753184,0.08413745342051607,0.03,100,,0.005
PV2BV,1,ens,0.05,Target-100,0.050819586552516186,0.15643485903114673,0.52,100,,0.16
PV2BV,1,ens,0.05,TargetPAC-200,0.03469304656504489,0.11547915348379384,0.08,200,,0.01
PV2BV,1,ens,0.05,Target-200,0.052926498225099185,0.1623209590100541,0.52,200,,0.08
PV2BV,1,ens,0.05,TargetPAC-400,0.04153789935268323,0.13231231104548968,0.15,400,,0.005
PV2BV,1,ens,0.05,Target-400,0.053107120484443514,0.16292378541798494,0.605,400,,0.055
PV2BV,1,ens,0.05,TargetPAC-all,0.046147421173522656,0.14269844617872462,0.0,1628,,0.0
PV2BV,1,ens,0.05,Target-all,0.05387346001252869,0.1625114251564368,1.0,1628,,0.0
PV2BV,1,ens,0.1,ID-all,0.3988306535811234,0.6954369682907966,1.0,872,0.3820098045789184,
PV2BV,1,ens,0.1,ID,0.3958362915013572,0.6922330028826549,1.0,300,,1.0
PV2BV,1,ens,0.1,ID-PAC,0.3420682814783879,0.6388849750404275,1.0,300,,1.0
PV2BV,1,ens,0.1,Weighted,0.19576459942924754,0.4262841875834916,1.0,300,,0.9166666666666666
PV2BV,1,ens,0.1,TargetPAC-25,0.039894550010440594,0.12398607888631091,0.055,25,,0.04
PV2BV,1,ens,0.1,Target-25,0.07629985383169764,0.21139935316037403,0.255,25,,0.18
PV2BV,1,ens,0.1,TargetPAC-50,0.04523595740238046,0.14120846516206145,0.025,50,,0.02
PV2BV,1,ens,0.1,Target-50,0.09112862810607644,0.2503859242072699,0.355,50,,0.21
PV2BV,1,ens,0.1,TargetPAC-100,0.05960952182083942,0.1788219784855516,0.02,100,,0.005
PV2BV,1,ens,0.1,Target-100,0.09271455418667779,0.255415242916403,0.325,100,,0.175
PV2BV,1,ens,0.1,TargetPAC-200,0.07422113176028398,0.2153035927722703,0.015,200,,0.0
PV2BV,1,ens,0.1,Target-200,0.09399665901023177,0.26048091120016875,0.27,200,,0.085
PV2BV,1,ens,0.1,TargetPAC-400,0.07599812069325539,0.21979765169092313,0.005,400,,0.0
PV2BV,1,ens,0.1,Target-400,0.09293171852161203,0.2590639808760458,0.235,400,,0.025
PV2BV,1,ens,0.1,TargetPAC-all,0.08665692211317602,0.24287421781621313,0.0,1628,,0.0
PV2BV,1,ens,0.1,Target-all,0.09145959490499057,0.25638754130633484,0.0,1628,,0.0
PV2BV,1,ens,0.2,ID-all,0.5788264773439131,0.8337200309358082,1.0,872,0.3820098045789184,
PV2BV,1,ens,0.2,ID,0.5674263938191689,0.8253921816775646,1.0,300,,1.0
PV2BV,1,ens,0.2,ID-PAC,0.510679682605972,0.7865209871335161,1.0,300,,1.0
PV2BV,1,ens,0.2,Weighted,0.3738323936799611,0.6577644191333286,1.0,300,,1.0
PV2BV,1,ens,0.2,TargetPAC-25,0.1099404886197536,0.28546094354215,0.055,25,,0.035
PV2BV,1,ens,0.2,Target-25,0.17738880768427648,0.40653863460592005,0.305,25,,0.225
PV2BV,1,ens,0.2,TargetPAC-50,0.1078367091250783,0.28433417703719327,0.02,50,,0.005
PV2BV,1,ens,0.2,Target-50,0.1810085612862811,0.41664219925472823,0.315,50,,0.215
PV2BV,1,ens,0.2,TargetPAC-100,0.13366047191480476,0.3369292694930746,0.03,100,,0.015
PV2BV,1,ens,0.2,Target-100,0.18344226352056797,0.4235179638613513,0.32,100,,0.2
PV2BV,1,ens,0.2,TargetPAC-200,0.14688661515974108,0.36256605498136824,0.01,200,,0.005
PV2BV,1,ens,0.2,Target-200,0.17460638964293174,0.41100829642128944,0.155,200,,0.035
PV2BV,1,ens,0.2,TargetPAC-400,0.15366151597410735,0.37570308654995427,0.0,400,,0.0
PV2BV,1,ens,0.2,Target-400,0.17937147629985384,0.419876327075863,0.115,400,,0.01
PV2BV,1,ens,0.2,TargetPAC-all,0.16496136980580497,0.3965970610982212,0.0,1628,,0.0
PV2BV,1,ens,0.2,Target-all,0.17936938818124873,0.42116290515362453,0.0,1628,,0.0
PV2BV,2,lr,0.02,ID-all,0.06282396848434585,0.18290230491217707,1.0,893,0.30874154474906657,
PV2BV,2,lr,0.02,ID,0.06430126477296289,0.1869997468674851,1.0,300,,0.935
PV2BV,2,lr,0.02,ID-PAC,0.03487144930541157,0.11207660071158364,0.81,300,,0.29
PV2BV,2,lr,0.02,Weighted,0.02966687400649665,0.0840336666244779,0.7666666666666667,300,,0.23333333333333334
PV2BV,2,lr,0.02,TargetPAC-25,0.0,0.0,0.0,25,,0.0
PV2BV,2,lr,0.02,Target-25,0.0,0.0,0.0,25,,0.0
PV2BV,2,lr,0.02,TargetPAC-50,0.0,0.0,0.0,50,,0.0
PV2BV,2,lr,0.02,Target-50,0.02039498237611445,0.07130292930571376,0.435,50,,0.145
PV2BV,2,lr,0.02,TargetPAC-100,0.0,0.0,0.0,100,,0.0
PV2BV,2,lr,0.02,Target-100,0.020896744764669295,0.07420164817393017,0.51,100,,0.08
PV2BV,2,lr,0.02,TargetPAC-200,0.011244038979888037,0.045495577212448485,0.135,200,,0.0
PV2BV,2,lr,0.02,Target-200,0.02189301264772963,0.07850391652252177,0.55,200,,0.025
PV2BV,2,lr,0.02,TargetPAC-400,0.01461434791623471,0.05682248379248759,0.205,400,,0.0
PV2BV,2,lr,0.02,Target-400,0.023654364503421108,0.08362141219817464,0.71,400,,0.01
PV2BV,2,lr,0.02,TargetPAC-all,0.019075264358283224,0.06979425951707942,0.0,1606,,0.0
PV2BV,2,lr,0.02,Target-all,0.025088119427742077,0.08513690250179305,1.0,1606,,0.0
PV2BV,2,lr,0.05,ID-all,0.13435620982790794,0.3319411045015399,1.0,893,0.30874154474906657,
PV2BV,2,lr,0.05,ID,0.14445884304374867,0.346803780112222,1.0,300,,1.0
PV2BV,2,lr,0.05,ID-PAC,0.09744349989633008,0.25991203645108213,1.0,300,,0.92
PV2BV,2,lr,0.05,Weighted,0.0776936899578409,0.20314892160861026,0.9833333333333333,300,,0.6333333333333333
PV2BV,2,lr,0.05,TargetPAC-25,0.0,0.0,0.0,25,,0.0
PV2BV,2,lr,0.05,Target-25,0.03680178312253784,0.11382462135594651,0.275,25,,0.135
PV2BV,2,lr,0.05,TargetPAC-50,0.020494505494505492,0.07131066391033483,0.065,50,,0.005
PV2BV,2,lr,0.05,Target-50,0.03794629898403483,0.11894310143582387,0.27,50,,0.085
PV2BV,2,lr,0.05,TargetPAC-100,0.024223512336719884,0.0837929094770001,0.06,100,,0.0
PV2BV,2,lr,0.05,Target-100,0.04998755961020111,0.15114064323784612,0.43,100,,0.17
PV2BV,2,lr,0.05,TargetPAC-200,0.03195625129587394,0.10624400568141866,0.035,200,,0.0
PV2BV,2,lr,0.05,Target-200,0.048259382127306655,0.14758202196627715,0.41,200,,0.07
PV2BV,2,lr,0.05,TargetPAC-400,0.039218328840970346,0.1250374776751185,0.095,400,,0.0
PV2BV,2,lr,0.05,Target-400,0.05030167945262285,0.15227868483595608,0.475,400,,0.02
PV2BV,2,lr,0.05,TargetPAC-all,0.04333402446609993,0.13508838543644264,0.0,1606,,0.0
PV2BV,2,lr,0.05,Target-all,0.04934687953555878,0.15027633632873474,0.0,1606,,0.0
PV2BV,2,lr,0.1,ID-all,0.27120049761559195,0.5269797072100578,1.0,893,0.30874154474906657,
PV2BV,2,lr,0.1,ID,0.2746039809247356,0.5298372217300201,1.0,300,,1.0
PV2BV,2,lr,0.1,ID-PAC,0.2129722164627825,0.4494218734618684,1.0,300,,1.0
PV2BV,2,lr,0.1,Weighted,0.1521079549381436,0.3500464076277265,0.9833333333333333,300,,0.8
PV2BV,2,lr,0.1,TargetPAC-25,0.03811424424631972,0.11565258968625632,0.075,25,,0.035
PV2BV,2,lr,0.1,Target-25,0.07640369064897366,0.20847262653110016,0.28,25,,0.145
PV2BV,2,lr,0.1,TargetPAC-50,0.040623056189093926,0.12584342347663446,0.045,50,,0.015
PV2BV,2,lr,0.1,Target-50,0.09032345013477089,0.24194609683724985,0.37,50,,0.21
PV2BV,2,lr,0.1,TargetPAC-100,0.05907422765913331,0.17321436105134372,0.07,100,,0.015
PV2BV,2,lr,0.1,Target-100,0.0986875388762181,0.2603427836138885,0.525,100,,0.255
PV2BV,2,lr,0.1,TargetPAC-200,0.07227244453659548,0.20562397164915833,0.09,200,,0.015
PV2BV,2,lr,0.1,Target-200,0.0959589467136637,0.25659895371893854,0.465,200,,0.135
PV2BV,2,lr,0.1,TargetPAC-400,0.07726726104084594,0.21892151485747235,0.05,400,,0.0
PV2BV,2,lr,0.1,Target-400,0.09897988803649181,0.2631641564358942,0.56,400,,0.07
PV2BV,2,lr,0.1,TargetPAC-all,0.08749740825212524,0.24137591584750165,0.0,1606,,0.0
PV2BV,2,lr,0.1,Target-all,0.10118183703089365,0.26629540564485504,1.0,1606,,0.0
PV2BV,2,lr,0.2,ID-all,0.4685880157578271,0.7375859595831751,1.0,893,0.30874154474906657,
PV2BV,2,lr,0.2,ID,0.46614451586149697,0.7341267631382807,1.0,300,,1.0
PV2BV,2,lr,0.2,ID-PAC,0.4233319510678001,0.6950762210128113,1.0,300,,1.0
PV2BV,2,lr,0.2,Weighted,0.32618010919897716,0.5817618023035059,1.0,300,,1.0
PV2BV,2,lr,0.2,TargetPAC-25,0.11141405764047274,0.2775827954267392,0.07,25,,0.03
PV2BV,2,lr,0.2,Target-25,0.18302301472112795,0.3990987076178824,0.355,25,,0.26
PV2BV,2,lr,0.2,TargetPAC-50,0.11151461745801367,0.2841298569801291,0.01,50,,0.0
PV2BV,2,lr,0.2,Target-50,0.18011300020733984,0.40007847107961014,0.31,50,,0.19
PV2BV,2,lr,0.2,TargetPAC-100,0.13771407837445573,0.33394907817575836,0.055,100,,0.025
PV2BV,2,lr,0.2,Target-100,0.18518349574953347,0.4094250376183043,0.35,100,,0.195
PV2BV,2,lr,0.2,TargetPAC-200,0.1486243002280738,0.3553365959301917,0.02,200,,0.01
PV2BV,2,lr,0.2,Target-200,0.18316400580551523,0.4076573288894514,0.29,200,,0.095
PV2BV,2,lr,0.2,TargetPAC-400,0.15726622434169604,0.3704608418062411,0.0,400,,0.0
PV2BV,2,lr,0.2,Target-400,0.18370516276176652,0.4093107060990873,0.205,400,,0.04
PV2BV,2,lr,0.2,TargetPAC-all,0.16794526228488493,0.3882771519779493,0.0,1606,,0.0
PV2BV,2,lr,0.2,Target-all,0.1832884097035041,0.409582471979637,0.0,1606,,0.0
PV2BV,2,svm,0.02,ID-all,0.05017623885548414,0.12106765669605817,1.0,893,0.2828138499291492,
PV2BV,2,svm,0.02,ID,0.05457080655193863,0.1300246101056125,0.995,300,,0.885
PV2BV,2,svm,0.02,ID-PAC,0.028150528716566453,0.06996013162890774,0.575,300,,0.275
PV2BV,2,svm,0.02,Weighted,0.03251434100490704,0.07070342713299302,0.8666666666666667,300,,0.23333333333333334
PV2BV,2,svm,0.02,TargetPAC-25,0.0,0.0,0.0,25,,0.0
PV2BV,2,svm,0.02,Target-25,0.0,0.0,0.0,25,,0.0
PV2BV,2,svm,0.02,TargetPAC-50,0.0,0.0,0.0,50,,0.0
PV2BV,2,svm,0.02,Target-50,0.023811942774206923,0.05836595930191677,0.495,50,,0.16
PV2BV,2,svm,0.02,TargetPAC-100,0.0,0.0,0.0,100,,0.0
PV2BV,2,svm,0.02,Target-100,0.021568525813808838,0.05348851762786708,0.53,100,,0.065
PV2BV,2,svm,0.02,TargetPAC-200,0.012194692100352478,0.031598461516826284,0.21,200,,0.0
PV2BV,2,svm,0.02,Target-200,0.024174787476674273,0.05958563613607279,0.685,200,,0.06
PV2BV,2,svm,0.02,TargetPAC-400,0.015151358075886377,0.03944908520721709,0.255,400,,0.0
PV2BV,2,svm,0.02,Target-400,0.02507153224134356,0.06183591387869328,0.76,400,,0.015
PV2BV,2,svm,0.02,TargetPAC-all,0.02094132282811528,0.051301523013964484,1.0,1606,,0.0
PV2BV,2,svm,0.02,Target-all,0.025502799087704746,0.06253779409076209,1.0,1606,,0.0
PV2BV,2,svm,0.05,ID-all,0.11569562512958739,0.2630609346214966,1.0,893,0.2828138499291492,
PV2BV,2,svm,0.05,ID,0.11829151980095375,0.2662524434319144,1.0,300,,0.995
PV2BV,2,svm,0.05,ID-PAC,0.0862709931577856,0.1995021024061652,0.985,300,,0.835
PV2BV,2,svm,0.05,Weighted,0.07947335683184739,0.17965798984657358,1.0,300,,0.75
PV2BV,2,svm,0.05,TargetPAC-25,0.0,0.0,0.0,25,,0.0
PV2BV,2,svm,0.05,Target-25,0.04061165249844495,0.09619668396405519,0.325,25,,0.195
PV2BV,2,svm,0.05,TargetPAC-50,0.022681940700808624,0.05618494142794864,0.125,50,,0.03
PV2BV,2,svm,0.05,Target-50,0.03970972423802612,0.09543756767779044,0.25,50,,0.115
PV2BV,2,svm,0.05,TargetPAC-100,0.023459465063238646,0.057984994867035115,0.035,100,,0.0
PV2BV,2,svm,0.05,Target-100,0.05089259796806967,0.1213308441969371,0.465,100,,0.155
PV2BV,2,svm,0.05,TargetPAC-200,0.034170640680074645,0.08241340758553768,0.075,200,,0.0
PV2BV,2,svm,0.05,Target-200,0.05065623056189095,0.12160577423392256,0.52,200,,0.09
PV2BV,2,svm,0.05,TargetPAC-400,0.040898818162969114,0.09780456763560168,0.145,400,,0.005
PV2BV,2,svm,0.05,Target-400,0.05110719469210036,0.12314474960975402,0.585,400,,0.03
PV2BV,2,svm,0.05,TargetPAC-all,0.042504665146174576,0.10369995359237227,0.0,1606,,0.0
PV2BV,2,svm,0.05,Target-all,0.05224963715529752,0.12719908872294644,1.0,1606,,0.0
PV2BV,2,svm,0.1,ID-all,0.2488077959776073,0.4790814102293662,1.0,893,0.2828138499291492,
PV2BV,2,svm,0.1,ID,0.2528799502384408,0.48128106146901234,1.0,300,,1.0
PV2BV,2,svm,0.1,ID-PAC,0.1907122123159859,0.3905267265746952,1.0,300,,0.995
PV2BV,2,svm,0.1,Weighted,0.139010989010989,0.30031407182400727,0.9333333333333333,300,,0.8166666666666667
PV2BV,2,svm,0.1,TargetPAC-25,0.03858905245697698,0.09163045465412253,0.05,25,,0.035
PV2BV,2,svm,0.1,Target-25,0.07955007256894049,0.18153686593820756,0.3,25,,0.205
PV2BV,2,svm,0.1,TargetPAC-50,0.04167634252539913,0.09980944746797171,0.02,50,,0.0
PV2BV,2,svm,0.1,Target-50,0.0925067385444744,0.21070286461629328,0.345,50,,0.24
PV2BV,2,svm,0.1,TargetPAC-100,0.05993883475015551,0.14224233219423701,0.025,100,,0.0
PV2BV,2,svm,0.1,Target-100,0.09555463404520008,0.21896630524968708,0.4,100,,0.19
PV2BV,2,svm,0.1,TargetPAC-200,0.07464233879328219,0.1746632634406334,0.045,200,,0.005
PV2BV,2,svm,0.1,Target-200,0.09579825834542817,0.21959126130306994,0.365,200,,0.11
PV2BV,2,svm,0.1,TargetPAC-400,0.07819199668256271,0.18202506011897227,0.005,400,,0.0
PV2BV,2,svm,0.1,Target-400,0.09623678208583869,0.2205687043834114,0.34,400,,0.035
PV2BV,2,svm,0.1,TargetPAC-all,0.08811942774206924,0.20074814721062037,0.0,1606,,0.0
PV2BV,2,svm,0.1,Target-all,0.09516898196143476,0.2178345919644489,0.0,1606,,0.0
PV2BV,2,svm,0.2,ID-all,0.444743935309973,0.6978160289133584,1.0,893,0.2828138499291492,
PV2BV,2,svm,0.2,ID,0.44229317851959365,0.6965314517149728,1.0,300,,1.0
PV2BV,2,svm,0.2,ID-PAC,0.3847190545303753,0.6411880352697971,1.0,300,,1.0
PV2BV,2,svm,0.2,Weighted,0.2947473909738061,0.5240642300318291,0.9666666666666667,300,,0.8833333333333333
PV2BV,2,svm,0.2,TargetPAC-25,0.1109910843873108,0.24479854870691475,0.075,25,,0.045
PV2BV,2,svm,0.2,Target-25,0.18108438731080242,0.3663400554078949,0.37,25,,0.3
PV2BV,2,svm,0.2,TargetPAC-50,0.1146267883060336,0.25502988369967233,0.05,50,,0.025
PV2BV,2,svm,0.2,Target-50,0.18460398092473565,0.3787220323728361,0.375,50,,0.24
PV2BV,2,svm,0.2,TargetPAC-100,0.14359423595272652,0.313415812344429,0.05,100,,0.015
PV2BV,2,svm,0.2,Target-100,0.1865623056189094,0.3839323433039419,0.42,100,,0.22
PV2BV,2,svm,0.2,TargetPAC-200,0.1568722786647315,0.3378727727854421,0.07,200,,0.01
PV2BV,2,svm,0.2,Target-200,0.1902767986730251,0.39020806086430687,0.385,200,,0.14
PV2BV,2,svm,0.2,TargetPAC-400,0.16405971387103463,0.3507874530650129,0.02,400,,0.0
PV2BV,2,svm,0.2,Target-400,0.19290172092058885,0.3941721160471951,0.355,400,,0.045
PV2BV,2,svm,0.2,TargetPAC-all,0.17955629276383994,0.3725688731384213,0.0,1606,,0.0
PV2BV,2,svm,0.2,Target-all,0.19489944018245903,0.39643364412381,0.0,1606,,0.0
PV2BV,2,lgbm,0.02,ID-all,0.10553597346050177,0.2801614422928181,1.0,893,0.3378297208295729,
PV2BV,2,lgbm,0.02,ID,0.11096931370516278,0.28804328566004306,1.0,300,,1.0
PV2BV,2,lgbm,0.02,ID-PAC,0.05225274725274726,0.16179892840568705,1.0,300,,0.675
PV2BV,2,lgbm,0.02,Weighted,0.03285990738820928,0.09658060161161033,0.6,300,,0.3
PV2BV,2,lgbm,0.02,TargetPAC-25,0.0,0.0,0.0,25,,0.0
PV2BV,2,lgbm,0.02,Target-25,0.0,0.0,0.0,25,,0.0
PV2BV,2,lgbm,0.02,TargetPAC-50,0.0,0.0,0.0,50,,0.0
PV2BV,2,lgbm,0.02,Target-50,0.018256272029856937,0.06629484312815535,0.39,50,,0.13
PV2BV,2,lgbm,0.02,TargetPAC-100,0.0,0.0,0.0,100,,0.0
PV2BV,2,lgbm,0.02,Target-100,0.020190752643582832,0.07684505477506363,0.51,100,,0.065
PV2BV,2,lgbm,0.02,TargetPAC-200,0.010533900062201949,0.042945829641817486,0.125,200,,0.0
PV2BV,2,lgbm,0.02,Target-200,0.02095376321791416,0.08155331955167419,0.53,200,,0.02
PV2BV,2,lgbm,0.02,TargetPAC-400,0.01483101803856521,0.061275295672840284,0.22,400,,0.0
PV2BV,2,lgbm,0.02,Target-400,0.022327389591540535,0.08693808097427892,0.69,400,,0.0
PV2BV,2,lgbm,0.02,TargetPAC-all,0.019282604188264562,0.07748667538567552,0.0,1606,,0.0
PV2BV,2,lgbm,0.02,Target-all,0.02301472112792868,0.08799167475284421,1.0,1606,,0.0
PV2BV,2,lgbm,0.05,ID-all,0.20443707236160066,0.4447538286292874,1.0,893,0.3378297208295729,
PV2BV,2,lgbm,0.05,ID,0.21207961849471282,0.45633829754320826,1.0,300,,1.0
PV2BV,2,lgbm,0.05,ID-PAC,0.17148040638606676,0.3956197527739105,1.0,300,,1.0
PV2BV,2,lgbm,0.05,Weighted,0.1293835095721888,0.29595034852597185,0.9833333333333333,300,,0.95
PV2BV,2,lgbm,0.05,TargetPAC-25,0.0,0.0,0.0,25,,0.0
PV2BV,2,lgbm,0.05,Target-25,0.0319500311009745,0.10582992307584131,0.165,25,,0.08
PV2BV,2,lgbm,0.05,TargetPAC-50,0.017606261662865434,0.06587126805327033,0.025,50,,0.0
PV2BV,2,lgbm,0.05,Target-50,0.03745697698527887,0.12505414223234754,0.17,50,,0.08
PV2BV,2,lgbm,0.05,TargetPAC-100,0.020123367198838896,0.07605563290160175,0.01,100,,0.0
PV2BV,2,lgbm,0.05,Target-100,0.04490047688160896,0.147748737853155,0.23,100,,0.06
PV2BV,2,lgbm,0.05,TargetPAC-200,0.030661414057640474,0.11136487645726982,0.005,200,,0.0
PV2BV,2,lgbm,0.05,Target-200,0.04435828322620775,0.14750769944732733,0.115,200,,0.01
PV2BV,2,lgbm,0.05,TargetPAC-400,0.036706406800746424,0.1289107567255903,0.0,400,,0.0
PV2BV,2,lgbm,0.05,Target-400,0.04503213767364711,0.14866444472570278,0.085,400,,0.0
PV2BV,2,lgbm,0.05,TargetPAC-all,0.04084594650632388,0.13961664486914452,0.0,1606,,0.0
PV2BV,2,lgbm,0.05,Target-all,0.04561476259589468,0.14860284914708408,0.0,1606,,0.0
PV2BV,2,lgbm,0.1,ID-all,0.3240721542608335,0.605830485592541,1.0,893,0.3378297208295729,
PV2BV,2,lgbm,0.1,ID,0.33058262492224755,0.6153786440534953,1.0,300,,1.0
PV2BV,2,lgbm,0.1,ID-PAC,0.279988596309351,0.5522492230238085,1.0,300,,1.0
PV2BV,2,lgbm,0.1,Weighted,0.2110373902826733,0.43491330211365653,1.0,300,,1.0
PV2BV,2,lgbm,0.1,TargetPAC-25,0.03724652705784781,0.11658039066784795,0.06,25,,0.045
PV2BV,2,lgbm,0.1,Target-25,0.06952830188679245,0.1987647836420144,0.225,25,,0.125
PV2BV,2,lgbm,0.1,TargetPAC-50,0.03573398299813394,0.12127867077303858,0.01,50,,0.005
PV2BV,2,lgbm,0.1,Target-50,0.08602633215840763,0.23799512016762997,0.335,50,,0.16
PV2BV,2,lgbm,0.1,TargetPAC-100,0.05407941115488286,0.1694801642548763,0.045,100,,0.01
PV2BV,2,lgbm,0.1,Target-100,0.0835299606054323,0.23535621370009424,0.285,100,,0.075
PV2BV,2,lgbm,0.1,TargetPAC-200,0.061609993779805104,0.18845821204066993,0.025,200,,0.0
PV2BV,2,lgbm,0.1,Target-200,0.08672299398714493,0.2427850201802866,0.295,200,,0.055
PV2BV,2,lgbm,0.1,TargetPAC-400,0.06474497200912295,0.1965701950526656,0.005,400,,0.0
PV2BV,2,lgbm,0.1,Target-400,0.08444536595479991,0.2389357887187276,0.09,400,,0.01
PV2BV,2,lgbm,0.1,TargetPAC-all,0.07588637777317021,0.22426134525868732,0.0,1606,,0.0
PV2BV,2,lgbm,0.1,Target-all,0.08874144723201327,0.24794329831666878,0.0,1606,,0.0
PV2BV,2,lgbm,0.2,ID-all,0.4982376114451586,0.7741636079821119,1.0,893,0.3378297208295729,
PV2BV,2,lgbm,0.2,ID,0.501789342732739,0.7756919658552363,1.0,300,,1.0
PV2BV,2,lgbm,0.2,ID-PAC,0.4481049139539705,0.7325101604578886,1.0,300,,1.0
PV2BV,2,lgbm,0.2,Weighted,0.3667841592369894,0.6526768763447665,1.0,300,,1.0
PV2BV,2,lgbm,0.2,TargetPAC-25,0.09947543023014721,0.25942552982041656,0.06,25,,0.03
PV2BV,2,lgbm,0.2,Target-25,0.18113518556914784,0.4010410777819967,0.35,25,,0.295
PV2BV,2,lgbm,0.2,TargetPAC-50,0.10400269541778977,0.272863069372372,0.035,50,,0.02
PV2BV,2,lgbm,0.2,Target-50,0.1849066970765084,0.41236524209312464,0.37,50,,0.27
PV2BV,2,lgbm,0.2,TargetPAC-100,0.1356624507567904,0.33406404252626254,0.045,100,,0.02
PV2BV,2,lgbm,0.2,Target-100,0.1862502591747875,0.41709312463963777,0.39,100,,0.255
PV2BV,2,lgbm,0.2,TargetPAC-200,0.15474808210657268,0.36825064337847535,0.04,200,,0.0
PV2BV,2,lgbm,0.2,Target-200,0.18205162761766538,0.4114465820079033,0.245,200,,0.09
PV2BV,2,lgbm,0.2,TargetPAC-400,0.163699979266017,0.3835622776301172,0.025,400,,0.005
PV2BV,2,lgbm,0.2,Target-400,0.19224963715529753,0.4268378123725548,0.3,400,,0.065
PV2BV,2,lgbm,0.2,TargetPAC-all,0.17831225378395194,0.4064745672137141,0.0,1606,,0.0
PV2BV,2,lgbm,0.2,Target-all,0.19261870205266438,0.42657047631101547,0.0,1606,,0.0
PV2BV,2,ens,0.02,ID-all,0.1125855276798673,0.3006792389149053,1.0,893,0.34947813284562423,
PV2BV,2,ens,0.02,ID,0.10850818992328427,0.28931162018872436,1.0,300,,0.945
PV2BV,2,ens,0.02,ID-PAC,0.04377151150736056,0.14464920052314054,0.87,300,,0.3
PV2BV,2,ens,0.02,Weighted,0.029511369134010645,0.08929483844051621,0.5333333333333333,300,,0.35
PV2BV,2,ens,0.02,TargetPAC-25,0.0,0.0,0.0,25,,0.0
PV2BV,2,ens,0.02,Target-25,0.0,0.0,0.0,25,,0.0
PV2BV,2,ens,0.02,TargetPAC-50,0.0,0.0,0.0,50,,0.0
PV2BV,2,ens,0.02,Target-50,0.01916649388347502,0.07540740271976824,0.425,50,,0.11
PV2BV,2,ens,0.02,TargetPAC-100,0.0,0.0,0.0,100,,0.0
PV2BV,2,ens,0.02,Target-100,0.018701015965166906,0.07811563937054382,0.43,100,,0.04
PV2BV,2,ens,0.02,TargetPAC-200,0.01074020319303338,0.050300172973885164,0.13,200,,0.0
PV2BV,2,ens,0.02,Target-200,0.020033174372797013,0.08349667412001294,0.54,200,,0.035
PV2BV,2,ens,0.02,TargetPAC-400,0.012803234501347708,0.05931028421156252,0.135,400,,0.0
PV2BV,2,ens,0.02,Target-400,0.020202156334231804,0.08494093574652997,0.565,400,,0.005
PV2BV,2,ens,0.02,TargetPAC-all,0.015343147418619116,0.06903486197246479,0.0,1606,,0.0
PV2BV,2,ens,0.02,Target-all,0.021563342318059293,0.08809011517529428,1.0,1606,,0.0
PV2BV,2,ens,0.05,ID-all,0.18930126477296289,0.439972436681714,1.0,893,0.34947813284562423,
PV2BV,2,ens,0.05,ID,0.1915529753265602,0.44203349786946794,1.0,300,,1.0
PV2BV,2,ens,0.05,ID-PAC,0.1487621812150114,0.3684987835576369,1.0,300,,1.0
PV2BV,2,ens,0.05,Weighted,0.10578823692031239,0.2640413543527073,0.9833333333333333,300,,0.9166666666666666
PV2BV,2,ens,0.05,TargetPAC-25,0.0,0.0,0.0,25,,0.0
PV2BV,2,ens,0.05,Target-25,0.03549761559195521,0.11962550450716507,0.25,25,,0.14
PV2BV,2,ens,0.05,TargetPAC-50,0.02048621190130624,0.07942215472021825,0.095,50,,0.02
PV2BV,2,ens,0.05,Target-50,0.035844909807173954,0.12714079792993854,0.195,50,,0.095
PV2BV,2,ens,0.05,TargetPAC-100,0.018767364710760938,0.07747219058065787,0.02,100,,0.01
PV2BV,2,ens,0.05,Target-100,0.0457733775658304,0.15526501568015302,0.325,100,,0.08
PV2BV,2,ens,0.05,TargetPAC-200,0.028697905867717186,0.11131003107904767,0.035,200,,0.005
PV2BV,2,ens,0.05,Target-200,0.046781049139539704,0.1592845490725506,0.33,200,,0.045
PV2BV,2,ens,0.05,TargetPAC-400,0.03622537839518971,0.13440668551097612,0.02,400,,0.0
PV2BV,2,ens,0.05,Target-400,0.04805929919137466,0.16265908675413804,0.365,400,,0.0
PV2BV,2,ens,0.05,TargetPAC-all,0.0393945676964545,0.14276673838754594,0.0,1606,,0.0
PV2BV,2,ens,0.05,Target-all,0.048102840555670746,0.1614985444880395,0.0,1606,,0.0
PV2BV,2,ens,0.1,ID-all,0.33153638814016173,0.6327750355088667,1.0,893,0.34947813284562423,
PV2BV,2,ens,0.1,ID,0.3304789550072569,0.6269065800390949,1.0,300,,1.0
PV2BV,2,ens,0.1,ID-PAC,0.2717665353514411,0.5521141487012896,1.0,300,,1.0
PV2BV,2,ens,0.1,Weighted,0.19289861082313914,0.4270971325711232,1.0,300,,1.0
PV2BV,2,ens,0.1,TargetPAC-25,0.03626373626373626,0.12281708363217031,0.06,25,,0.03
PV2BV,2,ens,0.1,Target-25,0.07380468588015758,0.21223839457733903,0.255,25,,0.145
PV2BV,2,ens,0.1,TargetPAC-50,0.039856935517312876,0.13673550464779421,0.045,50,,0.015
PV2BV,2,ens,0.1,Target-50,0.08891353929089778,0.24848992391961638,0.315,50,,0.22
PV2BV,2,ens,0.1,TargetPAC-100,0.05689715944432925,0.1813330239491485,0.06,100,,0.01
PV2BV,2,ens,0.1,Target-100,0.09354965788928053,0.2595473850004922,0.375,100,,0.19
PV2BV,2,ens,0.1,TargetPAC-200,0.06869375907111756,0.2081316007818982,0.035,200,,0.0
PV2BV,2,ens,0.1,Target-200,0.09172403068629485,0.2568573598278699,0.34,200,,0.06
PV2BV,2,ens,0.1,TargetPAC-400,0.07355691478332987,0.2188698336356861,0.005,400,,0.0
PV2BV,2,ens,0.1,Target-400,0.09245697698527888,0.2590205881112096,0.27,400,,0.02
PV2BV,2,ens,0.1,TargetPAC-all,0.0825212523325731,0.2382398852465933,0.0,1606,,0.0
PV2BV,2,ens,0.1,Target-all,0.09226622434169605,0.2582232910039517,0.0,1606,,0.0
PV2BV,2,ens,0.2,ID-all,0.49388347501555047,0.7804356691839289,1.0,893,0.34947813284562423,
PV2BV,2,ens,0.2,ID,0.48973253161932406,0.7735858330169176,1.0,300,,1.0
PV2BV,2,ens,0.2,ID-PAC,0.449012025710139,0.7415198498080412,1.0,300,,1.0
PV2BV,2,ens,0.2,Weighted,0.3679003386550556,0.6613201798178382,1.0,300,,1.0
PV2BV,2,ens,0.2,TargetPAC-25,0.09991188057225793,0.2675346299343262,0.04,25,,0.03
PV2BV,2,ens,0.2,Target-25,0.1761476259589467,0.40376253357521547,0.325,25,,0.255
PV2BV,2,ens,0.2,TargetPAC-50,0.10897159444329255,0.28871099298260416,0.035,50,,0.01
PV2BV,2,ens,0.2,Target-50,0.18447543023014717,0.4245062509668256,0.355,50,,0.23
PV2BV,2,ens,0.2,TargetPAC-100,0.14131038772548207,0.35259784274845657,0.05,100,,0.02
PV2BV,2,ens,0.2,Target-100,0.18283122537839516,0.4255785484256564,0.27,100,,0.155
PV2BV,2,ens,0.2,TargetPAC-200,0.15280323450134772,0.37542019997468673,0.025,200,,0.005
PV2BV,2,ens,0.2,Target-200,0.1835931992535766,0.42886786482723704,0.265,200,,0.11
PV2BV,2,ens,0.2,TargetPAC-400,0.1568245905038358,0.38493066981676016,0.0,400,,0.0
PV2BV,2,ens,0.2,Target-400,0.18246112378187854,0.42871865727263775,0.2,400,,0.03
PV2BV,2,ens,0.2,TargetPAC-all,0.16815260211486627,0.4072761535108072,0.0,1606,,0.0
PV2BV,2,ens,0.2,Target-all,0.1816296910636533,0.4272033075981944,0.0,1606,,0.0
PV2DV,0,lr,0.02,ID-all,0.03880299251870324,0.14663612213831598,1.0,879,0.21315630151016096,
PV2DV,0,lr,0.02,ID,0.040813965087281794,0.15155556965047906,0.995,300,,0.415
PV2DV,0,lr,0.02,ID-PAC,0.021462344139650872,0.09238482374712714,0.6,300,,0.02
PV2DV,0,lr,0.02,Weighted,0.03118038237738986,0.12113206280034625,0.8333333333333334,300,,0.18333333333333332
PV2DV,0,lr,0.02,TargetPAC-25,0.0,0.0,0.0,25,,0.0
PV2DV,0,lr,0.02,Target-25,0.0,0.0,0.0,25,,0.0
PV2DV,0,lr,0.02,TargetPAC-50,0.0,0.0,0.0,50,,0.0
PV2DV,0,lr,0.02,Target-50,0.018444887780548626,0.07730912157120258,0.33,50,,0.095
PV2DV,0,lr,0.02,TargetPAC-100,0.0,0.0,0.0,100,,0.0
PV2DV,0,lr,0.02,Target-100,0.01729177057356608,0.0761470241470913,0.3,100,,0.05
PV2DV,0,lr,0.02,TargetPAC-200,0.008656857855361596,0.044550749186639996,0.035,200,,0.0
PV2DV,0,lr,0.02,Target-200,0.01679501246882793,0.07634290212816762,0.245,200,,0.02
PV2DV,0,lr,0.02,TargetPAC-400,0.011030922693266833,0.05523628481031549,0.025,400,,0.0
PV2DV,0,lr,0.02,Target-400,0.0169286783042394,0.07767293227472166,0.315,400,,0.005
PV2DV,0,lr,0.02,TargetPAC-all,0.013665835411471318,0.06791929080977821,0.0,3335,,0.0
PV2DV,0,lr,0.02,Target-all,0.015461346633416464,0.07350834253648929,0.0,3335,,0.0
PV2DV,0,lr,0.05,ID-all,0.11042394014962593,0.3152851983404471,1.0,879,0.21315630151016096,
PV2DV,0,lr,0.05,ID,0.10696558603491273,0.3063306644181118,1.0,300,,0.96
PV2DV,0,lr,0.05,ID-PAC,0.06812418952618454,0.2235351684923738,0.895,300,,0.42
PV2DV,0,lr,0.05,Weighted,0.09982377389858689,0.288427653244983,1.0,300,,0.9333333333333333
PV2DV,0,lr,0.05,TargetPAC-25,0.0,0.0,0.0,25,,0.0
PV2DV,0,lr,0.05,Target-25,0.03667730673316708,0.12771654777184133,0.22,25,,0.15
PV2DV,0,lr,0.05,TargetPAC-50,0.016266334164588527,0.07062326508073903,0.05,50,,0.005
PV2DV,0,lr,0.05,Target-50,0.03493416458852868,0.1289329686893711,0.225,50,,0.095
PV2DV,0,lr,0.05,TargetPAC-100,0.018016957605985037,0.07842387248903084,0.04,100,,0.005
PV2DV,0,lr,0.05,Target-100,0.0433142144638404,0.15603334029788377,0.275,100,,0.12
PV2DV,0,lr,0.05,TargetPAC-200,0.026302743142144636,0.10768073008387308,0.035,200,,0.005
PV2DV,0,lr,0.05,Target-200,0.044845885286783044,0.1629404829418261,0.305,200,,0.045
PV2DV,0,lr,0.05,TargetPAC-400,0.03211571072319202,0.12597528579530193,0.01,400,,0.0
PV2DV,0,lr,0.05,Target-400,0.04562942643391521,0.1657919440050145,0.3,400,,0.025
PV2DV,0,lr,0.05,TargetPAC-all,0.039900249376558616,0.14917320836939976,0.0,3335,,0.0
PV2DV,0,lr,0.05,Target-all,0.04418952618453865,0.1626272274124705,0.0,3335,,0.0
PV2DV,0,lr,0.1,ID-all,0.20738154613466334,0.48638927857206815,1.0,879,0.21315630151016096,
PV2DV,0,lr,0.1,ID,0.20119700748129676,0.476881622541265,1.0,300,,1.0
PV2DV,0,lr,0.1,ID-PAC,0.16686882793017457,0.42143815479210817,1.0,300,,0.98
PV2DV,0,lr,0.1,Weighted,0.1977240232751455,0.46680396780387834,1.0,300,,1.0
PV2DV,0,lr,0.1,TargetPAC-25,0.035552119700748126,0.12450567859594663,0.075,25,,0.055
PV2DV,0,lr,0.1,Target-25,0.07883391521197007,0.23458070919022178,0.315,25,,0.19
PV2DV,0,lr,0.1,TargetPAC-50,0.03352568578553616,0.12594058741008268,0.015,50,,0.01
PV2DV,0,lr,0.1,Target-50,0.08853067331670823,0.26292287257857505,0.37,50,,0.25
PV2DV,0,lr,0.1,TargetPAC-100,0.05505386533665835,0.18777109512580964,0.065,100,,0.025
PV2DV,0,lr,0.1,Target-100,0.0960004987531172,0.28272180849476164,0.445,100,,0.225
PV2DV,0,lr,0.1,TargetPAC-200,0.07049625935162095,0.22795279527206516,0.11,200,,0.01
PV2DV,0,lr,0.1,Target-200,0.10011221945137158,0.29266416440318777,0.545,200,,0.2
PV2DV,0,lr,0.1,TargetPAC-400,0.07741596009975063,0.2451060352804226,0.1,400,,0.01
PV2DV,0,lr,0.1,Target-400,0.10132119700748131,0.29539466614930004,0.53,400,,0.155
PV2DV,0,lr,0.1,TargetPAC-all,0.09566084788029926,0.28131809091723126,0.0,3335,,0.0
PV2DV,0,lr,0.1,Target-all,0.10184538653366586,0.29818225233561174,1.0,3335,,0.0
PV2DV,0,lr,0.2,ID-all,0.3430423940149626,0.6448601617765574,1.0,879,0.21315630151016096,
PV2DV,0,lr,0.2,ID,0.343554114713217,0.6449053442975256,1.0,300,,1.0
PV2DV,0,lr,0.2,ID-PAC,0.29901845386533665,0.597145442199206,1.0,300,,0.995
PV2DV,0,lr,0.2,Weighted,0.3569941812136326,0.6571876647862381,1.0,300,,1.0
PV2DV,0,lr,0.2,TargetPAC-25,0.11099401496259352,0.30471121989075606,0.07,25,,0.05
PV2DV,0,lr,0.2,Target-25,0.20134014962593516,0.4624014267379042,0.475,25,,0.355
PV2DV,0,lr,0.2,TargetPAC-50,0.11832618453865336,0.3263734217831239,0.045,50,,0.02
PV2DV,0,lr,0.2,Target-50,0.19273266832917707,0.4558904426469271,0.41,50,,0.29
PV2DV,0,lr,0.2,TargetPAC-100,0.14716608478802992,0.38359486463898756,0.055,100,,0.025
PV2DV,0,lr,0.2,Target-100,0.194788029925187,0.4636245261618362,0.425,100,,0.25
PV2DV,0,lr,0.2,TargetPAC-200,0.1615665835411471,0.4119519147539027,0.035,200,,0.005
PV2DV,0,lr,0.2,Target-200,0.19453266832917707,0.466212018326717,0.395,200,,0.135
PV2DV,0,lr,0.2,TargetPAC-400,0.17274513715710726,0.43215122526340927,0.055,400,,0.005
PV2DV,0,lr,0.2,Target-400,0.19290473815461348,0.464467249201564,0.345,400,,0.075
PV2DV,0,lr,0.2,TargetPAC-all,0.183142144638404,0.4524818672954662,0.0,3335,,0.0
PV2DV,0,lr,0.2,Target-all,0.1941147132169576,0.4678685490851565,0.0,3335,,0.0
PV2DV,0,svm,0.02,ID-all,0.03551122194513716,0.11711637763782348,1.0,879,0.1950749973757302,
PV2DV,0,svm,0.02,ID,0.038676309226932666,0.12341055278631766,0.91,300,,0.375
PV2DV,0,svm,0.02,ID-PAC,0.01772718204488778,0.060420111631794164,0.27,300,,0.04
PV2DV,0,svm,0.02,Weighted,0.02515876974231089,0.08359164353440986,0.7,300,,0.11666666666666667
PV2DV,0,svm,0.02,TargetPAC-25,0.0,0.0,0.0,25,,0.0
PV2DV,0,svm,0.02,Target-25,0.0,0.0,0.0,25,,0.0
PV2DV,0,svm,0.02,TargetPAC-50,0.0,0.0,0.0,50,,0.0
PV2DV,0,svm,0.02,Target-50,0.01865486284289277,0.06119388562218308,0.35,50,,0.115
PV2DV,0,svm,0.02,TargetPAC-100,0.0,0.0,0.0,100,,0.0
PV2DV,0,svm,0.02,Target-100,0.01883790523690773,0.06330634570038504,0.375,100,,0.08
PV2DV,0,svm,0.02,TargetPAC-200,0.008377057356608479,0.03067661851177507,0.075,200,,0.0
PV2DV,0,svm,0.02,Target-200,0.01820349127182045,0.061830134614810614,0.39,200,,0.01
PV2DV,0,svm,0.02,TargetPAC-400,0.01207630922693267,0.042755723368056595,0.065,400,,0.0
PV2DV,0,svm,0.02,Target-400,0.019301745635910222,0.06491478375070889,0.39,400,,0.0
PV2DV,0,svm,0.02,TargetPAC-all,0.017157107231920203,0.05818135689341252,0.0,3335,,0.0
PV2DV,0,svm,0.02,Target-all,0.019850374064837906,0.06433752201295406,0.0,3335,,0.0
PV2DV,0,svm,0.05,ID-all,0.09546134663341646,0.26327493060322954,1.0,879,0.1950749973757302,
PV2DV,0,svm,0.05,ID,0.09870822942643391,0.26652463958451483,1.0,300,,0.965
PV2DV,0,svm,0.05,ID-PAC,0.06875960099750623,0.20128443721457778,0.84,300,,0.47
PV2DV,0,svm,0.05,Weighted,0.09454696591853698,0.2556533494512929,0.9833333333333333,300,,0.85
PV2DV,0,svm,0.05,TargetPAC-25,0.0,0.0,0.0,25,,0.0
PV2DV,0,svm,0.05,Target-25,0.037948129675810474,0.11234083514909113,0.255,25,,0.145
PV2DV,0,svm,0.05,TargetPAC-50,0.018214463840399,0.059994254245888425,0.065,50,,0.02
PV2DV,0,svm,0.05,Target-50,0.039970074812967576,0.12264155448765783,0.295,50,,0.115
PV2DV,0,svm,0.05,TargetPAC-100,0.020671321695760598,0.06899579888368206,0.05,100,,0.01
PV2DV,0,svm,0.05,Target-100,0.045698753117206975,0.1424620929469003,0.345,100,,0.1
PV2DV,0,svm,0.05,TargetPAC-200,0.028834413965087284,0.09464383786526578,0.035,200,,0.0
PV2DV,0,svm,0.05,Target-200,0.04712269326683292,0.147889480046563,0.395,200,,0.055
PV2DV,0,svm,0.05,TargetPAC-400,0.03690423940149626,0.12004704802554995,0.055,400,,0.005
PV2DV,0,svm,0.05,Target-400,0.04802244389027432,0.15183688774139628,0.4,400,,0.03
PV2DV,0,svm,0.05,TargetPAC-all,0.04448877805486284,0.142733486553443,0.0,3335,,0.0
PV2DV,0,svm,0.05,Target-all,0.04798004987531172,0.1533220905590544,0.0,3335,,0.0
PV2DV,0,svm,0.1,ID-all,0.20778054862842893,0.46574933588036893,1.0,879,0.1950749973757302,
PV2DV,0,svm,0.1,ID,0.20456558603491273,0.45800491747007727,1.0,300,,1.0
PV2DV,0,svm,0.1,ID-PAC,0.16390872817955113,0.3911667984956571,0.985,300,,0.95
PV2DV,0,svm,0.1,Weighted,0.20382377389858689,0.45460406530758435,1.0,300,,1.0
PV2DV,0,svm,0.1,TargetPAC-25,0.04108877805486286,0.12062475748440438,0.08,25,,0.065
PV2DV,0,svm,0.1,Target-25,0.07451920199501247,0.20448862788407005,0.265,25,,0.21
PV2DV,0,svm,0.1,TargetPAC-50,0.040405985037406486,0.12446590603826521,0.05,50,,0.01
PV2DV,0,svm,0.1,Target-50,0.09727032418952618,0.25938393576694624,0.42,50,,0.3
PV2DV,0,svm,0.1,TargetPAC-100,0.056869326683291775,0.17134320060890068,0.035,100,,0.01
PV2DV,0,svm,0.1,Target-100,0.09751720698254364,0.2624232158314181,0.395,100,,0.255
PV2DV,0,svm,0.1,TargetPAC-200,0.07290224438902744,0.21114008447004745,0.075,200,,0.015
PV2DV,0,svm,0.1,Target-200,0.0945650872817955,0.2583618631167358,0.305,200,,0.155
PV2DV,0,svm,0.1,TargetPAC-400,0.07600349127182045,0.2186314658388801,0.04,400,,0.0
PV2DV,0,svm,0.1,Target-400,0.09609925187032418,0.2623501253619079,0.4,400,,0.055
PV2DV,0,svm,0.1,TargetPAC-all,0.08887780548628431,0.25015670238486104,0.0,3335,,0.0
PV2DV,0,svm,0.1,Target-all,0.09466334164588527,0.26236456436737,0.0,3335,,0.0
PV2DV,0,svm,0.2,ID-all,0.3317705735660848,0.6149598543414022,1.0,879,0.1950749973757302,
PV2DV,0,svm,0.2,ID,0.33502892768079795,0.6187151896845058,1.0,300,,1.0
PV2DV,0,svm,0.2,ID-PAC,0.29880847880299255,0.5801003268364028,1.0,300,,1.0
PV2DV,0,svm,0.2,Weighted,0.3446899418121363,0.6280525873304879,1.0,300,,1.0
PV2DV,0,svm,0.2,TargetPAC-25,0.10943940149625934,0.2804610781124079,0.07,25,,0.04
PV2DV,0,svm,0.2,Target-25,0.18784189526184536,0.4188873011372116,0.375,25,,0.31
PV2DV,0,svm,0.2,TargetPAC-50,0.11885286783042394,0.3035600543234934,0.04,50,,0.025
PV2DV,0,svm,0.2,Target-50,0.19437905236907732,0.43614239769572877,0.385,50,,0.315
PV2DV,0,svm,0.2,TargetPAC-100,0.14975660847880298,0.36396748052413214,0.095,100,,0.02
PV2DV,0,svm,0.2,Target-100,0.19662892768079804,0.442933468644599,0.435,100,,0.285
PV2DV,0,svm,0.2,TargetPAC-200,0.16368229426433914,0.39067027579619734,0.06,200,,0.01
PV2DV,0,svm,0.2,Target-200,0.19917356608478806,0.4491852222189058,0.355,200,,0.215
PV2DV,0,svm,0.2,TargetPAC-400,0.17539451371571071,0.41182006089006956,0.06,400,,0.005
PV2DV,0,svm,0.2,Target-400,0.19860748129675812,0.44956302420678745,0.405,400,,0.16
PV2DV,0,svm,0.2,TargetPAC-all,0.19052369077306736,0.4372444258723099,0.0,3335,,0.0
PV2DV,0,svm,0.2,Target-all,0.1966084788029925,0.4484374533623854,0.0,3335,,0.0
PV2DV,0,lgbm,0.02,ID-all,0.06932668329177058,0.23874727636331075,1.0,879,0.224904973062225,
PV2DV,0,lgbm,0.02,ID,0.07193316708229426,0.23941867146225712,1.0,300,,0.89
PV2DV,0,lgbm,0.02,ID-PAC,0.035844887780548625,0.1400915589648688,0.9,300,,0.205
PV2DV,0,lgbm,0.02,Weighted,0.059792186201163756,0.2007593847317156,1.0,300,,0.7166666666666667
PV2DV,0,lgbm,0.02,TargetPAC-25,0.0,0.0,0.0,25,,0.0
PV2DV,0,lgbm,0.02,Target-25,0.0,0.0,0.0,25,,0.0
PV2DV,0,lgbm,0.02,TargetPAC-50,0.0,0.0,0.0,50,,0.0
PV2DV,0,lgbm,0.02,Target-50,0.01944788029925187,0.07932177715428468,0.37,50,,0.125
PV2DV,0,lgbm,0.02,TargetPAC-100,0.0,0.0,0.0,100,,0.0
PV2DV,0,lgbm,0.02,Target-100,0.022327182044887782,0.09211663880846492,0.45,100,,0.14
PV2DV,0,lgbm,0.02,TargetPAC-200,0.009479301745635911,0.044627831835955,0.095,200,,0.005
PV2DV,0,lgbm,0.02,Target-200,0.022351620947630924,0.095555659194699,0.495,200,,0.075
PV2DV,0,lgbm,0.02,TargetPAC-400,0.013168079800498753,0.06123078530280871,0.155,400,,0.0
PV2DV,0,lgbm,0.02,Target-400,0.02179800498753117,0.09470901859534968,0.54,400,,0.025
PV2DV,0,lgbm,0.02,TargetPAC-all,0.018453865336658354,0.08464913589827776,0.0,3335,,0.0
PV2DV,0,lgbm,0.02,Target-all,0.02114713216957606,0.09405127898994121,1.0,3335,,0.0
PV2DV,0,lgbm,0.05,ID-all,0.1395511221945137,0.381316598513566,1.0,879,0.224904973062225,
PV2DV,0,lgbm,0.05,ID,0.14065486284289277,0.381724397815121,1.0,300,,1.0
PV2DV,0,lgbm,0.05,ID-PAC,0.1055137157107232,0.31476285705757695,1.0,300,,0.98
PV2DV,0,lgbm,0.05,Weighted,0.12360764754779718,0.3480520401158105,1.0,300,,1.0
PV2DV,0,lgbm,0.05,TargetPAC-25,0.0,0.0,0.0,25,,0.0
PV2DV,0,lgbm,0.05,Target-25,0.04003940149625935,0.13981449422439782,0.295,25,,0.16
PV2DV,0,lgbm,0.05,TargetPAC-50,0.01903990024937656,0.07742713339103961,0.08,50,,0.015
PV2DV,0,lgbm,0.05,Target-50,0.040236907730673316,0.14867105184610332,0.31,50,,0.125
PV2DV,0,lgbm,0.05,TargetPAC-100,0.020257855361596012,0.08521975643972182,0.04,100,,0.015
PV2DV,0,lgbm,0.05,Target-100,0.05138653366583541,0.1869615034474525,0.465,100,,0.125
PV2DV,0,lgbm,0.05,TargetPAC-200,0.029548628428927682,0.12104319016207504,0.045,200,,0.0
PV2DV,0,lgbm,0.05,Target-200,0.05215860349127181,0.1903998149419455,0.51,200,,0.105
PV2DV,0,lgbm,0.05,TargetPAC-400,0.03854014962593516,0.15046208548488196,0.095,400,,0.0
PV2DV,0,lgbm,0.05,Target-400,0.051905236907730676,0.1912088096588365,0.54,400,,0.01
PV2DV,0,lgbm,0.05,TargetPAC-all,0.045286783042394016,0.17565591141091844,0.0,3335,,0.0
PV2DV,0,lgbm,0.05,Target-all,0.05077306733167083,0.1901769990747097,1.0,3335,,0.0
PV2DV,0,lgbm,0.1,ID-all,0.2315211970074813,0.5251992358893234,1.0,879,0.224904973062225,
PV2DV,0,lgbm,0.1,ID,0.23165935162094764,0.5234497656926246,1.0,300,,1.0
PV2DV,0,lgbm,0.1,ID-PAC,0.184197506234414,0.4534367071605528,1.0,300,,1.0
PV2DV,0,lgbm,0.1,Weighted,0.22455195344970905,0.5111338288113503,1.0,300,,1.0
PV2DV,0,lgbm,0.1,TargetPAC-25,0.03898154613466334,0.13620216846252572,0.065,25,,0.03
PV2DV,0,lgbm,0.1,Target-25,0.07938703241895262,0.24445004924932093,0.275,25,,0.22
PV2DV,0,lgbm,0.1,TargetPAC-50,0.03814064837905237,0.1433086589260663,0.02,50,,0.0
PV2DV,0,lgbm,0.1,Target-50,0.09483990024937655,0.28472345760081186,0.41,50,,0.25
PV2DV,0,lgbm,0.1,TargetPAC-100,0.0575067331670823,0.2023521401068561,0.04,100,,0.01
PV2DV,0,lgbm,0.1,Target-100,0.09553765586034911,0.29180383100020896,0.365,100,,0.195
PV2DV,0,lgbm,0.1,TargetPAC-200,0.07230324189526184,0.24203884726740887,0.075,200,,0.0
PV2DV,0,lgbm,0.1,Target-200,0.0947995012468828,0.2920653001223771,0.385,200,,0.09
PV2DV,0,lgbm,0.1,TargetPAC-400,0.07764837905236907,0.2552949362743635,0.055,400,,0.0
PV2DV,0,lgbm,0.1,Target-400,0.09734812967581048,0.29810729636151984,0.465,400,,0.055
PV2DV,0,lgbm,0.1,TargetPAC-all,0.08927680798004987,0.28057935110288623,0.0,3335,,0.0
PV2DV,0,lgbm,0.1,Target-all,0.09576059850374065,0.29674954481688204,0.0,3335,,0.0
PV2DV,0,lgbm,0.2,ID-all,0.38952618453865334,0.6974226188699519,1.0,879,0.224904973062225,
PV2DV,0,lgbm,0.2,ID,0.3882294264339152,0.6956290481449423,1.0,300,,1.0
PV2DV,0,lgbm,0.2,ID-PAC,0.3482483790523691,0.6578027713936067,1.0,300,,1.0
PV2DV,0,lgbm,0.2,Weighted,0.39330174563591025,0.6993132455799979,1.0,300,,1.0
PV2DV,0,lgbm,0.2,TargetPAC-25,0.1092778054862843,0.3093660269229621,0.095,25,,0.07
PV2DV,0,lgbm,0.2,Target-25,0.2028284289276808,0.47104027997492764,0.51,25,,0.385
PV2DV,0,lgbm,0.2,TargetPAC-50,0.11642743142144639,0.3291218696833119,0.055,50,,0.045
PV2DV,0,lgbm,0.2,Target-50,0.19916059850374063,0.4713515953795182,0.475,50,,0.295
PV2DV,0,lgbm,0.2,TargetPAC-100,0.1463995012468828,0.389495045219831,0.05,100,,0.015
PV2DV,0,lgbm,0.2,Target-100,0.1931650872817955,0.46542887950332806,0.415,100,,0.25
PV2DV,0,lgbm,0.2,TargetPAC-200,0.16256857855361595,0.41866541802226664,0.055,200,,0.025
PV2DV,0,lgbm,0.2,Target-200,0.1975366583541147,0.4734937542906606,0.44,200,,0.195
PV2DV,0,lgbm,0.2,TargetPAC-400,0.17491970074812968,0.4392088768170015,0.055,400,,0.005
PV2DV,0,lgbm,0.2,Target-400,0.1986059850374065,0.47589499447810646,0.495,400,,0.115
PV2DV,0,lgbm,0.2,TargetPAC-all,0.1891271820448878,0.46080947974808234,0.0,3335,,0.0
PV2DV,0,lgbm,0.2,Target-all,0.19910224438902746,0.4760245351162584,0.0,3335,,0.0
PV2DV,0,ens,0.02,ID-all,0.04738154613466334,0.19040832164283794,1.0,879,0.24178529784753133,
PV2DV,0,ens,0.02,ID,0.048421446384039904,0.19121071247350982,1.0,300,,0.72
PV2DV,0,ens,0.02,ID-PAC,0.031194014962593518,0.1391583589529296,0.82,300,,0.125
PV2DV,0,ens,0.02,Weighted,0.04062510390689942,0.1637782437393666,1.0,300,,0.35
PV2DV,0,ens,0.02,TargetPAC-25,0.0,0.0,0.0,25,,0.0
PV2DV,0,ens,0.02,Target-25,0.0,0.0,0.0,25,,0.0
PV2DV,0,ens,0.02,TargetPAC-50,0.0,0.0,0.0,50,,0.0
PV2DV,0,ens,0.02,Target-50,0.02032269326683292,0.09100080589797928,0.38,50,,0.1
PV2DV,0,ens,0.02,TargetPAC-100,0.0,0.0,0.0,100,,0.0
PV2DV,0,ens,0.02,Target-100,0.016974064837905235,0.08311382562755573,0.31,100,,0.045
PV2DV,0,ens,0.02,TargetPAC-200,0.009618952618453865,0.05261480315195653,0.06,200,,0.0
PV2DV,0,ens,0.02,Target-200,0.017901745635910224,0.08855617407396352,0.335,200,,0.015
PV2DV,0,ens,0.02,TargetPAC-400,0.012259850374064837,0.06528795928722801,0.075,400,,0.0
PV2DV,0,ens,0.02,Target-400,0.017437406483790524,0.08735773662060115,0.265,400,,0.0
PV2DV,0,ens,0.02,TargetPAC-all,0.014563591022443893,0.07599319463928603,0.0,3335,,0.0
PV2DV,0,ens,0.02,Target-all,0.017855361596009974,0.08934274542578277,0.0,3335,,0.0
PV2DV,0,ens,0.05,ID-all,0.11960099750623442,0.35693072262185477,1.0,879,0.24178529784753133,
PV2DV,0,ens,0.05,ID,0.11818603491271819,0.3516104154851804,1.0,300,,1.0
PV2DV,0,ens,0.05,ID-PAC,0.08084239401496258,0.2724800017908844,0.975,300,,0.825
PV2DV,0,ens,0.05,Weighted,0.09866666666666665,0.3067603398700614,0.95,300,,0.8666666666666667
PV2DV,0,ens,0.05,TargetPAC-25,0.0,0.0,0.0,25,,0.0
PV2DV,0,ens,0.05,Target-25,0.036474812967581045,0.138582701549115,0.22,25,,0.155
PV2DV,0,ens,0.05,TargetPAC-50,0.01798004987531172,0.08327813927111004,0.075,50,,0.01
PV2DV,0,ens,0.05,Target-50,0.03945486284289277,0.15646636122138316,0.32,50,,0.135
PV2DV,0,ens,0.05,TargetPAC-100,0.018088778054862843,0.08637771244366176,0.03,100,,0.015
PV2DV,0,ens,0.05,Target-100,0.04836758104738155,0.1867989060681133,0.44,100,,0.165
PV2DV,0,ens,0.05,TargetPAC-200,0.02612967581047381,0.1200147747962869,0.015,200,,0.0
PV2DV,0,ens,0.05,Target-200,0.04742493765586035,0.18812916007521716,0.395,200,,0.075
PV2DV,0,ens,0.05,TargetPAC-400,0.034062842892768085,0.14880980807688865,0.04,400,,0.0
PV2DV,0,ens,0.05,Target-400,0.048014463840399,0.19104628689968062,0.43,400,,0.035
PV2DV,0,ens,0.05,TargetPAC-all,0.04169576059850373,0.17274572426349885,0.0,3335,,0.0
PV2DV,0,ens,0.05,Target-all,0.04688279301745636,0.18872936751932662,0.0,3335,,0.0
PV2DV,0,ens,0.1,ID-all,0.22683291770573566,0.5367877503507149,1.0,879,0.24178529784753133,
PV2DV,0,ens,0.1,ID,0.22402793017456357,0.5312140330716651,1.0,300,,1.0
PV2DV,0,ens,0.1,ID-PAC,0.17818104738154616,0.4628588484613318,1.0,300,,0.985
PV2DV,0,ens,0.1,Weighted,0.21792684954280964,0.5194159229521735,1.0,300,,1.0
PV2DV,0,ens,0.1,TargetPAC-25,0.033367082294264334,0.1306558741008268,0.06,25,,0.04
PV2DV,0,ens,0.1,Target-25,0.074414463840399,0.24351946094379606,0.25,25,,0.18
PV2DV,0,ens,0.1,TargetPAC-50,0.03641346633416459,0.14915709040981404,0.02,50,,0.01
PV2DV,0,ens,0.1,Target-50,0.09926284289276807,0.3083978673551622,0.47,50,,0.31
PV2DV,0,ens,0.1,TargetPAC-100,0.05837206982543641,0.21452608721607022,0.07,100,,0.03
PV2DV,0,ens,0.1,Target-100,0.09733117206982544,0.3068666985046115,0.455,100,,0.22
PV2DV,0,ens,0.1,TargetPAC-200,0.07212618453865337,0.25180838283138823,0.09,200,,0.015
PV2DV,0,ens,0.1,Target-200,0.09708728179551124,0.30782870190729184,0.44,200,,0.165
PV2DV,0,ens,0.1,TargetPAC-400,0.07708229426433916,0.26462085484881953,0.055,400,,0.005
PV2DV,0,ens,0.1,Target-400,0.09549376558603491,0.30567576037966754,0.315,400,,0.055
PV2DV,0,ens,0.1,TargetPAC-all,0.08947630922693264,0.2947721099603021,0.0,3335,,0.0
PV2DV,0,ens,0.1,Target-all,0.09625935162094762,0.30816643285675915,0.0,3335,,0.0
PV2DV,0,ens,0.2,ID-all,0.3972069825436409,0.7179804793600573,1.0,879,0.24178529784753133,
PV2DV,0,ens,0.2,ID,0.3939022443890273,0.7141608960391607,1.0,300,,1.0
PV2DV,0,ens,0.2,ID-PAC,0.3476977556109725,0.6703648926961765,1.0,300,,1.0
PV2DV,0,ens,0.2,Weighted,0.4069027431421447,0.7250042284770519,1.0,300,,1.0
PV2DV,0,ens,0.2,TargetPAC-25,0.1078214463840399,0.3177193833388055,0.09,25,,0.03
PV2DV,0,ens,0.2,Target-25,0.18810124688279303,0.46511976539414385,0.405,25,,0.29
PV2DV,0,ens,0.2,TargetPAC-50,0.12025236907730674,0.3515823956063636,0.05,50,,0.015
PV2DV,0,ens,0.2,Target-50,0.1963730673316708,0.48377861684028295,0.47,50,,0.325
PV2DV,0,ens,0.2,TargetPAC-100,0.1497296758104738,0.41061315404590637,0.07,100,,0.02
PV2DV,0,ens,0.2,Target-100,0.1948573566084788,0.48755473390442644,0.43,100,,0.21
PV2DV,0,ens,0.2,TargetPAC-200,0.16049875311720696,0.4316070202668418,0.05,200,,0.01
PV2DV,0,ens,0.2,Target-200,0.19504837905236905,0.49039149479151123,0.38,200,,0.13
PV2DV,0,ens,0.2,TargetPAC-400,0.17454862842892768,0.45726524490344145,0.08,400,,0.0
PV2DV,0,ens,0.2,Target-400,0.19509326683291772,0.4918204339909859,0.365,400,,0.05
PV2DV,0,ens,0.2,TargetPAC-all,0.18872817955112217,0.4831358385816194,0.0,3335,,0.0
PV2DV,0,ens,0.2,Target-all,0.19770573566084784,0.4963286869832552,0.0,3335,,0.0
PV2DV,1,lr,0.02,ID-all,0.04741980474198047,0.1729920433484924,1.0,872,0.2064158491311,
PV2DV,1,lr,0.02,ID,0.05221259214983064,0.18221807477317215,1.0,300,,0.665
PV2DV,1,lr,0.02,ID-PAC,0.025551902769475988,0.10667506494086472,0.68,300,,0.11
PV2DV,1,lr,0.02,Weighted,0.040227136879856545,0.14734306888073456,0.9333333333333333,300,,0.4166666666666667
PV2DV,1,lr,0.02,TargetPAC-25,0.0,0.0,0.0,25,,0.0
PV2DV,1,lr,0.02,Target-25,0.0,0.0,0.0,25,,0.0
PV2DV,1,lr,0.02,TargetPAC-50,0.0,0.0,0.0,50,,0.0
PV2DV,1,lr,0.02,Target-50,0.020065750149432158,0.08235551122788476,0.32,50,,0.14
PV2DV,1,lr,0.02,TargetPAC-100,0.0,0.0,0.0,100,,0.0
PV2DV,1,lr,0.02,Target-100,0.017011854951185495,0.07734025291582622,0.31,100,,0.05
PV2DV,1,lr,0.02,TargetPAC-200,0.009289699143255628,0.047479029124768334,0.03,200,,0.0
PV2DV,1,lr,0.02,Target-200,0.01718320382546324,0.0796013486859244,0.285,200,,0.025
PV2DV,1,lr,0.02,TargetPAC-400,0.01143703925084678,0.0580218900954947,0.03,400,,0.0
PV2DV,1,lr,0.02,Target-400,0.017523909145248057,0.08245290391729249,0.28,400,,0.005
PV2DV,1,lr,0.02,TargetPAC-all,0.01524208009563658,0.0746168675057498,0.0,3313,,0.0
PV2DV,1,lr,0.02,Target-all,0.01753337318190875,0.08599733537769903,0.0,3313,,0.0
PV2DV,1,lr,0.05,ID-all,0.13528591352859135,0.36451735353881193,1.0,872,0.2064158491311,
PV2DV,1,lr,0.05,ID,0.134715082685794,0.36159858730359573,1.0,300,,0.995
PV2DV,1,lr,0.05,ID-PAC,0.08822474596533172,0.26763492441553227,0.96,300,,0.86
PV2DV,1,lr,0.05,Weighted,0.11389885103274226,0.3173211614180554,1.0,300,,0.9833333333333333
PV2DV,1,lr,0.05,TargetPAC-25,0.0,0.0,0.0,25,,0.0
PV2DV,1,lr,0.05,Target-25,0.03287656903765691,0.1199786011477228,0.225,25,,0.105
PV2DV,1,lr,0.05,TargetPAC-50,0.017799362422793383,0.0739331090485512,0.07,50,,0.04
PV2DV,1,lr,0.05,Target-50,0.03712542339111377,0.1372747538201603,0.275,50,,0.13
PV2DV,1,lr,0.05,TargetPAC-100,0.020148934050607692,0.08614816937470693,0.08,100,,0.01
PV2DV,1,lr,0.05,Target-100,0.04850169356445507,0.1718749860442268,0.42,100,,0.13
PV2DV,1,lr,0.05,TargetPAC-200,0.02732267383941024,0.11327067501283931,0.065,200,,0.005
PV2DV,1,lr,0.05,Target-200,0.05051055987248456,0.1787609878454519,0.485,200,,0.1
PV2DV,1,lr,0.05,TargetPAC-400,0.035945407451683606,0.13960447477912663,0.125,400,,0.0
PV2DV,1,lr,0.05,Target-400,0.05314305638573421,0.18666293272200846,0.6,400,,0.055
PV2DV,1,lr,0.05,TargetPAC-all,0.04642359035664475,0.1699552670948918,0.0,3313,,0.0
PV2DV,1,lr,0.05,Target-all,0.05260011954572624,0.18644168719715976,1.0,3313,,0.0
PV2DV,1,lr,0.1,ID-all,0.2315202231520223,0.5143242056373881,1.0,872,0.2064158491311,
PV2DV,1,lr,0.1,ID,0.22589260808926082,0.5050652385878991,1.0,300,,1.0
PV2DV,1,lr,0.1,ID-PAC,0.17908647140864717,0.4375453841745253,1.0,300,,1.0
PV2DV,1,lr,0.1,Weighted,0.21985621305704992,0.4932250613433765,1.0,300,,1.0
PV2DV,1,lr,0.1,TargetPAC-25,0.038904164176130705,0.13386377676717306,0.105,25,,0.06
PV2DV,1,lr,0.1,Target-25,0.07734708109185097,0.23112275125974116,0.3,25,,0.205
PV2DV,1,lr,0.1,TargetPAC-50,0.040940426379756915,0.1465135501254159,0.05,50,,0.035
PV2DV,1,lr,0.1,Target-50,0.10429667264395298,0.29592986386608416,0.5,50,,0.34
PV2DV,1,lr,0.1,TargetPAC-100,0.060636082885036864,0.2018226611984846,0.08,100,,0.025
PV2DV,1,lr,0.1,Target-100,0.10529637377963738,0.3019398152627779,0.55,100,,0.33
PV2DV,1,lr,0.1,TargetPAC-200,0.07969515839808727,0.24943771259294542,0.15,200,,0.025
PV2DV,1,lr,0.1,Target-200,0.10628860330743177,0.3053573050099365,0.605,200,,0.25
PV2DV,1,lr,0.1,TargetPAC-400,0.08352460649531779,0.25849281370717436,0.145,400,,0.0
PV2DV,1,lr,0.1,Target-400,0.10509713090257025,0.3031666207676792,0.705,400,,0.115
PV2DV,1,lr,0.1,TargetPAC-all,0.09982068141063959,0.2901609937999151,0.0,3313,,0.0
PV2DV,1,lr,0.1,Target-all,0.10689380354652321,0.3073693925703185,1.0,3313,,0.0
PV2DV,1,lr,0.2,ID-all,0.37547320183303445,0.6749979531532604,1.0,872,0.2064158491311,
PV2DV,1,lr,0.2,ID,0.37457611077903963,0.6743032905852493,1.0,300,,1.0
PV2DV,1,lr,0.2,ID-PAC,0.33250996214385337,0.6326517829895871,1.0,300,,1.0
PV2DV,1,lr,0.2,Weighted,0.3787490868034801,0.6772034615279648,1.0,300,,1.0
PV2DV,1,lr,0.2,TargetPAC-25,0.12533323371189478,0.3313645024673808,0.13,25,,0.105
PV2DV,1,lr,0.2,Target-25,0.20053048416019126,0.4572225778359991,0.48,25,,0.38
PV2DV,1,lr,0.2,TargetPAC-50,0.11965730225144451,0.3270881186129078,0.07,50,,0.03
PV2DV,1,lr,0.2,Target-50,0.2030952380952381,0.4676505548815434,0.525,50,,0.395
PV2DV,1,lr,0.2,TargetPAC-100,0.15140017931858937,0.38863761881014935,0.11,100,,0.045
PV2DV,1,lr,0.2,Target-100,0.20121687587168757,0.4679125884796022,0.505,100,,0.33
PV2DV,1,lr,0.2,TargetPAC-200,0.16728232715680416,0.41780406838701034,0.14,200,,0.045
PV2DV,1,lr,0.2,Target-200,0.20427824267782427,0.4744364844849017,0.575,200,,0.305
PV2DV,1,lr,0.2,TargetPAC-400,0.17655210201235305,0.4337046809524163,0.12,400,,0.015
PV2DV,1,lr,0.2,Target-400,0.20651175532974697,0.47850576466472644,0.66,400,,0.22
PV2DV,1,lr,0.2,TargetPAC-all,0.19824666268180913,0.4668671335958258,0.0,3313,,0.0
PV2DV,1,lr,0.2,Target-all,0.2083084279736999,0.4807410329505109,1.0,3313,,0.0
PV2DV,1,svm,0.02,ID-all,0.04423191870890616,0.13798724256250325,1.0,872,0.19041632621725513,
PV2DV,1,svm,0.02,ID,0.04552948794580594,0.1424752703698466,0.99,300,,0.685
PV2DV,1,svm,0.02,ID-PAC,0.024928272564255827,0.08751780756663416,0.675,300,,0.15
PV2DV,1,svm,0.02,Weighted,0.0379557680812911,0.12102061981000299,0.95,300,,0.2833333333333333
PV2DV,1,svm,0.02,TargetPAC-25,0.0,0.0,0.0,25,,0.0
PV2DV,1,svm,0.02,Target-25,0.0,0.0,0.0,25,,0.0
PV2DV,1,svm,0.02,TargetPAC-50,0.0,0.0,0.0,50,,0.0
PV2DV,1,svm,0.02,Target-50,0.017263399083482765,0.06103395532663953,0.335,50,,0.09
PV2DV,1,svm,0.02,TargetPAC-100,0.0,0.0,0.0,100,,0.0
PV2DV,1,svm,0.02,Target-100,0.015708308427973702,0.05912566150365083,0.27,100,,0.045
PV2DV,1,svm,0.02,TargetPAC-200,0.008888722853157999,0.036383333457384655,0.055,200,,0.005
PV2DV,1,svm,0.02,Target-200,0.016894799760908547,0.06416064397519966,0.315,200,,0.0
PV2DV,1,svm,0.02,TargetPAC-400,0.010577306236302052,0.04383560471295765,0.04,400,,0.0
PV2DV,1,svm,0.02,Target-400,0.016452978681012153,0.06345824060497347,0.295,400,,0.0
PV2DV,1,svm,0.02,TargetPAC-all,0.012651922693763697,0.05284586127589263,0.0,3313,,0.0
PV2DV,1,svm,0.02,Target-all,0.015142458657103008,0.05989445713902929,0.0,3313,,0.0
PV2DV,1,svm,0.05,ID-all,0.1199442119944212,0.30699723861767136,1.0,872,0.19041632621725513,
PV2DV,1,svm,0.05,ID,0.12256575014943216,0.31024123019210587,1.0,300,,1.0
PV2DV,1,svm,0.05,ID-PAC,0.08334080494122337,0.23241453484477462,0.965,300,,0.82
PV2DV,1,svm,0.05,Weighted,0.09758251975825198,0.25821368583755727,0.9333333333333333,300,,0.8333333333333334
PV2DV,1,svm,0.05,TargetPAC-25,0.0,0.0,0.0,25,,0.0
PV2DV,1,svm,0.05,Target-25,0.034856545128511655,0.1068779260604527,0.23,25,,0.17
PV2DV,1,svm,0.05,TargetPAC-50,0.019641860928471807,0.06735618110499952,0.075,50,,0.025
PV2DV,1,svm,0.05,Target-50,0.038007571229328546,0.11870389942911584,0.26,50,,0.12
PV2DV,1,svm,0.05,TargetPAC-100,0.016549113369197052,0.0611779416909187,0.01,100,,0.0
PV2DV,1,svm,0.05,Target-100,0.04730524008766686,0.1451350918848109,0.375,100,,0.15
PV2DV,1,svm,0.05,TargetPAC-200,0.026901275154413228,0.09283879035079233,0.04,200,,0.0
PV2DV,1,svm,0.05,Target-200,0.04790396493325364,0.14834361718755815,0.35,200,,0.08
PV2DV,1,svm,0.05,TargetPAC-400,0.033265590755130504,0.11054792226448235,0.045,400,,0.005
PV2DV,1,svm,0.05,Target-400,0.0467219565650528,0.14577984860777207,0.335,400,,0.025
PV2DV,1,svm,0.05,TargetPAC-all,0.04174138274556683,0.13116193907095489,0.0,3313,,0.0
PV2DV,1,svm,0.05,Target-all,0.04532775453277545,0.1422818991760511,0.0,3313,,0.0
PV2DV,1,svm,0.1,ID-all,0.23321378760709305,0.4937217628188429,1.0,872,0.19041632621725513,
PV2DV,1,svm,0.1,ID,0.22802948794580594,0.48465177554650807,1.0,300,,1.0
PV2DV,1,svm,0.1,ID-PAC,0.1814738991831042,0.41216396358845736,1.0,300,,1.0
PV2DV,1,svm,0.1,Weighted,0.2180530650195922,0.4674552608923259,1.0,300,,1.0
PV2DV,1,svm,0.1,TargetPAC-25,0.03971059972105997,0.11754735659047434,0.09,25,,0.065
PV2DV,1,svm,0.1,Target-25,0.0749890416417613,0.20139531681465989,0.3,25,,0.19
PV2DV,1,svm,0.1,TargetPAC-50,0.03800508069336521,0.11848946432160055,0.05,50,,0.035
PV2DV,1,svm,0.1,Target-50,0.10542637975692369,0.2728680044360751,0.5,50,,0.275
PV2DV,1,svm,0.1,TargetPAC-100,0.057640964335525,0.17133331596614887,0.06,100,,0.02
PV2DV,1,svm,0.1,Target-100,0.10427276349870493,0.272866441389474,0.495,100,,0.285
PV2DV,1,svm,0.1,TargetPAC-200,0.0756076907750548,0.21488225048938245,0.11,200,,0.03
PV2DV,1,svm,0.1,Target-200,0.10181261207411836,0.27003494525615357,0.485,200,,0.185
PV2DV,1,svm,0.1,TargetPAC-400,0.07981520223152022,0.22509754155098882,0.065,400,,0.005
PV2DV,1,svm,0.1,Target-400,0.10274556684598526,0.2725685693657752,0.525,400,,0.085
PV2DV,1,svm,0.1,TargetPAC-all,0.09384339509862524,0.2570913935676911,0.0,3313,,0.0
PV2DV,1,svm,0.1,Target-all,0.10360629607491532,0.27444865391915324,1.0,3313,,0.0
PV2DV,1,svm,0.2,ID-all,0.3518629209005778,0.6394051491220888,1.0,872,0.19041632621725513,
PV2DV,1,svm,0.2,ID,0.3492762502490535,0.6355477734029013,1.0,300,,1.0
PV2DV,1,svm,0.2,ID-PAC,0.31293335325762106,0.5953475173609819,1.0,300,,1.0
PV2DV,1,svm,0.2,Weighted,0.35624294348143715,0.6420056368918694,1.0,300,,1.0
PV2DV,1,svm,0.2,TargetPAC-25,0.11310270970312811,0.28221252967927773,0.095,25,,0.065
PV2DV,1,svm,0.2,Target-25,0.20318688981868896,0.43727337685053547,0.475,25,,0.42
PV2DV,1,svm,0.2,TargetPAC-50,0.12189131301055987,0.30303439446830366,0.08,50,,0.055
PV2DV,1,svm,0.2,Target-50,0.20675483163976888,0.44780939018853316,0.53,50,,0.415
PV2DV,1,svm,0.2,TargetPAC-100,0.15865610679418213,0.373261073440861,0.125,100,,0.05
PV2DV,1,svm,0.2,Target-100,0.2054134289699143,0.4488906462825541,0.545,100,,0.33
PV2DV,1,svm,0.2,TargetPAC-200,0.16758866308029488,0.38962014246053306,0.12,200,,0.04
PV2DV,1,svm,0.2,Target-200,0.20679816696553097,0.4528394602279071,0.575,200,,0.34
PV2DV,1,svm,0.2,TargetPAC-400,0.17749153217772468,0.4070039746042143,0.11,400,,0.03
PV2DV,1,svm,0.2,Target-400,0.2057381948595338,0.45205741591181436,0.58,400,,0.27
PV2DV,1,svm,0.2,TargetPAC-all,0.1940625622633991,0.4367970942219378,0.0,3313,,0.0
PV2DV,1,svm,0.2,Target-all,0.20492129906355847,0.4513185414542288,1.0,3313,,0.0
PV2DV,1,lgbm,0.02,ID-all,0.07013349272763499,0.23278974045983342,1.0,872,0.2415952408371126,
PV2DV,1,lgbm,0.02,ID,0.07383642159792787,0.24013743645471258,1.0,300,,0.98
PV2DV,1,lgbm,0.02,ID-PAC,0.04236899780832835,0.15879481663974754,0.93,300,,0.58
PV2DV,1,lgbm,0.02,Weighted,0.07393405060769079,0.23508419362922056,1.0,300,,1.0
PV2DV,1,lgbm,0.02,TargetPAC-25,0.0,0.0,0.0,25,,0.0
PV2DV,1,lgbm,0.02,Target-25,0.0,0.0,0.0,25,,0.0
PV2DV,1,lgbm,0.02,TargetPAC-50,0.0,0.0,0.0,50,,0.0
PV2DV,1,lgbm,0.02,Target-50,0.020452281330942415,0.08077471288322552,0.465,50,,0.095
PV2DV,1,lgbm,0.02,TargetPAC-100,0.0,0.0,0.0,100,,0.0
PV2DV,1,lgbm,0.02,Target-100,0.021230324765889617,0.08578409116283225,0.445,100,,0.09
PV2DV,1,lgbm,0.02,TargetPAC-200,0.010440824865511058,0.0440937306945137,0.135,200,,0.005
PV2DV,1,lgbm,0.02,Target-200,0.02296074915321777,0.09574866210654022,0.585,200,,0.04
PV2DV,1,lgbm,0.02,TargetPAC-400,0.014172145845786015,0.06055424888167737,0.18,400,,0.005
PV2DV,1,lgbm,0.02,Target-400,0.023187886033074315,0.09769956755710701,0.58,400,,0.01
PV2DV,1,lgbm,0.02,TargetPAC-all,0.019924287706714477,0.08577404300611079,0.0,3313,,0.0
PV2DV,1,lgbm,0.02,Target-all,0.025004981071926675,0.1050888331484969,1.0,3313,,0.0
PV2DV,1,lgbm,0.05,ID-all,0.16108786610878661,0.41283782275051545,1.0,872,0.2415952408371126,
PV2DV,1,lgbm,0.05,ID,0.15407949790794978,0.3988557010264006,1.0,300,,1.0
PV2DV,1,lgbm,0.05,ID-PAC,0.11301952580195258,0.32354874844625725,1.0,300,,0.99
PV2DV,1,lgbm,0.05,Weighted,0.15732383608952646,0.4014215040477945,1.0,300,,1.0
PV2DV,1,lgbm,0.05,TargetPAC-25,0.0,0.0,0.0,25,,0.0
PV2DV,1,lgbm,0.05,Target-25,0.04495218170950389,0.15266477116253452,0.33,25,,0.185
PV2DV,1,lgbm,0.05,TargetPAC-50,0.02114016736401674,0.080062000848511,0.09,50,,0.035
PV2DV,1,lgbm,0.05,Target-50,0.04371388722853158,0.15525909358183293,0.335,50,,0.14
PV2DV,1,lgbm,0.05,TargetPAC-100,0.021086869894401276,0.08495080124746003,0.065,100,,0.01
PV2DV,1,lgbm,0.05,Target-100,0.05375821876867903,0.18869288367211745,0.53,100,,0.16
PV2DV,1,lgbm,0.05,TargetPAC-200,0.03286660689380355,0.13057665254962675,0.095,200,,0.0
PV2DV,1,lgbm,0.05,Target-200,0.05305240087666866,0.18906890802587215,0.555,200,,0.105
PV2DV,1,lgbm,0.05,TargetPAC-400,0.040654014743972906,0.1558667093403199,0.15,400,,0.005
PV2DV,1,lgbm,0.05,Target-400,0.05522265391512253,0.1963598505429726,0.66,400,,0.055
PV2DV,1,lgbm,0.05,TargetPAC-all,0.0473201833034469,0.17804589402544038,0.0,3313,,0.0
PV2DV,1,lgbm,0.05,Target-all,0.05519027694759914,0.19669080705306172,1.0,3313,,0.0
PV2DV,1,lgbm,0.1,ID-all,0.24845586770272962,0.5461880270630355,1.0,872,0.2415952408371126,
PV2DV,1,lgbm,0.1,ID,0.25031330942418806,0.5466339419290972,1.0,300,,1.0
PV2DV,1,lgbm,0.1,ID-PAC,0.20970113568439927,0.4895954686534726,1.0,300,,1.0
PV2DV,1,lgbm,0.1,Weighted,0.23425151092515112,0.5243862561064261,1.0,300,,1.0
PV2DV,1,lgbm,0.1,TargetPAC-25,0.040566347878063354,0.13879433283960907,0.09,25,,0.04
PV2DV,1,lgbm,0.1,Target-25,0.08619296672643952,0.25679043266618534,0.325,25,,0.215
PV2DV,1,lgbm,0.1,TargetPAC-50,0.040822873082287305,0.14731059224580023,0.035,50,,0.01
PV2DV,1,lgbm,0.1,Target-50,0.10710350667463638,0.30631403839140176,0.52,50,,0.395
PV2DV,1,lgbm,0.1,TargetPAC-100,0.0643459852560271,0.21570779960253958,0.08,100,,0.025
PV2DV,1,lgbm,0.1,Target-100,0.10888025503088265,0.31353326684182714,0.565,100,,0.32
PV2DV,1,lgbm,0.1,TargetPAC-200,0.07739788802550308,0.24841239123800732,0.12,200,,0.035
PV2DV,1,lgbm,0.1,Target-200,0.1058154014743973,0.30959569194584413,0.63,200,,0.25
PV2DV,1,lgbm,0.1,TargetPAC-400,0.08315600717274357,0.2622564438456901,0.11,400,,0.01
PV2DV,1,lgbm,0.1,Target-400,0.10558328352261405,0.30993118873415554,0.685,400,,0.175
PV2DV,1,lgbm,0.1,TargetPAC-all,0.0978282526399681,0.2946640566269454,0.0,3313,,0.0
PV2DV,1,lgbm,0.1,Target-all,0.1059972105997211,0.3117980246068193,1.0,3313,,0.0
PV2DV,1,lgbm,0.2,ID-all,0.42169754931261205,0.7253354967883114,1.0,872,0.2415952408371126,
PV2DV,1,lgbm,0.2,ID,0.4185769077505479,0.7220939614299644,1.0,300,,1.0
PV2DV,1,lgbm,0.2,ID-PAC,0.3731201434548715,0.6791405104463615,1.0,300,,1.0
PV2DV,1,lgbm,0.2,Weighted,0.40385368931394044,0.7070272590365183,1.0,300,,1.0
PV2DV,1,lgbm,0.2,TargetPAC-25,0.11973550508069337,0.32439301690323247,0.115,25,,0.06
PV2DV,1,lgbm,0.2,Target-25,0.1931061964534768,0.45276573652988766,0.43,25,,0.305
PV2DV,1,lgbm,0.2,TargetPAC-50,0.12383990834827655,0.3389114496885071,0.075,50,,0.03
PV2DV,1,lgbm,0.2,Target-50,0.20005578800557877,0.4686619204632572,0.495,50,,0.36
PV2DV,1,lgbm,0.2,TargetPAC-100,0.15591801155608687,0.40075122996881346,0.15,100,,0.04
PV2DV,1,lgbm,0.2,Target-100,0.20553845387527395,0.4811420660498835,0.58,100,,0.35
PV2DV,1,lgbm,0.2,TargetPAC-200,0.17388922096035067,0.4321807849471169,0.165,200,,0.045
PV2DV,1,lgbm,0.2,Target-200,0.20757670850767085,0.4860165385216557,0.61,200,,0.295
PV2DV,1,lgbm,0.2,TargetPAC-400,0.185418410041841,0.451501901706698,0.28,400,,0.025
PV2DV,1,lgbm,0.2,Target-400,0.20907850169356443,0.48864107984190897,0.695,400,,0.25
PV2DV,1,lgbm,0.2,TargetPAC-all,0.2026300059772863,0.47803919525429267,1.0,3313,,0.0
PV2DV,1,lgbm,0.2,Target-all,0.20930464235903568,0.489285687703289,1.0,3313,,0.0
PV2DV,1,ens,0.02,ID-all,0.0639569635385535,0.23267065119498634,1.0,872,0.24389635897351536,
PV2DV,1,ens,0.02,ID,0.06894849571627815,0.24370196422856208,1.0,300,,0.975
PV2DV,1,ens,0.02,ID-PAC,0.0345706315999203,0.14020107478061525,0.56,300,,0.445
PV2DV,1,ens,0.02,Weighted,0.056168227402537026,0.2009772762796513,1.0,300,,0.6833333333333333
PV2DV,1,ens,0.02,TargetPAC-25,0.0,0.0,0.0,25,,0.0
PV2DV,1,ens,0.02,Target-25,0.0,0.0,0.0,25,,0.0
PV2DV,1,ens,0.02,TargetPAC-50,0.0,0.0,0.0,50,,0.0
PV2DV,1,ens,0.02,Target-50,0.023164973102211595,0.09748877955832767,0.455,50,,0.175
PV2DV,1,ens,0.02,TargetPAC-100,0.0,0.0,0.0,100,,0.0
PV2DV,1,ens,0.02,Target-100,0.020370591751344893,0.091507521231383,0.435,100,,0.085
PV2DV,1,ens,0.02,TargetPAC-200,0.011863419007770472,0.05857144983736872,0.13,200,,0.0
PV2DV,1,ens,0.02,Target-200,0.020271966527196653,0.09301805690978243,0.505,200,,0.035
PV2DV,1,ens,0.02,TargetPAC-400,0.013195855748157004,0.06500729421747188,0.105,400,,0.0
PV2DV,1,ens,0.02,Target-400,0.020393006575014944,0.09434385536608784,0.475,400,,0.015
PV2DV,1,ens,0.02,TargetPAC-all,0.016736401673640162,0.08091371238453926,0.0,3313,,0.0
PV2DV,1,ens,0.02,Target-all,0.02092050209205021,0.09746712019828363,1.0,3313,,0.0
PV2DV,1,ens,0.05,ID-all,0.16736401673640167,0.44380847468980966,1.0,872,0.24389635897351536,
PV2DV,1,ens,0.05,ID,0.16102659892408844,0.43042496259852775,1.0,300,,1.0
PV2DV,1,ens,0.05,ID-PAC,0.10998804542737597,0.33211498812828893,1.0,300,,0.945
PV2DV,1,ens,0.05,Weighted,0.14888922096035068,0.40408563014347776,1.0,300,,1.0
PV2DV,1,ens,0.05,TargetPAC-25,0.0,0.0,0.0,25,,0.0
PV2DV,1,ens,0.05,Target-25,0.04254732018330344,0.15588449829925644,0.31,25,,0.2
PV2DV,1,ens,0.05,TargetPAC-50,0.022018828451882844,0.09388126800294744,0.105,50,,0.025
PV2DV,1,ens,0.05,Target-50,0.04358936043036461,0.16433101605472153,0.355,50,,0.15
PV2DV,1,ens,0.05,TargetPAC-100,0.019094441123729825,0.08672515686289102,0.02,100,,0.0
PV2DV,1,ens,0.05,Target-100,0.05392309224945208,0.20097463398658758,0.545,100,,0.22
PV2DV,1,ens,0.05,TargetPAC-200,0.029663777644949194,0.12756041919421227,0.085,200,,0.0
PV2DV,1,ens,0.05,Target-200,0.052225044829647335,0.20036478530438473,0.555,200,,0.09
PV2DV,1,ens,0.05,TargetPAC-400,0.04009862522414824,0.1642985642300507,0.17,400,,0.005
PV2DV,1,ens,0.05,Target-400,0.054596035066746366,0.20803056128259137,0.685,400,,0.095
PV2DV,1,ens,0.05,TargetPAC-all,0.05060769077505479,0.19846225986766208,1.0,3313,,0.0
PV2DV,1,ens,0.05,Target-all,0.054492926877864126,0.21042328790574089,1.0,3313,,0.0
PV2DV,1,ens,0.1,ID-all,0.27216577007371984,0.5929082342783563,1.0,872,0.24389635897351536,
PV2DV,1,ens,0.1,ID,0.269415222155808,0.5887056485526933,1.0,300,,1.0
PV2DV,1,ens,0.1,ID-PAC,0.22476838015540945,0.5326503315891717,1.0,300,,1.0
PV2DV,1,ens,0.1,Weighted,0.2606760974961812,0.5740748872993782,1.0,300,,1.0
PV2DV,1,ens,0.1,TargetPAC-25,0.04376419605499104,0.1561399447723534,0.12,25,,0.055
PV2DV,1,ens,0.1,Target-25,0.08458706913727834,0.2676250251203918,0.36,25,,0.19
PV2DV,1,ens,0.1,TargetPAC-50,0.044578103207810325,0.16776674134555983,0.055,50,,0.03
PV2DV,1,ens,0.1,Target-50,0.10154961147638972,0.3113155270072124,0.465,50,,0.305
PV2DV,1,ens,0.1,TargetPAC-100,0.06368549511854951,0.2282027569164812,0.1,100,,0.015
PV2DV,1,ens,0.1,Target-100,0.10558776648734808,0.3225680483502415,0.57,100,,0.32
PV2DV,1,ens,0.1,TargetPAC-200,0.08307132894999004,0.27740303528763777,0.205,200,,0.025
PV2DV,1,ens,0.1,Target-200,0.10649083482765491,0.3259185876013189,0.64,200,,0.265
PV2DV,1,ens,0.1,TargetPAC-400,0.088609782825264,0.290544498448118,0.24,400,,0.015
PV2DV,1,ens,0.1,Target-400,0.10679218967921898,0.32670777727330247,0.715,400,,0.175
PV2DV,1,ens,0.1,TargetPAC-all,0.10181311018131105,0.31686676144187326,1.0,3313,,0.0
PV2DV,1,ens,0.1,Target-all,0.10779039649332535,0.32829188778814017,1.0,3313,,0.0
PV2DV,1,ens,0.2,ID-all,0.43843395098625226,0.7522050121694343,1.0,872,0.24389635897351536,
PV2DV,1,ens,0.2,ID,0.43101862920900574,0.7440189277500316,1.0,300,,1.0
PV2DV,1,ens,0.2,ID-PAC,0.3759842598127117,0.6956693560992312,1.0,300,,1.0
PV2DV,1,ens,0.2,Weighted,0.433152354386664,0.7451592694866013,1.0,300,,1.0
PV2DV,1,ens,0.2,TargetPAC-25,0.11715082685793982,0.3375593771631448,0.115,25,,0.06
PV2DV,1,ens,0.2,Target-25,0.19620691372783428,0.4792763466390777,0.45,25,,0.345
PV2DV,1,ens,0.2,TargetPAC-50,0.12697648934050607,0.363474206009542,0.08,50,,0.04
PV2DV,1,ens,0.2,Target-50,0.2022599123331341,0.49281914062209253,0.51,50,,0.37
PV2DV,1,ens,0.2,TargetPAC-100,0.1555379557680813,0.4190916094169836,0.085,100,,0.04
PV2DV,1,ens,0.2,Target-100,0.19785813907152822,0.49082487923604234,0.43,100,,0.26
PV2DV,1,ens,0.2,TargetPAC-200,0.16736451484359435,0.4420148042842363,0.085,200,,0.03
PV2DV,1,ens,0.2,Target-200,0.20504632396891811,0.5045447068543315,0.615,200,,0.3
PV2DV,1,ens,0.2,TargetPAC-400,0.1785774058577406,0.46292319486725275,0.11,400,,0.01
PV2DV,1,ens,0.2,Target-400,0.20546971508268577,0.5066995898863442,0.65,400,,0.225
PV2DV,1,ens,0.2,TargetPAC-all,0.196652719665272,0.49546344331723147,0.0,3313,,0.0
PV2DV,1,ens,0.2,Target-all,0.2060171348874277,0.5088386563753693,1.0,3313,,0.0
PV2DV,2,lr,0.02,ID-all,0.043870192307692304,0.16845356671217854,1.0,893,0.19882954945157494,
PV2DV,2,lr,0.02,ID,0.04512570112179487,0.16988323596779847,0.995,300,,0.705
PV2DV,2,lr,0.02,ID-PAC,0.02755859375,0.11200132805097328,0.675,300,,0.16
PV2DV,2,lr,0.02,Weighted,0.038777043269230774,0.14593477130912497,0.9666666666666667,300,,0.36666666666666664
PV2DV,2,lr,0.02,TargetPAC-25,0.0,0.0,0.0,25,,0.0
PV2DV,2,lr,0.02,Target-25,0.0,0.0,0.0,25,,0.0
PV2DV,2,lr,0.02,TargetPAC-50,0.0,0.0,0.0,50,,0.0
PV2DV,2,lr,0.02,Target-50,0.0190049078525641,0.077959837649499,0.365,50,,0.105
PV2DV,2,lr,0.02,TargetPAC-100,0.0,0.0,0.0,100,,0.0
PV2DV,2,lr,0.02,Target-100,0.018800580929487175,0.07964299303892383,0.34,100,,0.055
PV2DV,2,lr,0.02,TargetPAC-200,0.01060546875,0.04886045019435802,0.07,200,,0.0
PV2DV,2,lr,0.02,Target-200,0.02034304887820513,0.08633830979400288,0.415,200,,0.035
PV2DV,2,lr,0.02,TargetPAC-400,0.013340845352564102,0.060727555565503494,0.065,400,,0.0
PV2DV,2,lr,0.02,Target-400,0.01985076121794872,0.08518491990658877,0.38,400,,0.005
PV2DV,2,lr,0.02,TargetPAC-all,0.017628205128205125,0.0765718378584059,0.0,3422,,0.0
PV2DV,2,lr,0.02,Target-all,0.019431089743589747,0.08504748901373561,0.0,3422,,0.0
PV2DV,2,lr,0.05,ID-all,0.09835737179487179,0.2932828972401907,1.0,893,0.19882954945157494,
PV2DV,2,lr,0.05,ID,0.10568609775641026,0.30680286650103333,1.0,300,,0.995
PV2DV,2,lr,0.05,ID-PAC,0.07304036458333334,0.23978863098835343,0.94,300,,0.56
PV2DV,2,lr,0.05,Weighted,0.09074519230769232,0.2740892032440256,0.9666666666666667,300,,0.85
PV2DV,2,lr,0.05,TargetPAC-25,0.0,0.0,0.0,25,,0.0
PV2DV,2,lr,0.05,Target-25,0.03867337740384616,0.13745667047175655,0.275,25,,0.13
PV2DV,2,lr,0.05,TargetPAC-50,0.02204927884615384,0.08777402242764733,0.09,50,,0.03
PV2DV,2,lr,0.05,Target-50,0.041078225160256415,0.1461141825398602,0.29,50,,0.165
PV2DV,2,lr,0.05,TargetPAC-100,0.01923427483974359,0.08103393990942394,0.035,100,,0.01
PV2DV,2,lr,0.05,Target-100,0.05177233573717949,0.18317225119561895,0.48,100,,0.2
PV2DV,2,lr,0.05,TargetPAC-200,0.029654947916666664,0.11910871365579605,0.045,200,,0.005
PV2DV,2,lr,0.05,Target-200,0.04799429086538462,0.17681398333221415,0.415,200,,0.07
PV2DV,2,lr,0.05,TargetPAC-400,0.03793970352564102,0.1476498347397244,0.095,400,,0.0
PV2DV,2,lr,0.05,Target-400,0.0501387219551282,0.18448784236482607,0.465,400,,0.045
PV2DV,2,lr,0.05,TargetPAC-all,0.04537259615384615,0.17293014302661328,0.0,3422,,0.0
PV2DV,2,lr,0.05,Target-all,0.048677884615384616,0.1833232610366258,0.0,3422,,0.0
PV2DV,2,lr,0.1,ID-all,0.19140625,0.4580432884929606,1.0,893,0.19882954945157494,
PV2DV,2,lr,0.1,ID,0.1935496794871795,0.4582243287000769,1.0,300,,1.0
PV2DV,2,lr,0.1,ID-PAC,0.155088141025641,0.3976255493132186,1.0,300,,0.98
PV2DV,2,lr,0.1,Weighted,0.18352530715811968,0.43996202371093246,1.0,300,,1.0
PV2DV,2,lr,0.1,TargetPAC-25,0.03353916266025641,0.12112585894308033,0.065,25,,0.025
PV2DV,2,lr,0.1,Target-25,0.07935596955128205,0.23476438286665025,0.3,25,,0.195
PV2DV,2,lr,0.1,TargetPAC-50,0.039148137019230776,0.1435811118323373,0.03,50,,0.01
PV2DV,2,lr,0.1,Target-50,0.10261768830128207,0.2950395057859749,0.495,50,,0.325
PV2DV,2,lr,0.1,TargetPAC-100,0.0610116185897436,0.2080859651871582,0.1,100,,0.02
PV2DV,2,lr,0.1,Target-100,0.10267427884615385,0.2988491095343615,0.505,100,,0.33
PV2DV,2,lr,0.1,TargetPAC-200,0.07725460737179488,0.24805268930322086,0.155,200,,0.045
PV2DV,2,lr,0.1,Target-200,0.10532451923076923,0.3057505353239176,0.575,200,,0.255
PV2DV,2,lr,0.1,TargetPAC-400,0.08227764423076923,0.26046160962762344,0.085,400,,0.005
PV2DV,2,lr,0.1,Target-400,0.10255408653846153,0.3010033499712753,0.535,400,,0.145
PV2DV,2,lr,0.1,TargetPAC-all,0.09655448717948721,0.2904029664779043,0.0,3422,,0.0
PV2DV,2,lr,0.1,Target-all,0.1024639423076923,0.30169886071132795,1.0,3422,,0.0
PV2DV,2,lr,0.2,ID-all,0.35657051282051283,0.656258626735606,1.0,893,0.19882954945157494,
PV2DV,2,lr,0.2,ID,0.3533112980769231,0.6523996314285502,1.0,300,,1.0
PV2DV,2,lr,0.2,ID-PAC,0.31854967948717944,0.6146989129380516,1.0,300,,1.0
PV2DV,2,lr,0.2,Weighted,0.3447766426282052,0.641895282932058,1.0,300,,1.0
PV2DV,2,lr,0.2,TargetPAC-25,0.11682892628205127,0.3172389223388619,0.11,25,,0.075
PV2DV,2,lr,0.2,Target-25,0.20569110576923078,0.4640765196111347,0.475,25,,0.38
PV2DV,2,lr,0.2,TargetPAC-50,0.12057992788461538,0.3302329311875611,0.06,50,,0.025
PV2DV,2,lr,0.2,Target-50,0.19920973557692306,0.46044019667091945,0.47,50,,0.335
PV2DV,2,lr,0.2,TargetPAC-100,0.1541045673076923,0.3937471555088002,0.095,100,,0.02
PV2DV,2,lr,0.2,Target-100,0.1996103766025641,0.4654611992747947,0.455,100,,0.275
PV2DV,2,lr,0.2,TargetPAC-200,0.16953926282051285,0.4216702479277182,0.105,200,,0.02
PV2DV,2,lr,0.2,Target-200,0.1992467948717949,0.4667059113190232,0.44,200,,0.19
PV2DV,2,lr,0.2,TargetPAC-400,0.18053285256410256,0.4400089904574315,0.125,400,,0.02
PV2DV,2,lr,0.2,Target-400,0.20466947115384612,0.47482022815617286,0.585,400,,0.21
PV2DV,2,lr,0.2,TargetPAC-all,0.19451121794871798,0.46174392491289323,0.0,3422,,0.0
PV2DV,2,lr,0.2,Target-all,0.20192307692307693,0.4718460654624677,1.0,3422,,0.0
PV2DV,2,svm,0.02,ID-all,0.04707532051282051,0.13869179518171168,1.0,893,0.17754162539121945,
PV2DV,2,svm,0.02,ID,0.050273938301282045,0.14843957741119593,0.995,300,,0.745
PV2DV,2,svm,0.02,ID-PAC,0.027030749198717948,0.08448713357357626,0.635,300,,0.125
PV2DV,2,svm,0.02,Weighted,0.03634815705128204,0.11005041122327422,0.9833333333333333,300,,0.3333333333333333
PV2DV,2,svm,0.02,TargetPAC-25,0.0,0.0,0.0,25,,0.0
PV2DV,2,svm,0.02,Target-25,0.0,0.0,0.0,25,,0.0
PV2DV,2,svm,0.02,TargetPAC-50,0.0,0.0,0.0,50,,0.0
PV2DV,2,svm,0.02,Target-50,0.022198016826923076,0.06928206907357252,0.44,50,,0.155
PV2DV,2,svm,0.02,TargetPAC-100,0.0,0.0,0.0,100,,0.0
PV2DV,2,svm,0.02,Target-100,0.02072866586538462,0.06586185285493654,0.43,100,,0.115
PV2DV,2,svm,0.02,TargetPAC-200,0.011902544070512822,0.040014660787429775,0.105,200,,0.005
PV2DV,2,svm,0.02,Target-200,0.020242888621794873,0.06514616021666629,0.48,200,,0.025
PV2DV,2,svm,0.02,TargetPAC-400,0.01399989983974359,0.04673325573934388,0.135,400,,0.0
PV2DV,2,svm,0.02,Target-400,0.021520432692307693,0.06906540277995389,0.6,400,,0.015
PV2DV,2,svm,0.02,TargetPAC-all,0.01712740384615385,0.05636755675925719,0.0,3422,,0.0
PV2DV,2,svm,0.02,Target-all,0.022335737179487173,0.06995396587356657,1.0,3422,,0.0
PV2DV,2,svm,0.05,ID-all,0.09635416666666667,0.2622900672232543,1.0,893,0.17754162539121945,
PV2DV,2,svm,0.05,ID,0.09938351362179486,0.26759283300132053,1.0,300,,1.0
PV2DV,2,svm,0.05,ID-PAC,0.07305538862179488,0.20752825838798486,0.965,300,,0.63
PV2DV,2,svm,0.05,Weighted,0.0932926014957265,0.2504297513261857,1.0,300,,0.8166666666666667
PV2DV,2,svm,0.05,TargetPAC-25,0.0,0.0,0.0,25,,0.0
PV2DV,2,svm,0.05,Target-25,0.0395693108974359,0.11444143519036641,0.29,25,,0.15
PV2DV,2,svm,0.05,TargetPAC-50,0.02148737980769231,0.06667174011982302,0.09,50,,0.02
PV2DV,2,svm,0.05,Target-50,0.0424569310897436,0.1249650453999448,0.32,50,,0.135
PV2DV,2,svm,0.05,TargetPAC-100,0.02192958733974359,0.06949530332535012,0.035,100,,0.0
PV2DV,2,svm,0.05,Target-100,0.049222756410256405,0.14439025300117136,0.48,100,,0.125
PV2DV,2,svm,0.05,TargetPAC-200,0.03309845753205128,0.10181734076445,0.065,200,,0.0
PV2DV,2,svm,0.05,Target-200,0.05115384615384615,0.15061067961889413,0.505,200,,0.105
PV2DV,2,svm,0.05,TargetPAC-400,0.038441005608974364,0.1167351209794749,0.085,400,,0.0
PV2DV,2,svm,0.05,Target-400,0.049812199519230764,0.14728271817713812,0.445,400,,0.025
PV2DV,2,svm,0.05,TargetPAC-all,0.04817708333333334,0.14184032052286408,0.0,3422,,0.0
PV2DV,2,svm,0.05,Target-all,0.0516826923076923,0.15113667733584024,1.0,3422,,0.0
PV2DV,2,svm,0.1,ID-all,0.19391025641025642,0.4371899038282188,1.0,893,0.17754162539121945,
PV2DV,2,svm,0.1,ID,0.19501402243589744,0.43683211346628764,1.0,300,,1.0
PV2DV,2,svm,0.1,ID-PAC,0.15046875,0.36431396467981286,0.995,300,,0.9
PV2DV,2,svm,0.1,Weighted,0.18738314636752135,0.42241073582479677,1.0,300,,1.0
PV2DV,2,svm,0.1,TargetPAC-25,0.03810947516025641,0.10954174780461237,0.085,25,,0.05
PV2DV,2,svm,0.1,Target-25,0.08528846153846154,0.22411147421118996,0.32,25,,0.23
PV2DV,2,svm,0.1,TargetPAC-50,0.040689102564102575,0.11961393259768262,0.05,50,,0.02
PV2DV,2,svm,0.1,Target-50,0.10188451522435898,0.26559120651192636,0.46,50,,0.34
PV2DV,2,svm,0.1,TargetPAC-100,0.06209184695512821,0.17726559527273544,0.08,100,,0.04
PV2DV,2,svm,0.1,Target-100,0.1031865985576923,0.2717296371734897,0.465,100,,0.28
PV2DV,2,svm,0.1,TargetPAC-200,0.0776777844551282,0.21742041020360964,0.16,200,,0.045
PV2DV,2,svm,0.1,Target-200,0.10634715544871794,0.2801895083973111,0.575,200,,0.325
PV2DV,2,svm,0.1,TargetPAC-400,0.08367988782051283,0.2328631062963046,0.155,400,,0.01
PV2DV,2,svm,0.1,Target-400,0.10669270833333332,0.2830875692936709,0.655,400,,0.225
PV2DV,2,svm,0.1,TargetPAC-all,0.10046073717948721,0.2711760712074072,1.0,3422,,0.0
PV2DV,2,svm,0.1,Target-all,0.1068709935897436,0.28535189620311724,1.0,3422,,0.0
PV2DV,2,svm,0.2,ID-all,0.3446514423076923,0.6296155367041953,1.0,893,0.17754162539121945,
PV2DV,2,svm,0.2,ID,0.34426933092948714,0.6286189389021943,1.0,300,,1.0
PV2DV,2,svm,0.2,ID-PAC,0.30316806891025644,0.5808940468995979,1.0,300,,1.0
PV2DV,2,svm,0.2,Weighted,0.3372028579059829,0.6193164267967859,1.0,300,,1.0
PV2DV,2,svm,0.2,TargetPAC-25,0.12252704326923076,0.29979168998216826,0.105,25,,0.065
PV2DV,2,svm,0.2,Target-25,0.2066396233974359,0.44545392483828367,0.535,25,,0.385
PV2DV,2,svm,0.2,TargetPAC-50,0.13111728766025643,0.32371768471473017,0.08,50,,0.025
PV2DV,2,svm,0.2,Target-50,0.20783754006410254,0.4508412232990875,0.49,50,,0.34
PV2DV,2,svm,0.2,TargetPAC-100,0.16280749198717948,0.38391137124993463,0.125,100,,0.05
PV2DV,2,svm,0.2,Target-100,0.20727213541666664,0.45376789697905706,0.555,100,,0.345
PV2DV,2,svm,0.2,TargetPAC-200,0.17891326121794873,0.4116894972058704,0.185,200,,0.045
PV2DV,2,svm,0.2,Target-200,0.20558543669871795,0.4528883989524812,0.555,200,,0.255
PV2DV,2,svm,0.2,TargetPAC-400,0.18412510016025638,0.42068342398400366,0.14,400,,0.01
PV2DV,2,svm,0.2,Target-400,0.21052784455128204,0.46085036297572946,0.695,400,,0.27
PV2DV,2,svm,0.2,TargetPAC-all,0.20022035256410262,0.4466504017727243,1.0,3422,,0.0
PV2DV,2,svm,0.2,Target-all,0.21133814102564102,0.4630346710835553,1.0,3422,,0.0
PV2DV,2,lgbm,0.02,ID-all,0.05178285256410257,0.20121464437331663,1.0,893,0.22254588304332845,
PV2DV,2,lgbm,0.02,ID,0.05845703125,0.21313058173109206,1.0,300,,0.755
PV2DV,2,lgbm,0.02,ID-PAC,0.027173978365384616,0.11639083495609225,0.74,300,,0.16
PV2DV,2,lgbm,0.02,Weighted,0.0493472889957265,0.18434292564158045,1.0,300,,0.5833333333333334
PV2DV,2,lgbm,0.02,TargetPAC-25,0.0,0.0,0.0,25,,0.0
PV2DV,2,lgbm,0.02,Target-25,0.0,0.0,0.0,25,,0.0
PV2DV,2,lgbm,0.02,TargetPAC-50,0.0,0.0,0.0,50,,0.0
PV2DV,2,lgbm,0.02,Target-50,0.02013371394230769,0.08594828808260777,0.44,50,,0.095
PV2DV,2,lgbm,0.02,TargetPAC-100,0.0,0.0,0.0,100,,0.0
PV2DV,2,lgbm,0.02,Target-100,0.021260516826923075,0.09305724048914059,0.5,100,,0.085
PV2DV,2,lgbm,0.02,TargetPAC-200,0.009634915865384616,0.04601618282337668,0.085,200,,0.0
PV2DV,2,lgbm,0.02,Target-200,0.02108122996794872,0.09349795942729668,0.48,200,,0.035
PV2DV,2,lgbm,0.02,TargetPAC-400,0.013629306891025643,0.06432799128559812,0.145,400,,0.0
PV2DV,2,lgbm,0.02,Target-400,0.02213241185897436,0.09808969566742022,0.64,400,,0.0
PV2DV,2,lgbm,0.02,TargetPAC-all,0.019431089743589747,0.08971805030179585,0.0,3422,,0.0
PV2DV,2,lgbm,0.02,Target-all,0.022936698717948713,0.103916258179078,1.0,3422,,0.0
PV2DV,2,lgbm,0.05,ID-all,0.10817307692307693,0.32837179458483484,1.0,893,0.22254588304332845,
PV2DV,2,lgbm,0.05,ID,0.11492638221153846,0.3413543881639322,1.0,300,,1.0
PV2DV,2,lgbm,0.05,ID-PAC,0.08909955929487179,0.28846628764987203,0.995,300,,0.92
PV2DV,2,lgbm,0.05,Weighted,0.1095886752136752,0.3279313492152313,1.0,300,,1.0
PV2DV,2,lgbm,0.05,TargetPAC-25,0.0,0.0,0.0,25,,0.0
PV2DV,2,lgbm,0.05,Target-25,0.038819110576923076,0.14115920943662286,0.245,25,,0.18
PV2DV,2,lgbm,0.05,TargetPAC-50,0.023159555288461538,0.09582868888540713,0.1,50,,0.035
PV2DV,2,lgbm,0.05,Target-50,0.04105068108974359,0.15737717393737272,0.245,50,,0.14
PV2DV,2,lgbm,0.05,TargetPAC-100,0.019132111378205127,0.08437372697361058,0.015,100,,0.005
PV2DV,2,lgbm,0.05,Target-100,0.04796925080128205,0.18360961270153922,0.33,100,,0.12
PV2DV,2,lgbm,0.05,TargetPAC-200,0.028657852564102564,0.12282296632868515,0.02,200,,0.0
PV2DV,2,lgbm,0.05,Target-200,0.04435847355769231,0.17641881355805744,0.245,200,,0.03
PV2DV,2,lgbm,0.05,TargetPAC-400,0.03570262419871795,0.14992378628824674,0.01,400,,0.0
PV2DV,2,lgbm,0.05,Target-400,0.04654847756410256,0.18341514276547963,0.26,400,,0.03
PV2DV,2,lgbm,0.05,TargetPAC-all,0.04076522435897435,0.16843118383060635,0.0,3422,,0.0
PV2DV,2,lgbm,0.05,Target-all,0.04507211538461538,0.18141325514246703,0.0,3422,,0.0
PV2DV,2,lgbm,0.1,ID-all,0.20092147435897437,0.4850594265505741,1.0,893,0.22254588304332845,
PV2DV,2,lgbm,0.1,ID,0.2068584735576923,0.49297125291910077,1.0,300,,1.0
PV2DV,2,lgbm,0.1,ID-PAC,0.16805839342948714,0.43609858913236493,1.0,300,,0.995
PV2DV,2,lgbm,0.1,Weighted,0.20801115117521365,0.4924468966134701,1.0,300,,1.0
PV2DV,2,lgbm,0.1,TargetPAC-25,0.038965344551282054,0.14412438167289657,0.055,25,,0.035
PV2DV,2,lgbm,0.1,Target-25,0.07514222756410256,0.24301288507882504,0.245,25,,0.165
PV2DV,2,lgbm,0.1,TargetPAC-50,0.037510016025641024,0.14592765852675874,0.035,50,,0.015
PV2DV,2,lgbm,0.1,Target-50,0.09311949118589745,0.2889962023710933,0.385,50,,0.215
PV2DV,2,lgbm,0.1,TargetPAC-100,0.05833283253205128,0.21111944251702966,0.035,100,,0.02
PV2DV,2,lgbm,0.1,Target-100,0.09296824919871796,0.2936699345673762,0.33,100,,0.18
PV2DV,2,lgbm,0.1,TargetPAC-200,0.0681239983974359,0.23849512426229755,0.035,200,,0.01
PV2DV,2,lgbm,0.1,Target-200,0.09483673878205127,0.2996245271616268,0.325,200,,0.125
PV2DV,2,lgbm,0.1,TargetPAC-400,0.07415414663461538,0.2543472778685528,0.005,400,,0.0
PV2DV,2,lgbm,0.1,Target-400,0.09660506810897436,0.3047280106840955,0.375,400,,0.035
PV2DV,2,lgbm,0.1,TargetPAC-all,0.08934294871794869,0.29032089591213966,0.0,3422,,0.0
PV2DV,2,lgbm,0.1,Target-all,0.09565304487179485,0.30296722400041787,0.0,3422,,0.0
PV2DV,2,lgbm,0.2,ID-all,0.3671875,0.6742096977564892,1.0,893,0.22254588304332845,
PV2DV,2,lgbm,0.2,ID,0.37453425480769226,0.6803780095649514,1.0,300,,1.0
PV2DV,2,lgbm,0.2,ID-PAC,0.31546975160256413,0.622917683222538,1.0,300,,1.0
PV2DV,2,lgbm,0.2,Weighted,0.35523170405982907,0.6607011313303139,1.0,300,,1.0
PV2DV,2,lgbm,0.2,TargetPAC-25,0.11552634214743587,0.3286074490229872,0.115,25,,0.05
PV2DV,2,lgbm,0.2,Target-25,0.19329026442307692,0.46018756854757487,0.475,25,,0.345
PV2DV,2,lgbm,0.2,TargetPAC-50,0.10879156650641025,0.32098134013772933,0.055,50,,0.03
PV2DV,2,lgbm,0.2,Target-50,0.19567207532051284,0.47145757324798,0.46,50,,0.335
PV2DV,2,lgbm,0.2,TargetPAC-100,0.14368890224358974,0.3916809171012676,0.095,100,,0.035
PV2DV,2,lgbm,0.2,Target-100,0.1993284254807692,0.480091471376025,0.53,100,,0.295
PV2DV,2,lgbm,0.2,TargetPAC-200,0.16352564102564102,0.4275672419067231,0.115,200,,0.035
PV2DV,2,lgbm,0.2,Target-200,0.2008738982371795,0.48399918675530285,0.505,200,,0.265
PV2DV,2,lgbm,0.2,TargetPAC-400,0.17549028445512818,0.4482761077661138,0.115,400,,0.02
PV2DV,2,lgbm,0.2,Target-400,0.20203926282051285,0.4865622132193299,0.57,400,,0.185
PV2DV,2,lgbm,0.2,TargetPAC-all,0.19631410256410262,0.47768053659228094,0.0,3422,,0.0
PV2DV,2,lgbm,0.2,Target-all,0.20382612179487183,0.48855861703635733,1.0,3422,,0.0
PV2DV,2,ens,0.02,ID-all,0.06270032051282051,0.23597525945490222,1.0,893,0.23056543324862894,
PV2DV,2,ens,0.02,ID,0.059637920673076925,0.22518689706112766,0.96,300,,0.855
PV2DV,2,ens,0.02,ID-PAC,0.025116185897435896,0.11419693951399303,0.335,300,,0.18
PV2DV,2,ens,0.02,Weighted,0.049652777777777775,0.188179351543051,0.8666666666666667,300,,0.7166666666666667
PV2DV,2,ens,0.02,TargetPAC-25,0.0,0.0,0.0,25,,0.0
PV2DV,2,ens,0.02,Target-25,0.0,0.0,0.0,25,,0.0
PV2DV,2,ens,0.02,TargetPAC-50,0.0,0.0,0.0,50,,0.0
PV2DV,2,ens,0.02,Target-50,0.021561999198717947,0.09587610328953751,0.37,50,,0.145
PV2DV,2,ens,0.02,TargetPAC-100,0.0,0.0,0.0,100,,0.0
PV2DV,2,ens,0.02,Target-100,0.02245592948717949,0.10467030015444187,0.445,100,,0.12
PV2DV,2,ens,0.02,TargetPAC-200,0.011223958333333334,0.05700214875663093,0.07,200,,0.0
PV2DV,2,ens,0.02,Target-200,0.020138221153846156,0.09802489722526879,0.385,200,,0.035
PV2DV,2,ens,0.02,TargetPAC-400,0.013638321314102564,0.06950753930060956,0.05,400,,0.0
PV2DV,2,ens,0.02,Target-400,0.02108874198717949,0.10406152308048139,0.45,400,,0.015
PV2DV,2,ens,0.02,TargetPAC-all,0.01712740384615385,0.08780058344711296,0.0,3422,,0.0
PV2DV,2,ens,0.02,Target-all,0.01953125,0.10180480635076958,0.0,3422,,0.0
PV2DV,2,ens,0.05,ID-all,0.11318108974358974,0.3478374405921018,1.0,893,0.23056543324862894,
PV2DV,2,ens,0.05,ID,0.11500901442307691,0.35080358275324364,1.0,300,,1.0
PV2DV,2,ens,0.05,ID-PAC,0.08406099759615387,0.28705090613365564,1.0,300,,0.8
PV2DV,2,ens,0.05,Weighted,0.111071047008547,0.3409259798106408,1.0,300,,0.9833333333333333
PV2DV,2,ens,0.05,TargetPAC-25,0.0,0.0,0.0,25,,0.0
PV2DV,2,ens,0.05,Target-25,0.04087239583333333,0.1554379583827622,0.3,25,,0.185
PV2DV,2,ens,0.05,TargetPAC-50,0.02004306891025641,0.08945867000917698,0.07,50,,0.04
PV2DV,2,ens,0.05,Target-50,0.03834084535256411,0.15711891278883244,0.24,50,,0.125
PV2DV,2,ens,0.05,TargetPAC-100,0.01974358974358974,0.09364314971909483,0.015,100,,0.01
PV2DV,2,ens,0.05,Target-100,0.0495703125,0.19582014608560705,0.435,100,,0.16
PV2DV,2,ens,0.05,TargetPAC-200,0.03172726362179487,0.14220669098939798,0.085,200,,0.005
PV2DV,2,ens,0.05,Target-200,0.05022786458333334,0.2007496027038521,0.475,200,,0.125
PV2DV,2,ens,0.05,TargetPAC-400,0.03769230769230769,0.16384355111877105,0.08,400,,0.0
PV2DV,2,ens,0.05,Target-400,0.051505408653846146,0.20600122359752596,0.495,400,,0.065
PV2DV,2,ens,0.05,TargetPAC-all,0.04557291666666666,0.19363430848087382,0.0,3422,,0.0
PV2DV,2,ens,0.05,Target-all,0.05028044871794871,0.20694466205579304,1.0,3422,,0.0
PV2DV,2,ens,0.1,ID-all,0.21875,0.527333228879886,1.0,893,0.23056543324862894,
PV2DV,2,ens,0.1,ID,0.21692608173076924,0.522061388783192,1.0,300,,1.0
PV2DV,2,ens,0.1,ID-PAC,0.1697821514423077,0.4479624489856824,1.0,300,,0.975
PV2DV,2,ens,0.1,Weighted,0.21470519497863252,0.5137539076780745,1.0,300,,1.0
PV2DV,2,ens,0.1,TargetPAC-25,0.04120643028846154,0.1577294431885161,0.07,25,,0.04
PV2DV,2,ens,0.1,Target-25,0.07936748798076923,0.2609280688795875,0.275,25,,0.215
PV2DV,2,ens,0.1,TargetPAC-50,0.03940154246794871,0.15914430243749578,0.035,50,,0.01
PV2DV,2,ens,0.1,Target-50,0.09463641826923076,0.3025511635367938,0.385,50,,0.255
PV2DV,2,ens,0.1,TargetPAC-100,0.06113731971153847,0.22870168095440607,0.055,100,,0.015
PV2DV,2,ens,0.1,Target-100,0.09840845352564102,0.3143390335071737,0.39,100,,0.205
PV2DV,2,ens,0.1,TargetPAC-200,0.07511268028846153,0.2647936298319046,0.105,200,,0.025
PV2DV,2,ens,0.1,Target-200,0.09764122596153847,0.31563712872395194,0.355,200,,0.18
PV2DV,2,ens,0.1,TargetPAC-400,0.08073517628205128,0.27958032097052177,0.085,400,,0.005
PV2DV,2,ens,0.1,Target-400,0.09834034455128204,0.318312144205445,0.385,400,,0.08
PV2DV,2,ens,0.1,TargetPAC-all,0.09224759615384617,0.30742141743328044,0.0,3422,,0.0
PV2DV,2,ens,0.1,Target-all,0.0988581730769231,0.3208959121397288,0.0,3422,,0.0
PV2DV,2,ens,0.2,ID-all,0.3658854166666667,0.6874752855682641,1.0,893,0.23056543324862894,
PV2DV,2,ens,0.2,ID,0.36686247996794874,0.6853586110675889,1.0,300,,1.0
PV2DV,2,ens,0.2,ID-PAC,0.3230233373397436,0.6429806910341638,1.0,300,,1.0
PV2DV,2,ens,0.2,Weighted,0.3574886485042734,0.6754156376758612,1.0,300,,1.0
PV2DV,2,ens,0.2,TargetPAC-25,0.11782001201923077,0.3428115510590834,0.12,25,,0.075
PV2DV,2,ens,0.2,Target-25,0.19097105368589745,0.4685856257134543,0.44,25,,0.305
PV2DV,2,ens,0.2,TargetPAC-50,0.11972806490384617,0.35548164230663054,0.035,50,,0.015
PV2DV,2,ens,0.2,Target-50,0.19703375400641027,0.48515067409778334,0.455,50,,0.33
PV2DV,2,ens,0.2,TargetPAC-100,0.14880508814102564,0.4105173803075408,0.07,100,,0.025
PV2DV,2,ens,0.2,Target-100,0.19454276842948715,0.486060165185666,0.405,100,,0.2
PV2DV,2,ens,0.2,TargetPAC-200,0.1637560096153846,0.43765225955189463,0.065,200,,0.015
PV2DV,2,ens,0.2,Target-200,0.19480919471153846,0.4882369004185599,0.345,200,,0.17
PV2DV,2,ens,0.2,TargetPAC-400,0.17237329727564102,0.4527653304086368,0.08,400,,0.015
PV2DV,2,ens,0.2,Target-400,0.19801482371794873,0.49479657691131157,0.43,400,,0.11
PV2DV,2,ens,0.2,TargetPAC-all,0.1896033653846154,0.4812991024464489,0.0,3422,,0.0
PV2DV,2,ens,0.2,Target-all,0.19731570512820512,0.493937969574203,0.0,3422,,0.0
