scenario,seed,model,alpha,regime,miss,clear,viol,ncal,ks,viol2
BV-P,0,lr,0.02,ID-all,0.05007153075822604,0.09845758354755783,1.0,1075,0.3241334797218618,
BV-P,0,lr,0.02,ID,0.04622317596566524,0.09339717223650386,0.995,300,,0.61
BV-P,0,lr,0.02,ID-PAC,0.023762517882689557,0.04226349614395887,0.6,300,,0.09
BV-P,0,lr,0.02,Weighted,0.04349070100143062,0.0746229648671808,1.0,300,,0.6333333333333333
BV-P,0,lr,0.02,TargetPAC-25,0.0,0.0,0.0,25,,0.0
BV-P,0,lr,0.02,Target-25,0.0,0.0,0.0,25,,0.0
BV-P,0,lr,0.02,TargetPAC-50,0.0,0.0,0.0,50,,0.0
BV-P,0,lr,0.02,Target-50,0.01407725321888412,0.02726435304198801,0.155,50,,0.135
BV-P,0,lr,0.02,TargetPAC-100,0.0,0.0,0.0,100,,0.0
BV-P,0,lr,0.02,Target-100,0.013419170243204577,0.023797343616109683,0.145,100,,0.105
BV-P,0,lr,0.02,TargetPAC-200,0.005722460658082975,0.00699828620394173,0.0,200,,0.0
BV-P,0,lr,0.02,Target-200,0.006330472103004292,0.009727506426735219,0.005,200,,0.0
BV-P,0,lr,0.02,TargetPAC-all,0.005722460658082975,0.006940874035989714,0.0,224,,0.0
BV-P,0,lr,0.02,Target-all,0.005722460658082975,0.008311910882604969,0.0,224,,0.0
BV-P,0,lr,0.05,ID-all,0.11015736766809728,0.23838903170522707,1.0,1075,0.3241334797218618,
BV-P,0,lr,0.05,ID,0.1021244635193133,0.2273431876606684,1.0,300,,0.98
BV-P,0,lr,0.05,ID-PAC,0.07180257510729614,0.15992716366752358,0.985,300,,0.54
BV-P,0,lr,0.05,Weighted,0.0905102527420124,0.19806626678091974,1.0,300,,0.9666666666666667
BV-P,0,lr,0.05,TargetPAC-25,0.0,0.0,0.0,25,,0.0
BV-P,0,lr,0.05,Target-25,0.03412732474964235,0.07137874892887747,0.345,25,,0.255
BV-P,0,lr,0.05,TargetPAC-50,0.012575107296137337,0.024060411311053985,0.095,50,,0.07
BV-P,0,lr,0.05,Target-50,0.03785407725321888,0.07883461868037704,0.41,50,,0.265
BV-P,0,lr,0.05,TargetPAC-100,0.012918454935622317,0.022574978577549275,0.08,100,,0.03
BV-P,0,lr,0.05,Target-100,0.056974248927038625,0.12328663239074551,0.72,100,,0.51
BV-P,0,lr,0.05,TargetPAC-200,0.016194563662374827,0.026555698371893744,0.02,200,,0.0
BV-P,0,lr,0.05,Target-200,0.06738197424892704,0.14622793487574978,1.0,200,,0.69
BV-P,0,lr,0.05,TargetPAC-all,0.015736766809728183,0.025706940874035987,0.0,224,,0.0
BV-P,0,lr,0.05,Target-all,0.07296137339055797,0.16143958868894598,1.0,224,,1.0
BV-P,0,lr,0.1,ID-all,0.17453505007153075,0.3588688946015424,1.0,1075,0.3241334797218618,
BV-P,0,lr,0.1,ID,0.17325464949928474,0.3613877463581834,1.0,300,,1.0
BV-P,0,lr,0.1,ID-PAC,0.1380472103004292,0.3000381319622965,1.0,300,,0.885
BV-P,0,lr,0.1,Weighted,0.1888412017167382,0.3975364181662383,1.0,300,,0.9666666666666667
BV-P,0,lr,0.1,TargetPAC-25,0.032532188841201716,0.0684044558697515,0.085,25,,0.04
BV-P,0,lr,0.1,Target-25,0.09506437768240343,0.20345801199657243,0.44,25,,0.3
BV-P,0,lr,0.1,TargetPAC-50,0.03758226037195994,0.07845115681233933,0.055,50,,0.005
BV-P,0,lr,0.1,Target-50,0.11733905579399143,0.2542180805484147,0.675,50,,0.395
BV-P,0,lr,0.1,TargetPAC-100,0.07150214592274678,0.1575522707797772,0.1,100,,0.005
BV-P,0,lr,0.1,Target-100,0.11710300429184549,0.25620736932305055,0.78,100,,0.37
BV-P,0,lr,0.1,TargetPAC-200,0.08594420600858371,0.1986949443016281,0.105,200,,0.0
BV-P,0,lr,0.1,Target-200,0.11064377682403435,0.2427382176520994,1.0,200,,0.075
BV-P,0,lr,0.1,TargetPAC-all,0.09012875536480688,0.20736932305055691,0.0,224,,0.0
BV-P,0,lr,0.1,Target-all,0.11158798283261805,0.24250214224507274,1.0,224,,0.0
BV-P,0,lr,0.2,ID-all,0.32761087267525035,0.6146529562982005,1.0,1075,0.3241334797218618,
BV-P,0,lr,0.2,ID,0.3235908440629471,0.6128676092544987,1.0,300,,1.0
BV-P,0,lr,0.2,ID-PAC,0.2764806866952789,0.5492287917737789,1.0,300,,1.0
BV-P,0,lr,0.2,Weighted,0.38600381497377206,0.6874035989717224,1.0,300,,1.0
BV-P,0,lr,0.2,TargetPAC-25,0.13025751072961372,0.27782390745501284,0.135,25,,0.055
BV-P,0,lr,0.2,Target-25,0.1998354792560801,0.40813753213367604,0.47,25,,0.305
BV-P,0,lr,0.2,TargetPAC-50,0.13223891273247496,0.28425621251071126,0.05,50,,0.005
BV-P,0,lr,0.2,Target-50,0.20165951359084405,0.4141062553556127,0.54,50,,0.245
BV-P,0,lr,0.2,TargetPAC-100,0.16741058655221747,0.3513607540702657,0.145,100,,0.005
BV-P,0,lr,0.2,Target-100,0.20457796852646637,0.4201872322193659,0.705,100,,0.16
BV-P,0,lr,0.2,TargetPAC-200,0.18513590844062947,0.37861353898886035,0.03,200,,0.0
BV-P,0,lr,0.2,Target-200,0.20573676680972816,0.4223611825192801,0.995,200,,0.015
BV-P,0,lr,0.2,TargetPAC-all,0.1888412017167382,0.38714652956298196,0.0,224,,0.0
BV-P,0,lr,0.2,Target-all,0.20600858369098718,0.42330762639245917,1.0,224,,0.0
BV-P,0,svm,0.02,ID-all,0.05722460658082976,0.09768637532133675,1.0,1075,0.3079029843297734,
BV-P,0,svm,0.02,ID,0.05615164520743919,0.09811096829477294,1.0,300,,0.995
BV-P,0,svm,0.02,ID-PAC,0.03927753934191703,0.05580291345329906,0.97,300,,0.59
BV-P,0,svm,0.02,Weighted,0.04334763948497853,0.06500428449014567,1.0,300,,0.7166666666666667
BV-P,0,svm,0.02,TargetPAC-25,0.0,0.0,0.0,25,,0.0
BV-P,0,svm,0.02,Target-25,0.0,0.0,0.0,25,,0.0
BV-P,0,svm,0.02,TargetPAC-50,0.0,0.0,0.0,50,,0.0
BV-P,0,svm,0.02,Target-50,0.014799713876967097,0.024222793487574976,0.115,50,,0.115
BV-P,0,svm,0.02,TargetPAC-100,0.0,0.0,0.0,100,,0.0
BV-P,0,svm,0.02,Target-100,0.01113733905579399,0.014625107112253644,0.04,100,,0.04
BV-P,0,svm,0.02,TargetPAC-200,0.004835479256080116,0.0043436161096829465,0.0,200,,0.0
BV-P,0,svm,0.02,Target-200,0.008855507868383404,0.009221079691516712,0.0,200,,0.0
BV-P,0,svm,0.02,TargetPAC-all,0.004291845493562233,0.0037703513281919445,0.0,224,,0.0
BV-P,0,svm,0.02,Target-all,0.007153075822603717,0.007112253641816626,0.0,224,,0.0
BV-P,0,svm,0.05,ID-all,0.10586552217453506,0.21216795201371036,1.0,1075,0.3079029843297734,
BV-P,0,svm,0.05,ID,0.10555078683834049,0.2163341902313625,1.0,300,,0.985
BV-P,0,svm,0.05,ID-PAC,0.0809585121602289,0.15881876606683804,0.99,300,,0.685
BV-P,0,svm,0.05,Weighted,0.09222699093943729,0.19410596972293628,1.0,300,,0.9666666666666667
BV-P,0,svm,0.05,TargetPAC-25,0.0,0.0,0.0,25,,0.0
BV-P,0,svm,0.05,Target-25,0.049284692417739626,0.09606512425021424,0.46,25,,0.385
BV-P,0,svm,0.05,TargetPAC-50,0.014413447782546496,0.023231362467866324,0.105,50,,0.065
BV-P,0,svm,0.05,Target-50,0.045536480686695274,0.08621465295629821,0.425,50,,0.33
BV-P,0,svm,0.05,TargetPAC-100,0.013090128755364807,0.018769065981148244,0.08,100,,0.03
BV-P,0,svm,0.05,Target-100,0.0655507868383405,0.12735047129391602,0.76,100,,0.545
BV-P,0,svm,0.05,TargetPAC-200,0.014814020028612304,0.01947215081405313,0.03,200,,0.0
BV-P,0,svm,0.05,Target-200,0.07296852646638055,0.14365381319622966,1.0,200,,0.61
BV-P,0,svm,0.05,TargetPAC-all,0.015736766809728183,0.021422450728363324,0.0,224,,0.0
BV-P,0,svm,0.05,Target-all,0.07582260371959944,0.14455869751499573,1.0,224,,1.0
BV-P,0,svm,0.1,ID-all,0.17310443490701002,0.3525278491859469,1.0,1075,0.3079029843297734,
BV-P,0,svm,0.1,ID,0.1720314735336195,0.3545715509854327,1.0,300,,1.0
BV-P,0,svm,0.1,ID-PAC,0.13864091559370528,0.2949725792630677,1.0,300,,0.89
BV-P,0,svm,0.1,Weighted,0.20262279446828804,0.40174521565267063,1.0,300,,0.9833333333333333
BV-P,0,svm,0.1,TargetPAC-25,0.04257510729613734,0.08173350471293916,0.21,25,,0.08
BV-P,0,svm,0.1,Target-25,0.08972103004291845,0.1818020565552699,0.54,25,,0.235
BV-P,0,svm,0.1,TargetPAC-50,0.04228898426323319,0.07894344473007713,0.16,50,,0.01
BV-P,0,svm,0.1,Target-50,0.12104434907010013,0.2514207369323051,0.84,50,,0.445
BV-P,0,svm,0.1,TargetPAC-100,0.085379113018598,0.17175064267352183,0.42,100,,0.015
BV-P,0,svm,0.1,Target-100,0.12010729613733906,0.25255998286203946,0.98,100,,0.425
BV-P,0,svm,0.1,TargetPAC-200,0.10771101573676681,0.2215621251071123,1.0,200,,0.0
BV-P,0,svm,0.1,Target-200,0.12018597997138769,0.25346658097686375,1.0,200,,0.425
BV-P,0,svm,0.1,TargetPAC-all,0.10586552217453506,0.2193658954584405,1.0,224,,0.0
BV-P,0,svm,0.1,Target-all,0.11587982832618023,0.2472150814053128,1.0,224,,0.0
BV-P,0,svm,0.2,ID-all,0.31759656652360513,0.593573264781491,1.0,1075,0.3079029843297734,
BV-P,0,svm,0.2,ID,0.3142703862660944,0.5884995715509854,1.0,300,,1.0
BV-P,0,svm,0.2,ID-PAC,0.26984263233190275,0.5230621251071123,0.995,300,,0.985
BV-P,0,svm,0.2,Weighted,0.37846924177396274,0.6747614967152242,1.0,300,,1.0
BV-P,0,svm,0.2,TargetPAC-25,0.1392489270386266,0.2835291345329906,0.16,25,,0.075
BV-P,0,svm,0.2,Target-25,0.2068097281831187,0.40886161096829476,0.495,25,,0.39
BV-P,0,svm,0.2,TargetPAC-50,0.13718884120171673,0.2846379605826907,0.07,50,,0.02
BV-P,0,svm,0.2,Target-50,0.21580114449213159,0.42815638389031707,0.675,50,,0.385
BV-P,0,svm,0.2,TargetPAC-100,0.16986409155937054,0.3494832904884319,0.145,100,,0.015
BV-P,0,svm,0.2,Target-100,0.21214592274678112,0.4218898886032562,0.715,100,,0.345
BV-P,0,svm,0.2,TargetPAC-200,0.1840271816881259,0.3751898029134533,0.03,200,,0.0
BV-P,0,svm,0.2,Target-200,0.21493562231759655,0.42205741216795195,1.0,200,,0.075
BV-P,0,svm,0.2,TargetPAC-all,0.18741058655221746,0.38191945158526147,0.0,224,,0.0
BV-P,0,svm,0.2,Target-all,0.2131616595135908,0.41962296486718087,1.0,224,,0.0
BV-P,0,lgbm,0.02,ID-all,0.04148783977110158,0.08209083119108826,1.0,1075,0.19822603719599427,
BV-P,0,lgbm,0.02,ID,0.037095851216022886,0.07885946872322194,0.94,300,,0.465
BV-P,0,lgbm,0.02,ID-PAC,0.014377682403433477,0.03381833761782348,0.365,300,,0.06
BV-P,0,lgbm,0.02,Weighted,0.026347162613257032,0.050231362467866324,0.8833333333333333,300,,0.016666666666666666
BV-P,0,lgbm,0.02,TargetPAC-25,0.0,0.0,0.0,25,,0.0
BV-P,0,lgbm,0.02,Target-25,0.0,0.0,0.0,25,,0.0
BV-P,0,lgbm,0.02,TargetPAC-50,0.0,0.0,0.0,50,,0.0
BV-P,0,lgbm,0.02,Target-50,0.024456366237482118,0.05509211653813196,0.4,50,,0.34
BV-P,0,lgbm,0.02,TargetPAC-100,0.0,0.0,0.0,100,,0.0
BV-P,0,lgbm,0.02,Target-100,0.02216738197424893,0.049997000856898025,0.405,100,,0.255
BV-P,0,lgbm,0.02,TargetPAC-200,0.0033547925608011435,0.0148337617823479,0.005,200,,0.0
BV-P,0,lgbm,0.02,Target-200,0.02310443490701001,0.053326478149100257,0.405,200,,0.09
BV-P,0,lgbm,0.02,TargetPAC-all,0.0014306151645207437,0.011396743787489285,0.0,224,,0.0
BV-P,0,lgbm,0.02,Target-all,0.014306151645207434,0.03907455012853471,0.0,224,,0.0
BV-P,0,lgbm,0.05,ID-all,0.08583690987124463,0.175235646958012,1.0,1075,0.19822603719599427,
BV-P,0,lgbm,0.05,ID,0.08261802575107297,0.17517523564695803,1.0,300,,0.82
BV-P,0,lgbm,0.05,ID-PAC,0.05803290414878399,0.12261353898886032,0.795,300,,0.185
BV-P,0,lgbm,0.05,Weighted,0.06103958035288507,0.1548286203941731,0.7333333333333333,300,,0.3
BV-P,0,lgbm,0.05,TargetPAC-25,0.0,0.0,0.0,25,,0.0
BV-P,0,lgbm,0.05,Target-25,0.039892703862660944,0.08725021422450727,0.34,25,,0.165
BV-P,0,lgbm,0.05,TargetPAC-50,0.022389127324749642,0.05109125964010283,0.145,50,,0.06
BV-P,0,lgbm,0.05,Target-50,0.05030042918454936,0.10729134532990575,0.45,50,,0.235
BV-P,0,lgbm,0.05,TargetPAC-100,0.023090128755364807,0.05196486718080549,0.075,100,,0.015
BV-P,0,lgbm,0.05,Target-100,0.06228183118741059,0.13094473007712082,0.74,100,,0.32
BV-P,0,lgbm,0.05,TargetPAC-200,0.04315450643776825,0.08715766923736075,0.035,200,,0.0
BV-P,0,lgbm,0.05,Target-200,0.06060085836909872,0.1285865467009426,1.0,200,,0.13
BV-P,0,lgbm,0.05,TargetPAC-all,0.044349070100143065,0.08920308483290487,0.0,224,,0.0
BV-P,0,lgbm,0.05,Target-all,0.05865522174535052,0.12544987146529563,1.0,224,,0.0
BV-P,0,lgbm,0.1,ID-all,0.13590844062947066,0.3166238217652099,1.0,1075,0.19822603719599427,
BV-P,0,lgbm,0.1,ID,0.135829756795422,0.3129884318766067,0.99,300,,0.96
BV-P,0,lgbm,0.1,ID-PAC,0.1161444921316166,0.263487146529563,0.86,300,,0.605
BV-P,0,lgbm,0.1,Weighted,0.14101096804959468,0.3168266209654385,0.85,300,,0.7166666666666667
BV-P,0,lgbm,0.1,TargetPAC-25,0.04350500715307582,0.09526735218508996,0.09,25,,0.02
BV-P,0,lgbm,0.1,Target-25,0.0828755364806867,0.1807609254498715,0.355,25,,0.12
BV-P,0,lgbm,0.1,TargetPAC-50,0.04651645207439199,0.09908183376178234,0.035,50,,0.0
BV-P,0,lgbm,0.1,Target-50,0.1002002861230329,0.22185818337617824,0.575,50,,0.11
BV-P,0,lgbm,0.1,TargetPAC-100,0.07139484978540772,0.15181362467866324,0.1,100,,0.0
BV-P,0,lgbm,0.1,Target-100,0.10422031473533618,0.23198500428449015,0.67,100,,0.085
BV-P,0,lgbm,0.1,TargetPAC-200,0.0881187410586552,0.18588774635818336,0.02,200,,0.0
BV-P,0,lgbm,0.1,Target-200,0.10535050071530758,0.2382437874892888,1.0,200,,0.0
BV-P,0,lgbm,0.1,TargetPAC-all,0.08726752503576538,0.18560411311053981,0.0,224,,0.0
BV-P,0,lgbm,0.1,Target-all,0.10443490701001433,0.23744644387317904,1.0,224,,0.0
BV-P,0,lgbm,0.2,ID-all,0.25894134477825465,0.5076263924592973,1.0,1075,0.19822603719599427,
BV-P,0,lgbm,0.2,ID,0.25175250357653794,0.5010295629820051,0.96,300,,0.9
BV-P,0,lgbm,0.2,ID-PAC,0.20965665236051506,0.45236675235646956,0.575,300,,0.285
BV-P,0,lgbm,0.2,Weighted,0.2924654268001907,0.5487489288774636,0.9833333333333333,300,,0.9833333333333333
BV-P,0,lgbm,0.2,TargetPAC-25,0.11462804005722461,0.2538350471293916,0.04,25,,0.035
BV-P,0,lgbm,0.2,Target-25,0.17854792560801144,0.38502999143101974,0.315,25,,0.265
BV-P,0,lgbm,0.2,TargetPAC-50,0.11623032904148783,0.26163067694944303,0.0,50,,0.0
BV-P,0,lgbm,0.2,Target-50,0.17810443490701006,0.39442330762639244,0.23,50,,0.155
BV-P,0,lgbm,0.2,TargetPAC-100,0.13547925608011444,0.31004970008568977,0.0,100,,0.0
BV-P,0,lgbm,0.2,Target-100,0.17979971387696708,0.4044061696658098,0.15,100,,0.085
BV-P,0,lgbm,0.2,TargetPAC-200,0.1578755364806867,0.3633354755784061,0.0,200,,0.0
BV-P,0,lgbm,0.2,Target-200,0.179549356223176,0.4081739502999143,0.0,200,,0.0
BV-P,0,lgbm,0.2,TargetPAC-all,0.16309012875536477,0.37720651242502146,0.0,224,,0.0
BV-P,0,lgbm,0.2,Target-all,0.17739628040057226,0.4053984575835476,0.0,224,,0.0
BV-P,0,ens,0.02,ID-all,0.03719599427753934,0.09408740359897172,1.0,1075,0.2737731643211232,
BV-P,0,ens,0.02,ID,0.03693848354792561,0.08791988003427592,1.0,300,,0.385
BV-P,0,ens,0.02,ID-PAC,0.020844062947067244,0.04643658954584404,0.7,300,,0.03
BV-P,0,ens,0.02,Weighted,0.034191702432045785,0.06607255069980006,0.9833333333333333,300,,0.2833333333333333
BV-P,0,ens,0.02,TargetPAC-25,0.0,0.0,0.0,25,,0.0
BV-P,0,ens,0.02,Target-25,0.0,0.0,0.0,25,,0.0
BV-P,0,ens,0.02,TargetPAC-50,0.0,0.0,0.0,50,,0.0
BV-P,0,ens,0.02,Target-50,0.019470672389127322,0.04292673521850899,0.33,50,,0.255
BV-P,0,ens,0.02,TargetPAC-100,0.0,0.0,0.0,100,,0.0
BV-P,0,ens,0.02,Target-100,0.014577968526466381,0.03171765209940017,0.255,100,,0.17
BV-P,0,ens,0.02,TargetPAC-200,0.003240343347639485,0.004473007712082262,0.0,200,,0.0
BV-P,0,ens,0.02,Target-200,0.01007868383404864,0.021170522707797776,0.105,200,,0.04
BV-P,0,ens,0.02,TargetPAC-all,0.0028612303290414874,0.0040274207369323045,0.0,224,,0.0
BV-P,0,ens,0.02,Target-all,0.005722460658082975,0.011996572407883464,0.0,224,,0.0
BV-P,0,ens,0.05,ID-all,0.11158798283261803,0.21491002570694087,1.0,1075,0.2737731643211232,
BV-P,0,ens,0.05,ID,0.10992131616595134,0.22643187660668382,0.995,300,,0.95
BV-P,0,ens,0.05,ID-PAC,0.06917739628040058,0.15451113967437874,0.86,300,,0.4
BV-P,0,ens,0.05,Weighted,0.08760133524082024,0.2002627820622679,1.0,300,,0.85
BV-P,0,ens,0.05,TargetPAC-25,0.0,0.0,0.0,25,,0.0
BV-P,0,ens,0.05,Target-25,0.039170243204577966,0.08516281062553556,0.33,25,,0.2
BV-P,0,ens,0.05,TargetPAC-50,0.018912732474964233,0.040669665809768635,0.115,50,,0.06
BV-P,0,ens,0.05,Target-50,0.04457796852646638,0.09985389888603256,0.345,50,,0.195
BV-P,0,ens,0.05,TargetPAC-100,0.014427753934191703,0.03139160239931448,0.025,100,,0.015
BV-P,0,ens,0.05,Target-100,0.058547925608011454,0.13267866323907454,0.605,100,,0.27
BV-P,0,ens,0.05,TargetPAC-200,0.034334763948497854,0.0832797772065124,0.0,200,,0.0
BV-P,0,ens,0.05,Target-200,0.059585121602288994,0.13782305055698374,1.0,200,,0.14
BV-P,0,ens,0.05,TargetPAC-all,0.044349070100143065,0.10479862896315335,0.0,224,,0.0
BV-P,0,ens,0.05,Target-all,0.05865522174535052,0.13598971722365039,1.0,224,,0.0
BV-P,0,ens,0.1,ID-all,0.1688125894134478,0.3885175664095973,1.0,1075,0.2737731643211232,
BV-P,0,ens,0.1,ID,0.17296137339055798,0.391977292202228,1.0,300,,1.0
BV-P,0,ens,0.1,ID-PAC,0.14944921316165952,0.3251923736075408,1.0,300,,0.985
BV-P,0,ens,0.1,Weighted,0.17615641392465428,0.3885047129391602,0.9833333333333333,300,,0.95
BV-P,0,ens,0.1,TargetPAC-25,0.04525751072961373,0.09805141388174808,0.14,25,,0.09
BV-P,0,ens,0.1,Target-25,0.09180972818311876,0.19912853470437017,0.425,25,,0.32
BV-P,0,ens,0.1,TargetPAC-50,0.045064377682403435,0.09922750642673522,0.075,50,,0.05
BV-P,0,ens,0.1,Target-50,0.11778254649499285,0.2508320479862896,0.66,50,,0.465
BV-P,0,ens,0.1,TargetPAC-100,0.07147353361945638,0.15697172236503856,0.11,100,,0.01
BV-P,0,ens,0.1,Target-100,0.1288841201716738,0.269761353898886,0.87,100,,0.62
BV-P,0,ens,0.1,TargetPAC-200,0.09455650929899857,0.19255826906598117,0.245,200,,0.0
BV-P,0,ens,0.1,Target-200,0.12861230329041487,0.2666580976863753,1.0,200,,0.73
BV-P,0,ens,0.1,TargetPAC-all,0.0915593705293276,0.18748928877463583,0.0,224,,0.0
BV-P,0,ens,0.1,Target-all,0.12303290414878403,0.24592973436161095,1.0,224,,1.0
BV-P,0,ens,0.2,ID-all,0.2875536480686695,0.5983718937446444,1.0,1075,0.2737731643211232,
BV-P,0,ens,0.2,ID,0.29409155937052933,0.599977292202228,1.0,300,,0.99
BV-P,0,ens,0.2,ID-PAC,0.25743919885550787,0.5427506426735218,0.98,300,,0.94
BV-P,0,ens,0.2,Weighted,0.3552455889365761,0.6601628106255355,1.0,300,,1.0
BV-P,0,ens,0.2,TargetPAC-25,0.13129470672389126,0.2842253641816624,0.065,25,,0.05
BV-P,0,ens,0.2,Target-25,0.18879113018597998,0.4104820051413881,0.345,25,,0.3
BV-P,0,ens,0.2,TargetPAC-50,0.13160944206008585,0.28259125964010284,0.005,50,,0.0
BV-P,0,ens,0.2,Target-50,0.1969241773962804,0.4345389888603256,0.395,50,,0.315
BV-P,0,ens,0.2,TargetPAC-100,0.15789699570815452,0.34946186803770346,0.01,100,,0.0
BV-P,0,ens,0.2,Target-100,0.1901859799713877,0.42951799485861186,0.265,100,,0.15
BV-P,0,ens,0.2,TargetPAC-200,0.16542918454935623,0.3751615252784919,0.0,200,,0.0
BV-P,0,ens,0.2,Target-200,0.18856938483547925,0.42953341902313624,0.04,200,,0.0
BV-P,0,ens,0.2,TargetPAC-all,0.16738197424892703,0.3782347900599828,0.0,224,,0.0
BV-P,0,ens,0.2,Target-all,0.19313304721030045,0.4312767780634105,0.0,224,,0.0
BV-P,1,lr,0.02,ID-all,0.03926482873851295,0.10724391624221845,1.0,722,0.4412126808248692,
BV-P,1,lr,0.02,ID,0.04151629072681704,0.11015976666231335,0.98,300,,0.395
BV-P,1,lr,0.02,ID-PAC,0.019450710108604843,0.05818597361891079,0.39,300,,0.02
BV-P,1,lr,0.02,Weighted,0.02119883040935672,0.026955726785947497,0.48333333333333334,300,,0.05
BV-P,1,lr,0.02,TargetPAC-25,0.0,0.0,0.0,25,,0.0
BV-P,1,lr,0.02,Target-25,0.0,0.0,0.0,25,,0.0
BV-P,1,lr,0.02,TargetPAC-50,0.0,0.0,0.0,50,,0.0
BV-P,1,lr,0.02,Target-50,0.027896825396825396,0.07553338992642898,0.59,50,,0.225
BV-P,1,lr,0.02,TargetPAC-100,0.0,0.0,0.0,100,,0.0
BV-P,1,lr,0.02,Target-100,0.028126566416040097,0.07720691306429847,0.635,100,,0.2
BV-P,1,lr,0.02,TargetPAC-200,0.012502088554720132,0.03945191763527926,0.25,200,,0.025
BV-P,1,lr,0.02,Target-200,0.027147034252297406,0.0756137085890906,0.705,200,,0.145
BV-P,1,lr,0.02,TargetPAC-400,0.015870927318295737,0.04883059074485221,0.345,400,,0.0
BV-P,1,lr,0.02,Target-400,0.03130743525480367,0.08589787122894084,0.97,400,,0.07
BV-P,1,lr,0.02,TargetPAC-all,0.023391812865497075,0.0672369509381394,1.0,775,,0.0
BV-P,1,lr,0.02,Target-all,0.02882205513784462,0.07973096512994647,1.0,775,,0.0
BV-P,1,lr,0.05,ID-all,0.14661654135338345,0.31420051369117585,1.0,722,0.4412126808248692,
BV-P,1,lr,0.05,ID,0.14104010025062658,0.3011314265813417,1.0,300,,0.975
BV-P,1,lr,0.05,ID-PAC,0.08459690893901421,0.19895531322101778,0.925,300,,0.535
BV-P,1,lr,0.05,Weighted,0.0701058201058201,0.09185893808134896,0.6666666666666666,300,,0.48333333333333334
BV-P,1,lr,0.05,TargetPAC-25,0.0,0.0,0.0,25,,0.0
BV-P,1,lr,0.05,Target-25,0.05545739348370927,0.13146380218536413,0.445,25,,0.375
BV-P,1,lr,0.05,TargetPAC-50,0.027424812030075185,0.07361727830743112,0.18,50,,0.085
BV-P,1,lr,0.05,Target-50,0.05749791144527986,0.1406479909451047,0.505,50,,0.4
BV-P,1,lr,0.05,TargetPAC-100,0.030284043441938177,0.0816704758173349,0.16,100,,0.085
BV-P,1,lr,0.05,Target-100,0.06816624895572262,0.165560706978364,0.72,100,,0.52
BV-P,1,lr,0.05,TargetPAC-200,0.043400167084377606,0.11376224369857646,0.235,200,,0.09
BV-P,1,lr,0.05,Target-200,0.07442564745196323,0.17890448826781594,0.915,200,,0.725
BV-P,1,lr,0.05,TargetPAC-400,0.05594611528822055,0.14325573549257758,0.72,400,,0.2
BV-P,1,lr,0.05,Target-400,0.07444026733500417,0.17968797614383356,0.995,400,,0.815
BV-P,1,lr,0.05,TargetPAC-all,0.06182121971595656,0.15850420094902273,1.0,775,,0.0
BV-P,1,lr,0.05,Target-all,0.07351712614870509,0.1781594183971094,1.0,775,,1.0
BV-P,1,lr,0.1,ID-all,0.29699248120300753,0.5245744634539201,1.0,722,0.4412126808248692,
BV-P,1,lr,0.1,ID,0.2942355889724311,0.51949294762962,1.0,300,,1.0
BV-P,1,lr,0.1,ID-PAC,0.22258354218880533,0.42459187671411786,1.0,300,,1.0
BV-P,1,lr,0.1,Weighted,0.18021442495126705,0.24000043533150495,0.9833333333333333,300,,0.9833333333333333
BV-P,1,lr,0.1,TargetPAC-25,0.05645989974937343,0.13307561708240825,0.18,25,,0.12
BV-P,1,lr,0.1,Target-25,0.10304511278195488,0.22792586304470852,0.465,25,,0.3
BV-P,1,lr,0.1,TargetPAC-50,0.060841687552213856,0.14834563144834792,0.12,50,,0.04
BV-P,1,lr,0.1,Target-50,0.12021929824561405,0.26308889469330893,0.655,50,,0.46
BV-P,1,lr,0.1,TargetPAC-100,0.08240810359231411,0.19355350224195725,0.19,100,,0.06
BV-P,1,lr,0.1,Target-100,0.1284983291562239,0.2793236036741979,0.8,100,,0.56
BV-P,1,lr,0.1,TargetPAC-200,0.09844193817878027,0.22469722693831354,0.385,200,,0.12
BV-P,1,lr,0.1,Target-200,0.12659147869674187,0.2783876409385747,0.94,200,,0.595
BV-P,1,lr,0.1,TargetPAC-400,0.10540935672514622,0.23831276391972486,0.67,400,,0.08
BV-P,1,lr,0.1,Target-400,0.12501044277360066,0.2779212920639067,0.995,400,,0.635
BV-P,1,lr,0.1,TargetPAC-all,0.10693400167084377,0.24265378085412037,1.0,775,,0.0
BV-P,1,lr,0.1,Target-all,0.12447786131996662,0.28000522397805927,1.0,775,,1.0
BV-P,1,lr,0.2,ID-all,0.5008354218880535,0.7508815462975056,1.0,722,0.4412126808248692,
BV-P,1,lr,0.2,ID,0.5083228905597327,0.7517698402333376,1.0,300,,1.0
BV-P,1,lr,0.2,ID-PAC,0.4482330827067669,0.6960739628226895,1.0,300,,1.0
BV-P,1,lr,0.2,Weighted,0.3584447229184072,0.5445307851929244,1.0,300,,1.0
BV-P,1,lr,0.2,TargetPAC-25,0.13669172932330825,0.2866838622611118,0.16,25,,0.1
BV-P,1,lr,0.2,Target-25,0.2227255639097744,0.4180809498933437,0.56,25,,0.415
BV-P,1,lr,0.2,TargetPAC-50,0.14498538011695905,0.30536328414087327,0.12,50,,0.045
BV-P,1,lr,0.2,Target-50,0.227468671679198,0.4287529929040964,0.645,50,,0.485
BV-P,1,lr,0.2,TargetPAC-100,0.17769005847953218,0.3595747899525489,0.215,100,,0.1
BV-P,1,lr,0.2,Target-100,0.22113826232247283,0.421320795785991,0.735,100,,0.45
BV-P,1,lr,0.2,TargetPAC-200,0.18900167084377612,0.377697096338862,0.23,200,,0.08
BV-P,1,lr,0.2,Target-200,0.22351712614870511,0.4251499717034521,0.815,200,,0.525
BV-P,1,lr,0.2,TargetPAC-400,0.1989912280701754,0.3919981716076793,0.465,400,,0.035
BV-P,1,lr,0.2,Target-400,0.22412071846282372,0.4255030255539593,0.98,400,,0.555
BV-P,1,lr,0.2,TargetPAC-all,0.20885547201336682,0.40172391275956626,1.0,775,,0.0
BV-P,1,lr,0.2,Target-all,0.22765246449456977,0.43073875756388497,1.0,775,,1.0
BV-P,1,svm,0.02,ID-all,0.04594820384294068,0.10872404335901789,1.0,722,0.43769511498043356,
BV-P,1,svm,0.02,ID,0.04618212197159565,0.11004712463540986,1.0,300,,0.655
BV-P,1,svm,0.02,ID-PAC,0.02654970760233918,0.06495407252622871,0.66,300,,0.09
BV-P,1,svm,0.02,Weighted,0.02028682818156502,0.024953201863218845,0.36666666666666664,300,,0.016666666666666666
BV-P,1,svm,0.02,TargetPAC-25,0.0,0.0,0.0,25,,0.0
BV-P,1,svm,0.02,Target-25,0.0,0.0,0.0,25,,0.0
BV-P,1,svm,0.02,TargetPAC-50,0.0,0.0,0.0,50,,0.0
BV-P,1,svm,0.02,Target-50,0.027685881370091897,0.06621653389055765,0.545,50,,0.28
BV-P,1,svm,0.02,TargetPAC-100,0.0,0.0,0.0,100,,0.0
BV-P,1,svm,0.02,Target-100,0.027289055973266495,0.06727319228592574,0.68,100,,0.26
BV-P,1,svm,0.02,TargetPAC-200,0.011608187134502923,0.03075105567889948,0.32,200,,0.03
BV-P,1,svm,0.02,Target-200,0.0281077694235589,0.06963345087283968,0.805,200,,0.19
BV-P,1,svm,0.02,TargetPAC-400,0.014784878863826229,0.039639327848156374,0.46,400,,0.0
BV-P,1,svm,0.02,Target-400,0.03018796992481203,0.07413662879282575,0.985,400,,0.12
BV-P,1,svm,0.02,TargetPAC-all,0.020885547201336677,0.05226154716816856,1.0,775,,0.0
BV-P,1,svm,0.02,Target-all,0.030492898913951554,0.07291802707761962,1.0,775,,0.0
BV-P,1,svm,0.05,ID-all,0.1595655806182122,0.3095207000130599,1.0,722,0.43769511498043356,
BV-P,1,svm,0.05,ID,0.1510296574770259,0.29745287536459014,1.0,300,,1.0
BV-P,1,svm,0.05,ID-PAC,0.08118629908103593,0.18059618649601675,0.845,300,,0.605
BV-P,1,svm,0.05,Weighted,0.06642996379838484,0.08324481592732866,0.6,300,,0.3
BV-P,1,svm,0.05,TargetPAC-25,0.0,0.0,0.0,25,,0.0
BV-P,1,svm,0.05,Target-25,0.05224101921470343,0.1168664838274346,0.39,25,,0.32
BV-P,1,svm,0.05,TargetPAC-50,0.024874686716791983,0.06096545644508293,0.145,50,,0.085
BV-P,1,svm,0.05,Target-50,0.050885547201336666,0.11869291715641463,0.45,50,,0.285
BV-P,1,svm,0.05,TargetPAC-100,0.028625730994152044,0.07031376518218624,0.1,100,,0.06
BV-P,1,svm,0.05,Target-100,0.0681077694235589,0.15674197901702147,0.7,100,,0.545
BV-P,1,svm,0.05,TargetPAC-200,0.045020885547201336,0.1079689608636977,0.275,200,,0.095
BV-P,1,svm,0.05,Target-200,0.06924812030075188,0.16030386139044886,0.81,200,,0.575
BV-P,1,svm,0.05,TargetPAC-400,0.05327903091060986,0.12730790997344477,0.48,400,,0.125
BV-P,1,svm,0.05,Target-400,0.07035087719298246,0.16449969526794653,0.98,400,,0.72
BV-P,1,svm,0.05,TargetPAC-all,0.056390977443609,0.13749945583561882,1.0,775,,0.0
BV-P,1,svm,0.05,Target-all,0.07184628237259816,0.16795089460624266,1.0,775,,1.0
BV-P,1,svm,0.1,ID-all,0.3057644110275689,0.519372251969875,1.0,722,0.43769511498043356,
BV-P,1,svm,0.1,ID,0.2982685881370092,0.5098075834748161,1.0,300,,1.0
BV-P,1,svm,0.1,ID-PAC,0.23173141186299082,0.41945344129554657,1.0,300,,1.0
BV-P,1,svm,0.1,Weighted,0.194047619047619,0.24409726756925396,1.0,300,,0.9833333333333333
BV-P,1,svm,0.1,TargetPAC-25,0.05009189640768588,0.11230649514605372,0.115,25,,0.075
BV-P,1,svm,0.1,Target-25,0.09701963241436924,0.2061018240390057,0.41,25,,0.27
BV-P,1,svm,0.1,TargetPAC-50,0.05167919799498748,0.12091517565626227,0.07,50,,0.01
BV-P,1,svm,0.1,Target-50,0.1191812865497076,0.24707468111967265,0.655,50,,0.455
BV-P,1,svm,0.1,TargetPAC-100,0.07758771929824561,0.1753729702668582,0.185,100,,0.065
BV-P,1,svm,0.1,Target-100,0.12516499582289056,0.25807529058377954,0.755,100,,0.56
BV-P,1,svm,0.1,TargetPAC-200,0.09881161236424393,0.21496843846589178,0.485,200,,0.11
BV-P,1,svm,0.1,Target-200,0.12505639097744362,0.2591370641243307,0.915,200,,0.63
BV-P,1,svm,0.1,TargetPAC-400,0.10263993316624895,0.2216152975490836,0.7,400,,0.06
BV-P,1,svm,0.1,Target-400,0.12533416875522135,0.26024585346741547,1.0,400,,0.725
BV-P,1,svm,0.1,TargetPAC-all,0.10609857978279028,0.22876670584650205,1.0,775,,0.0
BV-P,1,svm,0.1,Target-all,0.12447786131996662,0.2579992164032911,1.0,775,,1.0
BV-P,1,svm,0.2,ID-all,0.4640768588137009,0.709808018806321,1.0,722,0.43769511498043356,
BV-P,1,svm,0.2,ID,0.4587092731829574,0.7025379826738062,1.0,300,,1.0
BV-P,1,svm,0.2,ID-PAC,0.4109335839598998,0.6500652997257411,1.0,300,,1.0
BV-P,1,svm,0.2,Weighted,0.3431843497632972,0.5075878281311218,1.0,300,,1.0
BV-P,1,svm,0.2,TargetPAC-25,0.13671888053467002,0.272931631187149,0.165,25,,0.085
BV-P,1,svm,0.2,Target-25,0.22124686716791978,0.4001964433416046,0.595,25,,0.475
BV-P,1,svm,0.2,TargetPAC-50,0.14512949039264827,0.28922380392669017,0.145,50,,0.065
BV-P,1,svm,0.2,Target-50,0.21903091060985797,0.40040638195986245,0.685,50,,0.49
BV-P,1,svm,0.2,TargetPAC-100,0.17758771929824563,0.34015367202124425,0.27,100,,0.11
BV-P,1,svm,0.2,Target-100,0.22004803675856305,0.40340396587001004,0.75,100,,0.52
BV-P,1,svm,0.2,TargetPAC-200,0.19294277360066833,0.3639954725523486,0.445,200,,0.145
BV-P,1,svm,0.2,Target-200,0.2268567251461988,0.41426276609638235,0.945,200,,0.63
BV-P,1,svm,0.2,TargetPAC-400,0.20502506265664158,0.38392298985677586,0.71,400,,0.12
BV-P,1,svm,0.2,Target-400,0.2257393483709273,0.4127854686343651,1.0,400,,0.725
BV-P,1,svm,0.2,TargetPAC-all,0.21136173767752717,0.3948456749814984,1.0,775,,0.0
BV-P,1,svm,0.2,Target-all,0.22765246449456977,0.41384789517217363,1.0,775,,1.0
BV-P,1,lgbm,0.02,ID-all,0.05179615705931495,0.140154978015759,1.0,722,0.32165941168711254,
BV-P,1,lgbm,0.02,ID,0.051865079365079364,0.1395532410430543,1.0,300,,0.86
BV-P,1,lgbm,0.02,ID-PAC,0.02874477861319967,0.08022463105654958,0.735,300,,0.185
BV-P,1,lgbm,0.02,Weighted,0.019235588972431075,0.023523500645741734,0.2833333333333333,300,,0.0
BV-P,1,lgbm,0.02,TargetPAC-25,0.0,0.0,0.0,25,,0.0
BV-P,1,lgbm,0.02,Target-25,0.0,0.0,0.0,25,,0.0
BV-P,1,lgbm,0.02,TargetPAC-50,0.0,0.0,0.0,50,,0.0
BV-P,1,lgbm,0.02,Target-50,0.027627401837928153,0.07515998432806584,0.625,50,,0.155
BV-P,1,lgbm,0.02,TargetPAC-100,0.0,0.0,0.0,100,,0.0
BV-P,1,lgbm,0.02,Target-100,0.029350459482038432,0.08019513734708981,0.78,100,,0.145
BV-P,1,lgbm,0.02,TargetPAC-200,0.01841687552213868,0.05110574202255018,0.45,200,,0.005
BV-P,1,lgbm,0.02,Target-200,0.028961988304093564,0.07945104697226939,0.925,200,,0.04
BV-P,1,lgbm,0.02,TargetPAC-400,0.02340643274853801,0.06266890862391711,0.71,400,,0.0
BV-P,1,lgbm,0.02,Target-400,0.028836675020885546,0.07920203735144313,1.0,400,,0.005
BV-P,1,lgbm,0.02,TargetPAC-all,0.025898078529657472,0.06856471202820946,1.0,775,,0.0
BV-P,1,lgbm,0.02,Target-all,0.02882205513784462,0.077815506508206,1.0,775,,0.0
BV-P,1,lgbm,0.05,ID-all,0.14076858813700918,0.326302729528536,1.0,722,0.32165941168711254,
BV-P,1,lgbm,0.05,ID,0.14280910609857977,0.3216265073353359,1.0,300,,1.0
BV-P,1,lgbm,0.05,ID-PAC,0.09487468671679197,0.23119400548517696,1.0,300,,0.76
BV-P,1,lgbm,0.05,Weighted,0.03486494012809802,0.05138217752818772,0.11666666666666667,300,,0.03333333333333333
BV-P,1,lgbm,0.05,TargetPAC-25,0.0,0.0,0.0,25,,0.0
BV-P,1,lgbm,0.05,Target-25,0.04832915622389306,0.12265987549518957,0.29,25,,0.2
BV-P,1,lgbm,0.05,TargetPAC-50,0.025357142857142856,0.06973042096556528,0.09,50,,0.04
BV-P,1,lgbm,0.05,Target-50,0.04862155388471178,0.12772615471681686,0.335,50,,0.21
BV-P,1,lgbm,0.05,TargetPAC-100,0.027963659147869673,0.07650450568107614,0.045,100,,0.015
BV-P,1,lgbm,0.05,Target-100,0.06084795321637427,0.15816050672587173,0.545,100,,0.315
BV-P,1,lgbm,0.05,TargetPAC-200,0.03616332497911445,0.10013244961037832,0.06,200,,0.01
BV-P,1,lgbm,0.05,Target-200,0.057857142857142864,0.15374820425754213,0.59,200,,0.21
BV-P,1,lgbm,0.05,TargetPAC-400,0.04393483709273182,0.12101878455443821,0.135,400,,0.0
BV-P,1,lgbm,0.05,Target-400,0.05693400167084377,0.15263549693091288,0.73,400,,0.14
BV-P,1,lgbm,0.05,TargetPAC-all,0.047619047619047616,0.13184014627138566,0.0,775,,0.0
BV-P,1,lgbm,0.05,Target-all,0.055973266499582265,0.15140829741848422,1.0,775,,0.0
BV-P,1,lgbm,0.1,ID-all,0.2673350041771094,0.5054198772365156,1.0,722,0.32165941168711254,
BV-P,1,lgbm,0.1,ID,0.2705597326649958,0.5073827869922947,1.0,300,,1.0
BV-P,1,lgbm,0.1,ID-PAC,0.20968462823725983,0.4265027643550564,1.0,300,,1.0
BV-P,1,lgbm,0.1,Weighted,0.0794346978557505,0.12980533426204055,0.2833333333333333,300,,0.2
BV-P,1,lgbm,0.1,TargetPAC-25,0.05,0.12738681380871533,0.15,25,,0.06
BV-P,1,lgbm,0.1,Target-25,0.09173350041771094,0.21680847590440122,0.43,25,,0.275
BV-P,1,lgbm,0.1,TargetPAC-50,0.052224310776942354,0.13511775717208654,0.115,50,,0.02
BV-P,1,lgbm,0.1,Target-50,0.1164703425229741,0.27127312698619993,0.715,50,,0.42
BV-P,1,lgbm,0.1,TargetPAC-100,0.06918337510442774,0.1774972791780941,0.17,100,,0.035
BV-P,1,lgbm,0.1,Target-100,0.11931495405179614,0.27848134604501323,0.79,100,,0.405
BV-P,1,lgbm,0.1,TargetPAC-200,0.09494569757727653,0.23298223847459837,0.475,200,,0.04
BV-P,1,lgbm,0.1,Target-200,0.11886800334168754,0.27983631535414216,0.91,200,,0.395
BV-P,1,lgbm,0.1,TargetPAC-400,0.10325187969924812,0.24986776805537417,0.665,400,,0.015
BV-P,1,lgbm,0.1,Target-400,0.11918546365914785,0.2809369422315093,0.995,400,,0.3
BV-P,1,lgbm,0.1,TargetPAC-all,0.11194653299916453,0.26698881198032304,1.0,775,,0.0
BV-P,1,lgbm,0.1,Target-all,0.11946532999164575,0.2818989160245527,1.0,775,,0.0
BV-P,1,lgbm,0.2,ID-all,0.462406015037594,0.7052588045796875,1.0,722,0.32165941168711254,
BV-P,1,lgbm,0.2,ID,0.47021720969089387,0.7109217056288364,1.0,300,,1.0
BV-P,1,lgbm,0.2,ID-PAC,0.4115309106098579,0.659235231378695,1.0,300,,1.0
BV-P,1,lgbm,0.2,Weighted,0.22396964633806737,0.38441150436057053,0.7,300,,0.5333333333333333
BV-P,1,lgbm,0.2,TargetPAC-25,0.14045739348370925,0.3060319533324627,0.18,25,,0.14
BV-P,1,lgbm,0.2,Target-25,0.21484544695071012,0.42356786818162034,0.505,25,,0.385
BV-P,1,lgbm,0.2,TargetPAC-50,0.14009189640768585,0.3119631274215315,0.115,50,,0.06
BV-P,1,lgbm,0.2,Target-50,0.22290517961570594,0.4402351878455444,0.585,50,,0.47
BV-P,1,lgbm,0.2,TargetPAC-100,0.17095864661654134,0.36664947107222146,0.16,100,,0.08
BV-P,1,lgbm,0.2,Target-100,0.21530492898913953,0.43353478298724474,0.635,100,,0.445
BV-P,1,lgbm,0.2,TargetPAC-200,0.18563492063492062,0.3902880806233947,0.215,200,,0.085
BV-P,1,lgbm,0.2,Target-200,0.2207957393483709,0.44381851029559016,0.76,200,,0.545
BV-P,1,lgbm,0.2,TargetPAC-400,0.1965831244778613,0.40748922554525263,0.315,400,,0.045
BV-P,1,lgbm,0.2,Target-400,0.21931495405179613,0.44319228592573245,0.885,400,,0.565
BV-P,1,lgbm,0.2,TargetPAC-all,0.2009189640768588,0.4141308606503853,1.0,775,,0.0
BV-P,1,lgbm,0.2,Target-all,0.22180451127819548,0.44710722214966686,1.0,775,,1.0
BV-P,1,ens,0.02,ID-all,0.06850459482038429,0.18353576248313092,1.0,722,0.3909114892494394,
BV-P,1,ens,0.02,ID,0.07014619883040935,0.18371805755082493,1.0,300,,0.96
BV-P,1,ens,0.02,ID-PAC,0.03693191311612364,0.10373525314527011,0.89,300,,0.27
BV-P,1,ens,0.02,Weighted,0.031815650236702867,0.03766451903124229,0.9166666666666666,300,,0.21666666666666667
BV-P,1,ens,0.02,TargetPAC-25,0.0,0.0,0.0,25,,0.0
BV-P,1,ens,0.02,Target-25,0.0,0.0,0.0,25,,0.0
BV-P,1,ens,0.02,TargetPAC-50,0.0,0.0,0.0,50,,0.0
BV-P,1,ens,0.02,Target-50,0.02661654135338346,0.07851682556266598,0.51,50,,0.26
BV-P,1,ens,0.02,TargetPAC-100,0.0,0.0,0.0,100,,0.0
BV-P,1,ens,0.02,Target-100,0.02458646616541353,0.07453245396369336,0.625,100,,0.185
BV-P,1,ens,0.02,TargetPAC-200,0.012731829573934834,0.04577826389795829,0.26,200,,0.0
BV-P,1,ens,0.02,Target-200,0.028642439431913115,0.08382884941883244,0.83,200,,0.225
BV-P,1,ens,0.02,TargetPAC-400,0.01860066833751044,0.060747573026859944,0.49,400,,0.0
BV-P,1,ens,0.02,Target-400,0.02886800334168755,0.08360269470201559,0.965,400,,0.115
BV-P,1,ens,0.02,TargetPAC-all,0.02297410192147034,0.06856471202820946,1.0,775,,0.0
BV-P,1,ens,0.02,Target-all,0.02882205513784462,0.08404074702886245,1.0,775,,0.0
BV-P,1,ens,0.05,ID-all,0.15079365079365079,0.3468939097122459,1.0,722,0.3909114892494394,
BV-P,1,ens,0.05,ID,0.16719924812030074,0.370241935483871,1.0,300,,1.0
BV-P,1,ens,0.05,ID-PAC,0.10349624060150375,0.25452820948152016,1.0,300,,0.94
BV-P,1,ens,0.05,Weighted,0.07150515176830967,0.10483000304732053,1.0,300,,0.4666666666666667
BV-P,1,ens,0.05,TargetPAC-25,0.0,0.0,0.0,25,,0.0
BV-P,1,ens,0.05,Target-25,0.04946324143692564,0.1305377432414784,0.4,25,,0.26
BV-P,1,ens,0.05,TargetPAC-50,0.026278195488721803,0.07732162291585042,0.155,50,,0.07
BV-P,1,ens,0.05,Target-50,0.050085630743525476,0.13485427277872103,0.43,50,,0.235
BV-P,1,ens,0.05,TargetPAC-100,0.02653926482873851,0.07931174089068825,0.12,100,,0.03
BV-P,1,ens,0.05,Target-100,0.06634085213032581,0.17367974837839015,0.7,100,,0.415
BV-P,1,ens,0.05,TargetPAC-200,0.04135964912280702,0.11453343345957948,0.235,200,,0.025
BV-P,1,ens,0.05,Target-200,0.06760442773600667,0.1783792608071046,0.875,200,,0.45
BV-P,1,ens,0.05,TargetPAC-400,0.05227234753550543,0.14229974750772714,0.6,400,,0.045
BV-P,1,ens,0.05,Target-400,0.06579573934837092,0.1755493883592356,0.985,400,,0.41
BV-P,1,ens,0.05,TargetPAC-all,0.054720133667502065,0.14964520482347307,1.0,775,,0.0
BV-P,1,ens,0.05,Target-all,0.06474519632414368,0.1734796047189935,1.0,775,,0.0
BV-P,1,ens,0.1,ID-all,0.3203842940685046,0.5810151930695224,1.0,722,0.3909114892494394,
BV-P,1,ens,0.1,ID,0.32850877192982453,0.5853306342780027,1.0,300,,1.0
BV-P,1,ens,0.1,ID-PAC,0.2762447786131997,0.5274178311784423,1.0,300,,1.0
BV-P,1,ens,0.1,Weighted,0.1568017265385686,0.239805987259298,0.8,300,,0.65
BV-P,1,ens,0.1,TargetPAC-25,0.05234335839598997,0.13702755648426276,0.165,25,,0.095
BV-P,1,ens,0.1,Target-25,0.10952798663324977,0.25964193983718603,0.54,25,,0.43
BV-P,1,ens,0.1,TargetPAC-50,0.055831244778613204,0.1469995864350703,0.14,50,,0.07
BV-P,1,ens,0.1,Target-50,0.12486633249791143,0.2939092769143703,0.725,50,,0.55
BV-P,1,ens,0.1,TargetPAC-100,0.07803467000835422,0.20022854904009407,0.22,100,,0.105
BV-P,1,ens,0.1,Target-100,0.13093984962406016,0.30896848199904225,0.885,100,,0.65
BV-P,1,ens,0.1,TargetPAC-200,0.10088137009189639,0.25019698750598585,0.545,200,,0.22
BV-P,1,ens,0.1,Target-200,0.13322263993316624,0.3147135518697488,0.95,200,,0.79
BV-P,1,ens,0.1,TargetPAC-400,0.1116750208855472,0.2715544599712681,0.81,400,,0.275
BV-P,1,ens,0.1,Target-400,0.13401629072681703,0.3170755517826825,1.0,400,,0.925
BV-P,1,ens,0.1,TargetPAC-all,0.12071846282372597,0.2900613817421967,1.0,775,,1.0
BV-P,1,ens,0.1,Target-all,0.13408521303258142,0.3185973618910801,1.0,775,,1.0
BV-P,1,ens,0.2,ID-all,0.5334168755221387,0.7789168952157067,1.0,722,0.3909114892494394,
BV-P,1,ens,0.2,ID,0.5288074352548037,0.7762306821644682,1.0,300,,1.0
BV-P,1,ens,0.2,ID-PAC,0.48031537176274014,0.7385902877541248,1.0,300,,1.0
BV-P,1,ens,0.2,Weighted,0.3509537733221944,0.552750569558719,1.0,300,,1.0
BV-P,1,ens,0.2,TargetPAC-25,0.14444653299916457,0.3243826999259936,0.16,25,,0.105
BV-P,1,ens,0.2,Target-25,0.21576023391812868,0.4401632493143529,0.49,25,,0.42
BV-P,1,ens,0.2,TargetPAC-50,0.14312656641604007,0.3297398894257978,0.065,50,,0.035
BV-P,1,ens,0.2,Target-50,0.22046365914786967,0.4530324104305429,0.545,50,,0.44
BV-P,1,ens,0.2,TargetPAC-100,0.17254177109440264,0.3856467937834661,0.135,100,,0.06
BV-P,1,ens,0.2,Target-100,0.22067460317460316,0.4567217361020417,0.665,100,,0.495
BV-P,1,ens,0.2,TargetPAC-200,0.18776524644945694,0.41181685603587126,0.26,200,,0.11
BV-P,1,ens,0.2,Target-200,0.22640977443609026,0.46659091898480687,0.835,200,,0.55
BV-P,1,ens,0.2,TargetPAC-400,0.197360066833751,0.42769916416351045,0.445,400,,0.09
BV-P,1,ens,0.2,Target-400,0.22612155388471178,0.4669871794871795,0.955,400,,0.61
BV-P,1,ens,0.2,TargetPAC-all,0.20175438596491227,0.4342214096034131,1.0,775,,0.0
BV-P,1,ens,0.2,Target-all,0.2259816207184628,0.4655435113839188,1.0,775,,1.0
BV-P,2,lr,0.02,ID-all,0.041866028708133975,0.07588100686498855,1.0,1065,0.3470247321248063,
BV-P,2,lr,0.02,ID,0.04503588516746412,0.081,1.0,300,,0.605
BV-P,2,lr,0.02,ID-PAC,0.025047846889952156,0.04024485125858123,0.935,300,,0.085
BV-P,2,lr,0.02,Weighted,0.024082934609250397,0.05125858123569794,0.6166666666666667,300,,0.11666666666666667
BV-P,2,lr,0.02,TargetPAC-25,0.0,0.0,0.0,25,,0.0
BV-P,2,lr,0.02,Target-25,0.0,0.0,0.0,25,,0.0
BV-P,2,lr,0.02,TargetPAC-50,0.0,0.0,0.0,50,,0.0
BV-P,2,lr,0.02,Target-50,0.014348086124401914,0.02338215102974828,0.18,50,,0.095
BV-P,2,lr,0.02,TargetPAC-100,0.0,0.0,0.0,100,,0.0
BV-P,2,lr,0.02,Target-100,0.0119377990430622,0.016306178489702516,0.095,100,,0.045
BV-P,2,lr,0.02,TargetPAC-200,0.0024760765550239233,0.0038361556064073223,0.0,200,,0.0
BV-P,2,lr,0.02,Target-200,0.012093301435406696,0.014674599542334094,0.03,200,,0.0
BV-P,2,lr,0.02,TargetPAC-all,0.0,0.0021052631578947364,0.0,236,,0.0
BV-P,2,lr,0.02,Target-all,0.008373205741626795,0.008512585812356978,0.0,236,,0.0
BV-P,2,lr,0.05,ID-all,0.10885167464114832,0.21363844393592676,1.0,1065,0.3470247321248063,
BV-P,2,lr,0.05,ID,0.11784090909090911,0.22623432494279178,1.0,300,,1.0
BV-P,2,lr,0.05,ID-PAC,0.07759569377990432,0.14549473684210526,0.95,300,,0.665
BV-P,2,lr,0.05,Weighted,0.09206539074960127,0.1761723874904653,0.9833333333333333,300,,0.7833333333333333
BV-P,2,lr,0.05,TargetPAC-25,0.0,0.0,0.0,25,,0.0
BV-P,2,lr,0.05,Target-25,0.034138755980861246,0.0606604118993135,0.205,25,,0.175
BV-P,2,lr,0.05,TargetPAC-50,0.016369617224880385,0.0263116704805492,0.075,50,,0.035
BV-P,2,lr,0.05,Target-50,0.03990430622009569,0.06958489702517162,0.26,50,,0.195
BV-P,2,lr,0.05,TargetPAC-100,0.012452153110047846,0.01725400457665904,0.02,100,,0.005
BV-P,2,lr,0.05,Target-100,0.049437799043062204,0.08862425629290618,0.365,100,,0.23
BV-P,2,lr,0.05,TargetPAC-200,0.020974880382775115,0.029359725400457663,0.0,200,,0.0
BV-P,2,lr,0.05,Target-200,0.04544258373205742,0.0826320366132723,0.235,200,,0.055
BV-P,2,lr,0.05,TargetPAC-all,0.021531100478468897,0.03652173913043478,0.0,236,,0.0
BV-P,2,lr,0.05,Target-all,0.040669856459330134,0.07432494279176202,0.0,236,,0.0
BV-P,2,lr,0.1,ID-all,0.22607655502392343,0.4137299771167048,1.0,1065,0.3470247321248063,
BV-P,2,lr,0.1,ID,0.22014354066985647,0.40611853546910753,1.0,300,,1.0
BV-P,2,lr,0.1,ID-PAC,0.16833133971291864,0.32326086956521743,1.0,300,,0.99
BV-P,2,lr,0.1,Weighted,0.21214114832535885,0.3654157131960336,1.0,300,,1.0
BV-P,2,lr,0.1,TargetPAC-25,0.04072966507177034,0.07228695652173914,0.16,25,,0.12
BV-P,2,lr,0.1,Target-25,0.09544258373205741,0.17770343249427917,0.5,25,,0.44
BV-P,2,lr,0.1,TargetPAC-50,0.0341267942583732,0.0584741418764302,0.075,50,,0.04
BV-P,2,lr,0.1,Target-50,0.12295454545454546,0.23267597254004577,0.77,50,,0.67
BV-P,2,lr,0.1,TargetPAC-100,0.06355263157894736,0.11673409610983981,0.195,100,,0.1
BV-P,2,lr,0.1,Target-100,0.12943181818181818,0.24701098398169336,0.9,100,,0.785
BV-P,2,lr,0.1,TargetPAC-200,0.10284090909090908,0.19493089244851258,0.735,200,,0.305
BV-P,2,lr,0.1,Target-200,0.13340311004784688,0.25041144164759727,1.0,200,,1.0
BV-P,2,lr,0.1,TargetPAC-all,0.10167464114832538,0.20009153318077808,1.0,236,,0.0
BV-P,2,lr,0.1,Target-all,0.13277511961722488,0.24759725400457674,1.0,236,,1.0
BV-P,2,lr,0.2,ID-all,0.38636363636363635,0.6281006864988559,1.0,1065,0.3470247321248063,
BV-P,2,lr,0.2,ID,0.3819078947368421,0.6214727688787185,1.0,300,,1.0
BV-P,2,lr,0.2,ID-PAC,0.3397787081339713,0.5613862700228833,1.0,300,,1.0
BV-P,2,lr,0.2,Weighted,0.40143540669856465,0.6548039664378339,1.0,300,,1.0
BV-P,2,lr,0.2,TargetPAC-25,0.14686602870813398,0.27262517162471395,0.21,25,,0.17
BV-P,2,lr,0.2,Target-25,0.242811004784689,0.42881052631578936,0.645,25,,0.565
BV-P,2,lr,0.2,TargetPAC-50,0.14659688995215311,0.27861189931350117,0.13,50,,0.085
BV-P,2,lr,0.2,Target-50,0.2433971291866029,0.4366581235697941,0.735,50,,0.635
BV-P,2,lr,0.2,TargetPAC-100,0.18101076555023923,0.3441098398169336,0.275,100,,0.165
BV-P,2,lr,0.2,Target-100,0.25391148325358853,0.4547894736842105,0.915,100,,0.82
BV-P,2,lr,0.2,TargetPAC-200,0.20080741626794257,0.37749016018306636,0.505,200,,0.13
BV-P,2,lr,0.2,Target-200,0.2547787081339713,0.45856430205949655,1.0,200,,0.99
BV-P,2,lr,0.2,TargetPAC-all,0.20334928229665075,0.3781235697940503,1.0,236,,0.0
BV-P,2,lr,0.2,Target-all,0.25358851674641153,0.45546910755148756,1.0,236,,1.0
BV-P,2,svm,0.02,ID-all,0.05263157894736842,0.08338672768878719,1.0,1065,0.34036210885729046,
BV-P,2,svm,0.02,ID,0.056561004784688985,0.08750572082379861,1.0,300,,0.98
BV-P,2,svm,0.02,ID-PAC,0.037852870813397124,0.052831578947368424,0.92,300,,0.39
BV-P,2,svm,0.02,Weighted,0.030163476874003187,0.05347520976353929,0.9333333333333333,300,,0.1
BV-P,2,svm,0.02,TargetPAC-25,0.0,0.0,0.0,25,,0.0
BV-P,2,svm,0.02,Target-25,0.0,0.0,0.0,25,,0.0
BV-P,2,svm,0.02,TargetPAC-50,0.0,0.0,0.0,50,,0.0
BV-P,2,svm,0.02,Target-50,0.010502392344497609,0.01410892448512586,0.135,50,,0.06
BV-P,2,svm,0.02,TargetPAC-100,0.0,0.0,0.0,100,,0.0
BV-P,2,svm,0.02,Target-100,0.01092105263157895,0.012413272311212815,0.065,100,,0.035
BV-P,2,svm,0.02,TargetPAC-200,0.0022727272727272726,0.002113043478260869,0.0,200,,0.0
BV-P,2,svm,0.02,Target-200,0.011196172248803826,0.009894736842105263,0.0,200,,0.0
BV-P,2,svm,0.02,TargetPAC-all,0.0011961722488038275,0.0013729977116704805,0.0,236,,0.0
BV-P,2,svm,0.02,Target-all,0.008373205741626795,0.005491990846681922,0.0,236,,0.0
BV-P,2,svm,0.05,ID-all,0.11483253588516747,0.19954233409610983,1.0,1065,0.34036210885729046,
BV-P,2,svm,0.05,ID,0.11745813397129186,0.20540457665903894,1.0,300,,1.0
BV-P,2,svm,0.05,ID-PAC,0.08638755980861244,0.1468151029748284,1.0,300,,0.86
BV-P,2,svm,0.05,Weighted,0.0922049441786284,0.1579206712433257,1.0,300,,0.9666666666666667
BV-P,2,svm,0.05,TargetPAC-25,0.0,0.0,0.0,25,,0.0
BV-P,2,svm,0.05,Target-25,0.03710526315789474,0.05894965675057209,0.265,25,,0.16
BV-P,2,svm,0.05,TargetPAC-50,0.011477272727272727,0.015234324942791764,0.045,50,,0.015
BV-P,2,svm,0.05,Target-50,0.036549043062200956,0.05700228832951945,0.24,50,,0.16
BV-P,2,svm,0.05,TargetPAC-100,0.010544258373205741,0.012079633867276889,0.015,100,,0.0
BV-P,2,svm,0.05,Target-100,0.04627392344497608,0.07173455377574371,0.35,100,,0.145
BV-P,2,svm,0.05,TargetPAC-200,0.016913875598086124,0.02164530892448512,0.0,200,,0.0
BV-P,2,svm,0.05,Target-200,0.04710526315789474,0.06886361556064075,0.28,200,,0.005
BV-P,2,svm,0.05,TargetPAC-all,0.01794258373205742,0.02663615560640731,0.0,236,,0.0
BV-P,2,svm,0.05,Target-all,0.04904306220095693,0.06800915331807779,0.0,236,,0.0
BV-P,2,svm,0.1,ID-all,0.21650717703349281,0.39167048054919906,1.0,1065,0.34036210885729046,
BV-P,2,svm,0.1,ID,0.2182834928229665,0.39282105263157896,1.0,300,,1.0
BV-P,2,svm,0.1,ID-PAC,0.17177033492822966,0.3103098398169336,1.0,300,,0.995
BV-P,2,svm,0.1,Weighted,0.20081738437001595,0.3414797864225782,1.0,300,,1.0
BV-P,2,svm,0.1,TargetPAC-25,0.04107655502392344,0.0669675057208238,0.16,25,,0.115
BV-P,2,svm,0.1,Target-25,0.10083133971291865,0.1722466819221968,0.495,25,,0.39
BV-P,2,svm,0.1,TargetPAC-50,0.030526315789473683,0.045567048054919915,0.065,50,,0.035
BV-P,2,svm,0.1,Target-50,0.12553229665071772,0.2196475972540046,0.705,50,,0.575
BV-P,2,svm,0.1,TargetPAC-100,0.06455143540669855,0.10532585812356979,0.23,100,,0.09
BV-P,2,svm,0.1,Target-100,0.13152511961722488,0.23053318077803206,0.865,100,,0.65
BV-P,2,svm,0.1,TargetPAC-200,0.0949700956937799,0.16129382151029747,0.51,200,,0.075
BV-P,2,svm,0.1,Target-200,0.14332535885167463,0.25261464530892447,1.0,200,,0.985
BV-P,2,svm,0.1,TargetPAC-all,0.10167464114832538,0.1705263157894737,1.0,236,,0.0
BV-P,2,svm,0.1,Target-all,0.138755980861244,0.24173913043478257,1.0,236,,1.0
BV-P,2,svm,0.2,ID-all,0.37679425837320574,0.6098855835240274,1.0,1065,0.34036210885729046,
BV-P,2,svm,0.2,ID,0.37956937799043067,0.6100681922196797,1.0,300,,1.0
BV-P,2,svm,0.2,ID-PAC,0.335305023923445,0.5521702517162471,1.0,300,,1.0
BV-P,2,svm,0.2,Weighted,0.3703149920255184,0.605629290617849,1.0,300,,1.0
BV-P,2,svm,0.2,TargetPAC-25,0.14745215311004786,0.2565052631578948,0.21,25,,0.13
BV-P,2,svm,0.2,Target-25,0.23876196172248804,0.40923890160183063,0.64,25,,0.54
BV-P,2,svm,0.2,TargetPAC-50,0.15270334928229665,0.26884439359267737,0.13,50,,0.08
BV-P,2,svm,0.2,Target-50,0.2423803827751196,0.4220608695652174,0.735,50,,0.59
BV-P,2,svm,0.2,TargetPAC-100,0.18710526315789472,0.3356576659038902,0.32,100,,0.12
BV-P,2,svm,0.2,Target-100,0.2548385167464115,0.44427505720823796,0.925,100,,0.735
BV-P,2,svm,0.2,TargetPAC-200,0.20376794258373207,0.36992768878718535,0.685,200,,0.1
BV-P,2,svm,0.2,Target-200,0.25038875598086124,0.4426846681922196,1.0,200,,0.995
BV-P,2,svm,0.2,TargetPAC-all,0.20454545454545453,0.36832951945080084,1.0,236,,0.0
BV-P,2,svm,0.2,Target-all,0.2476076555023923,0.4419221967963385,1.0,236,,1.0
BV-P,2,lgbm,0.02,ID-all,0.04784688995215311,0.11990846681922197,1.0,1065,0.16895006402048657,
BV-P,2,lgbm,0.02,ID,0.049473684210526316,0.11690434782608695,0.985,300,,0.705
BV-P,2,lgbm,0.02,ID-PAC,0.026190191387559812,0.06415743707093821,0.56,300,,0.15
BV-P,2,lgbm,0.02,Weighted,0.02252791068580542,0.05445766590389016,0.5333333333333333,300,,0.05
BV-P,2,lgbm,0.02,TargetPAC-25,0.0,0.0,0.0,25,,0.0
BV-P,2,lgbm,0.02,Target-25,0.0,0.0,0.0,25,,0.0
BV-P,2,lgbm,0.02,TargetPAC-50,0.0,0.0,0.0,50,,0.0
BV-P,2,lgbm,0.02,Target-50,0.011166267942583732,0.026424256292906182,0.22,50,,0.035
BV-P,2,lgbm,0.02,TargetPAC-100,0.0,0.0,0.0,100,,0.0
BV-P,2,lgbm,0.02,Target-100,0.007942583732057418,0.018909839816933637,0.125,100,,0.01
BV-P,2,lgbm,0.02,TargetPAC-200,0.0015071770334928228,0.004622425629290618,0.0,200,,0.0
BV-P,2,lgbm,0.02,Target-200,0.006919856459330143,0.015625171624713954,0.02,200,,0.0
BV-P,2,lgbm,0.02,TargetPAC-all,0.0011961722488038275,0.0038443935926773453,0.0,236,,0.0
BV-P,2,lgbm,0.02,Target-all,0.00478468899521531,0.011533180778032035,0.0,236,,0.0
BV-P,2,lgbm,0.05,ID-all,0.10885167464114832,0.22901601830663615,1.0,1065,0.16895006402048657,
BV-P,2,lgbm,0.05,ID,0.11008373205741627,0.23037528604118993,1.0,300,,0.99
BV-P,2,lgbm,0.05,ID-PAC,0.07708732057416269,0.16819862700228833,0.945,300,,0.69
BV-P,2,lgbm,0.05,Weighted,0.09092902711323765,0.19785049580472924,0.9,300,,0.75
BV-P,2,lgbm,0.05,TargetPAC-25,0.0,0.0,0.0,25,,0.0
BV-P,2,lgbm,0.05,Target-25,0.03614832535885168,0.07825858123569794,0.22,25,,0.185
BV-P,2,lgbm,0.05,TargetPAC-50,0.011991626794258376,0.028648054919908468,0.03,50,,0.025
BV-P,2,lgbm,0.05,Target-50,0.029677033492822965,0.06749016018306636,0.16,50,,0.135
BV-P,2,lgbm,0.05,TargetPAC-100,0.007529904306220097,0.01817070938215103,0.005,100,,0.005
BV-P,2,lgbm,0.05,Target-100,0.03879784688995216,0.09004759725400457,0.2,100,,0.155
BV-P,2,lgbm,0.05,TargetPAC-200,0.014581339712918662,0.033411899313501144,0.0,200,,0.0
BV-P,2,lgbm,0.05,Target-200,0.032003588516746416,0.08009153318077804,0.015,200,,0.005
BV-P,2,lgbm,0.05,TargetPAC-all,0.020334928229665067,0.05034324942791761,0.0,236,,0.0
BV-P,2,lgbm,0.05,Target-all,0.02751196172248804,0.06654462242562931,0.0,236,,0.0
BV-P,2,lgbm,0.1,ID-all,0.19976076555023922,0.39414187643020593,1.0,1065,0.16895006402048657,
BV-P,2,lgbm,0.1,ID,0.19709330143540668,0.38939176201373,1.0,300,,1.0
BV-P,2,lgbm,0.1,ID-PAC,0.1635227272727273,0.33242059496567505,1.0,300,,0.99
BV-P,2,lgbm,0.1,Weighted,0.1922846889952153,0.3667048054919908,1.0,300,,1.0
BV-P,2,lgbm,0.1,TargetPAC-25,0.026931818181818182,0.059482837528604116,0.095,25,,0.035
BV-P,2,lgbm,0.1,Target-25,0.07922248803827751,0.16664713958810068,0.38,25,,0.2
BV-P,2,lgbm,0.1,TargetPAC-50,0.02749401913875598,0.06337208237986271,0.065,50,,0.01
BV-P,2,lgbm,0.1,Target-50,0.11256578947368422,0.2343258581235698,0.66,50,,0.355
BV-P,2,lgbm,0.1,TargetPAC-100,0.05424641148325359,0.1225812356979405,0.155,100,,0.015
BV-P,2,lgbm,0.1,Target-100,0.11600478468899522,0.24355469107551486,0.86,100,,0.215
BV-P,2,lgbm,0.1,TargetPAC-200,0.08129186602870814,0.17386270022883296,0.285,200,,0.0
BV-P,2,lgbm,0.1,Target-200,0.11758971291866029,0.2480329519450801,1.0,200,,0.045
BV-P,2,lgbm,0.1,TargetPAC-all,0.09928229665071772,0.2021967963386727,0.0,236,,0.0
BV-P,2,lgbm,0.1,Target-all,0.11842105263157897,0.24787185354691077,1.0,236,,0.0
BV-P,2,lgbm,0.2,ID-all,0.30741626794258375,0.554324942791762,1.0,1065,0.16895006402048657,
BV-P,2,lgbm,0.2,ID,0.3029545454545455,0.5496919908466819,1.0,300,,1.0
BV-P,2,lgbm,0.2,ID-PAC,0.2760944976076555,0.509,1.0,300,,1.0
BV-P,2,lgbm,0.2,Weighted,0.35885167464114837,0.6203737604881768,1.0,300,,1.0
BV-P,2,lgbm,0.2,TargetPAC-25,0.1204665071770335,0.24413135011441647,0.165,25,,0.11
BV-P,2,lgbm,0.2,Target-25,0.24882775119617226,0.4611688787185355,0.725,25,,0.675
BV-P,2,lgbm,0.2,TargetPAC-50,0.1419377990430622,0.28939816933638446,0.155,50,,0.09
BV-P,2,lgbm,0.2,Target-50,0.23535885167464116,0.44523569794050344,0.745,50,,0.67
BV-P,2,lgbm,0.2,TargetPAC-100,0.19137559808612445,0.3771221967963387,0.465,100,,0.285
BV-P,2,lgbm,0.2,Target-100,0.24654904306220096,0.463891533180778,0.95,100,,0.83
BV-P,2,lgbm,0.2,TargetPAC-200,0.21539473684210525,0.41748832951945075,0.835,200,,0.395
BV-P,2,lgbm,0.2,Target-200,0.24367224880382776,0.4587702517162471,1.0,200,,1.0
BV-P,2,lgbm,0.2,TargetPAC-all,0.2129186602870813,0.41729977116704803,1.0,236,,0.0
BV-P,2,lgbm,0.2,Target-all,0.23684210526315794,0.4476887871853546,1.0,236,,1.0
BV-P,2,ens,0.02,ID-all,0.04425837320574163,0.08842105263157894,1.0,1065,0.24033627602938204,
BV-P,2,ens,0.02,ID,0.046525119617224886,0.0953395881006865,1.0,300,,0.44
BV-P,2,ens,0.02,ID-PAC,0.024509569377990436,0.046417391304347834,0.92,300,,0.04
BV-P,2,ens,0.02,Weighted,0.023205741626794254,0.052375286041189933,0.43333333333333335,300,,0.1
BV-P,2,ens,0.02,TargetPAC-25,0.0,0.0,0.0,25,,0.0
BV-P,2,ens,0.02,Target-25,0.0,0.0,0.0,25,,0.0
BV-P,2,ens,0.02,TargetPAC-50,0.0,0.0,0.0,50,,0.0
BV-P,2,ens,0.02,Target-50,0.01187799043062201,0.02001327231121281,0.13,50,,0.035
BV-P,2,ens,0.02,TargetPAC-100,0.0,0.0,0.0,100,,0.0
BV-P,2,ens,0.02,Target-100,0.011985645933014353,0.017728604118993133,0.05,100,,0.01
BV-P,2,ens,0.02,TargetPAC-200,0.002900717703349282,0.004923112128146454,0.0,200,,0.0
BV-P,2,ens,0.02,Target-200,0.012613636363636362,0.017676887871853543,0.0,200,,0.0
BV-P,2,ens,0.02,TargetPAC-all,0.0,0.0010983981693363843,0.0,236,,0.0
BV-P,2,ens,0.02,Target-all,0.00956937799043062,0.013913043478260868,0.0,236,,0.0
BV-P,2,ens,0.05,ID-all,0.1423444976076555,0.29043478260869565,1.0,1065,0.24033627602938204,
BV-P,2,ens,0.05,ID,0.14795454545454548,0.29951487414187644,1.0,300,,0.995
BV-P,2,ens,0.05,ID-PAC,0.10137559808612441,0.20214462242562928,0.945,300,,0.76
BV-P,2,ens,0.05,Weighted,0.10572169059011163,0.21909534706331044,0.9666666666666667,300,,0.9333333333333333
BV-P,2,ens,0.05,TargetPAC-25,0.0,0.0,0.0,25,,0.0
BV-P,2,ens,0.05,Target-25,0.038373205741626795,0.07516018306636156,0.3,25,,0.155
BV-P,2,ens,0.05,TargetPAC-50,0.01360645933014354,0.023996796338672768,0.055,50,,0.025
BV-P,2,ens,0.05,Target-50,0.03302631578947369,0.06324942791762013,0.26,50,,0.1
BV-P,2,ens,0.05,TargetPAC-100,0.011806220095693779,0.01804622425629291,0.025,100,,0.0
BV-P,2,ens,0.05,Target-100,0.036214114832535886,0.0721070938215103,0.295,100,,0.095
BV-P,2,ens,0.05,TargetPAC-200,0.018116028708133974,0.026104805491990842,0.0,200,,0.0
BV-P,2,ens,0.05,Target-200,0.03125,0.06830892448512586,0.255,200,,0.005
BV-P,2,ens,0.05,TargetPAC-all,0.01794258373205742,0.026453089244851253,0.0,236,,0.0
BV-P,2,ens,0.05,Target-all,0.02392344497607656,0.0540045766590389,0.0,236,,0.0
BV-P,2,ens,0.1,ID-all,0.22966507177033493,0.45903890160183064,1.0,1065,0.24033627602938204,
BV-P,2,ens,0.1,ID,0.22994617224880382,0.4559020594965675,1.0,300,,1.0
BV-P,2,ens,0.1,ID-PAC,0.20030502392344496,0.406133180778032,1.0,300,,1.0
BV-P,2,ens,0.1,Weighted,0.22521929824561404,0.40661327231121275,1.0,300,,1.0
BV-P,2,ens,0.1,TargetPAC-25,0.035239234449760765,0.06817620137299771,0.125,25,,0.11
BV-P,2,ens,0.1,Target-25,0.08550239234449761,0.1698974828375286,0.385,25,,0.345
BV-P,2,ens,0.1,TargetPAC-50,0.03318181818181818,0.06255240274599543,0.1,50,,0.085
BV-P,2,ens,0.1,Target-50,0.11940191387559809,0.24243066361556068,0.67,50,,0.645
BV-P,2,ens,0.1,TargetPAC-100,0.058199760765550244,0.11911029748283752,0.125,100,,0.09
BV-P,2,ens,0.1,Target-100,0.13032296650717703,0.2639720823798627,0.81,100,,0.755
BV-P,2,ens,0.1,TargetPAC-200,0.08927631578947368,0.17673043478260866,0.285,200,,0.15
BV-P,2,ens,0.1,Target-200,0.1397966507177034,0.28565080091533185,1.0,200,,1.0
BV-P,2,ens,0.1,TargetPAC-all,0.08732057416267945,0.1652173913043478,0.0,236,,0.0
BV-P,2,ens,0.1,Target-all,0.13516746411483258,0.27826086956521745,1.0,236,,1.0
BV-P,2,ens,0.2,ID-all,0.37320574162679426,0.6326773455377575,1.0,1065,0.24033627602938204,
BV-P,2,ens,0.2,ID,0.37245215311004787,0.6339093821510298,1.0,300,,1.0
BV-P,2,ens,0.2,ID-PAC,0.3357775119617225,0.5885967963386727,1.0,300,,1.0
BV-P,2,ens,0.2,Weighted,0.39635167464114834,0.6646209000762776,1.0,300,,1.0
BV-P,2,ens,0.2,TargetPAC-25,0.14525717703349283,0.2869990846681922,0.19,25,,0.145
BV-P,2,ens,0.2,Target-25,0.22969497607655506,0.4342787185354691,0.62,25,,0.46
BV-P,2,ens,0.2,TargetPAC-50,0.151555023923445,0.3066100686498856,0.135,50,,0.055
BV-P,2,ens,0.2,Target-50,0.23825358851674644,0.4574173913043478,0.69,50,,0.55
BV-P,2,ens,0.2,TargetPAC-100,0.1822547846889952,0.3712356979405034,0.195,100,,0.085
BV-P,2,ens,0.2,Target-100,0.2434928229665072,0.47000091533180777,0.86,100,,0.72
BV-P,2,ens,0.2,TargetPAC-200,0.19460526315789473,0.39751350114416467,0.39,200,,0.03
BV-P,2,ens,0.2,Target-200,0.24245813397129182,0.4740521739130435,1.0,200,,0.925
BV-P,2,ens,0.2,TargetPAC-all,0.19019138755980866,0.3893821510297482,0.0,236,,0.0
BV-P,2,ens,0.2,Target-all,0.23325358851674644,0.4644393592677345,1.0,236,,1.0
BV-R,0,lr,0.02,ID-all,0.019936204146730464,0.19569600460848455,0.0,1228,0.02785613723381596,
BV-R,0,lr,0.02,ID,0.021447368421052628,0.20304653746451057,0.385,300,,0.0
BV-R,0,lr,0.02,ID-PAC,0.009374003189792663,0.12839176233386826,0.06,300,,0.0
BV-R,0,lr,0.05,ID-all,0.045454545454545456,0.3528370983006213,0.0,1228,0.02785613723381596,
BV-R,0,lr,0.05,ID,0.046531100478468895,0.3480296671192857,0.35,300,,0.05
BV-R,0,lr,0.05,ID-PAC,0.03302631578947368,0.2732436324733572,0.01,300,,0.0
BV-R,0,lr,0.1,ID-all,0.09170653907496013,0.5300168703452248,0.0,1228,0.02785613723381596,
BV-R,0,lr,0.1,ID,0.10088915470494417,0.53545796815208,0.36,300,,0.175
BV-R,0,lr,0.1,ID-PAC,0.07398325358851675,0.4587664074394107,0.03,300,,0.01
BV-R,0,lr,0.2,ID-all,0.20972886762360446,0.7205694770192981,1.0,1228,0.02785613723381596,
BV-R,0,lr,0.2,ID,0.21123205741626794,0.7219188989013702,0.77,300,,0.29
BV-R,0,lr,0.2,ID-PAC,0.1832057416267943,0.6820110685923549,0.165,300,,0.025
BV-R,0,svm,0.02,ID-all,0.018341307814992026,0.15956877751717896,0.0,1228,0.025450804981063852,
BV-R,0,svm,0.02,ID,0.0179066985645933,0.16165720281446738,0.39,300,,0.0
BV-R,0,svm,0.02,ID-PAC,0.010318979266347688,0.10836666255194832,0.04,300,,0.0
BV-R,0,svm,0.05,ID-all,0.044657097288676235,0.3390939390198741,0.0,1228,0.025450804981063852,
BV-R,0,svm,0.05,ID,0.04588915470494419,0.3331212196025182,0.415,300,,0.05
BV-R,0,svm,0.05,ID-PAC,0.02905103668261563,0.23685038884088386,0.03,300,,0.0
BV-R,0,svm,0.1,ID-all,0.09728867623604466,0.5132699666707814,0.0,1228,0.025450804981063852,
BV-R,0,svm,0.1,ID,0.0980781499202552,0.5124344731103156,0.42,300,,0.115
BV-R,0,svm,0.1,ID-PAC,0.0737799043062201,0.4464426202526437,0.04,300,,0.005
BV-R,0,svm,0.2,ID-all,0.21291866028708134,0.7210220960375262,1.0,1228,0.025450804981063852,
BV-R,0,svm,0.2,ID,0.20854465709728867,0.7146998312965477,0.76,300,,0.355
BV-R,0,svm,0.2,ID-PAC,0.17309808612440192,0.663064847961157,0.165,300,,0.02
BV-R,0,lgbm,0.02,ID-all,0.015151515151515152,0.14854133234580094,0.0,1228,0.03722160746847872,
BV-R,0,lgbm,0.02,ID,0.014190590111642745,0.14958749948566022,0.135,300,,0.0
BV-R,0,lgbm,0.02,ID-PAC,0.005976874003189791,0.09094720816360123,0.005,300,,0.0
BV-R,0,lgbm,0.05,ID-all,0.03508771929824561,0.2646998312965477,0.0,1228,0.03722160746847872,
BV-R,0,lgbm,0.05,ID,0.036048644338118024,0.271125786939884,0.095,300,,0.005
BV-R,0,lgbm,0.05,ID-PAC,0.02385167464114833,0.2076716866230507,0.0,300,,0.0
BV-R,0,lgbm,0.1,ID-all,0.0861244019138756,0.41130724601901,0.0,1228,0.03722160746847872,
BV-R,0,lgbm,0.1,ID,0.08710127591706537,0.41685676665432253,0.22,300,,0.02
BV-R,0,lgbm,0.1,ID-PAC,0.06458532695374801,0.36024955766777766,0.01,300,,0.0
BV-R,0,lgbm,0.2,ID-all,0.19537480063795853,0.6260543965765544,0.0,1228,0.03722160746847872,
BV-R,0,lgbm,0.2,ID,0.1912958532695375,0.6203956301691149,0.29,300,,0.06
BV-R,0,lgbm,0.2,ID-PAC,0.16352870813397127,0.5738001481298605,0.03,300,,0.0
BV-R,0,ens,0.02,ID-all,0.013556618819776715,0.18372217421717482,0.0,1228,0.023096124973375102,
BV-R,0,ens,0.02,ID,0.0138755980861244,0.19304592025675846,0.055,300,,0.0
BV-R,0,ens,0.02,ID-PAC,0.00729665071770335,0.13383574044356664,0.01,300,,0.0
BV-R,0,ens,0.05,ID-all,0.04226475279106858,0.3469530510636547,0.0,1228,0.023096124973375102,
BV-R,0,ens,0.05,ID,0.0425518341307815,0.3495498498127803,0.28,300,,0.015
BV-R,0,ens,0.05,ID-PAC,0.023923444976076555,0.25953195078796854,0.02,300,,0.0
BV-R,0,ens,0.1,ID-all,0.08931419457735247,0.5080442743694195,0.0,1228,0.023096124973375102,
BV-R,0,ens,0.1,ID,0.09332535885167463,0.5185841254166152,0.295,300,,0.1
BV-R,0,ens,0.1,ID-PAC,0.06983652312599681,0.45364317162490225,0.025,300,,0.0
BV-R,0,ens,0.2,ID-all,0.19059011164274323,0.7111467720034563,0.0,1228,0.023096124973375102,
BV-R,0,ens,0.2,ID,0.19087719298245617,0.7081718306381929,0.305,300,,0.07
BV-R,0,ens,0.2,ID-PAC,0.16028708133971292,0.6620205324445543,0.03,300,,0.005
BV-R,1,lr,0.02,ID-all,0.005686433793663688,0.1620724964161376,0.0,1244,0.051237981302943,
BV-R,1,lr,0.02,ID,0.005584890333062551,0.17033032971533893,0.005,300,,0.0
BV-R,1,lr,0.02,ID-PAC,0.0023070674248578393,0.092681753020684,0.0,300,,0.0
BV-R,1,lr,0.05,ID-all,0.022745735174654752,0.34355928732336677,0.0,1244,0.051237981302943,
BV-R,1,lr,0.05,ID,0.021848090982940698,0.3329528978087241,0.0,300,,0.0
BV-R,1,lr,0.05,ID-PAC,0.011376929325751422,0.25144603727216874,0.0,300,,0.0
BV-R,1,lr,0.1,ID-all,0.05686433793663688,0.4860946139668237,0.0,1244,0.051237981302943,
BV-R,1,lr,0.1,ID,0.058346872461413485,0.4844138849068196,0.005,300,,0.0
BV-R,1,lr,0.1,ID-PAC,0.04008123476848091,0.4195072701208274,0.0,300,,0.0
BV-R,1,lr,0.2,ID-all,0.15272136474411047,0.7017407331558468,0.0,1244,0.051237981302943,
BV-R,1,lr,0.2,ID,0.15636880584890334,0.7026999795207862,0.01,300,,0.005
BV-R,1,lr,0.2,ID-PAC,0.13320064987814784,0.662977882449314,0.0,300,,0.0
BV-R,1,svm,0.02,ID-all,0.004061738424045491,0.1367601884087651,0.0,1244,0.05409948255280913,
BV-R,1,svm,0.02,ID,0.007420796100731113,0.146011058775343,0.035,300,,0.0
BV-R,1,svm,0.02,ID-PAC,0.0020836718115353372,0.06853573622772885,0.005,300,,0.0
BV-R,1,svm,0.05,ID-all,0.02843216896831844,0.313250051198034,0.0,1244,0.05409948255280913,
BV-R,1,svm,0.05,ID,0.028241267262388306,0.312034405078845,0.015,300,,0.0
BV-R,1,svm,0.05,ID-PAC,0.017713241267262387,0.2373352447266025,0.0,300,,0.0
BV-R,1,svm,0.1,ID-all,0.06904955320877336,0.5006758140487405,0.0,1244,0.05409948255280913,
BV-R,1,svm,0.1,ID,0.0658123476848091,0.4869442965390129,0.015,300,,0.005
BV-R,1,svm,0.1,ID-PAC,0.04660032493907393,0.4119111202129838,0.0,300,,0.0
BV-R,1,svm,0.2,ID-all,0.15272136474411047,0.6996518533688306,0.0,1244,0.05409948255280913,
BV-R,1,svm,0.2,ID,0.15347684809098294,0.6991515461806267,0.02,300,,0.0
BV-R,1,svm,0.2,ID-PAC,0.12666531275385864,0.6519252508703666,0.0,300,,0.0
BV-R,1,lgbm,0.02,ID-all,0.008123476848090982,0.14314970305140282,0.0,1244,0.09171757988303238,
BV-R,1,lgbm,0.02,ID,0.009455727051177903,0.15519905795617447,0.035,300,,0.0
BV-R,1,lgbm,0.02,ID-PAC,0.003753046303818034,0.09638705713700593,0.0,300,,0.0
BV-R,1,lgbm,0.05,ID-all,0.038180341186027617,0.3029694859717387,0.0,1244,0.09171757988303238,
BV-R,1,lgbm,0.05,ID,0.03598700243704306,0.2908967847634651,0.005,300,,0.0
BV-R,1,lgbm,0.05,ID-PAC,0.02047928513403737,0.22582162604955971,0.0,300,,0.0
BV-R,1,lgbm,0.1,ID-all,0.06823720552396426,0.43071882039729675,0.0,1244,0.09171757988303238,
BV-R,1,lgbm,0.1,ID,0.06806661251015435,0.4243239811591235,0.015,300,,0.0
BV-R,1,lgbm,0.1,ID-PAC,0.05344435418359059,0.3711048535736228,0.0,300,,0.0
BV-R,1,lgbm,0.2,ID-all,0.1478472786352559,0.5990169977472865,0.0,1244,0.09171757988303238,
BV-R,1,lgbm,0.2,ID,0.14810316815597077,0.5989967233258243,0.01,300,,0.0
BV-R,1,lgbm,0.2,ID-PAC,0.12549553208773356,0.5558021707966414,0.0,300,,0.0
BV-R,1,ens,0.02,ID-all,0.003249390739236393,0.17800532459553553,0.0,1244,0.06511123416770931,
BV-R,1,ens,0.02,ID,0.005820471161657189,0.1933307392996109,0.0,300,,0.0
BV-R,1,ens,0.02,ID-PAC,0.003127538586515028,0.11984394839238172,0.0,300,,0.0
BV-R,1,ens,0.05,ID-all,0.022745735174654752,0.36092566045463853,0.0,1244,0.06511123416770931,
BV-R,1,ens,0.05,ID,0.024788789601949635,0.35694347737046894,0.0,300,,0.0
BV-R,1,ens,0.05,ID-PAC,0.013919577579203899,0.2718566455048126,0.0,300,,0.0
BV-R,1,ens,0.1,ID-all,0.060926076360682375,0.5107106287118575,0.0,1244,0.06511123416770931,
BV-R,1,ens,0.1,ID,0.06313566206336312,0.5139639565840671,0.005,300,,0.0
BV-R,1,ens,0.1,ID-PAC,0.044443541835905764,0.44940896989555595,0.0,300,,0.0
BV-R,1,ens,0.2,ID-all,0.15515840779853776,0.6935080892893712,0.0,1244,0.06511123416770931,
BV-R,1,ens,0.2,ID,0.15435012185215272,0.6903106696702846,0.025,300,,0.005
BV-R,1,ens,0.2,ID-PAC,0.1251259138911454,0.6447020274421462,0.0,300,,0.0
BV-R,2,lr,0.02,ID-all,0.03185247275775356,0.29753354947264743,1.0,1195,0.0337926608143038,
BV-R,2,lr,0.02,ID,0.02960184409052808,0.29095436450937745,0.85,300,,0.095
BV-R,2,lr,0.02,ID-PAC,0.015850796311818946,0.20394160134608286,0.23,300,,0.0
BV-R,2,lr,0.05,ID-all,0.06286672254819782,0.4613206385685558,1.0,1195,0.0337926608143038,
BV-R,2,lr,0.05,ID,0.0636211232187762,0.45949706570361554,0.87,300,,0.2
BV-R,2,lr,0.05,ID-PAC,0.04469404861693211,0.3769774695284606,0.215,300,,0.0
BV-R,2,lr,0.1,ID-all,0.10477787091366303,0.6149300283169861,1.0,1195,0.0337926608143038,
BV-R,2,lr,0.1,ID,0.10882229673093041,0.6126784175319079,0.785,300,,0.165
BV-R,2,lr,0.1,ID-PAC,0.09015088013411568,0.5559906841219682,0.19,300,,0.005
BV-R,2,lr,0.2,ID-all,0.1994970662196144,0.7542167685804572,0.0,1195,0.0337926608143038,
BV-R,2,lr,0.2,ID,0.19703269069572507,0.7541866048344074,0.52,300,,0.075
BV-R,2,lr,0.2,ID-PAC,0.16994970662196146,0.7187491279189067,0.045,300,,0.0
BV-R,2,svm,0.02,ID-all,0.026823134953897737,0.24180243772315016,1.0,1195,0.02269935853146142,
BV-R,2,svm,0.02,ID,0.02791701592623638,0.24626851889851029,0.805,300,,0.065
BV-R,2,svm,0.02,ID-PAC,0.01515507124895222,0.1530785488570608,0.195,300,,0.0
BV-R,2,svm,0.05,ID-all,0.06621961441743504,0.461854147002093,1.0,1195,0.02269935853146142,
BV-R,2,svm,0.05,ID,0.06742665549036043,0.46033959863750157,0.965,300,,0.32
BV-R,2,svm,0.05,ID-PAC,0.046353730092204525,0.3556656543686133,0.35,300,,0.015
BV-R,2,svm,0.1,ID-all,0.11064543168482817,0.6086100053350844,1.0,1195,0.02269935853146142,
BV-R,2,svm,0.1,ID,0.11113998323554065,0.6071381376451759,0.715,300,,0.245
BV-R,2,svm,0.1,ID-PAC,0.08971081307627829,0.5478567324660402,0.15,300,,0.0
BV-R,2,svm,0.2,ID-all,0.19362950544844929,0.7535601428161037,0.0,1195,0.02269935853146142,
BV-R,2,svm,0.2,ID,0.19270326906957252,0.7517934091188903,0.405,300,,0.075
BV-R,2,svm,0.2,ID-PAC,0.16636630343671413,0.7187973488734763,0.06,300,,0.0
BV-R,2,lgbm,0.02,ID-all,0.027661357921207042,0.19497681290269628,1.0,1195,0.03201450581670624,
BV-R,2,lgbm,0.02,ID,0.02909471919530595,0.2067872532523495,0.895,300,,0.115
BV-R,2,lgbm,0.02,ID-PAC,0.015377200335289188,0.13611031312841138,0.335,300,,0.005
BV-R,2,lgbm,0.05,ID-all,0.06286672254819782,0.36533015964213894,1.0,1195,0.03201450581670624,
BV-R,2,lgbm,0.05,ID,0.06215004191114836,0.3653184634957114,0.86,300,,0.275
BV-R,2,lgbm,0.05,ID-PAC,0.04400670578373847,0.29040915992941274,0.245,300,,0.0
BV-R,2,lgbm,0.1,ID-all,0.10980720871751885,0.5061763860959494,1.0,1195,0.03201450581670624,
BV-R,2,lgbm,0.1,ID,0.10789186923721708,0.5017843805146305,0.695,300,,0.095
BV-R,2,lgbm,0.1,ID-PAC,0.0881601005867561,0.44806172282184925,0.19,300,,0.0
BV-R,2,lgbm,0.2,ID-all,0.1994970662196144,0.6790741576722616,0.0,1195,0.03201450581670624,
BV-R,2,lgbm,0.2,ID,0.19906957250628668,0.675875569417655,0.48,300,,0.12
BV-R,2,lgbm,0.2,ID-PAC,0.16997904442581727,0.6318865678992079,0.04,300,,0.0
BV-R,2,ens,0.02,ID-all,0.027661357921207042,0.2823901177822465,1.0,1195,0.0252252505024077,
BV-R,2,ens,0.02,ID,0.02905280804694049,0.292956867895104,0.7,300,,0.12
BV-R,2,ens,0.02,ID-PAC,0.015565800502933783,0.2077071449090984,0.09,300,,0.01
BV-R,2,ens,0.05,ID-all,0.07292539815590947,0.5118808224237699,1.0,1195,0.0252252505024077,
BV-R,2,ens,0.05,ID,0.0684953897736798,0.49482804612795994,0.96,300,,0.595
BV-R,2,ens,0.05,ID-PAC,0.0503059513830679,0.4042976156276932,0.57,300,,0.095
BV-R,2,ens,0.1,ID-all,0.10645431684828165,0.609348709319982,1.0,1195,0.0252252505024077,
BV-R,2,ens,0.1,ID,0.10745599329421628,0.6083844954241392,0.645,300,,0.255
BV-R,2,ens,0.1,ID-PAC,0.0840528080469405,0.5552932244428941,0.06,300,,0.01
BV-R,2,ens,0.2,ID-all,0.1994970662196144,0.750482209545697,0.0,1195,0.0252252505024077,
BV-R,2,ens,0.2,ID,0.1985959765297569,0.7523882710222842,0.455,300,,0.14
BV-R,2,ens,0.2,ID-PAC,0.17243922883487006,0.7214503221570157,0.025,300,,0.005
BV-T,0,lr,0.02,ID-all,0.06774475524475525,0.20374413791794035,1.0,425,0.36847696421225834,
BV-T,0,lr,0.02,ID,0.06955638111888111,0.20729470846228332,1.0,300,,1.0
BV-T,0,lr,0.02,ID-PAC,0.036652097902097905,0.12446467561563729,1.0,300,,0.41
BV-T,0,lr,0.02,Weighted,0.062011946386946376,0.1783639332434639,1.0,300,,1.0
BV-T,0,lr,0.02,TargetPAC-25,0.0,0.0,0.0,25,,0.0
BV-T,0,lr,0.02,Target-25,0.0,0.0,0.0,25,,0.0
BV-T,0,lr,0.02,TargetPAC-50,0.0,0.0,0.0,50,,0.0
BV-T,0,lr,0.02,Target-50,0.01827797202797203,0.06605052307809148,0.35,50,,0.13
BV-T,0,lr,0.02,TargetPAC-100,0.0,0.0,0.0,100,,0.0
BV-T,0,lr,0.02,Target-100,0.018068181818181817,0.0687820159866335,0.355,100,,0.095
BV-T,0,lr,0.02,TargetPAC-200,0.0077972027972027964,0.03651066092008582,0.11,200,,0.005
BV-T,0,lr,0.02,Target-200,0.02177010489510489,0.08130218914351894,0.515,200,,0.09
BV-T,0,lr,0.02,TargetPAC-400,0.009814248251748252,0.046158176536482555,0.115,400,,0.0
BV-T,0,lr,0.02,Target-400,0.021857517482517484,0.08267776111184948,0.525,400,,0.04
BV-T,0,lr,0.02,TargetPAC-all,0.015297202797202796,0.06694640110881164,0.0,1986,,0.0
BV-T,0,lr,0.02,Target-all,0.02141608391608391,0.08504053617877691,1.0,1986,,0.0
BV-T,0,lr,0.05,ID-all,0.12674825174825174,0.3227705101672711,1.0,425,0.36847696421225834,
BV-T,0,lr,0.05,ID,0.12989073426573425,0.33016774573278407,1.0,300,,1.0
BV-T,0,lr,0.05,ID-PAC,0.0899104020979021,0.24875571968330515,1.0,300,,1.0
BV-T,0,lr,0.05,Weighted,0.13105332167832168,0.3223151505945939,1.0,300,,1.0
BV-T,0,lr,0.05,TargetPAC-25,0.0,0.0,0.0,25,,0.0
BV-T,0,lr,0.05,Target-25,0.04119755244755245,0.12604501699291804,0.32,25,,0.18
BV-T,0,lr,0.05,TargetPAC-50,0.019700611888111886,0.07020315555639939,0.12,50,,0.02
BV-T,0,lr,0.05,Target-50,0.039768356643356643,0.12933452315403748,0.335,50,,0.125
BV-T,0,lr,0.05,TargetPAC-100,0.01903846153846154,0.07153287512578556,0.055,100,,0.005
BV-T,0,lr,0.05,Target-100,0.05316433566433567,0.1661805806071883,0.54,100,,0.155
BV-T,0,lr,0.05,TargetPAC-200,0.0350895979020979,0.11927243729708177,0.13,200,,0.015
BV-T,0,lr,0.05,Target-200,0.054060314685314685,0.17032789686532873,0.585,200,,0.105
BV-T,0,lr,0.05,TargetPAC-400,0.04250218531468532,0.14008316087261957,0.155,400,,0.0
BV-T,0,lr,0.05,Target-400,0.053680069930069935,0.17025318498547531,0.62,400,,0.08
BV-T,0,lr,0.05,TargetPAC-all,0.04895104895104895,0.15984734853519147,0.0,1986,,0.0
BV-T,0,lr,0.05,Target-all,0.053758741258741256,0.17325181795743227,1.0,1986,,0.0
BV-T,0,lr,0.1,ID-all,0.2312062937062937,0.5088572025290019,1.0,425,0.36847696421225834,
BV-T,0,lr,0.1,ID,0.22672202797202792,0.5019085230401186,1.0,300,,1.0
BV-T,0,lr,0.1,ID-PAC,0.1932998251748252,0.44628548102299265,1.0,300,,1.0
BV-T,0,lr,0.1,Weighted,0.2280448717948718,0.5008585062687095,1.0,300,,1.0
BV-T,0,lr,0.1,TargetPAC-25,0.040017482517482515,0.12531792895251476,0.065,25,,0.04
BV-T,0,lr,0.1,Target-25,0.07533216783216784,0.21103077711746948,0.26,25,,0.14
BV-T,0,lr,0.1,TargetPAC-50,0.04452797202797203,0.14087309423000247,0.055,50,,0.02
BV-T,0,lr,0.1,Target-50,0.09879807692307692,0.2659013841158936,0.455,50,,0.235
BV-T,0,lr,0.1,TargetPAC-100,0.06286494755244755,0.18936442689247948,0.035,100,,0.0
BV-T,0,lr,0.1,Target-100,0.09935533216783217,0.2681036283202643,0.455,100,,0.165
BV-T,0,lr,0.1,TargetPAC-200,0.0761756993006993,0.22033957356319653,0.075,200,,0.005
BV-T,0,lr,0.1,Target-200,0.095625,0.2620686741726632,0.455,200,,0.06
BV-T,0,lr,0.1,TargetPAC-400,0.081951486013986,0.23250773699899369,0.07,400,,0.0
BV-T,0,lr,0.1,Target-400,0.09935751748251746,0.2703087204997247,0.515,400,,0.03
BV-T,0,lr,0.1,TargetPAC-all,0.09222027972027974,0.2528052554633656,0.0,1986,,0.0
BV-T,0,lr,0.1,Target-all,0.10008741258741256,0.2697032409956521,1.0,1986,,0.0
BV-T,0,lr,0.2,ID-all,0.3972902097902098,0.7008297100761358,1.0,425,0.36847696421225834,
BV-T,0,lr,0.2,ID,0.3938417832167832,0.6958324631187226,1.0,300,,1.0
BV-T,0,lr,0.2,ID-PAC,0.33835882867132866,0.6382267557766429,1.0,300,,1.0
BV-T,0,lr,0.2,Weighted,0.3969041375291375,0.6959201174631505,1.0,300,,1.0
BV-T,0,lr,0.2,TargetPAC-25,0.10977054195804196,0.2844836621162354,0.035,25,,0.03
BV-T,0,lr,0.2,Target-25,0.17098557692307692,0.39781740682374833,0.245,25,,0.155
BV-T,0,lr,0.2,TargetPAC-50,0.11530594405594406,0.29855085534185194,0.01,50,,0.01
BV-T,0,lr,0.2,Target-50,0.18448645104895103,0.42667195124266644,0.305,50,,0.2
BV-T,0,lr,0.2,TargetPAC-100,0.14442963286713287,0.3556555089331485,0.005,100,,0.0
BV-T,0,lr,0.2,Target-100,0.18472683566433568,0.42924376768117867,0.265,100,,0.115
BV-T,0,lr,0.2,TargetPAC-200,0.1578125,0.38040298847519416,0.01,200,,0.0
BV-T,0,lr,0.2,Target-200,0.18434003496503493,0.42931990354857696,0.19,200,,0.05
BV-T,0,lr,0.2,TargetPAC-400,0.16976617132867133,0.4019978545254324,0.015,400,,0.0
BV-T,0,lr,0.2,Target-400,0.18621503496503497,0.4339213769010234,0.105,400,,0.015
BV-T,0,lr,0.2,TargetPAC-all,0.17569930069930068,0.41922193320549084,0.0,1986,,0.0
BV-T,0,lr,0.2,Target-all,0.1875,0.4348288366971084,0.0,1986,,0.0
BV-T,0,svm,0.02,ID-all,0.06075174825174825,0.15631585942394957,1.0,425,0.37466783216783217,
BV-T,0,svm,0.02,ID,0.0681118881118881,0.17138278683855776,1.0,300,,1.0
BV-T,0,svm,0.02,ID-PAC,0.03812718531468531,0.11263190871290511,1.0,300,,0.3
BV-T,0,svm,0.02,Weighted,0.06432109557109558,0.1517670103223275,1.0,300,,1.0
BV-T,0,svm,0.02,TargetPAC-25,0.0,0.0,0.0,25,,0.0
BV-T,0,svm,0.02,Target-25,0.0,0.0,0.0,25,,0.0
BV-T,0,svm,0.02,TargetPAC-50,0.0,0.0,0.0,50,,0.0
BV-T,0,svm,0.02,Target-50,0.016363636363636365,0.051699861398545634,0.305,50,,0.14
BV-T,0,svm,0.02,TargetPAC-100,0.0,0.0,0.0,100,,0.0
BV-T,0,svm,0.02,Target-100,0.021582167832167834,0.06906890201067041,0.39,100,,0.165
BV-T,0,svm,0.02,TargetPAC-200,0.00634833916083916,0.026298676640908316,0.08,200,,0.02
BV-T,0,svm,0.02,Target-200,0.018365384615384617,0.06385198124133741,0.41,200,,0.09
BV-T,0,svm,0.02,TargetPAC-400,0.007760052447552448,0.03455277297841235,0.045,400,,0.005
BV-T,0,svm,0.02,Target-400,0.016826923076923076,0.06284465245210656,0.375,400,,0.015
BV-T,0,svm,0.02,TargetPAC-all,0.012237762237762238,0.04953578006037707,0.0,1986,,0.0
BV-T,0,svm,0.02,Target-all,0.014423076923076926,0.05946571987317018,0.0,1986,,0.0
BV-T,0,svm,0.05,ID-all,0.13068181818181818,0.30877745922648997,1.0,425,0.37466783216783217,
BV-T,0,svm,0.05,ID,0.13110795454545454,0.3079011372913858,1.0,300,,1.0
BV-T,0,svm,0.05,ID-PAC,0.10300917832167833,0.24600039871651255,1.0,300,,1.0
BV-T,0,svm,0.05,Weighted,0.1321168414918415,0.3037887561943458,1.0,300,,1.0
BV-T,0,svm,0.05,TargetPAC-25,0.0,0.0,0.0,25,,0.0
BV-T,0,svm,0.05,Target-25,0.042272727272727274,0.11348848468738726,0.375,25,,0.25
BV-T,0,svm,0.05,TargetPAC-50,0.021372377622377627,0.06482390020695286,0.16,50,,0.08
BV-T,0,svm,0.05,Target-50,0.043426573426573425,0.11840437448973778,0.39,50,,0.285
BV-T,0,svm,0.05,TargetPAC-100,0.017915209790209788,0.059484136778750314,0.08,100,,0.02
BV-T,0,svm,0.05,Target-100,0.06312718531468532,0.1621812641212098,0.7,100,,0.49
BV-T,0,svm,0.05,TargetPAC-200,0.033968531468531474,0.10208775560576429,0.225,200,,0.05
BV-T,0,svm,0.05,Target-200,0.062318618881118885,0.16037346446676415,0.765,200,,0.395
BV-T,0,svm,0.05,TargetPAC-400,0.0452381993006993,0.12633674457460745,0.38,400,,0.045
BV-T,0,svm,0.05,Target-400,0.06477054195804195,0.16535552222369895,0.88,400,,0.43
BV-T,0,svm,0.05,TargetPAC-all,0.05812937062937063,0.15253754580493273,1.0,1986,,0.0
BV-T,0,svm,0.05,Target-all,0.06555944055944055,0.16649262374451765,1.0,1986,,0.0
BV-T,0,svm,0.1,ID-all,0.21284965034965034,0.46222635706013027,1.0,425,0.37466783216783217,
BV-T,0,svm,0.1,ID,0.2158784965034965,0.4674239115988532,1.0,300,,1.0
BV-T,0,svm,0.1,ID-PAC,0.18173295454545454,0.40506645275209324,1.0,300,,1.0
BV-T,0,svm,0.1,Weighted,0.21817453379953378,0.4657799970887365,1.0,300,,1.0
BV-T,0,svm,0.1,TargetPAC-25,0.04233828671328672,0.11399153202073325,0.095,25,,0.05
BV-T,0,svm,0.1,Target-25,0.0799409965034965,0.19627465871765173,0.335,25,,0.2
BV-T,0,svm,0.1,TargetPAC-50,0.040098339160839165,0.11065351535058575,0.045,50,,0.03
BV-T,0,svm,0.1,Target-50,0.10811407342657342,0.25652622985057627,0.62,50,,0.345
BV-T,0,svm,0.1,TargetPAC-100,0.06926354895104896,0.17446932730828382,0.095,100,,0.02
BV-T,0,svm,0.1,Target-100,0.10900786713286713,0.25812109590081456,0.655,100,,0.285
BV-T,0,svm,0.1,TargetPAC-200,0.08805725524475524,0.21335320587062598,0.29,200,,0.02
BV-T,0,svm,0.1,Target-200,0.1073666958041958,0.2551037612257685,0.73,200,,0.195
BV-T,0,svm,0.1,TargetPAC-400,0.09203234265734266,0.22124788775180845,0.31,400,,0.0
BV-T,0,svm,0.1,Target-400,0.10873688811188811,0.2576905769997531,0.835,400,,0.13
BV-T,0,svm,0.1,TargetPAC-all,0.10227272727272727,0.24511572272114532,1.0,1986,,0.0
BV-T,0,svm,0.1,Target-all,0.10839160839160834,0.25694431259374584,1.0,1986,,0.0
BV-T,0,svm,0.2,ID-all,0.3741258741258741,0.6734891492149082,1.0,425,0.37466783216783217,
BV-T,0,svm,0.2,ID,0.373006993006993,0.670800565797718,1.0,300,,1.0
BV-T,0,svm,0.2,ID-PAC,0.3285445804195804,0.6269845639750138,1.0,300,,1.0
BV-T,0,svm,0.2,Weighted,0.3817890442890443,0.6763225679874943,1.0,300,,1.0
BV-T,0,svm,0.2,TargetPAC-25,0.11862106643356643,0.27658641705747217,0.075,25,,0.025
BV-T,0,svm,0.2,Target-25,0.1805201048951049,0.3969452619187757,0.39,25,,0.23
BV-T,0,svm,0.2,TargetPAC-50,0.12441215034965035,0.2897212781712203,0.035,50,,0.02
BV-T,0,svm,0.2,Target-50,0.19118662587412585,0.41980671742391157,0.395,50,,0.185
BV-T,0,svm,0.2,TargetPAC-100,0.14869973776223777,0.3404478915491086,0.045,100,,0.005
BV-T,0,svm,0.2,Target-100,0.1862347027972028,0.4120182650135753,0.29,100,,0.085
BV-T,0,svm,0.2,TargetPAC-200,0.16246722027972027,0.3680726803242895,0.045,200,,0.005
BV-T,0,svm,0.2,Target-200,0.1877513111888112,0.4158285708861,0.27,200,,0.015
BV-T,0,svm,0.2,TargetPAC-400,0.17186625874125874,0.3868277354800737,0.03,400,,0.0
BV-T,0,svm,0.2,Target-400,0.19046984265734268,0.42071892384514614,0.275,400,,0.015
BV-T,0,svm,0.2,TargetPAC-all,0.18138111888111894,0.40621618029580975,0.0,1986,,0.0
BV-T,0,svm,0.2,Target-all,0.1914335664335664,0.4212914617706811,0.0,1986,,0.0
BV-T,0,lgbm,0.02,ID-all,0.025786713286713288,0.1225768478611707,1.0,425,0.21789901275195392,
BV-T,0,lgbm,0.02,ID,0.04031687062937064,0.16104938388805556,0.88,300,,0.455
BV-T,0,lgbm,0.02,ID-PAC,0.015343094405594403,0.08119899751276843,0.075,300,,0.01
BV-T,0,lgbm,0.02,Weighted,0.037398018648018644,0.13396115361977634,0.9333333333333333,300,,0.36666666666666664
BV-T,0,lgbm,0.02,TargetPAC-25,0.0,0.0,0.0,25,,0.0
BV-T,0,lgbm,0.02,Target-25,0.0,0.0,0.0,25,,0.0
BV-T,0,lgbm,0.02,TargetPAC-50,0.0,0.0,0.0,50,,0.0
BV-T,0,lgbm,0.02,Target-50,0.014613199300699299,0.07405807970532952,0.23,50,,0.065
BV-T,0,lgbm,0.02,TargetPAC-100,0.0,0.0,0.0,100,,0.0
BV-T,0,lgbm,0.02,Target-100,0.015965909090909093,0.08154189371356965,0.26,100,,0.05
BV-T,0,lgbm,0.02,TargetPAC-200,0.00798076923076923,0.04907326890580797,0.01,200,,0.0
BV-T,0,lgbm,0.02,Target-200,0.014838286713286712,0.0789034346579582,0.175,200,,0.0
BV-T,0,lgbm,0.02,TargetPAC-400,0.010260052447552445,0.0608708158499307,0.005,400,,0.0
BV-T,0,lgbm,0.02,Target-400,0.014960664335664335,0.08047523210996982,0.115,400,,0.0
BV-T,0,lgbm,0.02,TargetPAC-all,0.0118006993006993,0.07017410621048435,0.0,1986,,0.0
BV-T,0,lgbm,0.02,Target-all,0.013986013986013988,0.07609789439708368,0.0,1986,,0.0
BV-T,0,lgbm,0.05,ID-all,0.13723776223776224,0.3726480472384135,1.0,425,0.21789901275195392,
BV-T,0,lgbm,0.05,ID,0.13202578671328669,0.3604666881847007,1.0,300,,1.0
BV-T,0,lgbm,0.05,ID-PAC,0.09240384615384617,0.2900700601872069,1.0,300,,0.975
BV-T,0,lgbm,0.05,Weighted,0.14962849650349652,0.38251564804090954,1.0,300,,1.0
BV-T,0,lgbm,0.05,TargetPAC-25,0.0,0.0,0.0,25,,0.0
BV-T,0,lgbm,0.05,Target-25,0.026225961538461542,0.10883090622567355,0.165,25,,0.05
BV-T,0,lgbm,0.05,TargetPAC-50,0.0164138986013986,0.07882710892555393,0.08,50,,0.005
BV-T,0,lgbm,0.05,Target-50,0.028225524475524476,0.12199044979019917,0.175,50,,0.045
BV-T,0,lgbm,0.05,TargetPAC-100,0.014851398601398603,0.07788404944084755,0.005,100,,0.0
BV-T,0,lgbm,0.05,Target-100,0.038811188811188814,0.15842810761548537,0.3,100,,0.03
BV-T,0,lgbm,0.05,TargetPAC-200,0.023271416083916082,0.1102799559513186,0.01,200,,0.0
BV-T,0,lgbm,0.05,Target-200,0.03866914335664336,0.15935483870967743,0.19,200,,0.0
BV-T,0,lgbm,0.05,TargetPAC-400,0.029724650349650345,0.13303413772807535,0.005,400,,0.0
BV-T,0,lgbm,0.05,Target-400,0.039543269230769236,0.1620397197592512,0.15,400,,0.0
BV-T,0,lgbm,0.05,TargetPAC-all,0.03365384615384615,0.14435436404716248,0.0,1986,,0.0
BV-T,0,lgbm,0.05,Target-all,0.04152097902097902,0.16687235375647913,0.0,1986,,0.0
BV-T,0,lgbm,0.1,ID-all,0.2111013986013986,0.4976361806755397,1.0,425,0.21789901275195392,
BV-T,0,lgbm,0.1,ID,0.20902316433566434,0.4965720822495206,1.0,300,,1.0
BV-T,0,lgbm,0.1,ID-PAC,0.1798339160839161,0.4508838216028404,1.0,300,,1.0
BV-T,0,lgbm,0.1,Weighted,0.22334644522144523,0.5169125418494117,1.0,300,,1.0
BV-T,0,lgbm,0.1,TargetPAC-25,0.03139204545454546,0.12746283392507926,0.025,25,,0.015
BV-T,0,lgbm,0.1,Target-25,0.06590472027972029,0.21878552848924415,0.16,25,,0.135
BV-T,0,lgbm,0.1,TargetPAC-50,0.026927447552447553,0.11886755017182785,0.0,50,,0.0
BV-T,0,lgbm,0.1,Target-50,0.08410620629370628,0.26654284303859954,0.29,50,,0.185
BV-T,0,lgbm,0.1,TargetPAC-100,0.047154720279720286,0.18220214927186767,0.02,100,,0.005
BV-T,0,lgbm,0.1,Target-100,0.0812368881118881,0.2637742315213883,0.22,100,,0.115
BV-T,0,lgbm,0.1,TargetPAC-200,0.05658435314685315,0.2099841462720006,0.005,200,,0.0
BV-T,0,lgbm,0.1,Target-200,0.07805944055944056,0.26079373065750255,0.095,200,,0.025
BV-T,0,lgbm,0.1,TargetPAC-400,0.0592416958041958,0.21899646851088875,0.0,400,,0.0
BV-T,0,lgbm,0.1,Target-400,0.0771875,0.26088040403273266,0.035,400,,0.01
BV-T,0,lgbm,0.1,TargetPAC-all,0.06687062937062938,0.2418500446182765,0.0,1986,,0.0
BV-T,0,lgbm,0.1,Target-all,0.07604895104895106,0.2626592492737663,0.0,1986,,0.0
BV-T,0,lgbm,0.2,ID-all,0.3326048951048951,0.6624959653686229,1.0,425,0.21789901275195392,
BV-T,0,lgbm,0.2,ID,0.335,0.664890922554064,1.0,300,,1.0
BV-T,0,lgbm,0.2,ID-PAC,0.3000939685314685,0.6265623991342155,1.0,300,,1.0
BV-T,0,lgbm,0.2,Weighted,0.35247668997669,0.6823200870847492,1.0,300,,1.0
BV-T,0,lgbm,0.2,TargetPAC-25,0.09194274475524475,0.2781932446030872,0.05,25,,0.03
BV-T,0,lgbm,0.2,Target-25,0.1708173076923077,0.4247156771535438,0.295,25,,0.195
BV-T,0,lgbm,0.2,TargetPAC-50,0.10045236013986013,0.30013565854677327,0.035,50,,0.01
BV-T,0,lgbm,0.2,Target-50,0.17848776223776222,0.4435433556741157,0.285,50,,0.185
BV-T,0,lgbm,0.2,TargetPAC-100,0.1297312062937063,0.3575560576430158,0.005,100,,0.0
BV-T,0,lgbm,0.2,Target-100,0.1771000874125874,0.4424610302075224,0.23,100,,0.105
BV-T,0,lgbm,0.2,TargetPAC-200,0.14922202797202797,0.39274867569158334,0.02,200,,0.0
BV-T,0,lgbm,0.2,Target-200,0.1833763111888112,0.4544654350756612,0.215,200,,0.04
BV-T,0,lgbm,0.2,TargetPAC-400,0.1557124125874126,0.40556589265032555,0.0,400,,0.0
BV-T,0,lgbm,0.2,Target-400,0.1800568181818182,0.44982750764206647,0.09,400,,0.01
BV-T,0,lgbm,0.2,TargetPAC-all,0.16783216783216787,0.4330820786420855,0.0,1986,,0.0
BV-T,0,lgbm,0.2,Target-all,0.18269230769230765,0.4559797983633637,0.0,1986,,0.0
BV-T,0,ens,0.02,ID-all,0.0659965034965035,0.23248969982342554,1.0,425,0.3056900452488688,
BV-T,0,ens,0.02,ID,0.07683566433566434,0.2515981886878429,1.0,300,,1.0
BV-T,0,ens,0.02,ID-PAC,0.04902316433566433,0.18222255976001064,1.0,300,,0.685
BV-T,0,ens,0.02,Weighted,0.0699373543123543,0.21518097299486735,1.0,300,,1.0
BV-T,0,ens,0.02,TargetPAC-25,0.0,0.0,0.0,25,,0.0
BV-T,0,ens,0.02,Target-25,0.0,0.0,0.0,25,,0.0
BV-T,0,ens,0.02,TargetPAC-50,0.0,0.0,0.0,50,,0.0
BV-T,0,ens,0.02,Target-50,0.015843531468531468,0.07276519394710361,0.305,50,,0.095
BV-T,0,ens,0.02,TargetPAC-100,0.0,0.0,0.0,100,,0.0
BV-T,0,ens,0.02,Target-100,0.01555944055944056,0.07506426930452449,0.295,100,,0.08
BV-T,0,ens,0.02,TargetPAC-200,0.00560096153846154,0.03852721714860734,0.055,200,,0.0
BV-T,0,ens,0.02,Target-200,0.017237762237762237,0.08327697507072472,0.335,200,,0.03
BV-T,0,ens,0.02,TargetPAC-400,0.008391608391608392,0.05308483168467219,0.025,400,,0.0
BV-T,0,ens,0.02,Target-400,0.01826048951048951,0.08768972260722627,0.32,400,,0.01
BV-T,0,ens,0.02,TargetPAC-all,0.015297202797202796,0.08004708652148321,0.0,1986,,0.0
BV-T,0,ens,0.02,Target-all,0.01748251748251748,0.08872391729480338,0.0,1986,,0.0
BV-T,0,ens,0.05,ID-all,0.14903846153846154,0.40367198921566766,1.0,425,0.3056900452488688,
BV-T,0,ens,0.05,ID,0.14272727272727273,0.3912195029334144,1.0,300,,1.0
BV-T,0,ens,0.05,ID-PAC,0.11084134615384615,0.3252612542482295,1.0,300,,1.0
BV-T,0,ens,0.05,Weighted,0.1439685314685315,0.38271880359730903,1.0,300,,1.0
BV-T,0,ens,0.05,TargetPAC-25,0.0,0.0,0.0,25,,0.0
BV-T,0,ens,0.05,Target-25,0.0378715034965035,0.13958353110938124,0.275,25,,0.175
BV-T,0,ens,0.05,TargetPAC-50,0.01792395104895105,0.07883593764833204,0.065,50,,0.025
BV-T,0,ens,0.05,Target-50,0.03810314685314685,0.14541238679299018,0.25,50,,0.11
BV-T,0,ens,0.05,TargetPAC-100,0.017445367132867134,0.08203240995652092,0.02,100,,0.0
BV-T,0,ens,0.05,Target-100,0.04860576923076923,0.1791974406197194,0.36,100,,0.14
BV-T,0,ens,0.05,TargetPAC-200,0.028747814685314683,0.12101093622434447,0.04,200,,0.0
BV-T,0,ens,0.05,Target-200,0.048168706293706294,0.1805197554538723,0.385,200,,0.07
BV-T,0,ens,0.05,TargetPAC-400,0.03677884615384615,0.14699025992519318,0.035,400,,0.0
BV-T,0,ens,0.05,Target-400,0.046879370629370636,0.17877309233135238,0.36,400,,0.01
BV-T,0,ens,0.05,TargetPAC-all,0.04152097902097902,0.16791661128937327,0.0,1986,,0.0
BV-T,0,ens,0.05,Target-all,0.0472027972027972,0.18037175568171032,0.0,1986,,0.0
BV-T,0,ens,0.1,ID-all,0.24213286713286714,0.5565702785319637,1.0,425,0.3056900452488688,
BV-T,0,ens,0.1,ID,0.2429020979020979,0.5569371926560216,1.0,300,,1.0
BV-T,0,ens,0.1,ID-PAC,0.19509396853146854,0.48462757979076876,1.0,300,,1.0
BV-T,0,ens,0.1,Weighted,0.24924242424242424,0.5628601897384293,1.0,300,,1.0
BV-T,0,ens,0.1,TargetPAC-25,0.035513548951048954,0.13063766162258633,0.07,25,,0.045
BV-T,0,ens,0.1,Target-25,0.07273601398601398,0.23117051776187134,0.26,25,,0.14
BV-T,0,ens,0.1,TargetPAC-50,0.03932910839160839,0.14810761548538987,0.025,50,,0.01
BV-T,0,ens,0.1,Target-50,0.09189248251748251,0.28188241660179614,0.39,50,,0.215
BV-T,0,ens,0.1,TargetPAC-100,0.057021416083916095,0.2016486927794338,0.07,100,,0.01
BV-T,0,ens,0.1,Target-100,0.09389423076923077,0.2878230078414247,0.39,100,,0.135
BV-T,0,ens,0.1,TargetPAC-200,0.07109484265734266,0.237997968444436,0.085,200,,0.0
BV-T,0,ens,0.1,Target-200,0.09291083916083914,0.28595207807249046,0.335,200,,0.055
BV-T,0,ens,0.1,TargetPAC-400,0.07384396853146853,0.2448935806641478,0.02,400,,0.0
BV-T,0,ens,0.1,Target-400,0.09454982517482517,0.28921690178283244,0.34,400,,0.015
BV-T,0,ens,0.1,TargetPAC-all,0.08741258741258742,0.27469669065294583,0.0,1986,,0.0
BV-T,0,ens,0.1,Target-all,0.09265734265734267,0.28542406349085797,0.0,1986,,0.0
BV-T,0,ens,0.2,ID-all,0.3693181818181818,0.7058041732328315,1.0,425,0.3056900452488688,
BV-T,0,ens,0.2,ID,0.3714641608391608,0.7066659704949779,1.0,300,,1.0
BV-T,0,ens,0.2,ID-PAC,0.33981206293706295,0.6729478440828571,1.0,300,,1.0
BV-T,0,ens,0.2,Weighted,0.3906177156177157,0.7210898884226649,1.0,300,,1.0
BV-T,0,ens,0.2,TargetPAC-25,0.09863636363636363,0.29269076686475914,0.03,25,,0.02
BV-T,0,ens,0.2,Target-25,0.1785729895104895,0.4433037460365681,0.335,25,,0.31
BV-T,0,ens,0.2,TargetPAC-50,0.10515734265734265,0.3101782832406159,0.01,50,,0.005
BV-T,0,ens,0.2,Target-50,0.1733763111888112,0.4430217015701836,0.26,50,,0.155
BV-T,0,ens,0.2,TargetPAC-100,0.13194493006993008,0.36783981089445406,0.025,100,,0.005
BV-T,0,ens,0.2,Target-100,0.17343531468531467,0.44522195219199145,0.215,100,,0.105
BV-T,0,ens,0.2,TargetPAC-200,0.14887237762237762,0.4028547152974235,0.0,200,,0.0
BV-T,0,ens,0.2,Target-200,0.17878277972027973,0.4570079173707494,0.17,200,,0.05
BV-T,0,ens,0.2,TargetPAC-400,0.15492788461538462,0.41533169416544835,0.005,400,,0.0
BV-T,0,ens,0.2,Target-400,0.1738068181818182,0.45011876056124095,0.055,400,,0.0
BV-T,0,ens,0.2,TargetPAC-all,0.16477272727272727,0.4352085667090699,0.0,1986,,0.0
BV-T,0,ens,0.2,Target-all,0.17569930069930068,0.45132810571683535,0.0,1986,,0.0
BV-T,1,lr,0.02,ID-all,0.043706293706293704,0.14249368698855114,1.0,480,0.36978438228438226,
BV-T,1,lr,0.02,ID,0.0455506993006993,0.14624257153164102,1.0,300,,0.96
BV-T,1,lr,0.02,ID-PAC,0.031057692307692307,0.09983681102735956,0.755,300,,0.17
BV-T,1,lr,0.02,Weighted,0.0435460372960373,0.12938097679216745,1.0,300,,0.8
BV-T,1,lr,0.02,TargetPAC-25,0.0,0.0,0.0,25,,0.0
BV-T,1,lr,0.02,Target-25,0.0,0.0,0.0,25,,0.0
BV-T,1,lr,0.02,TargetPAC-50,0.0,0.0,0.0,50,,0.0
BV-T,1,lr,0.02,Target-50,0.0209965034965035,0.0701449619320663,0.49,50,,0.125
BV-T,1,lr,0.02,TargetPAC-100,0.0,0.0,0.0,100,,0.0
BV-T,1,lr,0.02,Target-100,0.021453234265734266,0.07213778503484022,0.535,100,,0.095
BV-T,1,lr,0.02,TargetPAC-200,0.010426136363636363,0.03792695893219921,0.19,200,,0.0
BV-T,1,lr,0.02,Target-200,0.023597027972027975,0.07890324479295222,0.66,200,,0.065
BV-T,1,lr,0.02,TargetPAC-400,0.012003933566433566,0.04348516204978261,0.195,400,,0.0
BV-T,1,lr,0.02,Target-400,0.02456730769230769,0.08136883176061818,0.75,400,,0.01
BV-T,1,lr,0.02,TargetPAC-all,0.020104895104895104,0.06778180713512694,1.0,1986,,0.0
BV-T,1,lr,0.02,Target-all,0.027972027972027975,0.08714803774516319,1.0,1986,,0.0
BV-T,1,lr,0.05,ID-all,0.09222027972027973,0.2615390457384799,1.0,480,0.36978438228438226,
BV-T,1,lr,0.05,ID,0.08544143356643356,0.24521758529685392,1.0,300,,0.525
BV-T,1,lr,0.05,ID-PAC,0.0572465034965035,0.17731787199301297,0.905,300,,0.02
BV-T,1,lr,0.05,Weighted,0.09202360139860137,0.2503898561456138,1.0,300,,0.75
BV-T,1,lr,0.05,TargetPAC-25,0.0,0.0,0.0,25,,0.0
BV-T,1,lr,0.05,Target-25,0.03977928321678322,0.1205395963469973,0.275,25,,0.16
BV-T,1,lr,0.05,TargetPAC-50,0.021105769230769234,0.06992395906510471,0.075,50,,0.02
BV-T,1,lr,0.05,Target-50,0.03885489510489511,0.12203468833659269,0.185,50,,0.09
BV-T,1,lr,0.05,TargetPAC-100,0.02085664335664336,0.0702485332928288,0.04,100,,0.0
BV-T,1,lr,0.05,Target-100,0.05138111888111888,0.15871034194687578,0.4,100,,0.16
BV-T,1,lr,0.05,TargetPAC-200,0.03247377622377622,0.10646215041105775,0.02,200,,0.0
BV-T,1,lr,0.05,Target-200,0.0511756993006993,0.15993041447530806,0.395,200,,0.075
BV-T,1,lr,0.05,TargetPAC-400,0.03975305944055943,0.12936233837741365,0.055,400,,0.0
BV-T,1,lr,0.05,Target-400,0.05039554195804197,0.15883546298581708,0.405,400,,0.025
BV-T,1,lr,0.05,TargetPAC-all,0.045017482517482506,0.1444682830507509,0.0,1986,,0.0
BV-T,1,lr,0.05,Target-all,0.04763986013986013,0.15458808786952474,0.0,1986,,0.0
BV-T,1,lr,0.1,ID-all,0.19536713286713286,0.4508154702006873,1.0,480,0.36978438228438226,
BV-T,1,lr,0.1,ID,0.18705856643356644,0.43681947635231355,1.0,300,,1.0
BV-T,1,lr,0.1,ID-PAC,0.1440603146853147,0.3603636864189561,1.0,300,,0.955
BV-T,1,lr,0.1,Weighted,0.19904574592074592,0.44992152246419453,1.0,300,,1.0
BV-T,1,lr,0.1,TargetPAC-25,0.039967220279720286,0.11967371698722207,0.085,25,,0.045
BV-T,1,lr,0.1,Target-25,0.07203452797202797,0.20480681235641462,0.255,25,,0.12
BV-T,1,lr,0.1,TargetPAC-50,0.03885052447552448,0.12222284455751961,0.03,50,,0.005
BV-T,1,lr,0.1,Target-50,0.09585227272727273,0.2624795420456056,0.435,50,,0.21
BV-T,1,lr,0.1,TargetPAC-100,0.06147945804195804,0.18441834855417796,0.07,100,,0.0
BV-T,1,lr,0.1,Target-100,0.0956993006993007,0.2660096071693026,0.405,100,,0.125
BV-T,1,lr,0.1,TargetPAC-200,0.0748361013986014,0.2184892441474112,0.085,200,,0.0
BV-T,1,lr,0.1,Target-200,0.09890952797202797,0.27477861740302645,0.46,200,,0.06
BV-T,1,lr,0.1,TargetPAC-400,0.08046765734265733,0.23213863942736715,0.075,400,,0.0
BV-T,1,lr,0.1,Target-400,0.09989291958041957,0.27775370711424174,0.505,400,,0.06
BV-T,1,lr,0.1,TargetPAC-all,0.09265734265734267,0.26172891074446075,0.0,1986,,0.0
BV-T,1,lr,0.1,Target-all,0.09965034965034965,0.2786268962767472,0.0,1986,,0.0
BV-T,1,lr,0.2,ID-all,0.36494755244755245,0.6803812489320094,1.0,480,0.36978438228438226,
BV-T,1,lr,0.2,ID,0.358909527972028,0.6697378913592437,1.0,300,,1.0
BV-T,1,lr,0.2,ID-PAC,0.29092875874125873,0.5887724278038314,1.0,300,,1.0
BV-T,1,lr,0.2,Weighted,0.3938811188811189,0.7021720556684198,1.0,300,,1.0
BV-T,1,lr,0.2,TargetPAC-25,0.1077972027972028,0.28503835273120814,0.055,25,,0.015
BV-T,1,lr,0.2,Target-25,0.16987106643356642,0.40174334048491517,0.31,25,,0.185
BV-T,1,lr,0.2,TargetPAC-50,0.10976617132867134,0.2926242191801629,0.01,50,,0.005
BV-T,1,lr,0.2,Target-50,0.18577578671328673,0.4324597960849836,0.4,50,,0.205
BV-T,1,lr,0.2,TargetPAC-100,0.1387237762237762,0.3517178036416108,0.035,100,,0.005
BV-T,1,lr,0.2,Target-100,0.1827840909090909,0.4290440296948869,0.295,100,,0.11
BV-T,1,lr,0.2,TargetPAC-200,0.15294143356643355,0.37794727448783916,0.03,200,,0.005
BV-T,1,lr,0.2,Target-200,0.1795651223776224,0.42507290816229665,0.18,200,,0.02
BV-T,1,lr,0.2,TargetPAC-400,0.16504807692307694,0.3997859272057567,0.01,400,,0.0
BV-T,1,lr,0.2,Target-400,0.1837347027972028,0.43360705538362226,0.1,400,,0.02
BV-T,1,lr,0.2,TargetPAC-all,0.17482517482517484,0.41998139322941397,0.0,1986,,0.0
BV-T,1,lr,0.2,Target-all,0.18181818181818182,0.4317909966014164,0.0,1986,,0.0
BV-T,1,svm,0.02,ID-all,0.034527972027972025,0.10167271070269039,1.0,480,0.3440705128205128,
BV-T,1,svm,0.02,ID,0.04093531468531468,0.11493478137044562,1.0,300,,0.425
BV-T,1,svm,0.02,ID-PAC,0.017867132867132866,0.05591562399134215,0.485,300,,0.005
BV-T,1,svm,0.02,Weighted,0.03266317016317017,0.08653192580075568,1.0,300,,0.18333333333333332
BV-T,1,svm,0.02,TargetPAC-25,0.0,0.0,0.0,25,,0.0
BV-T,1,svm,0.02,Target-25,0.0,0.0,0.0,25,,0.0
BV-T,1,svm,0.02,TargetPAC-50,0.0,0.0,0.0,50,,0.0
BV-T,1,svm,0.02,Target-50,0.019781468531468532,0.05715221477529477,0.38,50,,0.17
BV-T,1,svm,0.02,TargetPAC-100,0.0,0.0,0.0,100,,0.0
BV-T,1,svm,0.02,Target-100,0.019523601398601396,0.05858275266285671,0.455,100,,0.1
BV-T,1,svm,0.02,TargetPAC-200,0.0077797202797202794,0.027266798306404147,0.115,200,,0.005
BV-T,1,svm,0.02,Target-200,0.020994318181818183,0.06377347206136436,0.505,200,,0.095
BV-T,1,svm,0.02,TargetPAC-400,0.010319055944055945,0.03555924737511629,0.11,400,,0.0
BV-T,1,svm,0.02,Target-400,0.019927884615384618,0.061477339611536196,0.52,400,,0.01
BV-T,1,svm,0.02,TargetPAC-all,0.015734265734265732,0.050143348079515475,0.0,1986,,0.0
BV-T,1,svm,0.02,Target-all,0.02141608391608391,0.06322504699158897,1.0,1986,,0.0
BV-T,1,svm,0.05,ID-all,0.09484265734265734,0.2307809147695988,1.0,480,0.3440705128205128,
BV-T,1,svm,0.05,ID,0.0903868006993007,0.22131196719132695,1.0,300,,0.89
BV-T,1,svm,0.05,ID-PAC,0.061608391608391606,0.16224515369572234,0.99,300,,0.065
BV-T,1,svm,0.05,Weighted,0.08925553613053612,0.2141006411108369,1.0,300,,0.8333333333333334
BV-T,1,svm,0.05,TargetPAC-25,0.0,0.0,0.0,25,,0.0
BV-T,1,svm,0.05,Target-25,0.04387237762237762,0.11516603694773017,0.385,25,,0.23
BV-T,1,svm,0.05,TargetPAC-50,0.023173076923076925,0.06599963925648863,0.145,50,,0.06
BV-T,1,svm,0.05,Target-50,0.045823863636363635,0.12129734758586645,0.405,50,,0.235
BV-T,1,svm,0.05,TargetPAC-100,0.01907561188811189,0.057711272285405076,0.025,100,,0.01
BV-T,1,svm,0.05,Target-100,0.05935751748251748,0.15402257494921112,0.615,100,,0.34
BV-T,1,svm,0.05,TargetPAC-200,0.03433784965034965,0.09681843209478061,0.155,200,,0.025
BV-T,1,svm,0.05,Target-200,0.060950611888111884,0.15865566082515328,0.76,200,,0.3
BV-T,1,svm,0.05,TargetPAC-400,0.04294361888111888,0.11837589473884068,0.31,400,,0.01
BV-T,1,svm,0.05,Target-400,0.0596284965034965,0.15696510281190076,0.815,400,,0.18
BV-T,1,svm,0.05,TargetPAC-all,0.05113636363636363,0.1440505800375933,1.0,1986,,0.0
BV-T,1,svm,0.05,Target-all,0.059440559440559454,0.15870815849930703,1.0,1986,,0.0
BV-T,1,svm,0.1,ID-all,0.18094405594405594,0.4110767244489168,1.0,480,0.3440705128205128,
BV-T,1,svm,0.1,ID,0.1784243881118881,0.40510518521331335,1.0,300,,1.0
BV-T,1,svm,0.1,ID-PAC,0.1398098776223776,0.33178235774364423,0.965,300,,0.865
BV-T,1,svm,0.1,Weighted,0.1902534965034965,0.41741853209035035,1.0,300,,1.0
BV-T,1,svm,0.1,TargetPAC-25,0.040992132867132866,0.10755273500541115,0.09,25,,0.025
BV-T,1,svm,0.1,Target-25,0.08304851398601398,0.20584328542406347,0.355,25,,0.19
BV-T,1,svm,0.1,TargetPAC-50,0.04340034965034965,0.11589008714803774,0.05,50,,0.005
BV-T,1,svm,0.1,Target-50,0.10813155594405593,0.2604360249862348,0.575,50,,0.31
BV-T,1,svm,0.1,TargetPAC-100,0.07030594405594405,0.17863050371186084,0.1,100,,0.01
BV-T,1,svm,0.1,Target-100,0.10527972027972027,0.25517391634547837,0.605,100,,0.185
BV-T,1,svm,0.1,TargetPAC-200,0.0880965909090909,0.21736116121437657,0.23,200,,0.02
BV-T,1,svm,0.1,Target-200,0.10755681818181818,0.2603084357022157,0.74,200,,0.14
BV-T,1,svm,0.1,TargetPAC-400,0.09411276223776223,0.23020961096660275,0.26,400,,0.0
BV-T,1,svm,0.1,Target-400,0.10653190559440558,0.2581126469080484,0.73,400,,0.075
BV-T,1,svm,0.1,TargetPAC-all,0.10314685314685314,0.2541722835064269,1.0,1986,,0.0
BV-T,1,svm,0.1,Target-all,0.10751748251748251,0.2606656667109685,1.0,1986,,0.0
BV-T,1,svm,0.2,ID-all,0.333041958041958,0.635857905029524,1.0,480,0.3440705128205128,
BV-T,1,svm,0.2,ID,0.34330856643356644,0.6443052839431164,1.0,300,,1.0
BV-T,1,svm,0.2,ID-PAC,0.2899606643356643,0.5763492756650023,1.0,300,,1.0
BV-T,1,svm,0.2,Weighted,0.3815777972027973,0.6804334618086542,1.0,300,,1.0
BV-T,1,svm,0.2,TargetPAC-25,0.11924388111888114,0.2810502382805825,0.095,25,,0.065
BV-T,1,svm,0.2,Target-25,0.17737543706293707,0.3947995974861873,0.34,25,,0.23
BV-T,1,svm,0.2,TargetPAC-50,0.12085227272727274,0.2874619795325523,0.06,50,,0.025
BV-T,1,svm,0.2,Target-50,0.18833697552447554,0.41670688640376696,0.425,50,,0.3
BV-T,1,svm,0.2,TargetPAC-100,0.14292395104895103,0.33593821792705386,0.055,100,,0.025
BV-T,1,svm,0.2,Target-100,0.18605332167832167,0.4155735821830679,0.36,100,,0.155
BV-T,1,svm,0.2,TargetPAC-200,0.15545236013986016,0.3634525052687539,0.035,200,,0.0
BV-T,1,svm,0.2,Target-200,0.18876311188811187,0.421716284721563,0.32,200,,0.11
BV-T,1,svm,0.2,TargetPAC-400,0.16313592657342657,0.37883242514572146,0.015,400,,0.0
BV-T,1,svm,0.2,Target-400,0.1893597027972028,0.4240049175036549,0.285,400,,0.025
BV-T,1,svm,0.2,TargetPAC-all,0.1791958041958042,0.4046213142455714,0.0,1986,,0.0
BV-T,1,svm,0.2,Target-all,0.18706293706293706,0.42125348876948476,0.0,1986,,0.0
BV-T,1,lgbm,0.02,ID-all,0.033216783216783216,0.12132373882169778,1.0,480,0.2252039627039627,
BV-T,1,lgbm,0.02,ID,0.036365821678321676,0.12737834399741785,1.0,300,,0.3
BV-T,1,lgbm,0.02,ID-PAC,0.018837412587412585,0.0763581043877803,0.49,300,,0.005
BV-T,1,lgbm,0.02,Weighted,0.032422785547785556,0.1039159657483529,0.8,300,,0.25
BV-T,1,lgbm,0.02,TargetPAC-25,0.0,0.0,0.0,25,,0.0
BV-T,1,lgbm,0.02,Target-25,0.0,0.0,0.0,25,,0.0
BV-T,1,lgbm,0.02,TargetPAC-50,0.0,0.0,0.0,50,,0.0
BV-T,1,lgbm,0.02,Target-50,0.01826048951048951,0.07023818565000285,0.34,50,,0.13
BV-T,1,lgbm,0.02,TargetPAC-100,0.0,0.0,0.0,100,,0.0
BV-T,1,lgbm,0.02,Target-100,0.01983828671328671,0.07867521692076934,0.44,100,,0.095
BV-T,1,lgbm,0.02,TargetPAC-200,0.009075611888111889,0.047345212553874194,0.13,200,,0.0
BV-T,1,lgbm,0.02,Target-200,0.020146416083916083,0.08166074920731362,0.48,200,,0.03
BV-T,1,lgbm,0.02,TargetPAC-400,0.011020541958041958,0.05563139607738898,0.11,400,,0.0
BV-T,1,lgbm,0.02,Target-400,0.020382430069930072,0.08170745599878487,0.495,400,,0.0
BV-T,1,lgbm,0.02,TargetPAC-all,0.01660839160839161,0.06711727961419432,0.0,1986,,0.0
BV-T,1,lgbm,0.02,Target-all,0.02141608391608391,0.08481269817159999,1.0,1986,,0.0
BV-T,1,lgbm,0.05,ID-all,0.09222027972027973,0.24633085875942204,1.0,480,0.2252039627039627,
BV-T,1,lgbm,0.05,ID,0.0933326048951049,0.24517059370787375,1.0,300,,0.99
BV-T,1,lgbm,0.05,ID-PAC,0.0659833916083916,0.18797489984620938,0.91,300,,0.395
BV-T,1,lgbm,0.05,Weighted,0.11708187645687645,0.2778376907352206,1.0,300,,1.0
BV-T,1,lgbm,0.05,TargetPAC-25,0.0,0.0,0.0,25,,0.0
BV-T,1,lgbm,0.05,Target-25,0.040478583916083916,0.12448850367388786,0.3,25,,0.195
BV-T,1,lgbm,0.05,TargetPAC-50,0.019355332167832168,0.07388302416981526,0.11,50,,0.03
BV-T,1,lgbm,0.05,Target-50,0.042642045454545446,0.13543526552621088,0.37,50,,0.155
BV-T,1,lgbm,0.05,TargetPAC-100,0.020642482517482515,0.08121304752321098,0.055,100,,0.01
BV-T,1,lgbm,0.05,Target-100,0.053227709790209785,0.16215401849285158,0.515,100,,0.25
BV-T,1,lgbm,0.05,TargetPAC-200,0.03277534965034965,0.1161628282291291,0.12,200,,0.01
BV-T,1,lgbm,0.05,Target-200,0.052322989510489505,0.16077844652452108,0.615,200,,0.135
BV-T,1,lgbm,0.05,TargetPAC-400,0.038848339160839164,0.13413402570772182,0.14,400,,0.0
BV-T,1,lgbm,0.05,Target-400,0.0517854020979021,0.16154113425354574,0.59,400,,0.07
BV-T,1,lgbm,0.05,TargetPAC-all,0.045454545454545456,0.15124646376426362,0.0,1986,,0.0
BV-T,1,lgbm,0.05,Target-all,0.05113636363636363,0.16286620213028535,1.0,1986,,0.0
BV-T,1,lgbm,0.1,ID-all,0.1840034965034965,0.4039378002240407,1.0,480,0.2252039627039627,
BV-T,1,lgbm,0.1,ID,0.1837062937062937,0.4045798287417647,1.0,300,,1.0
BV-T,1,lgbm,0.1,ID-PAC,0.15320804195804197,0.3567619472555013,1.0,300,,1.0
BV-T,1,lgbm,0.1,Weighted,0.207641317016317,0.4429525274196713,1.0,300,,1.0
BV-T,1,lgbm,0.1,TargetPAC-25,0.03473776223776224,0.11286923997038105,0.045,25,,0.01
BV-T,1,lgbm,0.1,Target-25,0.07658872377622378,0.2073428392412994,0.23,25,,0.14
BV-T,1,lgbm,0.1,TargetPAC-50,0.03745847902097903,0.12338386906909186,0.02,50,,0.0
BV-T,1,lgbm,0.1,Target-50,0.0977076048951049,0.25186542368376086,0.4,50,,0.23
BV-T,1,lgbm,0.1,TargetPAC-100,0.05908435314685315,0.17462121931306843,0.02,100,,0.005
BV-T,1,lgbm,0.1,Target-100,0.1024694055944056,0.26218714993639525,0.51,100,,0.225
BV-T,1,lgbm,0.1,TargetPAC-200,0.07650131118881119,0.21082638743853116,0.04,200,,0.0
BV-T,1,lgbm,0.1,Target-200,0.10064466783216783,0.25967381191972505,0.505,200,,0.115
BV-T,1,lgbm,0.1,TargetPAC-400,0.08306818181818182,0.22508800243027205,0.035,400,,0.005
BV-T,1,lgbm,0.1,Target-400,0.09872596153846155,0.2573018284000076,0.45,400,,0.015
BV-T,1,lgbm,0.1,TargetPAC-all,0.09222027972027974,0.24690045377736428,0.0,1986,,0.0
BV-T,1,lgbm,0.1,Target-all,0.0957167832167832,0.2552355275399191,0.0,1986,,0.0
BV-T,1,lgbm,0.2,ID-all,0.3181818181818182,0.6009417304296645,1.0,480,0.2252039627039627,
BV-T,1,lgbm,0.2,ID,0.31820148601398607,0.6021757580360364,1.0,300,,1.0
BV-T,1,lgbm,0.2,ID-PAC,0.2791302447552448,0.5579900890466878,1.0,300,,1.0
BV-T,1,lgbm,0.2,Weighted,0.3543560606060607,0.6409035675634626,1.0,300,,1.0
BV-T,1,lgbm,0.2,TargetPAC-25,0.11545236013986013,0.281025935559817,0.1,25,,0.075
BV-T,1,lgbm,0.2,Target-25,0.182305506993007,0.39827545615067694,0.37,25,,0.265
BV-T,1,lgbm,0.2,TargetPAC-50,0.1208631993006993,0.2944239495718544,0.04,50,,0.02
BV-T,1,lgbm,0.2,Target-50,0.1829195804195804,0.40294395185023446,0.345,50,,0.19
BV-T,1,lgbm,0.2,TargetPAC-100,0.14326486013986015,0.33634633275740955,0.03,100,,0.0
BV-T,1,lgbm,0.2,Target-100,0.18427666083916083,0.4058894226205168,0.28,100,,0.115
BV-T,1,lgbm,0.2,TargetPAC-200,0.15781031468531467,0.36249292752852724,0.02,200,,0.0
BV-T,1,lgbm,0.2,Target-200,0.18548295454545452,0.40824185004461827,0.24,200,,0.06
BV-T,1,lgbm,0.2,TargetPAC-400,0.16543269230769234,0.3759559703051131,0.005,400,,0.0
BV-T,1,lgbm,0.2,Target-400,0.18604239510489515,0.40877840855151987,0.135,400,,0.015
BV-T,1,lgbm,0.2,TargetPAC-all,0.17744755244755248,0.39450150942679757,0.0,1986,,0.0
BV-T,1,lgbm,0.2,Target-all,0.1857517482517483,0.406823748314948,0.0,1986,,0.0
BV-T,1,ens,0.02,ID-all,0.044580419580419584,0.15384761434619984,1.0,480,0.30606060606060603,
BV-T,1,ens,0.02,ID,0.04440777972027972,0.15500825912776015,1.0,300,,0.58
BV-T,1,ens,0.02,ID-PAC,0.026492569930069928,0.1010227078547153,0.76,300,,0.015
BV-T,1,ens,0.02,Weighted,0.03848339160839161,0.1290275114393666,1.0,300,,0.21666666666666667
BV-T,1,ens,0.02,TargetPAC-25,0.0,0.0,0.0,25,,0.0
BV-T,1,ens,0.02,Target-25,0.0,0.0,0.0,25,,0.0
BV-T,1,ens,0.02,TargetPAC-50,0.0,0.0,0.0,50,,0.0
BV-T,1,ens,0.02,Target-50,0.01904938811188811,0.07241498794357212,0.36,50,,0.135
BV-T,1,ens,0.02,TargetPAC-100,0.0,0.0,0.0,100,,0.0
BV-T,1,ens,0.02,Target-100,0.02151660839160839,0.08399124722322428,0.485,100,,0.11
BV-T,1,ens,0.02,TargetPAC-200,0.009372814685314687,0.044993449657293655,0.15,200,,0.005
BV-T,1,ens,0.02,Target-200,0.02072770979020979,0.08359234084565875,0.525,200,,0.055
BV-T,1,ens,0.02,TargetPAC-400,0.011466346153846153,0.05381875486529077,0.185,400,,0.0
BV-T,1,ens,0.02,Target-400,0.02145979020979021,0.08665942015227174,0.605,400,,0.015
BV-T,1,ens,0.02,TargetPAC-all,0.01748251748251748,0.07602194839469135,0.0,1986,,0.0
BV-T,1,ens,0.02,Target-all,0.022727272727272728,0.09204655489946646,1.0,1986,,0.0
BV-T,1,ens,0.05,ID-all,0.09222027972027973,0.26146309973608767,1.0,480,0.30606060606060603,
BV-T,1,ens,0.05,ID,0.0927534965034965,0.26249530084110195,1.0,300,,0.92
BV-T,1,ens,0.05,ID-PAC,0.06282998251748252,0.1976008657844273,0.875,300,,0.165
BV-T,1,ens,0.05,Weighted,0.11534819347319349,0.2938376147892182,1.0,300,,0.9833333333333333
BV-T,1,ens,0.05,TargetPAC-25,0.0,0.0,0.0,25,,0.0
BV-T,1,ens,0.05,Target-25,0.039392482517482515,0.12774924528660123,0.28,25,,0.2
BV-T,1,ens,0.05,TargetPAC-50,0.020367132867132865,0.07650676868746321,0.115,50,,0.04
BV-T,1,ens,0.05,Target-50,0.04168269230769231,0.139980348971881,0.29,50,,0.155
BV-T,1,ens,0.05,TargetPAC-100,0.018614510489510492,0.07549763618067554,0.025,100,,0.005
BV-T,1,ens,0.05,Target-100,0.054355332167832164,0.17486642996829257,0.51,100,,0.27
BV-T,1,ens,0.05,TargetPAC-200,0.03206949300699301,0.1199664888264444,0.055,200,,0.0
BV-T,1,ens,0.05,Target-200,0.05473994755244756,0.1779260096071693,0.58,200,,0.185
BV-T,1,ens,0.05,TargetPAC-400,0.040745192307692316,0.14489006816153713,0.16,400,,0.005
BV-T,1,ens,0.05,Target-400,0.05497596153846154,0.17874698589303006,0.615,400,,0.11
BV-T,1,ens,0.05,TargetPAC-all,0.046765734265734264,0.1618029580967932,0.0,1986,,0.0
BV-T,1,ens,0.05,Target-all,0.05332167832167833,0.17767567259678366,1.0,1986,,0.0
BV-T,1,ens,0.1,ID-all,0.20148601398601398,0.4721183238717272,1.0,480,0.30606060606060603,
BV-T,1,ens,0.1,ID,0.19656905594405594,0.4605292487041713,1.0,300,,1.0
BV-T,1,ens,0.1,ID-PAC,0.15659965034965034,0.3873731227097534,1.0,300,,0.995
BV-T,1,ens,0.1,Weighted,0.2159600815850816,0.49128329757542394,1.0,300,,1.0
BV-T,1,ens,0.1,TargetPAC-25,0.037572115384615384,0.12325504566253392,0.07,25,,0.02
BV-T,1,ens,0.1,Target-25,0.07975305944055944,0.2273913497503275,0.3,25,,0.17
BV-T,1,ens,0.1,TargetPAC-50,0.041385489510489516,0.1378313619016879,0.045,50,,0.015
BV-T,1,ens,0.1,Target-50,0.09800917832167831,0.2706350984450056,0.46,50,,0.24
BV-T,1,ens,0.1,TargetPAC-100,0.062080419580419585,0.19337836298391842,0.075,100,,0.0
BV-T,1,ens,0.1,Target-100,0.10173513986013986,0.28013053219161177,0.515,100,,0.21
BV-T,1,ens,0.1,TargetPAC-200,0.07803758741258741,0.22997076078907897,0.1,200,,0.01
BV-T,1,ens,0.1,Target-200,0.10243444055944056,0.2822953729898042,0.495,200,,0.17
BV-T,1,ens,0.1,TargetPAC-400,0.08390078671328674,0.24324688146727677,0.09,400,,0.0
BV-T,1,ens,0.1,Target-400,0.10283872377622377,0.2835535134519357,0.615,400,,0.035
BV-T,1,ens,0.1,TargetPAC-all,0.0930944055944056,0.26596290037783143,0.0,1986,,0.0
BV-T,1,ens,0.1,Target-all,0.10445804195804193,0.28618352351478105,1.0,1986,,0.0
BV-T,1,ens,0.2,ID-all,0.34440559440559443,0.6633693443961344,1.0,480,0.30606060606060603,
BV-T,1,ens,0.2,ID,0.34146634615384613,0.6590374793521806,1.0,300,,1.0
BV-T,1,ens,0.2,ID-PAC,0.29376311188811194,0.6042545899865196,1.0,300,,1.0
BV-T,1,ens,0.2,Weighted,0.3855696386946386,0.6992655388685312,1.0,300,,1.0
BV-T,1,ens,0.2,TargetPAC-25,0.1145979020979021,0.29988123943875905,0.065,25,,0.035
BV-T,1,ens,0.2,Target-25,0.1772071678321678,0.4195103381495756,0.31,25,,0.205
BV-T,1,ens,0.2,TargetPAC-50,0.11460664335664336,0.3047361825741898,0.015,50,,0.005
BV-T,1,ens,0.2,Target-50,0.18130026223776224,0.42942119652926763,0.29,50,,0.205
BV-T,1,ens,0.2,TargetPAC-100,0.14200611888111886,0.3598729803109989,0.015,100,,0.0
BV-T,1,ens,0.2,Target-100,0.18423295454545452,0.43638705880119233,0.2,100,,0.095
BV-T,1,ens,0.2,TargetPAC-200,0.15463723776223776,0.3832288442917086,0.015,200,,0.0
BV-T,1,ens,0.2,Target-200,0.17994973776223777,0.4292681653344472,0.125,200,,0.02
BV-T,1,ens,0.2,TargetPAC-400,0.16510052447552448,0.40210114108868594,0.005,400,,0.0
BV-T,1,ens,0.2,Target-400,0.18084790209790214,0.4304702006873113,0.03,400,,0.0
BV-T,1,ens,0.2,TargetPAC-all,0.1765734265734266,0.4213484212724754,0.0,1986,,0.0
BV-T,1,ens,0.2,Target-all,0.18006993006993002,0.42898099451290145,0.0,1986,,0.0
BV-T,2,lr,0.02,ID-all,0.043706293706293704,0.140936793939509,1.0,437,0.37352478756941,
BV-T,2,lr,0.02,ID,0.05168924825174825,0.16059778997133037,1.0,300,,0.705
BV-T,2,lr,0.02,ID-PAC,0.033902972027972024,0.11770291822514192,1.0,300,,0.035
BV-T,2,lr,0.02,Weighted,0.05311043123543123,0.15199326612112124,1.0,300,,0.75
BV-T,2,lr,0.02,TargetPAC-25,0.0,0.0,0.0,25,,0.0
BV-T,2,lr,0.02,Target-25,0.0,0.0,0.0,25,,0.0
BV-T,2,lr,0.02,TargetPAC-50,0.0,0.0,0.0,50,,0.0
BV-T,2,lr,0.02,Target-50,0.019916958041958043,0.07031973267007158,0.415,50,,0.155
BV-T,2,lr,0.02,TargetPAC-100,0.0,0.0,0.0,100,,0.0
BV-T,2,lr,0.02,Target-100,0.02142482517482518,0.0773796730524597,0.53,100,,0.155
BV-T,2,lr,0.02,TargetPAC-200,0.009051573426573428,0.03930689779566728,0.155,200,,0.005
BV-T,2,lr,0.02,Target-200,0.021171328671328676,0.07874983386811976,0.575,200,,0.065
BV-T,2,lr,0.02,TargetPAC-400,0.011988636363636365,0.04959815071484175,0.185,400,,0.0
BV-T,2,lr,0.02,Target-400,0.022943618881118885,0.0850422449638307,0.695,400,,0.01
BV-T,2,lr,0.02,TargetPAC-all,0.01966783216783216,0.0766105299132317,0.0,1986,,0.0
BV-T,2,lr,0.02,Target-all,0.024475524475524476,0.08798344377147846,1.0,1986,,0.0
BV-T,2,lr,0.05,ID-all,0.11013986013986014,0.29427177276956085,1.0,437,0.37352478756941,
BV-T,2,lr,0.05,ID,0.10945585664335666,0.29668884922819877,1.0,300,,1.0
BV-T,2,lr,0.05,ID-PAC,0.08213286713286713,0.2337334105451024,1.0,300,,0.965
BV-T,2,lr,0.05,Weighted,0.10609702797202797,0.28498072870189295,1.0,300,,1.0
BV-T,2,lr,0.05,TargetPAC-25,0.0,0.0,0.0,25,,0.0
BV-T,2,lr,0.05,Target-25,0.04412805944055944,0.1335470580417323,0.39,25,,0.255
BV-T,2,lr,0.05,TargetPAC-50,0.022604895104895103,0.07739552678045909,0.115,50,,0.055
BV-T,2,lr,0.05,Target-50,0.04402534965034965,0.13816590404222598,0.33,50,,0.185
BV-T,2,lr,0.05,TargetPAC-100,0.021171328671328676,0.07567174239115988,0.08,100,,0.025
BV-T,2,lr,0.05,Target-100,0.054250437062937064,0.16602840380489473,0.505,100,,0.275
BV-T,2,lr,0.05,TargetPAC-200,0.03448426573426573,0.11747118798534242,0.115,200,,0.01
BV-T,2,lr,0.05,Target-200,0.055546328671328665,0.16983263399722798,0.635,200,,0.185
BV-T,2,lr,0.05,TargetPAC-400,0.04195585664335664,0.13795221097799465,0.19,400,,0.0
BV-T,2,lr,0.05,Target-400,0.05722027972027972,0.17334874404298545,0.745,400,,0.145
BV-T,2,lr,0.05,TargetPAC-all,0.05026223776223776,0.15633484592454766,1.0,1986,,0.0
BV-T,2,lr,0.05,Target-all,0.05419580419580417,0.16689134025707728,1.0,1986,,0.0
BV-T,2,lr,0.1,ID-all,0.23382867132867133,0.5217490364350946,1.0,437,0.37352478756941,
BV-T,2,lr,0.1,ID,0.2266542832167832,0.5074803015056295,1.0,300,,1.0
BV-T,2,lr,0.1,ID-PAC,0.1641520979020979,0.4005777592131994,1.0,300,,1.0
BV-T,2,lr,0.1,Weighted,0.22432255244755242,0.49383413393077524,1.0,300,,1.0
BV-T,2,lr,0.1,TargetPAC-25,0.04196896853146853,0.1287839146366933,0.075,25,,0.035
BV-T,2,lr,0.1,Target-25,0.07599431818181818,0.2121787009436291,0.275,25,,0.21
BV-T,2,lr,0.1,TargetPAC-50,0.0360708041958042,0.11769000740473523,0.015,50,,0.01
BV-T,2,lr,0.1,Target-50,0.10320367132867134,0.2766400539216617,0.45,50,,0.35
BV-T,2,lr,0.1,TargetPAC-100,0.06545017482517483,0.1927535172492358,0.08,100,,0.02
BV-T,2,lr,0.1,Target-100,0.10106861888111889,0.27417038485636713,0.485,100,,0.245
BV-T,2,lr,0.1,TargetPAC-200,0.08192963286713287,0.23170944958134765,0.145,200,,0.02
BV-T,2,lr,0.1,Target-200,0.10331075174825174,0.2805959862537735,0.565,200,,0.23
BV-T,2,lr,0.1,TargetPAC-400,0.08405375874125873,0.2381649547171961,0.055,400,,0.0
BV-T,2,lr,0.1,Target-400,0.10219405594405594,0.28000180371755684,0.52,400,,0.145
BV-T,2,lr,0.1,TargetPAC-all,0.09090909090909091,0.2616909377432646,0.0,1986,,0.0
BV-T,2,lr,0.1,Target-all,0.10664335664335665,0.2858417665040157,1.0,1986,,0.0
BV-T,2,lr,0.2,ID-all,0.395979020979021,0.698589303005563,1.0,437,0.37352478756941,
BV-T,2,lr,0.2,ID,0.4003758741258741,0.7019324460308721,1.0,300,,1.0
BV-T,2,lr,0.2,ID-PAC,0.3505354020979021,0.6550199358256279,1.0,300,,1.0
BV-T,2,lr,0.2,Weighted,0.3750874125874126,0.6751634421259817,1.0,300,,1.0
BV-T,2,lr,0.2,TargetPAC-25,0.11032124125874125,0.28954043175302363,0.045,25,,0.03
BV-T,2,lr,0.2,Target-25,0.1845847902097902,0.42734692133892804,0.35,25,,0.275
BV-T,2,lr,0.2,TargetPAC-50,0.11819274475524474,0.3094150259165733,0.01,50,,0.0
BV-T,2,lr,0.2,Target-50,0.1832145979020979,0.4320634528849988,0.31,50,,0.235
BV-T,2,lr,0.2,TargetPAC-100,0.14180725524475524,0.3580720157967685,0.02,100,,0.015
BV-T,2,lr,0.2,Target-100,0.18755244755244754,0.4432563747175759,0.335,100,,0.155
BV-T,2,lr,0.2,TargetPAC-200,0.15762456293706292,0.38898963337067344,0.015,200,,0.005
BV-T,2,lr,0.2,Target-200,0.18189685314685314,0.43484003873246124,0.19,200,,0.05
BV-T,2,lr,0.2,TargetPAC-400,0.1656555944055944,0.4044231901118305,0.01,400,,0.0
BV-T,2,lr,0.2,Target-400,0.18172421328671326,0.43583360230875845,0.125,400,,0.025
BV-T,2,lr,0.2,TargetPAC-all,0.17482517482517484,0.4241204503597942,0.0,1986,,0.0
BV-T,2,lr,0.2,Target-all,0.18050699300699294,0.43767681178681966,0.0,1986,,0.0
BV-T,2,svm,0.02,ID-all,0.039335664335664336,0.1060965653420418,1.0,437,0.3704623465779072,
BV-T,2,svm,0.02,ID,0.04392045454545455,0.12066604644098047,1.0,300,,0.475
BV-T,2,svm,0.02,ID-PAC,0.02816433566433566,0.08408171789857413,1.0,300,,0.005
BV-T,2,svm,0.02,Weighted,0.043254662004662006,0.10977266829950572,1.0,300,,0.5833333333333334
BV-T,2,svm,0.02,TargetPAC-25,0.0,0.0,0.0,25,,0.0
BV-T,2,svm,0.02,Target-25,0.0,0.0,0.0,25,,0.0
BV-T,2,svm,0.02,TargetPAC-50,0.0,0.0,0.0,50,,0.0
BV-T,2,svm,0.02,Target-50,0.017576486013986016,0.053648635819932025,0.335,50,,0.17
BV-T,2,svm,0.02,TargetPAC-100,0.0,0.0,0.0,100,,0.0
BV-T,2,svm,0.02,Target-100,0.0204611013986014,0.062395906510471055,0.405,100,,0.2
BV-T,2,svm,0.02,TargetPAC-200,0.005760489510489511,0.02337513527881676,0.075,200,,0.005
BV-T,2,svm,0.02,Target-200,0.019836101398601397,0.062352617289107445,0.48,200,,0.095
BV-T,2,svm,0.02,TargetPAC-400,0.00801791958041958,0.031924471700620856,0.08,400,,0.01
BV-T,2,svm,0.02,Target-400,0.021149475524475526,0.06619785832273255,0.56,400,,0.065
BV-T,2,svm,0.02,TargetPAC-all,0.012237762237762238,0.0427386128462663,0.0,1986,,0.0
BV-T,2,svm,0.02,Target-all,0.020541958041958047,0.06485788604302342,1.0,1986,,0.0
BV-T,2,svm,0.05,ID-all,0.10882867132867133,0.2633617497958951,1.0,437,0.3704623465779072,
BV-T,2,svm,0.05,ID,0.10477054195804195,0.25725417228350644,1.0,300,,0.975
BV-T,2,svm,0.05,ID-PAC,0.06546765734265735,0.17704560557443658,1.0,300,,0.235
BV-T,2,svm,0.05,Weighted,0.08366841491841491,0.20949673115748035,1.0,300,,0.7166666666666667
BV-T,2,svm,0.05,TargetPAC-25,0.0,0.0,0.0,25,,0.0
BV-T,2,svm,0.05,Target-25,0.03931599650349651,0.10662657350623707,0.38,25,,0.2
BV-T,2,svm,0.05,TargetPAC-50,0.020861013986013983,0.06114574037859082,0.155,50,,0.045
BV-T,2,svm,0.05,Target-50,0.0468006993006993,0.12732309328067745,0.455,50,,0.18
BV-T,2,svm,0.05,TargetPAC-100,0.023804632867132868,0.07059247375116293,0.13,100,,0.02
BV-T,2,svm,0.05,Target-100,0.05988854895104895,0.15996259659382178,0.75,100,,0.25
BV-T,2,svm,0.05,TargetPAC-200,0.03621940559440559,0.10273652433120052,0.215,200,,0.01
BV-T,2,svm,0.05,Target-200,0.06097683566433567,0.16414874024568532,0.805,200,,0.225
BV-T,2,svm,0.05,TargetPAC-400,0.04694274475524476,0.12939983671609487,0.45,400,,0.005
BV-T,2,svm,0.05,Target-400,0.059997814685314683,0.16319352940059617,0.905,400,,0.12
BV-T,2,svm,0.05,TargetPAC-all,0.053758741258741256,0.15099963925648865,1.0,1986,,0.0
BV-T,2,svm,0.05,Target-all,0.061188811188811185,0.16899884182346356,1.0,1986,,0.0
BV-T,2,svm,0.1,ID-all,0.1979895104895105,0.44363857297461506,1.0,437,0.3704623465779072,
BV-T,2,svm,0.1,ID,0.2070847902097902,0.4580519850386376,1.0,300,,1.0
BV-T,2,svm,0.1,ID-PAC,0.15103583916083918,0.3563659837855285,1.0,300,,0.995
BV-T,2,svm,0.1,Weighted,0.190472027972028,0.42287461947888383,1.0,300,,1.0
BV-T,2,svm,0.1,TargetPAC-25,0.047502185314685315,0.12597030511306462,0.105,25,,0.06
BV-T,2,svm,0.1,Target-25,0.07984484265734265,0.20044219559892917,0.305,25,,0.155
BV-T,2,svm,0.1,TargetPAC-50,0.046210664335664335,0.12587898004518788,0.04,50,,0.01
BV-T,2,svm,0.1,Target-50,0.10448426573426574,0.25642455713987355,0.52,50,,0.28
BV-T,2,svm,0.1,TargetPAC-100,0.06803758741258742,0.1789475782718487,0.06,100,,0.01
BV-T,2,svm,0.1,Target-100,0.10215472027972028,0.25116918870682947,0.485,100,,0.205
BV-T,2,svm,0.1,TargetPAC-200,0.08295891608391609,0.21109067952685642,0.16,200,,0.005
BV-T,2,svm,0.1,Target-200,0.10489073426573427,0.2563948432664375,0.565,200,,0.14
BV-T,2,svm,0.1,TargetPAC-400,0.0865013111888112,0.21792961704228295,0.1,400,,0.0
BV-T,2,svm,0.1,Target-400,0.10490603146853146,0.2555631396077389,0.68,400,,0.045
BV-T,2,svm,0.1,TargetPAC-all,0.09746503496503499,0.24116653059674575,0.0,1986,,0.0
BV-T,2,svm,0.1,Target-all,0.10445804195804193,0.25358370198788655,1.0,1986,,0.0
BV-T,2,svm,0.2,ID-all,0.38024475524475526,0.6731473922041429,1.0,437,0.3704623465779072,
BV-T,2,svm,0.2,ID,0.374493006993007,0.6671565816704321,1.0,300,,1.0
BV-T,2,svm,0.2,ID-PAC,0.3305528846153846,0.624861683343143,1.0,300,,1.0
BV-T,2,svm,0.2,Weighted,0.37891899766899767,0.6701949913611424,1.0,300,,1.0
BV-T,2,svm,0.2,TargetPAC-25,0.1125743006993007,0.2727453530539786,0.025,25,,0.005
BV-T,2,svm,0.2,Target-25,0.1699431818181818,0.3839775769427936,0.26,25,,0.16
BV-T,2,svm,0.2,TargetPAC-50,0.1206097027972028,0.2901890106134538,0.015,50,,0.005
BV-T,2,svm,0.2,Target-50,0.18096372377622377,0.40835538931819476,0.3,50,,0.16
BV-T,2,svm,0.2,TargetPAC-100,0.14267263986013987,0.3375002373312575,0.025,100,,0.005
BV-T,2,svm,0.2,Target-100,0.18222465034965032,0.4147966545785946,0.235,100,,0.06
BV-T,2,svm,0.2,TargetPAC-200,0.15661494755244754,0.3666195485010158,0.01,200,,0.005
BV-T,2,svm,0.2,Target-200,0.183513986013986,0.4180708766067326,0.155,200,,0.02
BV-T,2,svm,0.2,TargetPAC-400,0.16762237762237764,0.38856737359737226,0.005,400,,0.0
BV-T,2,svm,0.2,Target-400,0.1840034965034965,0.41895080597695045,0.075,400,,0.0
BV-T,2,svm,0.2,TargetPAC-all,0.17701048951048953,0.40786800584784216,0.0,1986,,0.0
BV-T,2,svm,0.2,Target-all,0.1875,0.422031935294006,0.0,1986,,0.0
BV-T,2,lgbm,0.02,ID-all,0.03671328671328671,0.12512103894131274,1.0,437,0.26502716391160325,
BV-T,2,lgbm,0.02,ID,0.03871284965034965,0.13425572917655548,0.91,300,,0.49
BV-T,2,lgbm,0.02,ID-PAC,0.008747814685314685,0.04415367673584081,0.065,300,,0.01
BV-T,2,lgbm,0.02,Weighted,0.04750145687645688,0.14232534001658154,1.0,300,,0.9333333333333333
BV-T,2,lgbm,0.02,TargetPAC-25,0.0,0.0,0.0,25,,0.0
BV-T,2,lgbm,0.02,Target-25,0.0,0.0,0.0,25,,0.0
BV-T,2,lgbm,0.02,TargetPAC-50,0.0,0.0,0.0,50,,0.0
BV-T,2,lgbm,0.02,Target-50,0.019733391608391607,0.07615067686874631,0.39,50,,0.115
BV-T,2,lgbm,0.02,TargetPAC-100,0.0,0.0,0.0,100,,0.0
BV-T,2,lgbm,0.02,Target-100,0.0216368006993007,0.08499354458979667,0.465,100,,0.09
BV-T,2,lgbm,0.02,TargetPAC-200,0.009906031468531468,0.04863031384685488,0.115,200,,0.005
BV-T,2,lgbm,0.02,Target-200,0.019986888111888115,0.08074512521597142,0.47,200,,0.055
BV-T,2,lgbm,0.02,TargetPAC-400,0.012760052447552447,0.05966213522185725,0.125,400,,0.0
BV-T,2,lgbm,0.02,Target-400,0.02096590909090909,0.08365613548766827,0.525,400,,0.01
BV-T,2,lgbm,0.02,TargetPAC-all,0.01748251748251748,0.07378154132411854,0.0,1986,,0.0
BV-T,2,lgbm,0.02,Target-all,0.022290209790209792,0.08475573866980576,1.0,1986,,0.0
BV-T,2,lgbm,0.05,ID-all,0.08784965034965035,0.2562607985722152,1.0,437,0.26502716391160325,
BV-T,2,lgbm,0.05,ID,0.08948208041958042,0.2588076477624409,1.0,300,,1.0
BV-T,2,lgbm,0.05,ID-PAC,0.06661713286713287,0.20845231540374795,0.9,300,,0.375
BV-T,2,lgbm,0.05,Weighted,0.09519230769230766,0.2678083882359642,1.0,300,,1.0
BV-T,2,lgbm,0.05,TargetPAC-25,0.0,0.0,0.0,25,,0.0
BV-T,2,lgbm,0.05,Target-25,0.03978583916083916,0.12953378647781427,0.315,25,,0.2
BV-T,2,lgbm,0.05,TargetPAC-50,0.019875437062937065,0.07676270671552526,0.105,50,,0.035
BV-T,2,lgbm,0.05,Target-50,0.04052447552447552,0.13631519489642863,0.335,50,,0.1
BV-T,2,lgbm,0.05,TargetPAC-100,0.019862325174825175,0.07932218192864873,0.035,100,,0.01
BV-T,2,lgbm,0.05,Target-100,0.04938374125874126,0.1625318498547533,0.425,100,,0.14
BV-T,2,lgbm,0.05,TargetPAC-200,0.031140734265734268,0.1125435265526211,0.095,200,,0.0
BV-T,2,lgbm,0.05,Target-200,0.05423513986013986,0.17611251400254418,0.565,200,,0.13
BV-T,2,lgbm,0.05,TargetPAC-400,0.04068618881118881,0.14047798515255652,0.18,400,,0.0
BV-T,2,lgbm,0.05,Target-400,0.054558566433566436,0.17801553095748923,0.655,400,,0.035
BV-T,2,lgbm,0.05,TargetPAC-all,0.04807692307692309,0.16503066319846593,0.0,1986,,0.0
BV-T,2,lgbm,0.05,Target-all,0.05594405594405595,0.18173878372477165,1.0,1986,,0.0
BV-T,2,lgbm,0.1,ID-all,0.18181818181818182,0.43255045662533936,1.0,437,0.26502716391160325,
BV-T,2,lgbm,0.1,ID,0.1803125,0.42980339478630697,1.0,300,,1.0
BV-T,2,lgbm,0.1,ID-PAC,0.1335708041958042,0.3527205756706981,1.0,300,,0.68
BV-T,2,lgbm,0.1,Weighted,0.1891754079254079,0.43643003158087945,1.0,300,,1.0
BV-T,2,lgbm,0.1,TargetPAC-25,0.03961756993006992,0.13033454214053808,0.08,25,,0.025
BV-T,2,lgbm,0.1,Target-25,0.07162805944055943,0.21285784807002223,0.24,25,,0.085
BV-T,2,lgbm,0.1,TargetPAC-50,0.04030157342657344,0.13633598511458353,0.015,50,,0.0
BV-T,2,lgbm,0.1,Target-50,0.09589816433566434,0.27062921262982015,0.36,50,,0.2
BV-T,2,lgbm,0.1,TargetPAC-100,0.061840034965034964,0.1942691146594771,0.015,100,,0.0
BV-T,2,lgbm,0.1,Target-100,0.09096372377622376,0.2619023524274241,0.31,100,,0.07
BV-T,2,lgbm,0.1,TargetPAC-200,0.07483828671328671,0.22629791718088438,0.05,200,,0.0
BV-T,2,lgbm,0.1,Target-200,0.09211975524475523,0.2646659325219769,0.3,200,,0.025
BV-T,2,lgbm,0.1,TargetPAC-400,0.07919361888111888,0.23654977311131786,0.005,400,,0.0
BV-T,2,lgbm,0.1,Target-400,0.09372377622377621,0.26817596688754297,0.26,400,,0.0
BV-T,2,lgbm,0.1,TargetPAC-all,0.08784965034965034,0.2564126905769997,0.0,1986,,0.0
BV-T,2,lgbm,0.1,Target-all,0.0917832167832168,0.2649566158461334,0.0,1986,,0.0
BV-T,2,lgbm,0.2,ID-all,0.3701923076923077,0.6599517742884808,1.0,437,0.26502716391160325,
BV-T,2,lgbm,0.2,ID,0.3678802447552448,0.657259583436177,1.0,300,,1.0
BV-T,2,lgbm,0.2,ID-PAC,0.3098011363636364,0.5922116425221666,1.0,300,,1.0
BV-T,2,lgbm,0.2,Weighted,0.3960882867132867,0.683097267842564,1.0,300,,1.0
BV-T,2,lgbm,0.2,TargetPAC-25,0.10502403846153846,0.286607207275627,0.03,25,,0.025
BV-T,2,lgbm,0.2,Target-25,0.17216783216783216,0.4041068750118666,0.295,25,,0.225
BV-T,2,lgbm,0.2,TargetPAC-50,0.10805288461538462,0.29620535799046877,0.025,50,,0.005
BV-T,2,lgbm,0.2,Target-50,0.17583916083916085,0.41515929674001784,0.325,50,,0.185
BV-T,2,lgbm,0.2,TargetPAC-100,0.12924825174825175,0.34135098445005596,0.025,100,,0.005
BV-T,2,lgbm,0.2,Target-100,0.17088505244755248,0.410839108393932,0.235,100,,0.125
BV-T,2,lgbm,0.2,TargetPAC-200,0.1372049825174825,0.358964191459872,0.005,200,,0.005
BV-T,2,lgbm,0.2,Target-200,0.17288243006993007,0.4172247432075794,0.175,200,,0.06
BV-T,2,lgbm,0.2,TargetPAC-400,0.14823208041958041,0.38010613453834324,0.005,400,,0.0
BV-T,2,lgbm,0.2,Target-400,0.1718597027972028,0.41743625282424196,0.04,400,,0.015
BV-T,2,lgbm,0.2,TargetPAC-all,0.15952797202797206,0.40000759460023916,0.0,1986,,0.0
BV-T,2,lgbm,0.2,Target-all,0.16914335664335664,0.4140955780440106,0.0,1986,,0.0
BV-T,2,ens,0.02,ID-all,0.05638111888111888,0.19292183257703774,1.0,437,0.3343391448368565,
BV-T,2,ens,0.02,ID,0.050395541958041946,0.17790863695912207,1.0,300,,0.71
BV-T,2,ens,0.02,ID-PAC,0.026982080419580418,0.11048975678292733,0.625,300,,0.055
BV-T,2,ens,0.02,Weighted,0.050473484848484844,0.1676188396716601,1.0,300,,0.8
BV-T,2,ens,0.02,TargetPAC-25,0.0,0.0,0.0,25,,0.0
BV-T,2,ens,0.02,Target-25,0.0,0.0,0.0,25,,0.0
BV-T,2,ens,0.02,TargetPAC-50,0.0,0.0,0.0,50,,0.0
BV-T,2,ens,0.02,Target-50,0.02027534965034965,0.08006730714462015,0.445,50,,0.17
BV-T,2,ens,0.02,TargetPAC-100,0.0,0.0,0.0,100,,0.0
BV-T,2,ens,0.02,Target-100,0.021966783216783217,0.08924671058877137,0.545,100,,0.125
BV-T,2,ens,0.02,TargetPAC-200,0.008468094405594406,0.04288708728094324,0.145,200,,0.005
BV-T,2,ens,0.02,Target-200,0.025251311188811187,0.10116558127171581,0.675,200,,0.145
BV-T,2,ens,0.02,TargetPAC-400,0.012559003496503495,0.06009654635554121,0.245,400,,0.0
BV-T,2,ens,0.02,Target-400,0.024302884615384615,0.10020780724904593,0.72,400,,0.035
BV-T,2,ens,0.02,TargetPAC-all,0.020541958041958047,0.08456587366382504,1.0,1986,,0.0
BV-T,2,ens,0.02,Target-all,0.025786713286713284,0.09954622263570602,1.0,1986,,0.0
BV-T,2,ens,0.05,ID-all,0.10227272727272728,0.3088913782300784,1.0,437,0.3343391448368565,
BV-T,2,ens,0.05,ID,0.10411713286713287,0.3107161708025593,1.0,300,,1.0
BV-T,2,ens,0.05,ID-PAC,0.07700393356643356,0.24763532628301277,1.0,300,,0.82
BV-T,2,ens,0.05,Weighted,0.1075247668997669,0.3101476516863177,1.0,300,,1.0
BV-T,2,ens,0.05,TargetPAC-25,0.0,0.0,0.0,25,,0.0
BV-T,2,ens,0.05,Target-25,0.04152534965034965,0.14273073344851808,0.33,25,,0.165
BV-T,2,ens,0.05,TargetPAC-50,0.020030594405594404,0.07944464485750631,0.115,50,,0.02
BV-T,2,ens,0.05,Target-50,0.04274912587412587,0.15056855076040937,0.41,50,,0.16
BV-T,2,ens,0.05,TargetPAC-100,0.021223776223776226,0.08598511458353109,0.1,100,,0.01
BV-T,2,ens,0.05,Target-100,0.05365166083916084,0.18372173384723461,0.625,100,,0.165
BV-T,2,ens,0.05,TargetPAC-200,0.037434440559440556,0.13882198257039244,0.205,200,,0.005
BV-T,2,ens,0.05,Target-200,0.05797858391608392,0.19602821393988876,0.82,200,,0.125
BV-T,2,ens,0.05,TargetPAC-400,0.046665209790209786,0.16427889270728513,0.39,400,,0.005
BV-T,2,ens,0.05,Target-400,0.05840909090909092,0.196755301980292,0.85,400,,0.07
BV-T,2,ens,0.05,TargetPAC-all,0.055069930069930065,0.19007385748732644,1.0,1986,,0.0
BV-T,2,ens,0.05,Target-all,0.06031468531468532,0.20030758130968881,1.0,1986,,0.0
BV-T,2,ens,0.1,ID-all,0.20716783216783216,0.48766826786155043,1.0,437,0.3343391448368565,
BV-T,2,ens,0.1,ID,0.2152513111888112,0.498974444170195,1.0,300,,1.0
BV-T,2,ens,0.1,ID-PAC,0.1600437062937063,0.4094945793540792,1.0,300,,0.97
BV-T,2,ens,0.1,Weighted,0.21413170163170162,0.4891254817824527,1.0,300,,1.0
BV-T,2,ens,0.1,TargetPAC-25,0.04412368881118882,0.14981896371679734,0.055,25,,0.025
BV-T,2,ens,0.1,Target-25,0.07748688811188811,0.23820340238090715,0.255,25,,0.15
BV-T,2,ens,0.1,TargetPAC-50,0.04348994755244755,0.1535947141582335,0.015,50,,0.005
BV-T,2,ens,0.1,Target-50,0.0936909965034965,0.2807869904497902,0.32,50,,0.18
BV-T,2,ens,0.1,TargetPAC-100,0.062384178321678314,0.20724088173308775,0.03,100,,0.005
BV-T,2,ens,0.1,Target-100,0.0941215034965035,0.2856887353091952,0.345,100,,0.12
BV-T,2,ens,0.1,TargetPAC-200,0.07489947552447551,0.2405473808122425,0.045,200,,0.01
BV-T,2,ens,0.1,Target-200,0.09384833916083916,0.286804951679356,0.345,200,,0.09
BV-T,2,ens,0.1,TargetPAC-400,0.07834134615384615,0.2517424860923883,0.015,400,,0.0
BV-T,2,ens,0.1,Target-400,0.09200611888111888,0.28614270253849516,0.225,400,,0.02
BV-T,2,ens,0.1,TargetPAC-all,0.08391608391608393,0.2721145265716075,0.0,1986,,0.0
BV-T,2,ens,0.1,Target-all,0.0895979020979021,0.2846076439651407,0.0,1986,,0.0
BV-T,2,ens,0.2,ID-all,0.40777972027972026,0.716607492073136,1.0,437,0.3343391448368565,
BV-T,2,ens,0.2,ID,0.404215472027972,0.7140712753232451,1.0,300,,1.0
BV-T,2,ens,0.2,ID-PAC,0.35239510489510484,0.6688253052079972,1.0,300,,1.0
BV-T,2,ens,0.2,Weighted,0.4386363636363636,0.7392479447113103,1.0,300,,1.0
BV-T,2,ens,0.2,TargetPAC-25,0.11109702797202797,0.3110799521540185,0.075,25,,0.05
BV-T,2,ens,0.2,Target-25,0.17855113636363637,0.4315618295391977,0.365,25,,0.25
BV-T,2,ens,0.2,TargetPAC-50,0.10993006993006993,0.3156515217680229,0.03,50,,0.005
BV-T,2,ens,0.2,Target-50,0.18646853146853146,0.45024445119520023,0.36,50,,0.26
BV-T,2,ens,0.2,TargetPAC-100,0.13560096153846155,0.3661428924035011,0.035,100,,0.005
BV-T,2,ens,0.2,Target-100,0.18113636363636368,0.4429136683817806,0.255,100,,0.11
BV-T,2,ens,0.2,TargetPAC-200,0.14844842657342658,0.3895103381495757,0.02,200,,0.0
BV-T,2,ens,0.2,Target-200,0.1869340034965035,0.45292961704228296,0.28,200,,0.06
BV-T,2,ens,0.2,TargetPAC-400,0.16184659090909087,0.4123813818375136,0.015,400,,0.0
BV-T,2,ens,0.2,Target-400,0.1840166083916084,0.44786610719778236,0.135,400,,0.005
BV-T,2,ens,0.2,TargetPAC-all,0.17613636363636367,0.43370863316182195,0.0,1986,,0.0
BV-T,2,ens,0.2,Target-all,0.1861888111888112,0.4516508762270028,0.0,1986,,0.0
BV2DV,0,lr,0.02,ID-all,0.03256893013295262,0.11446314986857155,1.0,1254,0.26316757198771734,
BV2DV,0,lr,0.02,ID,0.033806103328276965,0.11602601982462829,0.92,300,,0.2
BV2DV,0,lr,0.02,ID-PAC,0.018562951726599445,0.06729721391737063,0.38,300,,0.01
BV2DV,0,lr,0.02,Weighted,0.03435947770738526,0.11300489596083232,0.8,300,,0.38333333333333336
BV2DV,0,lr,0.02,TargetPAC-25,0.0,0.0,0.0,25,,0.0
BV2DV,0,lr,0.02,Target-25,0.0,0.0,0.0,25,,0.0
BV2DV,0,lr,0.02,TargetPAC-50,0.0,0.0,0.0,50,,0.0
BV2DV,0,lr,0.02,Target-50,0.02150575533148925,0.07414995384954953,0.38,50,,0.13
BV2DV,0,lr,0.02,TargetPAC-100,0.0,0.0,0.0,100,,0.0
BV2DV,0,lr,0.02,Target-100,0.02016373695012046,0.0716019724301222,0.425,100,,0.06
BV2DV,0,lr,0.02,TargetPAC-200,0.012172303024895154,0.045283273471517144,0.115,200,,0.0
BV2DV,0,lr,0.02,Target-200,0.022329793878825735,0.07979458033188193,0.515,200,,0.04
BV2DV,0,lr,0.02,TargetPAC-400,0.01534442758989917,0.05597171780002808,0.145,400,,0.0
BV2DV,0,lr,0.02,Target-400,0.021864905862407424,0.07885504243834901,0.56,400,,0.005
BV2DV,0,lr,0.02,TargetPAC-all,0.01945212813420184,0.07233581475610489,0.0,3639,,0.0
BV2DV,0,lr,0.02,Target-all,0.021950566610154373,0.07825009531071292,1.0,3639,,0.0
BV2DV,0,lr,0.05,ID-all,0.09038993486213974,0.261286794951542,1.0,1254,0.26316757198771734,
BV2DV,0,lr,0.05,ID,0.09132149549388774,0.2637402431928086,1.0,300,,0.805
BV2DV,0,lr,0.05,ID-PAC,0.05910413134647988,0.18638882757790398,0.785,300,,0.195
BV2DV,0,lr,0.05,Weighted,0.09065018887005145,0.2568871186735424,0.9833333333333333,300,,0.75
BV2DV,0,lr,0.05,TargetPAC-25,0.0,0.0,0.0,25,,0.0
BV2DV,0,lr,0.05,Target-25,0.035758454537342735,0.11281216766659309,0.245,25,,0.14
BV2DV,0,lr,0.05,TargetPAC-50,0.022173641474078697,0.07618684411180449,0.11,50,,0.03
BV2DV,0,lr,0.05,Target-50,0.041705184259837595,0.13509985051267132,0.325,50,,0.14
BV2DV,0,lr,0.05,TargetPAC-100,0.021447309717141073,0.07592205590224131,0.055,100,,0.0
BV2DV,0,lr,0.05,Target-100,0.049528865887391804,0.1598170535947188,0.485,100,,0.12
BV2DV,0,lr,0.05,TargetPAC-200,0.03285089676095298,0.11280268675883381,0.095,200,,0.005
BV2DV,0,lr,0.05,Target-200,0.05191130543410369,0.16794728314304636,0.545,200,,0.075
BV2DV,0,lr,0.05,TargetPAC-400,0.039236191665923084,0.13244128358448543,0.16,400,,0.0
BV2DV,0,lr,0.05,Target-400,0.05133621843490675,0.16681659710656738,0.555,400,,0.02
BV2DV,0,lr,0.05,TargetPAC-all,0.04863032033550459,0.15807532556132992,0.0,3639,,0.0
BV2DV,0,lr,0.05,Target-all,0.053537967341839916,0.17284346971125866,1.0,3639,,0.0
BV2DV,0,lr,0.1,ID-all,0.17355224413313108,0.4256476112125529,1.0,1254,0.26316757198771734,
BV2DV,0,lr,0.1,ID,0.17608949763540643,0.42541041294620463,1.0,300,,1.0
BV2DV,0,lr,0.1,ID-PAC,0.13478584813063263,0.35297735618115056,0.94,300,,0.85
BV2DV,0,lr,0.1,Weighted,0.1963564438892359,0.44990895318739094,0.9833333333333333,300,,0.9833333333333333
BV2DV,0,lr,0.1,TargetPAC-25,0.04178192201302757,0.12869256275457994,0.09,25,,0.06
BV2DV,0,lr,0.1,Target-25,0.08034041224234853,0.22557509982543092,0.31,25,,0.225
BV2DV,0,lr,0.1,TargetPAC-50,0.04162130811100205,0.13445848465999155,0.03,50,,0.015
BV2DV,0,lr,0.1,Target-50,0.10328767734451683,0.2829916026245561,0.475,50,,0.405
BV2DV,0,lr,0.1,TargetPAC-100,0.06357410546979567,0.1968447388486466,0.08,100,,0.025
BV2DV,0,lr,0.1,Target-100,0.10340635317212456,0.28832546601922265,0.485,100,,0.305
BV2DV,0,lr,0.1,TargetPAC-200,0.076120281966628,0.22971010494211128,0.12,200,,0.025
BV2DV,0,lr,0.1,Target-200,0.10420629963415723,0.2917803539538897,0.57,200,,0.285
BV2DV,0,lr,0.1,TargetPAC-400,0.08157223164093869,0.24318227421393743,0.12,400,,0.025
BV2DV,0,lr,0.1,Target-400,0.10310787900419381,0.2902348154985252,0.57,400,,0.17
BV2DV,0,lr,0.1,TargetPAC-all,0.09779602034442761,0.2785029195176274,0.0,3639,,0.0
BV2DV,0,lr,0.1,Target-all,0.10502364593557598,0.2965367096735357,1.0,3639,,0.0
BV2DV,0,lr,0.2,ID-all,0.333452306594093,0.6291811304853824,1.0,1254,0.26316757198771734,
BV2DV,0,lr,0.2,ID,0.33307040242705455,0.6274322792302908,1.0,300,,1.0
BV2DV,0,lr,0.2,ID-PAC,0.29120237351655215,0.5818612928145755,1.0,300,,0.995
BV2DV,0,lr,0.2,Weighted,0.33927753487403706,0.6310131863207389,1.0,300,,1.0
BV2DV,0,lr,0.2,TargetPAC-25,0.1176255911483894,0.3077742691173225,0.105,25,,0.065
BV2DV,0,lr,0.2,Target-25,0.1787378424199161,0.41999305235066314,0.335,25,,0.22
BV2DV,0,lr,0.2,TargetPAC-50,0.12186445971267958,0.32285227341132083,0.045,50,,0.02
BV2DV,0,lr,0.2,Target-50,0.20449540465780316,0.4639954752493127,0.51,50,,0.345
BV2DV,0,lr,0.2,TargetPAC-100,0.15136120281966625,0.38157395609687583,0.085,100,,0.015
BV2DV,0,lr,0.2,Target-100,0.19495850807531007,0.4525207426209443,0.445,100,,0.21
BV2DV,0,lr,0.2,TargetPAC-200,0.16825466226465602,0.4127637598571343,0.1,200,,0.01
BV2DV,0,lr,0.2,Target-200,0.19970509502989203,0.46087224351385514,0.51,200,,0.2
BV2DV,0,lr,0.2,TargetPAC-400,0.17832426162220041,0.43019325501133693,0.13,400,,0.005
BV2DV,0,lr,0.2,Target-400,0.1999357544391898,0.46174162770632265,0.545,400,,0.125
BV2DV,0,lr,0.2,TargetPAC-all,0.1918443829749264,0.45179786102694774,0.0,3639,,0.0
BV2DV,0,lr,0.2,Target-all,0.20094583742303926,0.46268836406685815,1.0,3639,,0.0
BV2DV,0,svm,0.02,ID-all,0.03515659855447488,0.11004875895419067,1.0,1254,0.2533368370674003,
BV2DV,0,svm,0.02,ID,0.037153118586597665,0.11410794189056325,0.965,300,,0.29
BV2DV,0,svm,0.02,ID-PAC,0.019473097171410728,0.06222219435359271,0.465,300,,0.01
BV2DV,0,svm,0.02,Weighted,0.034200350971119245,0.10213546160483174,0.85,300,,0.21666666666666667
BV2DV,0,svm,0.02,TargetPAC-25,0.0,0.0,0.0,25,,0.0
BV2DV,0,svm,0.02,Target-25,0.0,0.0,0.0,25,,0.0
BV2DV,0,svm,0.02,TargetPAC-50,0.0,0.0,0.0,50,,0.0
BV2DV,0,svm,0.02,Target-50,0.022009458374230392,0.06758073820655337,0.435,50,,0.15
BV2DV,0,svm,0.02,TargetPAC-100,0.0,0.0,0.0,100,,0.0
BV2DV,0,svm,0.02,Target-100,0.021116266619077364,0.06627071753917772,0.485,100,,0.055
BV2DV,0,svm,0.02,TargetPAC-200,0.012444454358882839,0.03979989766639244,0.145,200,,0.0
BV2DV,0,svm,0.02,Target-200,0.02338850718301062,0.07380568152176094,0.655,200,,0.045
BV2DV,0,svm,0.02,TargetPAC-400,0.016052467207995004,0.05070873547765716,0.245,400,,0.0
BV2DV,0,svm,0.02,Target-400,0.022729544034978143,0.07192036037482191,0.71,400,,0.0
BV2DV,0,svm,0.02,TargetPAC-all,0.0209690372088873,0.06493167726789331,1.0,3639,,0.0
BV2DV,0,svm,0.02,Target-all,0.021861336664584643,0.06915043040311417,1.0,3639,,0.0
BV2DV,0,svm,0.05,ID-all,0.095654501650754,0.25344623472520417,1.0,1254,0.2533368370674003,
BV2DV,0,svm,0.05,ID,0.09543588828410815,0.2536914591568513,0.995,300,,0.925
BV2DV,0,svm,0.05,ID-PAC,0.06556214865708931,0.18605438730260648,0.735,300,,0.395
BV2DV,0,svm,0.05,Weighted,0.08772047232384521,0.23308385336196,0.9166666666666666,300,,0.7166666666666667
BV2DV,0,svm,0.05,TargetPAC-25,0.0,0.0,0.0,25,,0.0
BV2DV,0,svm,0.05,Target-25,0.04066654769340591,0.11516569014988864,0.315,25,,0.19
BV2DV,0,svm,0.05,TargetPAC-50,0.02287945034353529,0.07020913176956879,0.105,50,,0.035
BV2DV,0,svm,0.05,Target-50,0.03787543499598465,0.11256052230270683,0.235,50,,0.12
BV2DV,0,svm,0.05,TargetPAC-100,0.021917997680021416,0.068866304151534,0.03,100,,0.005
BV2DV,0,svm,0.05,Target-100,0.052378424199161236,0.15259939904087325,0.48,100,,0.195
BV2DV,0,svm,0.05,TargetPAC-200,0.031213973409476223,0.09720079960671789,0.075,200,,0.0
BV2DV,0,svm,0.05,Target-200,0.05056527170518425,0.15015771414812287,0.47,200,,0.105
BV2DV,0,svm,0.05,TargetPAC-400,0.039287498884625675,0.12079617051588176,0.155,400,,0.005
BV2DV,0,svm,0.05,Target-400,0.05244846970643348,0.15553594718783234,0.605,400,,0.085
BV2DV,0,svm,0.05,TargetPAC-all,0.046488801641831,0.14056323614984856,0.0,3639,,0.0
BV2DV,0,svm,0.05,Target-all,0.05193182832158472,0.15480466320203864,1.0,3639,,0.0
BV2DV,0,svm,0.1,ID-all,0.1768537521192112,0.4114162168669864,1.0,1254,0.2533368370674003,
BV2DV,0,svm,0.1,ID,0.16926563754796106,0.39669936492967073,1.0,300,,0.975
BV2DV,0,svm,0.1,ID-PAC,0.13115195859730525,0.32710385857896745,0.975,300,,0.645
BV2DV,0,svm,0.1,Weighted,0.1863269980071979,0.4164420176441867,1.0,300,,0.9666666666666667
BV2DV,0,svm,0.1,TargetPAC-25,0.039047470331043097,0.11113725745931738,0.1,25,,0.05
BV2DV,0,svm,0.1,Target-25,0.07778308200231998,0.20468692938981078,0.29,25,,0.205
BV2DV,0,svm,0.1,TargetPAC-50,0.04086196127420363,0.12170375423881855,0.025,50,,0.01
BV2DV,0,svm,0.1,Target-50,0.10589408405460872,0.27224015289844894,0.545,50,,0.37
BV2DV,0,svm,0.1,TargetPAC-100,0.0606674399928616,0.17329270923209664,0.08,100,,0.02
BV2DV,0,svm,0.1,Target-100,0.10737842419916124,0.27797943796777497,0.645,100,,0.31
BV2DV,0,svm,0.1,TargetPAC-200,0.07964084946908181,0.21906347191845416,0.185,200,,0.025
BV2DV,0,svm,0.1,Target-200,0.10715758008387616,0.2782431476613761,0.645,200,,0.245
BV2DV,0,svm,0.1,TargetPAC-400,0.08681047559560989,0.2352869354094347,0.24,400,,0.005
BV2DV,0,svm,0.1,Target-400,0.10853261354510574,0.28178236049521443,0.75,400,,0.215
BV2DV,0,svm,0.1,TargetPAC-all,0.10252520745962343,0.2689718482252142,1.0,3639,,0.0
BV2DV,0,svm,0.1,Target-all,0.1088605335950745,0.2820394486024439,1.0,3639,,0.0
BV2DV,0,svm,0.2,ID-all,0.32693852056750244,0.6088247687461124,1.0,1254,0.2533368370674003,
BV2DV,0,svm,0.2,ID,0.3266177389131792,0.6083378062483696,1.0,300,,1.0
BV2DV,0,svm,0.2,ID-PAC,0.29075488533952,0.5664912615125308,1.0,300,,1.0
BV2DV,0,svm,0.2,Weighted,0.3427143749442313,0.6228460614938031,1.0,300,,1.0
BV2DV,0,svm,0.2,TargetPAC-25,0.11853707504238421,0.29307683046732347,0.1,25,,0.06
BV2DV,0,svm,0.2,Target-25,0.18734763986793967,0.4156067530148283,0.395,25,,0.3
BV2DV,0,svm,0.2,TargetPAC-50,0.12254885339519943,0.305772217428818,0.04,50,,0.015
BV2DV,0,svm,0.2,Target-50,0.19931292941911305,0.43893144149928776,0.405,50,,0.3
BV2DV,0,svm,0.2,TargetPAC-100,0.1555554564111716,0.37103509942412266,0.09,100,,0.02
BV2DV,0,svm,0.2,Target-100,0.19634157223164095,0.43712736019423315,0.45,100,,0.28
BV2DV,0,svm,0.2,TargetPAC-200,0.16935040599625237,0.3965289844894356,0.12,200,,0.04
BV2DV,0,svm,0.2,Target-200,0.19955429642187916,0.44362867949515417,0.45,200,,0.24
BV2DV,0,svm,0.2,TargetPAC-400,0.1729325421611493,0.4040741818327749,0.04,400,,0.0
BV2DV,0,svm,0.2,Target-400,0.19885696439725173,0.44293667355579186,0.475,400,,0.12
BV2DV,0,svm,0.2,TargetPAC-all,0.1907736236280896,0.43315709212031206,0.0,3639,,0.0
BV2DV,0,svm,0.2,Target-all,0.20165967698759704,0.4474737644721793,1.0,3639,,0.0
BV2DV,0,lgbm,0.02,ID-all,0.044704202730436335,0.15273792563757851,1.0,1254,0.15074353307036825,
BV2DV,0,lgbm,0.02,ID,0.0418903363968948,0.14497710034713165,0.995,300,,0.545
BV2DV,0,lgbm,0.02,ID-PAC,0.023857856696707414,0.09020296165499529,0.685,300,,0.065
BV2DV,0,lgbm,0.02,Weighted,0.03704976056631272,0.12448925162697058,0.8833333333333333,300,,0.4
BV2DV,0,lgbm,0.02,TargetPAC-25,0.0,0.0,0.0,25,,0.0
BV2DV,0,lgbm,0.02,Target-25,0.0,0.0,0.0,25,,0.0
BV2DV,0,lgbm,0.02,TargetPAC-50,0.0,0.0,0.0,50,,0.0
BV2DV,0,lgbm,0.02,Target-50,0.018152493976978677,0.06829835262957241,0.32,50,,0.12
BV2DV,0,lgbm,0.02,TargetPAC-100,0.0,0.0,0.0,100,,0.0
BV2DV,0,lgbm,0.02,Target-100,0.017693405907022397,0.06864643738587796,0.335,100,,0.06
BV2DV,0,lgbm,0.02,TargetPAC-200,0.00868296600339074,0.03792601380500431,0.045,200,,0.005
BV2DV,0,lgbm,0.02,Target-200,0.016973320246274647,0.06664044786002368,0.305,200,,0.04
BV2DV,0,lgbm,0.02,TargetPAC-400,0.010656732399393236,0.045585634167385675,0.035,400,,0.0
BV2DV,0,lgbm,0.02,Target-400,0.01845453734273222,0.07186635933142044,0.33,400,,0.0
BV2DV,0,lgbm,0.02,TargetPAC-all,0.014722941019005979,0.05718141140116783,0.0,3639,,0.0
BV2DV,0,lgbm,0.02,Target-all,0.01713214954938877,0.06829263398679697,0.0,3639,,0.0
BV2DV,0,lgbm,0.05,ID-all,0.09181761399125546,0.27809659489937194,1.0,1254,0.15074353307036825,
BV2DV,0,lgbm,0.05,ID,0.0908646381725707,0.2749133926600718,0.995,300,,0.935
BV2DV,0,lgbm,0.05,ID-PAC,0.06687159810832516,0.2140514577522724,0.905,300,,0.375
BV2DV,0,lgbm,0.05,Weighted,0.08029207935516491,0.24299984616516512,0.9666666666666667,300,,0.7166666666666667
BV2DV,0,lgbm,0.05,TargetPAC-25,0.0,0.0,0.0,25,,0.0
BV2DV,0,lgbm,0.05,Target-25,0.036769875970375655,0.11923621004474587,0.255,25,,0.14
BV2DV,0,lgbm,0.05,TargetPAC-50,0.02026456678861426,0.0743384934887734,0.105,50,,0.05
BV2DV,0,lgbm,0.05,Target-50,0.03903230124029625,0.13129339145614705,0.285,50,,0.13
BV2DV,0,lgbm,0.05,TargetPAC-100,0.018228785580440797,0.07015289844894355,0.05,100,,0.0
BV2DV,0,lgbm,0.05,Target-100,0.050623717319532434,0.16811936914340747,0.45,100,,0.185
BV2DV,0,lgbm,0.05,TargetPAC-200,0.02744802355670563,0.10096401769769449,0.03,200,,0.005
BV2DV,0,lgbm,0.05,Target-200,0.047439546711876515,0.1614125298473022,0.435,200,,0.08
BV2DV,0,lgbm,0.05,TargetPAC-400,0.03489337021504417,0.12510867929450006,0.04,400,,0.0
BV2DV,0,lgbm,0.05,Target-400,0.04732622468100295,0.1614612637197263,0.37,400,,0.025
BV2DV,0,lgbm,0.05,TargetPAC-all,0.042562684036762735,0.14911611854646142,0.0,3639,,0.0
BV2DV,0,lgbm,0.05,Target-all,0.04791648077094672,0.16123061179444995,0.0,3639,,0.0
BV2DV,0,lgbm,0.1,ID-all,0.1588293031141251,0.41012701406585467,1.0,1254,0.15074353307036825,
BV2DV,0,lgbm,0.1,ID,0.15296912643883287,0.3987674819912917,1.0,300,,0.945
BV2DV,0,lgbm,0.1,ID-PAC,0.12523512090657624,0.34653796376186363,0.93,300,,0.59
BV2DV,0,lgbm,0.1,Weighted,0.15191695666398977,0.39235273658794334,0.9166666666666666,300,,0.7666666666666667
BV2DV,0,lgbm,0.1,TargetPAC-25,0.03217587222271794,0.1068305425687742,0.06,25,,0.045
BV2DV,0,lgbm,0.1,Target-25,0.08328143124832693,0.24155434215542665,0.305,25,,0.215
BV2DV,0,lgbm,0.1,TargetPAC-50,0.03591193004372267,0.123590530128218,0.04,50,,0.02
BV2DV,0,lgbm,0.1,Target-50,0.0982974926385295,0.28183917069647046,0.425,50,,0.245
BV2DV,0,lgbm,0.1,TargetPAC-100,0.058464798786472746,0.18960849870578084,0.06,100,,0.015
BV2DV,0,lgbm,0.1,Target-100,0.09824573927009904,0.28635067821096777,0.465,100,,0.225
BV2DV,0,lgbm,0.1,TargetPAC-200,0.07029668956901937,0.2222348104821719,0.065,200,,0.01
BV2DV,0,lgbm,0.1,Target-200,0.0973387168733827,0.2873241266528884,0.455,200,,0.155
BV2DV,0,lgbm,0.1,TargetPAC-400,0.07500624609618989,0.2347480285731485,0.035,400,,0.005
BV2DV,0,lgbm,0.1,Target-400,0.09640091014544482,0.2872029064751089,0.375,400,,0.065
BV2DV,0,lgbm,0.1,TargetPAC-all,0.08967609529758189,0.2710084876698035,0.0,3639,,0.0
BV2DV,0,lgbm,0.1,Target-all,0.09574373159632373,0.29075787065834613,0.0,3639,,0.0
BV2DV,0,lgbm,0.2,ID-all,0.2782189702864281,0.579775066717499,1.0,1254,0.15074353307036825,
BV2DV,0,lgbm,0.2,ID,0.2749437851342911,0.5758740243192808,1.0,300,,0.995
BV2DV,0,lgbm,0.2,ID-PAC,0.24342687605960558,0.5376764753095089,0.975,300,,0.855
BV2DV,0,lgbm,0.2,Weighted,0.2993783647125309,0.6005647577770198,0.9833333333333333,300,,0.9833333333333333
BV2DV,0,lgbm,0.2,TargetPAC-25,0.1154675649147854,0.31387508276982967,0.09,25,,0.075
BV2DV,0,lgbm,0.2,Target-25,0.1920424734540912,0.44725121395750145,0.4,25,,0.36
BV2DV,0,lgbm,0.2,TargetPAC-50,0.10979432497546177,0.3081276962899051,0.02,50,,0.015
BV2DV,0,lgbm,0.2,Target-50,0.20159453912733113,0.47181511728234043,0.45,50,,0.36
BV2DV,0,lgbm,0.2,TargetPAC-100,0.1455804407959311,0.38244900876858556,0.075,100,,0.015
BV2DV,0,lgbm,0.2,Target-100,0.19593379138038725,0.4675809137789193,0.45,100,,0.26
BV2DV,0,lgbm,0.2,TargetPAC-200,0.16353529044347284,0.4161471898388747,0.085,200,,0.025
BV2DV,0,lgbm,0.2,Target-200,0.20214107254394573,0.4794775718843429,0.475,200,,0.28
BV2DV,0,lgbm,0.2,TargetPAC-400,0.17608771303649504,0.43922881092361094,0.075,400,,0.02
BV2DV,0,lgbm,0.2,Target-400,0.20524181315249396,0.4856145283624616,0.545,400,,0.255
BV2DV,0,lgbm,0.2,TargetPAC-all,0.1956812706344249,0.4728866103497403,0.0,3639,,0.0
BV2DV,0,lgbm,0.2,Target-all,0.20210582671544572,0.48429379778076515,1.0,3639,,0.0
BV2DV,0,ens,0.02,ID-all,0.044704202730436335,0.16839396432369524,1.0,1254,0.20170649780433147,
BV2DV,0,ens,0.02,ID,0.045838315338627644,0.16721461966009188,1.0,300,,0.655
BV2DV,0,ens,0.02,ID-PAC,0.026816721691799765,0.10544530168348817,0.695,300,,0.16
BV2DV,0,ens,0.02,Weighted,0.03345528092561197,0.12340170622897312,0.8,300,,0.35
BV2DV,0,ens,0.02,TargetPAC-25,0.0,0.0,0.0,25,,0.0
BV2DV,0,ens,0.02,Target-25,0.0,0.0,0.0,25,,0.0
BV2DV,0,ens,0.02,TargetPAC-50,0.0,0.0,0.0,50,,0.0
BV2DV,0,ens,0.02,Target-50,0.019007763005264567,0.07545234965989125,0.34,50,,0.155
BV2DV,0,ens,0.02,TargetPAC-100,0.0,0.0,0.0,100,,0.0
BV2DV,0,ens,0.02,Target-100,0.017503792272686714,0.07231938619900877,0.3,100,,0.065
BV2DV,0,ens,0.02,TargetPAC-200,0.009264745248505398,0.042636344483014635,0.045,200,,0.0
BV2DV,0,ens,0.02,Target-200,0.018167663067725527,0.07611327929048699,0.35,200,,0.02
BV2DV,0,ens,0.02,TargetPAC-400,0.011023021325956991,0.05020647310231355,0.04,400,,0.0
BV2DV,0,ens,0.02,Target-400,0.017592576068528598,0.0746121355619319,0.28,400,,0.005
BV2DV,0,ens,0.02,TargetPAC-all,0.015793700365842774,0.07075064710957722,0.0,3639,,0.0
BV2DV,0,ens,0.02,Target-all,0.018470598732934773,0.07969982141782209,0.0,3639,,0.0
BV2DV,0,ens,0.05,ID-all,0.10163290800392612,0.3134217549210426,1.0,1254,0.20170649780433147,
BV2DV,0,ens,0.05,ID,0.10070313197108949,0.30933239861949957,1.0,300,,0.895
BV2DV,0,ens,0.05,ID-PAC,0.0697193718211832,0.23426369966089453,0.885,300,,0.385
BV2DV,0,ens,0.05,Weighted,0.09086285357365934,0.27943086127442124,0.9333333333333333,300,,0.75
BV2DV,0,ens,0.05,TargetPAC-25,0.0,0.0,0.0,25,,0.0
BV2DV,0,ens,0.05,Target-25,0.040730347104488265,0.13884094648554288,0.3,25,,0.175
BV2DV,0,ens,0.05,TargetPAC-50,0.01752208441152851,0.07004278949374963,0.07,50,,0.02
BV2DV,0,ens,0.05,Target-50,0.03532658160078522,0.1303752733912555,0.21,50,,0.06
BV2DV,0,ens,0.05,TargetPAC-100,0.018474167930757564,0.07574831450528724,0.025,100,,0.0
BV2DV,0,ens,0.05,Target-100,0.04801329526188989,0.17091392940987618,0.385,100,,0.135
BV2DV,0,ens,0.05,TargetPAC-200,0.027745605425180692,0.10844299917731806,0.03,200,,0.0
BV2DV,0,ens,0.05,Target-200,0.048328276969751054,0.17386229106888454,0.395,200,,0.085
BV2DV,0,ens,0.05,TargetPAC-400,0.03442535915053092,0.13057439753596725,0.025,400,,0.0
BV2DV,0,ens,0.05,Target-400,0.04782189702864281,0.17418173244777976,0.355,400,,0.02
BV2DV,0,ens,0.05,TargetPAC-all,0.04175961452663513,0.15860204265906863,0.0,3639,,0.0
BV2DV,0,ens,0.05,Target-all,0.04773802087980727,0.17716756626602723,0.0,3639,,0.0
BV2DV,0,ens,0.1,ID-all,0.18283215847238332,0.4644491040792985,1.0,1254,0.20170649780433147,
BV2DV,0,ens,0.1,ID,0.1838971178727581,0.46261607841563496,1.0,300,,1.0
BV2DV,0,ens,0.1,ID-PAC,0.14646560185598287,0.3990089190761884,0.99,300,,0.885
BV2DV,0,ens,0.1,Weighted,0.19196781773296454,0.4693509173238089,1.0,300,,0.9833333333333333
BV2DV,0,ens,0.1,TargetPAC-25,0.03667529222807174,0.1288083903525493,0.06,25,,0.045
BV2DV,0,ens,0.1,Target-25,0.07188810564825555,0.2258962718462187,0.24,25,,0.18
BV2DV,0,ens,0.1,TargetPAC-50,0.03722271794414205,0.13600490097718562,0.015,50,,0.005
BV2DV,0,ens,0.1,Target-50,0.1022579637726421,0.3031869895860505,0.455,50,,0.31
BV2DV,0,ens,0.1,TargetPAC-100,0.059153653966271084,0.2025085027188635,0.085,100,,0.03
BV2DV,0,ens,0.1,Target-100,0.09863612028196662,0.30144899873587894,0.475,100,,0.22
BV2DV,0,ens,0.1,TargetPAC-200,0.07387927188364415,0.2445338553685013,0.135,200,,0.02
BV2DV,0,ens,0.1,Target-200,0.09945703578120817,0.306065674097558,0.445,200,,0.19
BV2DV,0,ens,0.1,TargetPAC-400,0.07738065494780048,0.2547122870558019,0.085,400,,0.005
BV2DV,0,ens,0.1,Target-400,0.10028285892745606,0.30967722274615245,0.515,400,,0.1
BV2DV,0,ens,0.1,TargetPAC-all,0.09395913268492906,0.2975048658627125,0.0,3639,,0.0
BV2DV,0,ens,0.1,Target-all,0.10127598822164717,0.3121225194132874,1.0,3639,,0.0
BV2DV,0,ens,0.2,ID-all,0.31917551530293564,0.6372674920239982,1.0,1254,0.20170649780433147,
BV2DV,0,ens,0.2,ID,0.313561167127688,0.6296830166342275,1.0,300,,1.0
BV2DV,0,ens,0.2,ID-PAC,0.27724725617917373,0.5903865852679736,1.0,300,,0.995
BV2DV,0,ens,0.2,Weighted,0.32387049760566305,0.6367108440181659,1.0,300,,0.9833333333333333
BV2DV,0,ens,0.2,TargetPAC-25,0.11533416614615867,0.322389213837109,0.095,25,,0.055
BV2DV,0,ens,0.2,Target-25,0.19312840189167488,0.46388564219355094,0.45,25,,0.335
BV2DV,0,ens,0.2,TargetPAC-50,0.12358615151244758,0.34851332845074945,0.055,50,,0.04
BV2DV,0,ens,0.2,Target-50,0.2021406263942179,0.48420771715793487,0.49,50,,0.34
BV2DV,0,ens,0.2,TargetPAC-100,0.15198224324083165,0.4070234965989124,0.08,100,,0.025
BV2DV,0,ens,0.2,Target-100,0.20411573123940394,0.4916263769889841,0.51,100,,0.305
BV2DV,0,ens,0.2,TargetPAC-200,0.16800660301597214,0.4359872935770612,0.075,200,,0.015
BV2DV,0,ens,0.2,Target-200,0.20508119925046842,0.4946938519573811,0.54,200,,0.31
BV2DV,0,ens,0.2,TargetPAC-400,0.17886990273935935,0.4547882095631759,0.13,400,,0.015
BV2DV,0,ens,0.2,Target-400,0.2037070580886946,0.493937737022694,0.53,400,,0.2
BV2DV,0,ens,0.2,TargetPAC-all,0.19514589096100646,0.4818809318377912,0.0,3639,,0.0
BV2DV,0,ens,0.2,Target-all,0.20397965557241007,0.4951391536408692,1.0,3639,,0.0
BV2DV,1,lr,0.02,ID-all,0.07861550845183794,0.23785632382468844,1.0,1231,0.30157323433168326,
BV2DV,1,lr,0.02,ID,0.07635944906537877,0.2301253548842589,1.0,300,,0.99
BV2DV,1,lr,0.02,ID-PAC,0.04187639745997674,0.13696126441443474,0.995,300,,0.485
BV2DV,1,lr,0.02,Weighted,0.05568076796947201,0.1750708933986938,1.0,300,,0.75
BV2DV,1,lr,0.02,TargetPAC-25,0.0,0.0,0.0,25,,0.0
BV2DV,1,lr,0.02,Target-25,0.0,0.0,0.0,25,,0.0
BV2DV,1,lr,0.02,TargetPAC-50,0.0,0.0,0.0,50,,0.0
BV2DV,1,lr,0.02,Target-50,0.020305428852517668,0.07069251876442695,0.41,50,,0.145
BV2DV,1,lr,0.02,TargetPAC-100,0.0,0.0,0.0,100,,0.0
BV2DV,1,lr,0.02,Target-100,0.02183749217422413,0.07689539489166955,0.43,100,,0.11
BV2DV,1,lr,0.02,TargetPAC-200,0.010694481710043826,0.04163820081817407,0.105,200,,0.005
BV2DV,1,lr,0.02,Target-200,0.020217780162776137,0.07284465708291397,0.435,200,,0.04
BV2DV,1,lr,0.02,TargetPAC-400,0.012710848761291476,0.04918901123111665,0.09,400,,0.0
BV2DV,1,lr,0.02,Target-400,0.022340577765852788,0.07980662250329222,0.57,400,,0.02
BV2DV,1,lr,0.02,TargetPAC-all,0.017887487702352208,0.06626008321941988,0.0,3670,,0.0
BV2DV,1,lr,0.02,Target-all,0.022806546820499065,0.08312929053191331,1.0,3670,,0.0
BV2DV,1,lr,0.05,ID-all,0.13460334496020035,0.35574048759970556,1.0,1231,0.30157323433168326,
BV2DV,1,lr,0.05,ID,0.12896699758518917,0.34445744643563514,1.0,300,,1.0
BV2DV,1,lr,0.05,ID-PAC,0.10602271710938199,0.298978484124719,1.0,300,,0.975
BV2DV,1,lr,0.05,Weighted,0.11779208776793965,0.3151638434486822,1.0,300,,0.9666666666666667
BV2DV,1,lr,0.05,TargetPAC-25,0.0,0.0,0.0,25,,0.0
BV2DV,1,lr,0.05,Target-25,0.03632546283874429,0.11657999228893462,0.26,25,,0.125
BV2DV,1,lr,0.05,TargetPAC-50,0.020716841069671768,0.07171954254355,0.05,50,,0.025
BV2DV,1,lr,0.05,Target-50,0.04107414363652625,0.13160297526951176,0.255,50,,0.13
BV2DV,1,lr,0.05,TargetPAC-100,0.019382434487076293,0.06931912294142094,0.025,100,,0.0
BV2DV,1,lr,0.05,Target-100,0.053634737501117975,0.16918663281809398,0.445,100,,0.195
BV2DV,1,lr,0.05,TargetPAC-200,0.03296753420982023,0.11104767841853057,0.07,200,,0.005
BV2DV,1,lr,0.05,Target-200,0.05183659779983902,0.16543667663096542,0.465,200,,0.105
BV2DV,1,lr,0.05,TargetPAC-400,0.040532152759144985,0.13366208008492186,0.125,400,,0.005
BV2DV,1,lr,0.05,Target-400,0.050356855379661926,0.16231747557745366,0.43,400,,0.02
BV2DV,1,lr,0.05,TargetPAC-all,0.04668634290313926,0.15299454717519637,0.0,3670,,0.0
BV2DV,1,lr,0.05,Target-all,0.05026384044360968,0.16199245917892172,1.0,3670,,0.0
BV2DV,1,lr,0.1,ID-all,0.2117878543958501,0.4792226845523326,1.0,1231,0.30157323433168326,
BV2DV,1,lr,0.1,ID,0.21415392183167875,0.48073715782147375,1.0,300,,1.0
BV2DV,1,lr,0.1,ID-PAC,0.170668992040068,0.41643313154376527,1.0,300,,1.0
BV2DV,1,lr,0.1,Weighted,0.20279790120144295,0.4591971979791,1.0,300,,1.0
BV2DV,1,lr,0.1,TargetPAC-25,0.0364882389768357,0.11445759665119447,0.075,25,,0.045
BV2DV,1,lr,0.1,Target-25,0.07550129684285842,0.21688713303590654,0.265,25,,0.15
BV2DV,1,lr,0.1,TargetPAC-50,0.040281727931312045,0.1300043562512205,0.035,50,,0.02
BV2DV,1,lr,0.1,Target-50,0.0970333601645649,0.2735337208894764,0.425,50,,0.21
BV2DV,1,lr,0.1,TargetPAC-100,0.06174045255343887,0.1911946393074061,0.065,100,,0.005
BV2DV,1,lr,0.1,Target-100,0.10103792147392898,0.284662565781897,0.48,100,,0.19
BV2DV,1,lr,0.1,TargetPAC-200,0.07730167248010017,0.23265410864590688,0.145,200,,0.0
BV2DV,1,lr,0.1,Target-200,0.10319604686521779,0.2923374542468442,0.545,200,,0.135
BV2DV,1,lr,0.1,TargetPAC-400,0.08169707539576067,0.24491938431649418,0.06,400,,0.0
BV2DV,1,lr,0.1,Target-400,0.10219971380019675,0.2911263162638386,0.585,400,,0.075
BV2DV,1,lr,0.1,TargetPAC-all,0.09703962078526071,0.27980151517427515,0.0,3670,,0.0
BV2DV,1,lr,0.1,Target-all,0.10169036758787227,0.29222934911598136,1.0,3670,,0.0
BV2DV,1,lr,0.2,ID-all,0.3986226634469189,0.6852433241701842,1.0,1231,0.30157323433168326,
BV2DV,1,lr,0.2,ID,0.39722699221894286,0.6829097504919561,1.0,300,,1.0
BV2DV,1,lr,0.2,ID-PAC,0.34340041141221717,0.6308008992904819,1.0,300,,1.0
BV2DV,1,lr,0.2,Weighted,0.36363175625316757,0.6483547223599199,1.0,300,,1.0
BV2DV,1,lr,0.2,TargetPAC-25,0.11577765852785976,0.3035149940164136,0.1,25,,0.06
BV2DV,1,lr,0.2,Target-25,0.19617833825239245,0.4428767030689039,0.445,25,,0.345
BV2DV,1,lr,0.2,TargetPAC-50,0.12261112601735086,0.3233856083479793,0.105,50,,0.065
BV2DV,1,lr,0.2,Target-50,0.20355603255522758,0.4603876062149185,0.505,50,,0.35
BV2DV,1,lr,0.2,TargetPAC-100,0.1478570789732582,0.3750919819941616,0.11,100,,0.03
BV2DV,1,lr,0.2,Target-100,0.19496154190143994,0.4515342516511194,0.435,100,,0.25
BV2DV,1,lr,0.2,TargetPAC-200,0.1660584920847867,0.4084120212504944,0.11,200,,0.03
BV2DV,1,lr,0.2,Target-200,0.20383641892496202,0.46652761713058233,0.575,200,,0.24
BV2DV,1,lr,0.2,TargetPAC-400,0.17696985958322156,0.42701020965084896,0.135,400,,0.01
BV2DV,1,lr,0.2,Target-400,0.2011430104641803,0.46336640579231203,0.575,400,,0.19
BV2DV,1,lr,0.2,TargetPAC-all,0.1931848671854038,0.4523541281739298,0.0,3670,,0.0
BV2DV,1,lr,0.2,Target-all,0.2035596100527681,0.4672204613620545,1.0,3670,,0.0
BV2DV,1,svm,0.02,ID-all,0.06502101779805027,0.18355339912774832,1.0,1231,0.28890043607835064,
BV2DV,1,svm,0.02,ID,0.06653251050889902,0.1876439941315788,1.0,300,,0.91
BV2DV,1,svm,0.02,ID-PAC,0.04057955460155621,0.12199633974753774,0.985,300,,0.325
BV2DV,1,svm,0.02,Weighted,0.04797424201770861,0.14083977173911227,1.0,300,,0.6166666666666667
BV2DV,1,svm,0.02,TargetPAC-25,0.0,0.0,0.0,25,,0.0
BV2DV,1,svm,0.02,Target-25,0.0,0.0,0.0,25,,0.0
BV2DV,1,svm,0.02,TargetPAC-50,0.0,0.0,0.0,50,,0.0
BV2DV,1,svm,0.02,Target-50,0.019900724443251944,0.06146422616454613,0.35,50,,0.16
BV2DV,1,svm,0.02,TargetPAC-100,0.0,0.0,0.0,100,,0.0
BV2DV,1,svm,0.02,Target-100,0.019297021733297556,0.06233104504964624,0.4,100,,0.085
BV2DV,1,svm,0.02,TargetPAC-200,0.0104494231285216,0.0365741589180474,0.095,200,,0.0
BV2DV,1,svm,0.02,Target-200,0.018421876397459975,0.060857830987467026,0.36,200,,0.015
BV2DV,1,svm,0.02,TargetPAC-400,0.012154995080940883,0.042458527987662295,0.065,400,,0.0
BV2DV,1,svm,0.02,Target-400,0.01915794651641177,0.06315683005112337,0.395,400,,0.005
BV2DV,1,svm,0.02,TargetPAC-all,0.016188176370628745,0.05439806121784762,0.0,3670,,0.0
BV2DV,1,svm,0.02,Target-all,0.017976925140863964,0.060667057227120916,0.0,3670,,0.0
BV2DV,1,svm,0.05,ID-all,0.12181379125301851,0.31144191915398595,1.0,1231,0.28890043607835064,
BV2DV,1,svm,0.05,ID,0.12455236562024863,0.3137421449780435,1.0,300,,1.0
BV2DV,1,svm,0.05,ID-PAC,0.0942487255165012,0.25237908899270456,0.995,300,,0.88
BV2DV,1,svm,0.05,Weighted,0.11794860328533524,0.2939652568101892,0.9833333333333333,300,,0.9666666666666667
BV2DV,1,svm,0.05,TargetPAC-25,0.0,0.0,0.0,25,,0.0
BV2DV,1,svm,0.05,Target-25,0.04160540202128611,0.11719562572291237,0.315,25,,0.205
BV2DV,1,svm,0.05,TargetPAC-50,0.02003622216259726,0.06247788075888901,0.1,50,,0.04
BV2DV,1,svm,0.05,Target-50,0.039598425901082195,0.1164422946928843,0.295,50,,0.15
BV2DV,1,svm,0.05,TargetPAC-100,0.01864546999373938,0.0607240389959592,0.02,100,,0.005
BV2DV,1,svm,0.05,Target-100,0.049957517216706916,0.14466707224867684,0.45,100,,0.18
BV2DV,1,svm,0.05,TargetPAC-200,0.028056077273946874,0.08763923730553344,0.04,200,,0.0
BV2DV,1,svm,0.05,Target-200,0.05059699490206601,0.14715434148002385,0.465,200,,0.13
BV2DV,1,svm,0.05,TargetPAC-400,0.035483856542348625,0.10859353171801535,0.09,400,,0.0
BV2DV,1,svm,0.05,Target-400,0.05152938019855111,0.15002601232769025,0.55,400,,0.07
BV2DV,1,svm,0.05,TargetPAC-all,0.047491279849745105,0.13808314931927312,0.0,3670,,0.0
BV2DV,1,svm,0.05,Target-all,0.050442715320633234,0.14661038590377193,1.0,3670,,0.0
BV2DV,1,svm,0.1,ID-all,0.21536535193632053,0.46302944725681355,1.0,1231,0.28890043607835064,
BV2DV,1,svm,0.1,ID,0.21433279670870228,0.46133664308282385,1.0,300,,1.0
BV2DV,1,svm,0.1,ID-PAC,0.17781280744119488,0.40546018536600015,1.0,300,,0.995
BV2DV,1,svm,0.1,Weighted,0.1988015383239424,0.43382336986909553,1.0,300,,1.0
BV2DV,1,svm,0.1,TargetPAC-25,0.045219568911546375,0.12579266247064538,0.125,25,,0.075
BV2DV,1,svm,0.1,Target-25,0.08115642607995706,0.2128389739275861,0.315,25,,0.215
BV2DV,1,svm,0.1,TargetPAC-50,0.04326759681602719,0.12511083404685724,0.055,50,,0.03
BV2DV,1,svm,0.1,Target-50,0.1109824702620517,0.2804882756755945,0.53,50,,0.39
BV2DV,1,svm,0.1,TargetPAC-100,0.05809721849566229,0.16555880188069877,0.04,100,,0.02
BV2DV,1,svm,0.1,Target-100,0.10229407029782667,0.2662486418009844,0.455,100,,0.265
BV2DV,1,svm,0.1,TargetPAC-200,0.07567704140953403,0.20962851692178275,0.115,200,,0.01
BV2DV,1,svm,0.1,Target-200,0.10610902423754584,0.27680406383159833,0.595,200,,0.23
BV2DV,1,svm,0.1,TargetPAC-400,0.08243538145067525,0.22668001081552028,0.11,400,,0.0
BV2DV,1,svm,0.1,Target-400,0.10602003398622664,0.27802579201153654,0.65,400,,0.16
BV2DV,1,svm,0.1,TargetPAC-all,0.0993649941865665,0.2658464897127378,0.0,3670,,0.0
BV2DV,1,svm,0.1,Target-all,0.10643055182899562,0.280182061257905,1.0,3670,,0.0
BV2DV,1,svm,0.2,ID-all,0.3839549235309901,0.6612789352721155,1.0,1231,0.28890043607835064,
BV2DV,1,svm,0.2,ID,0.3823674089974064,0.6596459168907381,1.0,300,,1.0
BV2DV,1,svm,0.2,ID-PAC,0.33956220373848495,0.6165041584674007,1.0,300,,1.0
BV2DV,1,svm,0.2,Weighted,0.35316459469934114,0.6267147523362692,1.0,300,,1.0
BV2DV,1,svm,0.2,TargetPAC-25,0.1281960468652178,0.30814255957298725,0.125,25,,0.1
BV2DV,1,svm,0.2,Target-25,0.1974107861550845,0.4259801064527597,0.47,25,,0.38
BV2DV,1,svm,0.2,TargetPAC-50,0.12837626330381896,0.31444214948451027,0.07,50,,0.04
BV2DV,1,svm,0.2,Target-50,0.20429612735891248,0.44219091896872015,0.495,50,,0.4
BV2DV,1,svm,0.2,TargetPAC-100,0.15583758161166264,0.3669312463384957,0.13,100,,0.065
BV2DV,1,svm,0.2,Target-100,0.2081195778552902,0.4499490518894613,0.56,100,,0.37
BV2DV,1,svm,0.2,TargetPAC-200,0.1717619175386817,0.3949232648851101,0.11,200,,0.035
BV2DV,1,svm,0.2,Target-200,0.21094177622752885,0.45589919033813525,0.65,200,,0.32
BV2DV,1,svm,0.2,TargetPAC-400,0.18458814059565334,0.4164525844586982,0.155,400,,0.02
BV2DV,1,svm,0.2,Target-400,0.2083275198998301,0.4525065218588675,0.635,400,,0.315
BV2DV,1,svm,0.2,TargetPAC-all,0.2011447992129506,0.44415736581995174,1.0,3670,,0.0
BV2DV,1,svm,0.2,Target-all,0.2113406672032913,0.45798721164871586,1.0,3670,,0.0
BV2DV,1,lgbm,0.02,ID-all,0.05983364636436812,0.19086889686700415,1.0,1231,0.19498371490279837,
BV2DV,1,lgbm,0.02,ID,0.05978087827564618,0.18974162923795646,1.0,300,,0.995
BV2DV,1,lgbm,0.02,ID-PAC,0.04220194973615955,0.14171075493332932,0.99,300,,0.605
BV2DV,1,lgbm,0.02,Weighted,0.0494380347613511,0.1566760801750512,1.0,300,,0.85
BV2DV,1,lgbm,0.02,TargetPAC-25,0.0,0.0,0.0,25,,0.0
BV2DV,1,lgbm,0.02,Target-25,0.0,0.0,0.0,25,,0.0
BV2DV,1,lgbm,0.02,TargetPAC-50,0.0,0.0,0.0,50,,0.0
BV2DV,1,lgbm,0.02,Target-50,0.018831947053036403,0.06910519094901182,0.32,50,,0.13
BV2DV,1,lgbm,0.02,TargetPAC-100,0.0,0.0,0.0,100,,0.0
BV2DV,1,lgbm,0.02,Target-100,0.018996511939898042,0.07181179993290372,0.36,100,,0.085
BV2DV,1,lgbm,0.02,TargetPAC-200,0.0095733834182989,0.04208076089187985,0.055,200,,0.0
BV2DV,1,lgbm,0.02,Target-200,0.019376621053573025,0.07379426977713019,0.345,200,,0.035
BV2DV,1,lgbm,0.02,TargetPAC-400,0.01185135497719345,0.05002128053757142,0.065,400,,0.0
BV2DV,1,lgbm,0.02,Target-400,0.019493784098023433,0.07451460345595931,0.395,400,,0.005
BV2DV,1,lgbm,0.02,TargetPAC-all,0.01520436454699937,0.061252897908498714,0.0,3670,,0.0
BV2DV,1,lgbm,0.02,Target-all,0.01913961184151686,0.07401621326603677,0.0,3670,,0.0
BV2DV,1,lgbm,0.05,ID-all,0.11215454789374832,0.30422155793563765,1.0,1231,0.19498371490279837,
BV2DV,1,lgbm,0.05,ID,0.11200205706108578,0.3039062054047558,1.0,300,,0.99
BV2DV,1,lgbm,0.05,ID-PAC,0.08189249619890887,0.24209831107639462,1.0,300,,0.695
BV2DV,1,lgbm,0.05,Weighted,0.1054646274930686,0.2839971191993845,1.0,300,,0.9333333333333333
BV2DV,1,lgbm,0.05,TargetPAC-25,0.0,0.0,0.0,25,,0.0
BV2DV,1,lgbm,0.05,Target-25,0.04141311152848582,0.12964776954930324,0.325,25,,0.2
BV2DV,1,lgbm,0.05,TargetPAC-50,0.02174358286378678,0.07754895775437755,0.11,50,,0.04
BV2DV,1,lgbm,0.05,Target-50,0.03772784187460871,0.124715742089899,0.3,50,,0.125
BV2DV,1,lgbm,0.05,TargetPAC-100,0.019912351310258473,0.07493440587242693,0.04,100,,0.0
BV2DV,1,lgbm,0.05,Target-100,0.050130131473034606,0.1619504739300897,0.485,100,,0.14
BV2DV,1,lgbm,0.05,TargetPAC-200,0.029237098649494676,0.10414737648525633,0.075,200,,0.0
BV2DV,1,lgbm,0.05,Target-200,0.04950406940345228,0.16215704536009173,0.49,200,,0.065
BV2DV,1,lgbm,0.05,TargetPAC-400,0.03802298542169752,0.13081153955926758,0.125,400,,0.0
BV2DV,1,lgbm,0.05,Target-400,0.05091494499597531,0.1663831097625092,0.53,400,,0.035
BV2DV,1,lgbm,0.05,TargetPAC-all,0.048653966550398,0.15903321266016732,0.0,3670,,0.0
BV2DV,1,lgbm,0.05,Target-all,0.05151596458277433,0.16820637614977493,1.0,3670,,0.0
BV2DV,1,lgbm,0.1,ID-all,0.18093193810929256,0.42254134683270494,1.0,1231,0.19498371490279837,
BV2DV,1,lgbm,0.1,ID,0.1862427332081209,0.4291217396964644,1.0,300,,1.0
BV2DV,1,lgbm,0.1,ID-PAC,0.15085725784813522,0.37376490263528156,1.0,300,,0.955
BV2DV,1,lgbm,0.1,Weighted,0.18674984348448262,0.42689651316305566,1.0,300,,0.9833333333333333
BV2DV,1,lgbm,0.1,TargetPAC-25,0.038633843126732854,0.12317806051684166,0.065,25,,0.05
BV2DV,1,lgbm,0.1,Target-25,0.07184554154369019,0.2075009889190989,0.27,25,,0.16
BV2DV,1,lgbm,0.1,TargetPAC-50,0.040769161971201145,0.1329064207137242,0.05,50,,0.01
BV2DV,1,lgbm,0.1,Target-50,0.10056703336016456,0.2751298863869653,0.485,50,,0.285
BV2DV,1,lgbm,0.1,TargetPAC-100,0.06035193632054378,0.18766705221993563,0.08,100,,0.02
BV2DV,1,lgbm,0.1,Target-100,0.10379035864412843,0.28554282895955696,0.515,100,,0.245
BV2DV,1,lgbm,0.1,TargetPAC-200,0.0769202218048475,0.23045007085167218,0.1,200,,0.005
BV2DV,1,lgbm,0.1,Target-200,0.10302298542169751,0.2856976260934441,0.52,200,,0.21
BV2DV,1,lgbm,0.1,TargetPAC-400,0.08169528664699043,0.2422332296845974,0.095,400,,0.01
BV2DV,1,lgbm,0.1,Target-400,0.10233744745550487,0.28571404966126396,0.56,400,,0.075
BV2DV,1,lgbm,0.1,TargetPAC-all,0.09641355871567839,0.27519490468822755,0.0,3670,,0.0
BV2DV,1,lgbm,0.1,Target-all,0.10303192916554867,0.28752259492371557,1.0,3670,,0.0
BV2DV,1,lgbm,0.2,ID-all,0.32930864860030407,0.6114374126872062,1.0,1231,0.19498371490279837,
BV2DV,1,lgbm,0.2,ID,0.32316340220016104,0.6043382253533821,1.0,300,,1.0
BV2DV,1,lgbm,0.2,ID-PAC,0.28967176460066185,0.5674618076940409,1.0,300,,0.995
BV2DV,1,lgbm,0.2,Weighted,0.33824941120352986,0.6182244854699825,1.0,300,,1.0
BV2DV,1,lgbm,0.2,TargetPAC-25,0.11386414453090063,0.2940090780269687,0.08,25,,0.06
BV2DV,1,lgbm,0.2,Target-25,0.20130042035596102,0.4401346181770841,0.49,25,,0.36
BV2DV,1,lgbm,0.2,TargetPAC-50,0.11604105178427689,0.3057662245322037,0.04,50,,0.02
BV2DV,1,lgbm,0.2,Target-50,0.2005406493158036,0.44650075358138935,0.47,50,,0.305
BV2DV,1,lgbm,0.2,TargetPAC-100,0.15683480905106878,0.38130617436020686,0.12,100,,0.035
BV2DV,1,lgbm,0.2,Target-100,0.20610768267596818,0.4565084646467681,0.525,100,,0.315
BV2DV,1,lgbm,0.2,TargetPAC-200,0.16892183167874072,0.40224477124673913,0.13,200,,0.015
BV2DV,1,lgbm,0.2,Target-200,0.20229496467221178,0.45294682869918335,0.545,200,,0.225
BV2DV,1,lgbm,0.2,TargetPAC-400,0.17730301404167786,0.4157133486553204,0.115,400,,0.01
BV2DV,1,lgbm,0.2,Target-400,0.20441418477774798,0.4565942377311441,0.555,400,,0.205
BV2DV,1,lgbm,0.2,TargetPAC-all,0.19604686521778017,0.4453140256267743,0.0,3670,,0.0
BV2DV,1,lgbm,0.2,Target-all,0.20588498345407388,0.459824848657824,1.0,3670,,0.0
BV2DV,1,ens,0.02,ID-all,0.07682675968160271,0.2476603926634721,1.0,1231,0.25618704005743764,
BV2DV,1,ens,0.02,ID,0.07324747339236204,0.23743607076154283,1.0,300,,0.99
BV2DV,1,ens,0.02,ID-PAC,0.04569984795635453,0.16317938742094903,1.0,300,,0.63
BV2DV,1,ens,0.02,Weighted,0.05661389857794472,0.18901657211431738,1.0,300,,0.7833333333333333
BV2DV,1,ens,0.02,TargetPAC-25,0.0,0.0,0.0,25,,0.0
BV2DV,1,ens,0.02,Target-25,0.0,0.0,0.0,25,,0.0
BV2DV,1,ens,0.02,TargetPAC-50,0.0,0.0,0.0,50,,0.0
BV2DV,1,ens,0.02,Target-50,0.019960200339862268,0.07745960453250415,0.41,50,,0.12
BV2DV,1,ens,0.02,TargetPAC-100,0.0,0.0,0.0,100,,0.0
BV2DV,1,ens,0.02,Target-100,0.019686968965208836,0.07909973311702292,0.485,100,,0.045
BV2DV,1,ens,0.02,TargetPAC-200,0.011510598336463642,0.05003472483013123,0.145,200,,0.005
BV2DV,1,ens,0.02,Target-200,0.02180037563724175,0.08758072834517533,0.565,200,,0.03
BV2DV,1,ens,0.02,TargetPAC-400,0.013204990609068957,0.05748559182426782,0.165,400,,0.005
BV2DV,1,ens,0.02,Target-400,0.02180753063232269,0.0882929253478742,0.61,400,,0.005
BV2DV,1,ens,0.02,TargetPAC-all,0.019676236472587424,0.08071582721204928,0.0,3670,,0.0
BV2DV,1,ens,0.02,Target-all,0.02244879706645202,0.09104565050847967,1.0,3670,,0.0
BV2DV,1,ens,0.05,ID-all,0.13505053215275914,0.37352600982409756,1.0,1231,0.25618704005743764,
BV2DV,1,ens,0.05,ID,0.1374174939629729,0.37613392718551125,1.0,300,,1.0
BV2DV,1,ens,0.05,ID-PAC,0.103684375279492,0.30958568045144785,1.0,300,,0.985
BV2DV,1,ens,0.05,Weighted,0.12562829800554512,0.34450820260407017,1.0,300,,1.0
BV2DV,1,ens,0.05,TargetPAC-25,0.0,0.0,0.0,25,,0.0
BV2DV,1,ens,0.05,Target-25,0.04463017619175387,0.14820084321000634,0.34,25,,0.225
BV2DV,1,ens,0.05,TargetPAC-50,0.020395760665414545,0.07927440877659443,0.075,50,,0.025
BV2DV,1,ens,0.05,Target-50,0.04050353277882122,0.142896706774221,0.29,50,,0.17
BV2DV,1,ens,0.05,TargetPAC-100,0.020371165369823804,0.08156346857740857,0.02,100,,0.0
BV2DV,1,ens,0.05,Target-100,0.05238529648510866,0.18014538362550261,0.485,100,,0.215
BV2DV,1,ens,0.05,TargetPAC-200,0.03192692961273589,0.12157410884619431,0.085,200,,0.0
BV2DV,1,ens,0.05,Target-200,0.05289911456935873,0.1840706413703665,0.575,200,,0.15
BV2DV,1,ens,0.05,TargetPAC-400,0.03950451659064484,0.1457516285870224,0.175,400,,0.0
BV2DV,1,ens,0.05,Target-400,0.052523477327609334,0.18408343472883587,0.615,400,,0.07
BV2DV,1,ens,0.05,TargetPAC-all,0.048653966550398,0.17352901413528415,0.0,3670,,0.0
BV2DV,1,ens,0.05,Target-all,0.052857526160450766,0.18711851506912416,1.0,3670,,0.0
BV2DV,1,ens,0.1,ID-all,0.2200160987389321,0.5033172602684852,1.0,1231,0.25618704005743764,
BV2DV,1,ens,0.1,ID,0.22139388247920577,0.5042292690010165,1.0,300,,1.0
BV2DV,1,ens,0.1,ID-PAC,0.1807696091583937,0.4468191104234576,1.0,300,,1.0
BV2DV,1,ens,0.1,Weighted,0.21003786184896994,0.48499788863686055,1.0,300,,1.0
BV2DV,1,ens,0.1,TargetPAC-25,0.0368410696717646,0.1270400274393755,0.07,25,,0.04
BV2DV,1,ens,0.1,Target-25,0.07661300420355961,0.2292229599475247,0.265,25,,0.17
BV2DV,1,ens,0.1,TargetPAC-50,0.03817189875681961,0.13670279350868497,0.01,50,,0.005
BV2DV,1,ens,0.1,Target-50,0.10571192201055361,0.3049285725015397,0.53,50,,0.35
BV2DV,1,ens,0.1,TargetPAC-100,0.06140059028709418,0.2058708496692754,0.055,100,,0.01
BV2DV,1,ens,0.1,Target-100,0.1018813165190949,0.3025852598478817,0.505,100,,0.265
BV2DV,1,ens,0.1,TargetPAC-200,0.07766299973168769,0.2483809015937871,0.135,200,,0.03
BV2DV,1,ens,0.1,Target-200,0.10260889008138806,0.3064057422401146,0.495,200,,0.23
BV2DV,1,ens,0.1,TargetPAC-400,0.08198998300688669,0.25999904863479095,0.095,400,,0.005
BV2DV,1,ens,0.1,Target-400,0.10133977282890619,0.3048373916570279,0.525,400,,0.11
BV2DV,1,ens,0.1,TargetPAC-all,0.09721849566228422,0.29691106738169276,0.0,3670,,0.0
BV2DV,1,ens,0.1,Target-all,0.10312136660406047,0.30925878635842435,1.0,3670,,0.0
BV2DV,1,ens,0.2,ID-all,0.3755478043108845,0.6763054983901899,1.0,1231,0.25618704005743764,
BV2DV,1,ens,0.2,ID,0.37438511761023163,0.6742463685388532,1.0,300,,1.0
BV2DV,1,ens,0.2,ID-PAC,0.3319680708344513,0.6328415776639478,1.0,300,,1.0
BV2DV,1,ens,0.2,Weighted,0.3523104671615538,0.6509581249092448,1.0,300,,1.0
BV2DV,1,ens,0.2,TargetPAC-25,0.11656828548430372,0.3234148753461217,0.08,25,,0.055
BV2DV,1,ens,0.2,Target-25,0.20303461228870404,0.46614549378357945,0.47,25,,0.385
BV2DV,1,ens,0.2,TargetPAC-50,0.11863429031392542,0.33379654804644665,0.04,50,,0.025
BV2DV,1,ens,0.2,Target-50,0.19956980592075843,0.46871332862657916,0.445,50,,0.365
BV2DV,1,ens,0.2,TargetPAC-100,0.15084965566586173,0.3972031615368053,0.085,100,,0.025
BV2DV,1,ens,0.2,Target-100,0.20230793310079598,0.47551734238632437,0.485,100,,0.35
BV2DV,1,ens,0.2,TargetPAC-200,0.1623155352830695,0.4181252847836646,0.08,200,,0.04
BV2DV,1,ens,0.2,Target-200,0.2015338520704767,0.4766972605689163,0.545,200,,0.305
BV2DV,1,ens,0.2,TargetPAC-400,0.17511447992129503,0.43897029737673565,0.09,400,,0.015
BV2DV,1,ens,0.2,Target-400,0.2007611126017351,0.4765936619048335,0.48,400,,0.185
BV2DV,1,ens,0.2,TargetPAC-all,0.19032286915302749,0.4636954029031661,0.0,3670,,0.0
BV2DV,1,ens,0.2,Target-all,0.20168142384402102,0.4782713193432576,1.0,3670,,0.0
BV2DV,2,lr,0.02,ID-all,0.040730975543231206,0.13693139869517396,1.0,1193,0.31847351511876365,
BV2DV,2,lr,0.02,ID,0.04174288571688336,0.1387083829297815,0.985,300,,0.525
BV2DV,2,lr,0.02,ID-PAC,0.024950450040912814,0.08945607135861622,0.695,300,,0.065
BV2DV,2,lr,0.02,Weighted,0.03433493953995817,0.11670366519844437,0.9833333333333333,300,,0.2
BV2DV,2,lr,0.02,TargetPAC-25,0.0,0.0,0.0,25,,0.0
BV2DV,2,lr,0.02,Target-25,0.0,0.0,0.0,25,,0.0
BV2DV,2,lr,0.02,TargetPAC-50,0.0,0.0,0.0,50,,0.0
BV2DV,2,lr,0.02,Target-50,0.019029457223383946,0.06855630389689965,0.32,50,,0.115
BV2DV,2,lr,0.02,TargetPAC-100,0.0,0.0,0.0,100,,0.0
BV2DV,2,lr,0.02,Target-100,0.01948086189653605,0.07128498746904931,0.345,100,,0.09
BV2DV,2,lr,0.02,TargetPAC-200,0.010647331575597782,0.0440184172329451,0.085,200,,0.0
BV2DV,2,lr,0.02,Target-200,0.01986635148649877,0.07362511112115597,0.41,200,,0.035
BV2DV,2,lr,0.02,TargetPAC-400,0.012443403945813256,0.05070221036929892,0.05,400,,0.0
BV2DV,2,lr,0.02,Target-400,0.018773979452677517,0.07053197526957866,0.36,400,,0.01
BV2DV,2,lr,0.02,TargetPAC-all,0.015819619965451403,0.061042555008111204,0.0,3829,,0.0
BV2DV,2,lr,0.02,Target-all,0.018728975361396494,0.06956561045066222,0.0,3829,,0.0
BV2DV,2,lr,0.05,ID-all,0.10110010000909174,0.289562898341093,1.0,1193,0.31847351511876365,
BV2DV,2,lr,0.05,ID,0.10267842531139194,0.28974918008909784,1.0,300,,0.95
BV2DV,2,lr,0.05,ID-PAC,0.06865896899718156,0.20944750812377266,0.82,300,,0.45
BV2DV,2,lr,0.05,Weighted,0.10143346364821045,0.27877054381145144,0.9666666666666667,300,,0.8833333333333333
BV2DV,2,lr,0.05,TargetPAC-25,0.0,0.0,0.0,25,,0.0
BV2DV,2,lr,0.05,Target-25,0.03451631966542413,0.11125887085838268,0.215,25,,0.13
BV2DV,2,lr,0.05,TargetPAC-50,0.020171833803073004,0.07146883334086697,0.08,50,,0.035
BV2DV,2,lr,0.05,Target-50,0.039236294208564414,0.12841123114707167,0.29,50,,0.12
BV2DV,2,lr,0.05,TargetPAC-100,0.020467315210473676,0.0749871928159231,0.02,100,,0.0
BV2DV,2,lr,0.05,Target-100,0.049438130739158107,0.15788809534571863,0.405,100,,0.15
BV2DV,2,lr,0.05,TargetPAC-200,0.028566233293935813,0.10015308351790747,0.03,200,,0.0
BV2DV,2,lr,0.05,Target-200,0.04527138830802801,0.14889129965295045,0.325,200,,0.04
BV2DV,2,lr,0.05,TargetPAC-400,0.0351827438858078,0.1202584288849714,0.055,400,,0.0
BV2DV,2,lr,0.05,Target-400,0.04613919447222474,0.15188840673607656,0.275,400,,0.015
BV2DV,2,lr,0.05,TargetPAC-all,0.04254932266569687,0.14188350987157655,0.0,3829,,0.0
BV2DV,2,lr,0.05,Target-all,0.04736794254023092,0.15684029190334844,0.0,3829,,0.0
BV2DV,2,lr,0.1,ID-all,0.20592781161923812,0.47126921705414676,1.0,1193,0.31847351511876365,
BV2DV,2,lr,0.1,ID,0.2049563596690608,0.46773433380041884,1.0,300,,1.0
BV2DV,2,lr,0.1,ID-PAC,0.15704700427311574,0.39308040400387734,0.985,300,,0.915
BV2DV,2,lr,0.1,Weighted,0.19189471770160924,0.44099462433097114,1.0,300,,0.9666666666666667
BV2DV,2,lr,0.1,TargetPAC-25,0.040958268933539405,0.12800464072081846,0.11,25,,0.07
BV2DV,2,lr,0.1,Target-25,0.071112828438949,0.2061263039471239,0.23,25,,0.15
BV2DV,2,lr,0.1,TargetPAC-50,0.03405127738885353,0.11366516496155335,0.03,50,,0.005
BV2DV,2,lr,0.1,Target-50,0.10215837803436675,0.28134028436971076,0.455,50,,0.32
BV2DV,2,lr,0.1,TargetPAC-100,0.053189835439585414,0.16901816611168868,0.025,100,,0.005
BV2DV,2,lr,0.1,Target-100,0.10022820256386945,0.28118463941498795,0.47,100,,0.255
BV2DV,2,lr,0.1,TargetPAC-200,0.07406036912446586,0.22293302093849035,0.1,200,,0.01
BV2DV,2,lr,0.1,Target-200,0.09768297117919811,0.27864055507842517,0.405,200,,0.165
BV2DV,2,lr,0.1,TargetPAC-400,0.07816892444767706,0.23352903212845355,0.06,400,,0.005
BV2DV,2,lr,0.1,Target-400,0.10034048549868171,0.28555249187622733,0.475,400,,0.095
BV2DV,2,lr,0.1,TargetPAC-all,0.09428129829984544,0.27461616115957754,0.0,3829,,0.0
BV2DV,2,lr,0.1,Target-all,0.1011001000090917,0.28934693406058054,1.0,3829,,0.0
BV2DV,2,lr,0.2,ID-all,0.3952177470679153,0.6885091935491972,1.0,1193,0.31847351511876365,
BV2DV,2,lr,0.2,ID,0.3918651695608692,0.6838938862018915,1.0,300,,1.0
BV2DV,2,lr,0.2,ID-PAC,0.3343785798708973,0.627009170948284,1.0,300,,1.0
BV2DV,2,lr,0.2,Weighted,0.4013046640603691,0.6885610919421885,1.0,300,,1.0
BV2DV,2,lr,0.2,TargetPAC-25,0.11889853623056641,0.3084121351835947,0.115,25,,0.08
BV2DV,2,lr,0.2,Target-25,0.19766524229475407,0.44335475397650514,0.41,25,,0.34
BV2DV,2,lr,0.2,TargetPAC-50,0.11378488953541231,0.3056354121150939,0.05,50,,0.035
BV2DV,2,lr,0.2,Target-50,0.19526320574597691,0.44884602249041977,0.435,50,,0.32
BV2DV,2,lr,0.2,TargetPAC-100,0.14772933903082097,0.37544574023012756,0.06,100,,0.025
BV2DV,2,lr,0.2,Target-100,0.19966906082371125,0.4589193750094171,0.5,100,,0.3
BV2DV,2,lr,0.2,TargetPAC-200,0.16413173924902266,0.4054098298904609,0.1,200,,0.005
BV2DV,2,lr,0.2,Target-200,0.1971042822074734,0.4565773930600129,0.45,200,,0.2
BV2DV,2,lr,0.2,TargetPAC-400,0.17756159650877354,0.4275699498259729,0.13,400,,0.015
BV2DV,2,lr,0.2,Target-400,0.19959087189744523,0.46116924568197,0.48,400,,0.14
BV2DV,2,lr,0.2,TargetPAC-all,0.19292662969360852,0.45142561537263864,0.0,3829,,0.0
BV2DV,2,lr,0.2,Target-all,0.20010910082734795,0.4626557579592881,1.0,3829,,0.0
BV2DV,2,svm,0.02,ID-all,0.04036730611873807,0.12148744142596694,1.0,1193,0.30476922881124524,
BV2DV,2,svm,0.02,ID,0.04165924174924993,0.12378374441883007,0.99,300,,0.56
BV2DV,2,svm,0.02,ID-PAC,0.023559869079007183,0.0738664135364402,0.505,300,,0.075
BV2DV,2,svm,0.02,Weighted,0.036892747825559895,0.10931115765225062,0.8833333333333333,300,,0.3333333333333333
BV2DV,2,svm,0.02,TargetPAC-25,0.0,0.0,0.0,25,,0.0
BV2DV,2,svm,0.02,Target-25,0.0,0.0,0.0,25,,0.0
BV2DV,2,svm,0.02,TargetPAC-50,0.0,0.0,0.0,50,,0.0
BV2DV,2,svm,0.02,Target-50,0.016440130920992817,0.05319604534245406,0.335,50,,0.05
BV2DV,2,svm,0.02,TargetPAC-100,0.0,0.0,0.0,100,,0.0
BV2DV,2,svm,0.02,Target-100,0.0181311937448859,0.05866225195497899,0.41,100,,0.03
BV2DV,2,svm,0.02,TargetPAC-200,0.01058778070733703,0.03734527163786306,0.1,200,,0.0
BV2DV,2,svm,0.02,Target-200,0.019733157559778162,0.06331314318431797,0.435,200,,0.015
BV2DV,2,svm,0.02,TargetPAC-400,0.012404309482680245,0.04310722375406188,0.085,400,,0.0
BV2DV,2,svm,0.02,Target-400,0.019797708882625695,0.06322133325297453,0.515,400,,0.0
BV2DV,2,svm,0.02,TargetPAC-all,0.017728884444040364,0.0575971713701678,0.0,3829,,0.0
BV2DV,2,svm,0.02,Target-all,0.0203654877716156,0.06380991125374799,1.0,3829,,0.0
BV2DV,2,svm,0.05,ID-all,0.09255386853350304,0.25440090001858295,1.0,1193,0.30476922881124524,
BV2DV,2,svm,0.05,ID,0.10054050368215293,0.26768772569522925,0.995,300,,0.915
BV2DV,2,svm,0.05,ID-PAC,0.06753023002091099,0.19185975380072023,0.77,300,,0.385
BV2DV,2,svm,0.05,Weighted,0.08869139618753223,0.23513897887400576,0.9333333333333333,300,,0.5833333333333334
BV2DV,2,svm,0.05,TargetPAC-25,0.0,0.0,0.0,25,,0.0
BV2DV,2,svm,0.05,Target-25,0.03803845804164015,0.10923317613142683,0.255,25,,0.16
BV2DV,2,svm,0.05,TargetPAC-50,0.021530593690335484,0.06734396580732974,0.08,50,,0.025
BV2DV,2,svm,0.05,Target-50,0.042068369851804704,0.12328366154881547,0.3,50,,0.14
BV2DV,2,svm,0.05,TargetPAC-100,0.019986816983362125,0.06362686896995083,0.04,100,,0.0
BV2DV,2,svm,0.05,Target-100,0.04625511410128194,0.1353083015664944,0.38,100,,0.16
BV2DV,2,svm,0.05,TargetPAC-200,0.027807982543867623,0.08558938158879396,0.015,200,,0.0
BV2DV,2,svm,0.05,Target-200,0.045660969179016284,0.13408908275449885,0.33,200,,0.065
BV2DV,2,svm,0.05,TargetPAC-400,0.03507682516592417,0.1056044739763042,0.05,400,,0.0
BV2DV,2,svm,0.05,Target-400,0.04680925538685335,0.13708500956771988,0.375,400,,0.015
BV2DV,2,svm,0.05,TargetPAC-all,0.0413673970360942,0.12376260000904037,0.0,3829,,0.0
BV2DV,2,svm,0.05,Target-all,0.04645876897899809,0.13619310220132896,0.0,3829,,0.0
BV2DV,2,svm,0.1,ID-all,0.2025638694426766,0.44785467110649047,1.0,1193,0.30476922881124524,
BV2DV,2,svm,0.1,ID,0.19966496954268567,0.44319890812477714,1.0,300,,1.0
BV2DV,2,svm,0.1,ID-PAC,0.1549972724793163,0.3704307482911199,0.985,300,,0.895
BV2DV,2,svm,0.1,Weighted,0.1956344516168137,0.4312323691951229,1.0,300,,0.9833333333333333
BV2DV,2,svm,0.1,TargetPAC-25,0.0413537594326757,0.11703322836464813,0.11,25,,0.05
BV2DV,2,svm,0.1,Target-25,0.07162469315392309,0.19226770028175807,0.235,25,,0.165
BV2DV,2,svm,0.1,TargetPAC-50,0.036055550504591326,0.10719306704435304,0.005,50,,0.005
BV2DV,2,svm,0.1,Target-50,0.09285525956905173,0.2456312435022375,0.38,50,,0.215
BV2DV,2,svm,0.1,TargetPAC-100,0.05625738703518502,0.16111216582038804,0.06,100,,0.02
BV2DV,2,svm,0.1,Target-100,0.09880852804800437,0.2623157648902349,0.45,100,,0.23
BV2DV,2,svm,0.1,TargetPAC-200,0.07463542140194562,0.20938992601967787,0.11,200,,0.025
BV2DV,2,svm,0.1,Target-200,0.09709837257932538,0.2608766643061269,0.43,200,,0.16
BV2DV,2,svm,0.1,TargetPAC-400,0.07614146740612783,0.21479779716433878,0.04,400,,0.0
BV2DV,2,svm,0.1,Target-400,0.09968497136103283,0.2677887015524316,0.46,400,,0.095
BV2DV,2,svm,0.1,TargetPAC-all,0.09228111646513316,0.25381829870371214,0.0,3829,,0.0
BV2DV,2,svm,0.1,Target-all,0.0983725793253932,0.2661031505672829,0.0,3829,,0.0
BV2DV,2,svm,0.2,ID-all,0.37385216837894353,0.6578372432912957,1.0,1193,0.30476922881124524,
BV2DV,2,svm,0.2,ID,0.3724629511773797,0.6564156207466337,1.0,300,,1.0
BV2DV,2,svm,0.2,ID-PAC,0.3239376306936994,0.6042587653874549,1.0,300,,1.0
BV2DV,2,svm,0.2,Weighted,0.38581992302330514,0.667283169351153,1.0,300,,1.0
BV2DV,2,svm,0.2,TargetPAC-25,0.1135912355668697,0.281297392859116,0.1,25,,0.075
BV2DV,2,svm,0.2,Target-25,0.1873943085735067,0.41365512011129696,0.415,25,,0.265
BV2DV,2,svm,0.2,TargetPAC-50,0.11671379216292391,0.2951152395445665,0.04,50,,0.015
BV2DV,2,svm,0.2,Target-50,0.19636739703609415,0.43356642408353296,0.42,50,,0.29
BV2DV,2,svm,0.2,TargetPAC-100,0.1477875261387399,0.35624043855816223,0.09,100,,0.02
BV2DV,2,svm,0.2,Target-100,0.20201700154559504,0.4442940981482318,0.515,100,,0.29
BV2DV,2,svm,0.2,TargetPAC-200,0.16664924084007637,0.3907810122195603,0.095,200,,0.015
BV2DV,2,svm,0.2,Target-200,0.1967201563778525,0.43821096194508485,0.455,200,,0.215
BV2DV,2,svm,0.2,TargetPAC-400,0.17403173015728704,0.4035414124063945,0.085,400,,0.0
BV2DV,2,svm,0.2,Target-400,0.20150968269842712,0.4466137051936898,0.53,400,,0.115
BV2DV,2,svm,0.2,TargetPAC-all,0.19101736521501955,0.4301104431285691,0.0,3829,,0.0
BV2DV,2,svm,0.2,Target-all,0.20029093553959448,0.4440225607336758,1.0,3829,,0.0
BV2DV,2,lgbm,0.02,ID-all,0.04945904173106646,0.15650378941975923,1.0,1193,0.19444151251424435,
BV2DV,2,lgbm,0.02,ID,0.04937085189562687,0.1569589969212534,1.0,300,,0.72
BV2DV,2,lgbm,0.02,ID-PAC,0.028981271024638603,0.10029659931594569,0.88,300,,0.12
BV2DV,2,lgbm,0.02,Weighted,0.033101494075218965,0.10800566194726119,0.8666666666666667,300,,0.3333333333333333
BV2DV,2,lgbm,0.02,TargetPAC-25,0.0,0.0,0.0,25,,0.0
BV2DV,2,lgbm,0.02,Target-25,0.0,0.0,0.0,25,,0.0
BV2DV,2,lgbm,0.02,TargetPAC-50,0.0,0.0,0.0,50,,0.0
BV2DV,2,lgbm,0.02,Target-50,0.020666424220383672,0.07242952281938857,0.465,50,,0.135
BV2DV,2,lgbm,0.02,TargetPAC-100,0.0,0.0,0.0,100,,0.0
BV2DV,2,lgbm,0.02,Target-100,0.02114646786071461,0.07543403797957883,0.505,100,,0.085
BV2DV,2,lgbm,0.02,TargetPAC-200,0.01062323847622511,0.042789304243446985,0.135,200,,0.0
BV2DV,2,lgbm,0.02,Target-200,0.020381398308937176,0.07391985213980423,0.555,200,,0.005
BV2DV,2,lgbm,0.02,TargetPAC-400,0.0135244113101191,0.05281916256083413,0.16,400,,0.0
BV2DV,2,lgbm,0.02,Target-400,0.02130739158105282,0.07674521739567167,0.645,400,,0.005
BV2DV,2,lgbm,0.02,TargetPAC-all,0.0203654877716156,0.07299090438809286,1.0,3829,,0.0
BV2DV,2,lgbm,0.02,Target-all,0.022911173743067552,0.0800022098670564,1.0,3829,,0.0
BV2DV,2,lgbm,0.05,ID-all,0.10619147195199563,0.2916472047692949,1.0,1193,0.19444151251424435,
BV2DV,2,lgbm,0.05,ID,0.10909582689335394,0.2959701818620139,1.0,300,,0.975
BV2DV,2,lgbm,0.05,ID-PAC,0.07780207291571963,0.2283758230499179,0.955,300,,0.68
BV2DV,2,lgbm,0.05,Weighted,0.086794254023093,0.24276980049253247,0.9666666666666667,300,,0.7333333333333333
BV2DV,2,lgbm,0.05,TargetPAC-25,0.0,0.0,0.0,25,,0.0
BV2DV,2,lgbm,0.05,Target-25,0.03982634784980452,0.12293811869999548,0.265,25,,0.14
BV2DV,2,lgbm,0.05,TargetPAC-50,0.020081825620510956,0.07091109303038065,0.055,50,,0.01
BV2DV,2,lgbm,0.05,Target-50,0.03784434948631694,0.12217568945340947,0.28,50,,0.08
BV2DV,2,lgbm,0.05,TargetPAC-100,0.019100372761160105,0.06932920489987796,0.03,100,,0.0
BV2DV,2,lgbm,0.05,Target-100,0.04951950177288845,0.15641526917687473,0.46,100,,0.17
BV2DV,2,lgbm,0.05,TargetPAC-200,0.02840394581325575,0.0984289603077742,0.035,200,,0.0
BV2DV,2,lgbm,0.05,Target-200,0.04640467315210473,0.14881769601269668,0.4,200,,0.05
BV2DV,2,lgbm,0.05,TargetPAC-400,0.035752341121920175,0.12066866056944256,0.065,400,,0.0
BV2DV,2,lgbm,0.05,Target-400,0.04861987453404856,0.15488398197953862,0.41,400,,0.01
BV2DV,2,lgbm,0.05,TargetPAC-all,0.04500409128102555,0.14514808620490488,0.0,3829,,0.0
BV2DV,2,lgbm,0.05,Target-all,0.04845895081371033,0.15471580607412094,0.0,3829,,0.0
BV2DV,2,lgbm,0.1,ID-all,0.17910719156286936,0.4183830804542281,1.0,1193,0.19444151251424435,
BV2DV,2,lgbm,0.1,ID,0.17934266751522865,0.4183100543928642,1.0,300,,1.0
BV2DV,2,lgbm,0.1,ID-PAC,0.14945040458223477,0.36887060726142223,0.995,300,,0.94
BV2DV,2,lgbm,0.1,Weighted,0.17208231051307693,0.40460104365994165,1.0,300,,0.9666666666666667
BV2DV,2,lgbm,0.1,TargetPAC-25,0.03431811982907537,0.10950928395284948,0.04,25,,0.025
BV2DV,2,lgbm,0.1,Target-25,0.07458996272388399,0.20788005946551352,0.265,25,,0.195
BV2DV,2,lgbm,0.1,TargetPAC-50,0.038930811891990186,0.1247917451420593,0.05,50,,0.02
BV2DV,2,lgbm,0.1,Target-50,0.09484634966815164,0.2598322510007182,0.405,50,,0.265
BV2DV,2,lgbm,0.1,TargetPAC-100,0.0571151922902082,0.17527962351901238,0.07,100,,0.015
BV2DV,2,lgbm,0.1,Target-100,0.09979452677516139,0.2735842788048637,0.495,100,,0.275
BV2DV,2,lgbm,0.1,TargetPAC-200,0.07198472588417129,0.21420241377751661,0.08,200,,0.02
BV2DV,2,lgbm,0.1,Target-200,0.09985816892444767,0.2767160371056768,0.545,200,,0.18
BV2DV,2,lgbm,0.1,TargetPAC-400,0.07788389853623057,0.22942129106460346,0.08,400,,0.01
BV2DV,2,lgbm,0.1,Target-400,0.09912946631511955,0.27627135158482624,0.52,400,,0.095
BV2DV,2,lgbm,0.1,TargetPAC-all,0.0914628602600236,0.26185920133395607,0.0,3829,,0.0
BV2DV,2,lgbm,0.1,Target-all,0.10028184380398215,0.27925688197803195,1.0,3829,,0.0
BV2DV,2,lgbm,0.2,ID-all,0.3203927629784526,0.613092457824185,1.0,1193,0.19444151251424435,
BV2DV,2,lgbm,0.2,ID,0.3202132012001091,0.6118437071524356,1.0,300,,1.0
BV2DV,2,lgbm,0.2,ID-PAC,0.280413673970361,0.566154981994606,1.0,300,,0.985
BV2DV,2,lgbm,0.2,Weighted,0.33058308331060393,0.6183105064111254,1.0,300,,1.0
BV2DV,2,lgbm,0.2,TargetPAC-25,0.10919947267933448,0.28233291647204767,0.1,25,,0.075
BV2DV,2,lgbm,0.2,Target-25,0.18889899081734704,0.42512684134661255,0.43,25,,0.325
BV2DV,2,lgbm,0.2,TargetPAC-50,0.11798618056186924,0.3073667676174117,0.035,50,,0.01
BV2DV,2,lgbm,0.2,Target-50,0.18966951541049185,0.43232656310426054,0.405,50,,0.245
BV2DV,2,lgbm,0.2,TargetPAC-100,0.14535775979634513,0.3601446709558177,0.065,100,,0.02
BV2DV,2,lgbm,0.2,Target-100,0.1961241931084644,0.4442345070740858,0.45,100,,0.27
BV2DV,2,lgbm,0.2,TargetPAC-200,0.16433312119283572,0.39361127433992776,0.1,200,,0.03
BV2DV,2,lgbm,0.2,Target-200,0.2006005091371943,0.45227463122843503,0.54,200,,0.21
BV2DV,2,lgbm,0.2,TargetPAC-400,0.17413173924902264,0.4097482509404491,0.1,400,,0.01
BV2DV,2,lgbm,0.2,Target-400,0.2017274297663424,0.4547463173067747,0.525,400,,0.165
BV2DV,2,lgbm,0.2,TargetPAC-all,0.1927447949813619,0.4408634553280396,0.0,3829,,0.0
BV2DV,2,lgbm,0.2,Target-all,0.2029275388671698,0.45844696570185867,1.0,3829,,0.0
BV2DV,2,ens,0.02,ID-all,0.05473224838621693,0.19282596794688284,1.0,1193,0.2648712178132174,
BV2DV,2,ens,0.02,ID,0.05403263933084825,0.1877637400995445,0.995,300,,0.82
BV2DV,2,ens,0.02,ID-PAC,0.030745522320210928,0.1147480751555696,0.715,300,,0.225
BV2DV,2,ens,0.02,Weighted,0.041814407370367,0.14705384541979935,0.9833333333333333,300,,0.5333333333333333
BV2DV,2,ens,0.02,TargetPAC-25,0.0,0.0,0.0,25,,0.0
BV2DV,2,ens,0.02,Target-25,0.0,0.0,0.0,25,,0.0
BV2DV,2,ens,0.02,TargetPAC-50,0.0,0.0,0.0,50,,0.0
BV2DV,2,ens,0.02,Target-50,0.018422129284480407,0.07207604453886603,0.325,50,,0.105
BV2DV,2,ens,0.02,TargetPAC-100,0.0,0.0,0.0,100,,0.0
BV2DV,2,ens,0.02,Target-100,0.0198145285935085,0.07841771007548705,0.37,100,,0.065
BV2DV,2,ens,0.02,TargetPAC-200,0.011132375670515499,0.04769543511780098,0.11,200,,0.0
BV2DV,2,ens,0.02,Target-200,0.022757977997999817,0.08905279573294761,0.475,200,,0.06
BV2DV,2,ens,0.02,TargetPAC-400,0.013408037094281297,0.057354939806234836,0.075,400,,0.0
BV2DV,2,ens,0.02,Target-400,0.021863351213746704,0.08636411577694406,0.515,400,,0.005
BV2DV,2,ens,0.02,TargetPAC-all,0.017365215019547235,0.07277996253270856,0.0,3829,,0.0
BV2DV,2,ens,0.02,Target-all,0.019819983634875894,0.08083593243833719,0.0,3829,,0.0
BV2DV,2,ens,0.05,ID-all,0.09928175288662605,0.30075286152671676,1.0,1193,0.2648712178132174,
BV2DV,2,ens,0.05,ID,0.10701154650422766,0.3139422019316247,1.0,300,,1.0
BV2DV,2,ens,0.05,ID-PAC,0.07885398672606601,0.2542319205251448,0.995,300,,0.73
BV2DV,2,ens,0.05,Weighted,0.09241900778858686,0.2782602654184266,1.0,300,,0.8333333333333334
BV2DV,2,ens,0.05,TargetPAC-25,0.0,0.0,0.0,25,,0.0
BV2DV,2,ens,0.05,Target-25,0.04469633603054823,0.14741970397826296,0.33,25,,0.185
BV2DV,2,ens,0.05,TargetPAC-50,0.02126329666333303,0.08041824245255062,0.095,50,,0.035
BV2DV,2,ens,0.05,Target-50,0.036767433403036634,0.13182771072840233,0.26,50,,0.09
BV2DV,2,ens,0.05,TargetPAC-100,0.0214451313755796,0.08378846549845058,0.045,100,,0.005
BV2DV,2,ens,0.05,Target-100,0.04909400854623147,0.17024064950001758,0.42,100,,0.125
BV2DV,2,ens,0.05,TargetPAC-200,0.03047867987998909,0.1143884192921394,0.045,200,,0.0
BV2DV,2,ens,0.05,Target-200,0.04951086462405673,0.1745710597819263,0.445,200,,0.06
BV2DV,2,ens,0.05,TargetPAC-400,0.03837167015183199,0.13997094527063336,0.08,400,,0.0
BV2DV,2,ens,0.05,Target-400,0.048834894081280125,0.17335977640163328,0.455,400,,0.01
BV2DV,2,ens,0.05,TargetPAC-all,0.04445858714428585,0.16120980176488017,0.0,3829,,0.0
BV2DV,2,ens,0.05,Target-all,0.048368033457587056,0.17082272346025001,0.0,3829,,0.0
BV2DV,2,ens,0.1,ID-all,0.20565505955086827,0.4869642955797636,1.0,1193,0.2648712178132174,
BV2DV,2,ens,0.1,ID,0.20697881625602327,0.4875225632448884,1.0,300,,1.0
BV2DV,2,ens,0.1,ID-PAC,0.16449904536776067,0.4198013128619285,0.985,300,,0.945
BV2DV,2,ens,0.1,Weighted,0.18224080977058524,0.4423851664347981,0.9833333333333333,300,,0.95
BV2DV,2,ens,0.1,TargetPAC-25,0.04276206927902537,0.14435303630711124,0.075,25,,0.035
BV2DV,2,ens,0.1,Target-25,0.0774779525411401,0.233060841658003,0.285,25,,0.21
BV2DV,2,ens,0.1,TargetPAC-50,0.03822756614237658,0.13635166016262612,0.005,50,,0.005
BV2DV,2,ens,0.1,Target-50,0.0971951995635967,0.2842889250503498,0.415,50,,0.295
BV2DV,2,ens,0.1,TargetPAC-100,0.05791162832984817,0.19681741475688952,0.035,100,,0.005
BV2DV,2,ens,0.1,Target-100,0.10024274934084917,0.2961880044398238,0.51,100,,0.265
BV2DV,2,ens,0.1,TargetPAC-200,0.06999499954541323,0.23060284168813752,0.075,200,,0.005
BV2DV,2,ens,0.1,Target-200,0.09740476406946087,0.2930475322314133,0.43,200,,0.135
BV2DV,2,ens,0.1,TargetPAC-400,0.07538412582962088,0.2457886463057552,0.05,400,,0.0
BV2DV,2,ens,0.1,Target-400,0.09565233203018457,0.29105470927692145,0.37,400,,0.06
BV2DV,2,ens,0.1,TargetPAC-all,0.09019001727429768,0.2811754483770033,0.0,3829,,0.0
BV2DV,2,ens,0.1,Target-all,0.09791799254477683,0.2971568051349274,0.0,3829,,0.0
BV2DV,2,ens,0.2,ID-all,0.379125375034094,0.6871079369384301,1.0,1193,0.2648712178132174,
BV2DV,2,ens,0.2,ID,0.3769456314210383,0.684700563013857,1.0,300,,1.0
BV2DV,2,ens,0.2,ID-PAC,0.32967906173288486,0.637752088073247,1.0,300,,1.0
BV2DV,2,ens,0.2,Weighted,0.3684304633754584,0.6728734633471786,1.0,300,,1.0
BV2DV,2,ens,0.2,TargetPAC-25,0.1153273024820438,0.31835575846153075,0.085,25,,0.06
BV2DV,2,ens,0.2,Target-25,0.1981643785798709,0.4624067210093065,0.44,25,,0.335
BV2DV,2,ens,0.2,TargetPAC-50,0.1181457405218656,0.32889910952402474,0.05,50,,0.01
BV2DV,2,ens,0.2,Target-50,0.19594554050368218,0.4647032751234261,0.475,50,,0.315
BV2DV,2,ens,0.2,TargetPAC-100,0.14672333848531685,0.3870201700593148,0.075,100,,0.03
BV2DV,2,ens,0.2,Target-100,0.19474679516319668,0.46711547057612246,0.4,100,,0.21
BV2DV,2,ens,0.2,TargetPAC-200,0.1621206473315756,0.4157309637531579,0.085,200,,0.015
BV2DV,2,ens,0.2,Target-200,0.19586826075097735,0.471046070705701,0.43,200,,0.15
BV2DV,2,ens,0.2,TargetPAC-400,0.1742681152832076,0.4375758009512474,0.08,400,,0.005
BV2DV,2,ens,0.2,Target-400,0.19886671515592325,0.47632920992230304,0.475,400,,0.12
BV2DV,2,ens,0.2,TargetPAC-all,0.19256296026911543,0.4665029356074876,0.0,3829,,0.0
BV2DV,2,ens,0.2,Target-all,0.19883625784162193,0.4771956787054198,0.0,3829,,0.0
DV-P,0,lr,0.02,ID-all,0.07142857142857142,0.18987563304638877,1.0,1795,0.41488371921118544,
DV-P,0,lr,0.02,ID,0.07673816895179124,0.19327171499513252,0.995,300,,0.965
DV-P,0,lr,0.02,ID-PAC,0.03967271118973906,0.1084883453835468,0.765,300,,0.48
DV-P,0,lr,0.02,Weighted,0.02601356332006487,0.07746683000995372,0.6833333333333333,300,,0.11666666666666667
DV-P,0,lr,0.02,TargetPAC-25,0.0,0.0,0.0,25,,0.0
DV-P,0,lr,0.02,Target-25,0.0,0.0,0.0,25,,0.0
DV-P,0,lr,0.02,TargetPAC-50,0.0,0.0,0.0,50,,0.0
DV-P,0,lr,0.02,Target-50,0.01630030959752322,0.04812508887260318,0.245,50,,0.115
DV-P,0,lr,0.02,TargetPAC-100,0.0,0.0,0.0,100,,0.0
DV-P,0,lr,0.02,Target-100,0.01478770455550641,0.0449448716406156,0.18,100,,0.085
DV-P,0,lr,0.02,TargetPAC-200,0.006840999557717824,0.022788466797195452,0.04,200,,0.005
DV-P,0,lr,0.02,Target-200,0.012710084033613445,0.04131307220283736,0.09,200,,0.03
DV-P,0,lr,0.02,TargetPAC-400,0.00797766475011057,0.027704078842304455,0.0,400,,0.0
DV-P,0,lr,0.02,Target-400,0.012934542237947811,0.042689804534963856,0.085,400,,0.0
DV-P,0,lr,0.02,TargetPAC-all,0.009287925696594425,0.03205976614199929,0.0,1543,,0.0
DV-P,0,lr,0.02,Target-all,0.011278195488721802,0.040350896382748316,0.0,1543,,0.0
DV-P,0,lr,0.05,ID-all,0.17934542237947812,0.36899904837951064,1.0,1795,0.41488371921118544,
DV-P,0,lr,0.05,ID,0.1792204776647501,0.36748416700392683,1.0,300,,1.0
DV-P,0,lr,0.05,ID-PAC,0.12933989385227776,0.2899880227076338,1.0,300,,0.975
DV-P,0,lr,0.05,Weighted,0.07613150523367242,0.18081500278923243,0.6,300,,0.4166666666666667
DV-P,0,lr,0.05,TargetPAC-25,0.0,0.0,0.0,25,,0.0
DV-P,0,lr,0.05,Target-25,0.03428239716939408,0.0888398980562878,0.23,25,,0.13
DV-P,0,lr,0.05,TargetPAC-50,0.013907563025210084,0.04183930739529441,0.04,50,,0.015
DV-P,0,lr,0.05,Target-50,0.033191065900044225,0.09114648392636425,0.245,50,,0.09
DV-P,0,lr,0.05,TargetPAC-100,0.014105484298982751,0.04360686041805673,0.03,100,,0.0
DV-P,0,lr,0.05,Target-100,0.04538810260946484,0.12226808352383975,0.345,100,,0.11
DV-P,0,lr,0.05,TargetPAC-200,0.02379146395400265,0.06977866619997157,0.065,200,,0.005
DV-P,0,lr,0.05,Target-200,0.04788920831490491,0.12878394933441256,0.41,200,,0.08
DV-P,0,lr,0.05,TargetPAC-400,0.032735515258735075,0.09173331656147794,0.045,400,,0.0
DV-P,0,lr,0.05,Target-400,0.0480860238832375,0.12986015554072827,0.395,400,,0.01
DV-P,0,lr,0.05,TargetPAC-all,0.04068996019460415,0.11238966124498216,0.0,1543,,0.0
DV-P,0,lr,0.05,Target-all,0.04953560371517028,0.1327346510177964,0.0,1543,,0.0
DV-P,0,lr,0.1,ID-all,0.33215391419725787,0.5612154490664275,1.0,1795,0.41488371921118544,
DV-P,0,lr,0.1,ID,0.3243509509066785,0.5511896896842151,1.0,300,,1.0
DV-P,0,lr,0.1,ID-PAC,0.2609144183989385,0.4767889371383568,1.0,300,,1.0
DV-P,0,lr,0.1,Weighted,0.21033834586466166,0.40524193401368724,0.9166666666666666,300,,0.9
DV-P,0,lr,0.1,TargetPAC-25,0.03363113666519239,0.08680725856731893,0.095,25,,0.06
DV-P,0,lr,0.1,Target-25,0.0802532065457762,0.18922541373614954,0.335,25,,0.225
DV-P,0,lr,0.1,TargetPAC-50,0.03711632021229544,0.10014476663421679,0.07,50,,0.015
DV-P,0,lr,0.1,Target-50,0.1045798319327731,0.24235766710783938,0.53,50,,0.35
DV-P,0,lr,0.1,TargetPAC-100,0.05648606811145511,0.14867549741312364,0.06,100,,0.01
DV-P,0,lr,0.1,Target-100,0.10910327288810262,0.25462022685757413,0.595,100,,0.36
DV-P,0,lr,0.1,TargetPAC-200,0.07657894736842104,0.19552984478741675,0.14,200,,0.03
DV-P,0,lr,0.1,Target-200,0.10637218045112781,0.252102206228192,0.6,200,,0.245
DV-P,0,lr,0.1,TargetPAC-400,0.0816264927023441,0.20720393117705613,0.145,400,,0.01
DV-P,0,lr,0.1,Target-400,0.10981645289694825,0.2591562845235882,0.75,400,,0.25
DV-P,0,lr,0.1,TargetPAC-all,0.09796550199026978,0.2391848878291021,0.0,1543,,0.0
DV-P,0,lr,0.1,Target-all,0.11034940291906237,0.26094090108615997,1.0,1543,,0.0
DV-P,0,lr,0.2,ID-all,0.5555064130915525,0.7705938330617021,1.0,1795,0.41488371921118544,
DV-P,0,lr,0.2,ID,0.5521970367094206,0.7669794253087298,1.0,300,,1.0
DV-P,0,lr,0.2,ID-PAC,0.5031169836355595,0.7267522942804326,1.0,300,,1.0
DV-P,0,lr,0.2,Weighted,0.3852535751142563,0.6082194852498825,0.95,300,,0.8833333333333333
DV-P,0,lr,0.2,TargetPAC-25,0.12923374613003097,0.27810124366953615,0.185,25,,0.12
DV-P,0,lr,0.2,Target-25,0.20302852720035383,0.3959104929831662,0.5,25,,0.38
DV-P,0,lr,0.2,TargetPAC-50,0.12726116762494472,0.28227650591207903,0.085,50,,0.04
DV-P,0,lr,0.2,Target-50,0.2083458646616541,0.4058667950078208,0.53,50,,0.405
DV-P,0,lr,0.2,TargetPAC-100,0.1614672711189739,0.34064321888365073,0.16,100,,0.05
DV-P,0,lr,0.2,Target-100,0.20978770455550638,0.41095550353849686,0.615,100,,0.38
DV-P,0,lr,0.2,TargetPAC-200,0.17943056169836352,0.36862053312623744,0.205,200,,0.055
DV-P,0,lr,0.2,Target-200,0.211296992481203,0.41409853100423305,0.695,200,,0.33
DV-P,0,lr,0.2,TargetPAC-400,0.19151039363113667,0.38687102807827356,0.27,400,,0.025
DV-P,0,lr,0.2,Target-400,0.21480871295886775,0.4194786322916553,0.82,400,,0.38
DV-P,0,lr,0.2,TargetPAC-all,0.2025652366209642,0.4017151045141815,1.0,1543,,0.0
DV-P,0,lr,0.2,Target-all,0.21406457319770011,0.42018966780788203,1.0,1543,,0.0
DV-P,0,svm,0.02,ID-all,0.06789031402034498,0.16426938516565853,1.0,1795,0.3889762091612778,
DV-P,0,svm,0.02,ID,0.07610570544007077,0.17503172068297915,0.99,300,,0.96
DV-P,0,svm,0.02,ID-PAC,0.04049646174259177,0.09680452402568282,0.905,300,,0.545
DV-P,0,svm,0.02,Weighted,0.02114108801415303,0.05814856947011874,0.35,300,,0.1
DV-P,0,svm,0.02,TargetPAC-25,0.0,0.0,0.0,25,,0.0
DV-P,0,svm,0.02,Target-25,0.0,0.0,0.0,25,,0.0
DV-P,0,svm,0.02,TargetPAC-50,0.0,0.0,0.0,50,,0.0
DV-P,0,svm,0.02,Target-50,0.019201680672268906,0.04677389715935815,0.41,50,,0.145
DV-P,0,svm,0.02,TargetPAC-100,0.0,0.0,0.0,100,,0.0
DV-P,0,svm,0.02,Target-100,0.01621517027863777,0.040300744889141676,0.345,100,,0.045
DV-P,0,svm,0.02,TargetPAC-200,0.006936090225563909,0.019200584098093477,0.075,200,,0.0
DV-P,0,svm,0.02,Target-200,0.017525431225121627,0.043300208918981,0.4,200,,0.03
DV-P,0,svm,0.02,TargetPAC-400,0.00972578505086245,0.026013038294521073,0.085,400,,0.0
DV-P,0,svm,0.02,Target-400,0.01816121185316232,0.04481394178707765,0.435,400,,0.0
DV-P,0,svm,0.02,TargetPAC-all,0.013268465280849183,0.035997506098027855,0.0,1543,,0.0
DV-P,0,svm,0.02,Target-all,0.019460415745245464,0.04693567264255165,0.0,1543,,0.0
DV-P,0,svm,0.05,ID-all,0.18443166740380362,0.3620095599575599,1.0,1795,0.3889762091612778,
DV-P,0,svm,0.05,ID,0.18276094648385674,0.35891515264211404,1.0,300,,1.0
DV-P,0,svm,0.05,ID-PAC,0.1288843432109686,0.27179199982498936,1.0,300,,0.95
DV-P,0,svm,0.05,Weighted,0.09866946778711486,0.2138172742818182,0.8666666666666667,300,,0.7166666666666667
DV-P,0,svm,0.05,TargetPAC-25,0.0,0.0,0.0,25,,0.0
DV-P,0,svm,0.05,Target-25,0.03974126492702344,0.09054083764479398,0.28,25,,0.16
DV-P,0,svm,0.05,TargetPAC-50,0.014768907563025211,0.037040897804709975,0.065,50,,0.01
DV-P,0,svm,0.05,Target-50,0.03805395842547545,0.08892417662951337,0.235,50,,0.12
DV-P,0,svm,0.05,TargetPAC-100,0.01636222910216718,0.040602255449941484,0.02,100,,0.005
DV-P,0,svm,0.05,Target-100,0.050095090667846086,0.1175942049593647,0.425,100,,0.16
DV-P,0,svm,0.05,TargetPAC-200,0.026745908889871738,0.06385422705446113,0.045,200,,0.005
DV-P,0,svm,0.05,Target-200,0.04809597523219814,0.11397307023396738,0.41,200,,0.08
DV-P,0,svm,0.05,TargetPAC-400,0.03499889429455993,0.08206868074773306,0.045,400,,0.0
DV-P,0,svm,0.05,Target-400,0.046677355152587356,0.11081018999595287,0.37,400,,0.005
DV-P,0,svm,0.05,TargetPAC-all,0.040911101282618316,0.09541362676788115,0.0,1543,,0.0
DV-P,0,svm,0.05,Target-all,0.048651039363113664,0.11581330737341805,0.0,1543,,0.0
DV-P,0,svm,0.1,ID-all,0.3277310924369748,0.5503210351880817,1.0,1795,0.3889762091612778,
DV-P,0,svm,0.1,ID,0.3254632905793896,0.5481597628605493,1.0,300,,1.0
DV-P,0,svm,0.1,ID-PAC,0.26384343210968597,0.4726724675409908,1.0,300,,1.0
DV-P,0,svm,0.1,Weighted,0.1910401002506266,0.377350703141806,0.9833333333333333,300,,0.9833333333333333
DV-P,0,svm,0.1,TargetPAC-25,0.03809486952675807,0.08724401955744178,0.085,25,,0.06
DV-P,0,svm,0.1,Target-25,0.08261609907120743,0.1788551021077847,0.33,25,,0.235
DV-P,0,svm,0.1,TargetPAC-50,0.04084586466165414,0.09557058945779509,0.07,50,,0.025
DV-P,0,svm,0.1,Target-50,0.10324413976116763,0.22309429793378033,0.52,50,,0.335
DV-P,0,svm,0.1,TargetPAC-100,0.05802078726227333,0.135610240311519,0.08,100,,0.02
DV-P,0,svm,0.1,Target-100,0.10634011499336576,0.23156202487339073,0.605,100,,0.32
DV-P,0,svm,0.1,TargetPAC-200,0.0716187527642636,0.16735897968782473,0.125,200,,0.01
DV-P,0,svm,0.1,Target-200,0.10578726227333039,0.23278480251140302,0.62,200,,0.23
DV-P,0,svm,0.1,TargetPAC-400,0.08372622733303847,0.19331076424969648,0.175,400,,0.01
DV-P,0,svm,0.1,Target-400,0.10695378151260503,0.23627320258578258,0.715,400,,0.16
DV-P,0,svm,0.1,TargetPAC-all,0.09862892525431224,0.2237839493344125,0.0,1543,,0.0
DV-P,0,svm,0.1,Target-all,0.10703228659885006,0.2387801756669547,1.0,1543,,0.0
DV-P,0,svm,0.2,ID-all,0.4995577178239717,0.7321133631580674,1.0,1795,0.3889762091612778,
DV-P,0,svm,0.2,ID,0.49712958867757623,0.7289939621320675,1.0,300,,1.0
DV-P,0,svm,0.2,ID-PAC,0.4538699690402477,0.6900934119422902,1.0,300,,1.0
DV-P,0,svm,0.2,Weighted,0.3372327878519829,0.5633132071068914,0.9333333333333333,300,,0.9333333333333333
DV-P,0,svm,0.2,TargetPAC-25,0.12598628925254313,0.2585539743828139,0.14,25,,0.08
DV-P,0,svm,0.2,Target-25,0.2089495798319328,0.39086881856863154,0.495,25,,0.395
DV-P,0,svm,0.2,TargetPAC-50,0.1253361344537815,0.2634845170252562,0.065,50,,0.025
DV-P,0,svm,0.2,Target-50,0.20792569659442728,0.3933772136114544,0.495,50,,0.405
DV-P,0,svm,0.2,TargetPAC-100,0.16384122069880583,0.32949700841145,0.115,100,,0.055
DV-P,0,svm,0.2,Target-100,0.2168796992481203,0.4085203395206895,0.595,100,,0.42
DV-P,0,svm,0.2,TargetPAC-200,0.17893741707209201,0.35390060488060987,0.155,200,,0.04
DV-P,0,svm,0.2,Target-200,0.21692724458204338,0.4106474300777704,0.685,200,,0.46
DV-P,0,svm,0.2,TargetPAC-400,0.1894736842105263,0.37020093411942284,0.21,400,,0.065
DV-P,0,svm,0.2,Target-400,0.2151205218929677,0.4089176684204194,0.75,400,,0.365
DV-P,0,svm,0.2,TargetPAC-all,0.19969040247678024,0.3894315434846812,0.0,1543,,0.0
DV-P,0,svm,0.2,Target-all,0.2153914197257851,0.4103015652516326,1.0,1543,,0.0
DV-P,0,lgbm,0.02,ID-all,0.03914197257850509,0.15659079225140282,1.0,1795,0.2683486119854774,
DV-P,0,lgbm,0.02,ID,0.04066121185316232,0.1578263128534395,0.98,300,,0.415
DV-P,0,lgbm,0.02,ID-PAC,0.023811366651923925,0.10040553252463823,0.655,300,,0.06
DV-P,0,lgbm,0.02,Weighted,0.01533982013858175,0.07774338332075444,0.18333333333333332,300,,0.016666666666666666
DV-P,0,lgbm,0.02,TargetPAC-25,0.0,0.0,0.0,25,,0.0
DV-P,0,lgbm,0.02,Target-25,0.0,0.0,0.0,25,,0.0
DV-P,0,lgbm,0.02,TargetPAC-50,0.0,0.0,0.0,50,,0.0
DV-P,0,lgbm,0.02,Target-50,0.01683657673595754,0.07617426686938736,0.33,50,,0.1
DV-P,0,lgbm,0.02,TargetPAC-100,0.0,0.0,0.0,100,,0.0
DV-P,0,lgbm,0.02,Target-100,0.018605705440070765,0.08465085372389879,0.37,100,,0.075
DV-P,0,lgbm,0.02,TargetPAC-200,0.008686421937195932,0.04938057162858362,0.09,200,,0.0
DV-P,0,lgbm,0.02,Target-200,0.018536045997346307,0.08566531398007067,0.405,200,,0.04
DV-P,0,lgbm,0.02,TargetPAC-400,0.010770676691729325,0.0595314089452326,0.075,400,,0.0
DV-P,0,lgbm,0.02,Target-400,0.018515037593984963,0.08635447316320839,0.395,400,,0.0
DV-P,0,lgbm,0.02,TargetPAC-all,0.013268465280849183,0.07593275215208427,0.0,1543,,0.0
DV-P,0,lgbm,0.02,Target-all,0.01968155683325962,0.08488017238550473,0.0,1543,,0.0
DV-P,0,lgbm,0.05,ID-all,0.09155241043785936,0.2842829484921737,1.0,1795,0.2683486119854774,
DV-P,0,lgbm,0.05,ID,0.08839451570101725,0.27971648272316596,0.99,300,,0.86
DV-P,0,lgbm,0.05,ID-PAC,0.05940070765148165,0.21357054570512893,0.675,300,,0.25
DV-P,0,lgbm,0.05,Weighted,0.04666076957098629,0.16769995879957272,0.38333333333333336,300,,0.15
DV-P,0,lgbm,0.05,TargetPAC-25,0.0,0.0,0.0,25,,0.0
DV-P,0,lgbm,0.05,Target-25,0.03725121627598407,0.13543052623519244,0.265,25,,0.17
DV-P,0,lgbm,0.05,TargetPAC-50,0.018551525873507297,0.08060220075910877,0.065,50,,0.035
DV-P,0,lgbm,0.05,Target-50,0.037360681114551084,0.14118750205090624,0.23,50,,0.105
DV-P,0,lgbm,0.05,TargetPAC-100,0.019802078726227332,0.08854768493705084,0.03,100,,0.005
DV-P,0,lgbm,0.05,Target-100,0.05038146837682441,0.1845423471117771,0.46,100,,0.21
DV-P,0,lgbm,0.05,TargetPAC-200,0.028056169836355595,0.11594751867691937,0.04,200,,0.0
DV-P,0,lgbm,0.05,Target-200,0.05031954887218046,0.18701481027750128,0.465,200,,0.15
DV-P,0,lgbm,0.05,TargetPAC-400,0.036219593100398045,0.14304064622687945,0.045,400,,0.0
DV-P,0,lgbm,0.05,Target-400,0.05015258735072977,0.18977440031501921,0.42,400,,0.045
DV-P,0,lgbm,0.05,TargetPAC-all,0.04245908889871739,0.1675727114621047,0.0,1543,,0.0
DV-P,0,lgbm,0.05,Target-all,0.04931446262715612,0.1907725627030397,0.0,1543,,0.0
DV-P,0,lgbm,0.1,ID-all,0.183547103051747,0.44734913533793463,1.0,1795,0.2683486119854774,
DV-P,0,lgbm,0.1,ID,0.18485736399823086,0.4476600527219628,1.0,300,,0.99
DV-P,0,lgbm,0.1,ID-PAC,0.14058491817779742,0.37535554510352975,0.915,300,,0.78
DV-P,0,lgbm,0.1,Weighted,0.10862450243255196,0.31140267401711463,0.5666666666666667,300,,0.4
DV-P,0,lgbm,0.1,TargetPAC-25,0.035318443166740376,0.12858974218741456,0.08,25,,0.055
DV-P,0,lgbm,0.1,Target-25,0.07705218929677134,0.23818229548363104,0.26,25,,0.205
DV-P,0,lgbm,0.1,TargetPAC-50,0.04094869526758071,0.1517866401233825,0.035,50,,0.025
DV-P,0,lgbm,0.1,Target-50,0.10301747014595312,0.30185013618017353,0.425,50,,0.335
DV-P,0,lgbm,0.1,TargetPAC-100,0.05501547987616098,0.1969391728558459,0.03,100,,0.01
DV-P,0,lgbm,0.1,Target-100,0.0993233082706767,0.29920277173140236,0.4,100,,0.25
DV-P,0,lgbm,0.1,TargetPAC-200,0.07477222467934543,0.2503339422246043,0.075,200,,0.02
DV-P,0,lgbm,0.1,Target-200,0.10198031844316675,0.30618618947092086,0.44,200,,0.21
DV-P,0,lgbm,0.1,TargetPAC-400,0.08097412649270234,0.265759491594019,0.025,400,,0.005
DV-P,0,lgbm,0.1,Target-400,0.09949137549756745,0.30219293831967886,0.4,400,,0.105
DV-P,0,lgbm,0.1,TargetPAC-all,0.0875718708536046,0.27793881189634995,0.0,1543,,0.0
DV-P,0,lgbm,0.1,Target-all,0.09796550199026978,0.3029872132833096,0.0,1543,,0.0
DV-P,0,lgbm,0.2,ID-all,0.3544891640866873,0.6596808243002308,1.0,1795,0.2683486119854774,
DV-P,0,lgbm,0.2,ID,0.35250773993808054,0.6557428655808714,1.0,300,,1.0
DV-P,0,lgbm,0.2,ID-PAC,0.3064517912428129,0.6090079082944116,1.0,300,,0.985
DV-P,0,lgbm,0.2,Weighted,0.212531328320802,0.48539481312142463,0.5166666666666667,300,,0.45
DV-P,0,lgbm,0.2,TargetPAC-25,0.11643299425033173,0.32027832164772546,0.095,25,,0.075
DV-P,0,lgbm,0.2,Target-25,0.1973540468819107,0.45701924023495183,0.415,25,,0.325
DV-P,0,lgbm,0.2,TargetPAC-50,0.11944161875276427,0.3352018638635792,0.045,50,,0.015
DV-P,0,lgbm,0.2,Target-50,0.2071008403361345,0.47574778775581633,0.495,50,,0.4
DV-P,0,lgbm,0.2,TargetPAC-100,0.1583624502432552,0.4049764829419293,0.105,100,,0.03
DV-P,0,lgbm,0.2,Target-100,0.21022114108801415,0.48416153484352953,0.56,100,,0.405
DV-P,0,lgbm,0.2,TargetPAC-200,0.17337129588677577,0.4306309681371209,0.125,200,,0.025
DV-P,0,lgbm,0.2,Target-200,0.21099734630694386,0.4864288526957112,0.575,200,,0.42
DV-P,0,lgbm,0.2,TargetPAC-400,0.18052189296771337,0.44277823961147633,0.085,400,,0.01
DV-P,0,lgbm,0.2,Target-400,0.20457209199469262,0.4778772300187043,0.535,400,,0.23
DV-P,0,lgbm,0.2,TargetPAC-all,0.1912870411322424,0.4594795620358116,0.0,1543,,0.0
DV-P,0,lgbm,0.2,Target-all,0.20521892967713398,0.47726502083720734,1.0,1543,,0.0
DV-P,0,ens,0.02,ID-all,0.07784166298098187,0.24545245725911422,1.0,1795,0.3606830857251272,
DV-P,0,ens,0.02,ID,0.08003759398496241,0.2449407698281614,1.0,300,,0.985
DV-P,0,ens,0.02,ID-PAC,0.04324082264484742,0.15321253951412664,0.865,300,,0.5
DV-P,0,ens,0.02,Weighted,0.02839083001621701,0.10386664187348918,0.65,300,,0.23333333333333334
DV-P,0,ens,0.02,TargetPAC-25,0.0,0.0,0.0,25,,0.0
DV-P,0,ens,0.02,Target-25,0.0,0.0,0.0,25,,0.0
DV-P,0,ens,0.02,TargetPAC-50,0.0,0.0,0.0,50,,0.0
DV-P,0,ens,0.02,Target-50,0.015413533834586466,0.0646830119335397,0.185,50,,0.1
DV-P,0,ens,0.02,TargetPAC-100,0.0,0.0,0.0,100,,0.0
DV-P,0,ens,0.02,Target-100,0.014706988058381247,0.06693654769587522,0.285,100,,0.04
DV-P,0,ens,0.02,TargetPAC-200,0.006009509066784609,0.032920818612384196,0.015,200,,0.0
DV-P,0,ens,0.02,Target-200,0.012093100398053957,0.06041001717292147,0.12,200,,0.01
DV-P,0,ens,0.02,TargetPAC-400,0.007074303405572755,0.03928070616803212,0.0,400,,0.0
DV-P,0,ens,0.02,Target-400,0.013143520566121185,0.06644121282390646,0.105,400,,0.0
DV-P,0,ens,0.02,TargetPAC-all,0.008182220256523664,0.04757008630213404,0.0,1543,,0.0
DV-P,0,ens,0.02,Target-all,0.01172047766475011,0.06011616332870284,0.0,1543,,0.0
DV-P,0,ens,0.05,ID-all,0.17160548429898276,0.4122923115627359,1.0,1795,0.3606830857251272,
DV-P,0,ens,0.05,ID,0.17418509509066785,0.41576359340647323,1.0,300,,1.0
DV-P,0,ens,0.05,ID-PAC,0.12676028306059264,0.33630071207464207,0.995,300,,0.98
DV-P,0,ens,0.05,Weighted,0.08664307828394516,0.24392749454003185,0.8,300,,0.5833333333333334
DV-P,0,ens,0.05,TargetPAC-25,0.0,0.0,0.0,25,,0.0
DV-P,0,ens,0.05,Target-25,0.03356811145510836,0.11481673101954652,0.27,25,,0.145
DV-P,0,ens,0.05,TargetPAC-50,0.016905130473241926,0.06911942290233311,0.08,50,,0.04
DV-P,0,ens,0.05,Target-50,0.03865103936311367,0.1348240049002986,0.28,50,,0.15
DV-P,0,ens,0.05,TargetPAC-100,0.013067226890756303,0.06175847434453036,0.015,100,,0.0
DV-P,0,ens,0.05,Target-100,0.04839451570101724,0.16655743084344202,0.45,100,,0.175
DV-P,0,ens,0.05,TargetPAC-200,0.022260061919504644,0.09655212583266792,0.03,200,,0.0
DV-P,0,ens,0.05,Target-200,0.04660548429898276,0.16447174124673225,0.42,200,,0.085
DV-P,0,ens,0.05,TargetPAC-400,0.031076957098628927,0.12408524113188149,0.055,400,,0.0
DV-P,0,ens,0.05,Target-400,0.04685647943387881,0.16579252485698348,0.455,400,,0.02
DV-P,0,ens,0.05,TargetPAC-all,0.03737284387439187,0.14157268958577163,0.0,1543,,0.0
DV-P,0,ens,0.05,Target-all,0.04489164086687307,0.161480152696805,0.0,1543,,0.0
DV-P,0,ens,0.1,ID-all,0.27908005307386113,0.5650328691904662,1.0,1795,0.3606830857251272,
DV-P,0,ens,0.1,ID,0.2816928350287483,0.5675309276659046,1.0,300,,1.0
DV-P,0,ens,0.1,ID-PAC,0.23441950464396286,0.5061250998107698,1.0,300,,1.0
DV-P,0,ens,0.1,Weighted,0.17502948547840183,0.41352194378511603,0.9166666666666666,300,,0.7333333333333333
DV-P,0,ens,0.1,TargetPAC-25,0.03868310482087572,0.12648835632171337,0.105,25,,0.095
DV-P,0,ens,0.1,Target-25,0.08029743476337903,0.2326106122091815,0.29,25,,0.245
DV-P,0,ens,0.1,TargetPAC-50,0.0355827067669173,0.12829063802325455,0.035,50,,0.02
DV-P,0,ens,0.1,Target-50,0.1053626713843432,0.2899229406166938,0.5,50,,0.41
DV-P,0,ens,0.1,TargetPAC-100,0.06368310482087573,0.20432768559334086,0.11,100,,0.045
DV-P,0,ens,0.1,Target-100,0.10431003980539585,0.29335129015674394,0.52,100,,0.34
DV-P,0,ens,0.1,TargetPAC-200,0.07628482972136223,0.23704784354046574,0.095,200,,0.025
DV-P,0,ens,0.1,Target-200,0.10863998230871295,0.3041479715170143,0.595,200,,0.33
DV-P,0,ens,0.1,TargetPAC-400,0.08489827509951349,0.2577918576288243,0.13,400,,0.035
DV-P,0,ens,0.1,Target-400,0.11023662096417514,0.3088249674589545,0.65,400,,0.355
DV-P,0,ens,0.1,TargetPAC-all,0.09420610349402918,0.28332038983625557,0.0,1543,,0.0
DV-P,0,ens,0.1,Target-all,0.11057054400707653,0.30904695754897565,1.0,1543,,0.0
DV-P,0,ens,0.2,ID-all,0.4789915966386555,0.7598416153484353,1.0,1795,0.3606830857251272,
DV-P,0,ens,0.2,ID,0.4768288367978771,0.7571069096398061,1.0,300,,1.0
DV-P,0,ens,0.2,ID-PAC,0.423187748783724,0.7119789877820679,1.0,300,,1.0
DV-P,0,ens,0.2,Weighted,0.3348628925254312,0.6129907134966037,0.8333333333333334,300,,0.8166666666666667
DV-P,0,ens,0.2,TargetPAC-25,0.13276205218929676,0.33348654058606697,0.155,25,,0.12
DV-P,0,ens,0.2,Target-25,0.19960526315789473,0.4443663520120758,0.44,25,,0.37
DV-P,0,ens,0.2,TargetPAC-50,0.12704776647501106,0.3322243308576616,0.05,50,,0.025
DV-P,0,ens,0.2,Target-50,0.2134000442282176,0.47306153812497953,0.54,50,,0.405
DV-P,0,ens,0.2,TargetPAC-100,0.16243034055727557,0.3960880194261838,0.17,100,,0.07
DV-P,0,ens,0.2,Target-100,0.2079301194161875,0.46690805377202677,0.56,100,,0.375
DV-P,0,ens,0.2,TargetPAC-200,0.1757795223352499,0.4188112400599411,0.15,200,,0.04
DV-P,0,ens,0.2,Target-200,0.21260283060592663,0.47557780864771443,0.65,200,,0.42
DV-P,0,ens,0.2,TargetPAC-400,0.18809486952675805,0.43975843059186415,0.255,400,,0.025
DV-P,0,ens,0.2,Target-400,0.21197257850508625,0.47539793049888984,0.77,400,,0.335
DV-P,0,ens,0.2,TargetPAC-all,0.20013268465280853,0.45926079870492126,1.0,1543,,0.0
DV-P,0,ens,0.2,Target-all,0.20875718708536042,0.4718396902311233,1.0,1543,,0.0
DV-P,1,lr,0.02,ID-all,0.04046664236237696,0.16140933081499004,1.0,2102,0.34095889094739207,
DV-P,1,lr,0.02,ID,0.04204156033539921,0.1596745865033274,0.92,300,,0.5
DV-P,1,lr,0.02,ID-PAC,0.020493984688297485,0.0946518155019329,0.43,300,,0.085
DV-P,1,lr,0.02,Weighted,0.016332482683193584,0.061217807276129285,0.2833333333333333,300,,0.0
DV-P,1,lr,0.02,TargetPAC-25,0.0,0.0,0.0,25,,0.0
DV-P,1,lr,0.02,Target-25,0.0,0.0,0.0,25,,0.0
DV-P,1,lr,0.02,TargetPAC-50,0.0,0.0,0.0,50,,0.0
DV-P,1,lr,0.02,Target-50,0.01987969376594969,0.08995339888086706,0.32,50,,0.155
DV-P,1,lr,0.02,TargetPAC-100,0.0,0.0,0.0,100,,0.0
DV-P,1,lr,0.02,Target-100,0.017096244987240248,0.08421634216518684,0.27,100,,0.06
DV-P,1,lr,0.02,TargetPAC-200,0.008590958804228947,0.05605735115002382,0.025,200,,0.005
DV-P,1,lr,0.02,Target-200,0.015650747356908495,0.08141453813701435,0.19,200,,0.01
DV-P,1,lr,0.02,TargetPAC-400,0.009114108640174992,0.060820373868069405,0.005,400,,0.0
DV-P,1,lr,0.02,Target-400,0.014972657674079475,0.0799311574376445,0.11,400,,0.0
DV-P,1,lr,0.02,TargetPAC-all,0.009114108640174992,0.06480026830947383,0.0,940,,0.0
DV-P,1,lr,0.02,Target-all,0.014218009478672987,0.07630933258018391,0.0,940,,0.0
DV-P,1,lr,0.05,ID-all,0.1009843237331389,0.31397504015816136,1.0,2102,0.34095889094739207,
DV-P,1,lr,0.05,ID,0.11210535909588043,0.3283003830470777,1.0,300,,0.985
DV-P,1,lr,0.05,ID-PAC,0.07157674079475028,0.23722776296976225,0.845,300,,0.54
DV-P,1,lr,0.05,Weighted,0.059588042289464085,0.19031438103475665,0.7333333333333333,300,,0.21666666666666667
DV-P,1,lr,0.05,TargetPAC-25,0.0,0.0,0.0,25,,0.0
DV-P,1,lr,0.05,Target-25,0.03440393729493255,0.1307751849040617,0.255,25,,0.145
DV-P,1,lr,0.05,TargetPAC-50,0.01802041560335399,0.08360823286438017,0.065,50,,0.035
DV-P,1,lr,0.05,Target-50,0.0368282901932191,0.14231496354874584,0.275,50,,0.08
DV-P,1,lr,0.05,TargetPAC-100,0.017254830477579294,0.08509708566486028,0.02,100,,0.0
DV-P,1,lr,0.05,Target-100,0.04682829019321911,0.17180438121127606,0.415,100,,0.14
DV-P,1,lr,0.05,TargetPAC-200,0.02447138169886985,0.10795872976646485,0.015,200,,0.0
DV-P,1,lr,0.05,Target-200,0.0462340503098797,0.17196942684153854,0.37,200,,0.065
DV-P,1,lr,0.05,TargetPAC-400,0.032974845060153114,0.13288247338970188,0.015,400,,0.0
DV-P,1,lr,0.05,Target-400,0.044396646008020416,0.1691802439497979,0.21,400,,0.005
DV-P,1,lr,0.05,TargetPAC-all,0.037550127597520966,0.14915888510352862,0.0,940,,0.0
DV-P,1,lr,0.05,Target-all,0.045205978855267955,0.17080016239783943,0.0,940,,0.0
DV-P,1,lr,0.1,ID-all,0.23988333940940576,0.5368131189211135,1.0,2102,0.34095889094739207,
DV-P,1,lr,0.1,ID,0.2403536274152388,0.5348293057492366,1.0,300,,1.0
DV-P,1,lr,0.1,ID-PAC,0.1773733138899016,0.44455781892640905,0.955,300,,0.945
DV-P,1,lr,0.1,Weighted,0.15164053955523152,0.3683730207763322,0.8833333333333333,300,,0.7666666666666667
DV-P,1,lr,0.1,TargetPAC-25,0.03637623040466642,0.13581181267762266,0.05,25,,0.035
DV-P,1,lr,0.1,Target-25,0.07102442581115567,0.22717957317611337,0.2,25,,0.115
DV-P,1,lr,0.1,TargetPAC-50,0.03531717098067809,0.13755803074967785,0.01,50,,0.005
DV-P,1,lr,0.1,Target-50,0.08766131972293109,0.27293534094720306,0.32,50,,0.13
DV-P,1,lr,0.1,TargetPAC-100,0.054394823186292386,0.19265079168946708,0.02,100,,0.0
DV-P,1,lr,0.1,Target-100,0.09106088224571637,0.2839719510688249,0.295,100,,0.1
DV-P,1,lr,0.1,TargetPAC-200,0.06918519868756835,0.23193888898695522,0.01,200,,0.0
DV-P,1,lr,0.1,Target-200,0.09016040831206709,0.2835415967944079,0.22,200,,0.045
DV-P,1,lr,0.1,TargetPAC-400,0.07561611374407583,0.24744285184727544,0.0,400,,0.0
DV-P,1,lr,0.1,Target-400,0.090729128691214,0.2866206245256041,0.11,400,,0.0
DV-P,1,lr,0.1,TargetPAC-all,0.08275610645278889,0.26691497060952146,0.0,940,,0.0
DV-P,1,lr,0.1,Target-all,0.09004739336492892,0.28548481050643426,0.0,940,,0.0
DV-P,1,lr,0.2,ID-all,0.4341961356179366,0.7310197525198143,1.0,2102,0.34095889094739207,
DV-P,1,lr,0.2,ID,0.4349671892088953,0.7305062576123987,1.0,300,,1.0
DV-P,1,lr,0.2,ID-PAC,0.3852005103900838,0.6875534412455209,1.0,300,,1.0
DV-P,1,lr,0.2,Weighted,0.31599222262729376,0.603029955340594,0.9833333333333333,300,,0.9333333333333333
DV-P,1,lr,0.2,TargetPAC-25,0.10333029529711996,0.3002144710596459,0.045,25,,0.025
DV-P,1,lr,0.2,Target-25,0.17573824279985417,0.43338873100210057,0.285,25,,0.23
DV-P,1,lr,0.2,TargetPAC-50,0.10780896828290194,0.316840744205751,0.01,50,,0.005
DV-P,1,lr,0.2,Target-50,0.18012030623405031,0.4458048401616918,0.31,50,,0.19
DV-P,1,lr,0.2,TargetPAC-100,0.13463179001093692,0.3727950962913276,0.025,100,,0.005
DV-P,1,lr,0.2,Target-100,0.18104812249362012,0.45122778062170127,0.255,100,,0.135
DV-P,1,lr,0.2,TargetPAC-200,0.14734779438570908,0.39678628797373394,0.02,200,,0.0
DV-P,1,lr,0.2,Target-200,0.1797229310973387,0.45148452807540906,0.135,200,,0.05
DV-P,1,lr,0.2,TargetPAC-400,0.15856179365658038,0.41804142910098674,0.0,400,,0.0
DV-P,1,lr,0.2,Target-400,0.17911046299671893,0.45208310532912044,0.055,400,,0.01
DV-P,1,lr,0.2,TargetPAC-all,0.16769959897921982,0.43286084976434663,0.0,940,,0.0
DV-P,1,lr,0.2,Target-all,0.17900109369303682,0.45434325960706795,0.0,940,,0.0
DV-P,1,svm,0.02,ID-all,0.04411228581844696,0.152971703941678,1.0,2102,0.3003148226451693,
DV-P,1,svm,0.02,ID,0.04741888443310245,0.16169635134419516,0.96,300,,0.575
DV-P,1,svm,0.02,ID-PAC,0.022911046299671892,0.08942366418951121,0.495,300,,0.09
DV-P,1,svm,0.02,Weighted,0.018604933770810548,0.06233841120780451,0.4,300,,0.0
DV-P,1,svm,0.02,TargetPAC-25,0.0,0.0,0.0,25,,0.0
DV-P,1,svm,0.02,Target-25,0.0,0.0,0.0,25,,0.0
DV-P,1,svm,0.02,TargetPAC-50,0.0,0.0,0.0,50,,0.0
DV-P,1,svm,0.02,Target-50,0.01844695588771418,0.07407230234241231,0.28,50,,0.145
DV-P,1,svm,0.02,TargetPAC-100,0.0,0.0,0.0,100,,0.0
DV-P,1,svm,0.02,Target-100,0.014704702880058328,0.06384026760339623,0.215,100,,0.05
DV-P,1,svm,0.02,TargetPAC-200,0.007121764491432737,0.03908810082787594,0.015,200,,0.0
DV-P,1,svm,0.02,Target-200,0.015191396281443677,0.06678478755891336,0.135,200,,0.015
DV-P,1,svm,0.02,TargetPAC-400,0.009309150565074736,0.04808820673951033,0.005,400,,0.0
DV-P,1,svm,0.02,Target-400,0.014947138169886985,0.06675733879366648,0.075,400,,0.0
DV-P,1,svm,0.02,TargetPAC-all,0.00984323733138899,0.049496037139679795,0.0,940,,0.0
DV-P,1,svm,0.02,Target-all,0.014218009478672987,0.0664595505816314,0.0,940,,0.0
DV-P,1,svm,0.05,ID-all,0.11994166970470288,0.3371343842121057,1.0,2102,0.3003148226451693,
DV-P,1,svm,0.05,ID,0.1209843237331389,0.3386841362023618,1.0,300,,1.0
DV-P,1,svm,0.05,ID-PAC,0.07845971563981043,0.24243932145946231,0.85,300,,0.655
DV-P,1,svm,0.05,Weighted,0.07013610402235994,0.19812242208139896,0.85,300,,0.5
DV-P,1,svm,0.05,TargetPAC-25,0.0,0.0,0.0,25,,0.0
DV-P,1,svm,0.05,Target-25,0.0355158585490339,0.11974634163562868,0.26,25,,0.155
DV-P,1,svm,0.05,TargetPAC-50,0.015563251913962812,0.06500370690720375,0.06,50,,0.005
DV-P,1,svm,0.05,Target-50,0.03448596427269413,0.12288141427335793,0.2,50,,0.105
DV-P,1,svm,0.05,TargetPAC-100,0.014159679183375866,0.06245326649132407,0.01,100,,0.0
DV-P,1,svm,0.05,Target-100,0.041221290557783445,0.14438465340417644,0.235,100,,0.1
DV-P,1,svm,0.05,TargetPAC-200,0.02407218374043019,0.09454819861961837,0.005,200,,0.0
DV-P,1,svm,0.05,Target-200,0.04469923441487422,0.15564526663253958,0.29,200,,0.045
DV-P,1,svm,0.05,TargetPAC-400,0.0324735690849435,0.11988226156643307,0.02,400,,0.0
DV-P,1,svm,0.05,Target-400,0.0449744804958075,0.15800250657534728,0.215,400,,0.01
DV-P,1,svm,0.05,TargetPAC-all,0.03499817717827197,0.12997122733932323,0.0,940,,0.0
DV-P,1,svm,0.05,Target-all,0.045205978855267955,0.15952057333498085,0.0,940,,0.0
DV-P,1,svm,0.1,ID-all,0.22092599343784178,0.5188787488305591,1.0,2102,0.3003148226451693,
DV-P,1,svm,0.1,ID,0.21264309150565072,0.506146052143828,1.0,300,,1.0
DV-P,1,svm,0.1,ID-PAC,0.17296208530805685,0.44099618718116185,1.0,300,,0.98
DV-P,1,svm,0.1,Weighted,0.14919795843966457,0.3660011885638971,0.9666666666666667,300,,0.8666666666666667
DV-P,1,svm,0.1,TargetPAC-25,0.032719650018228214,0.11411537307373215,0.045,25,,0.025
DV-P,1,svm,0.1,Target-25,0.066301494713817,0.20449912622901628,0.195,25,,0.1
DV-P,1,svm,0.1,TargetPAC-50,0.03368392271235873,0.12042046918854038,0.02,50,,0.005
DV-P,1,svm,0.1,Target-50,0.08860189573459713,0.2636235900513671,0.355,50,,0.19
DV-P,1,svm,0.1,TargetPAC-100,0.052832664965366385,0.17666775520290906,0.015,100,,0.005
DV-P,1,svm,0.1,Target-100,0.09084032081662415,0.2719663377522021,0.325,100,,0.105
DV-P,1,svm,0.1,TargetPAC-200,0.0704429456799125,0.22334080598753772,0.03,200,,0.0
DV-P,1,svm,0.1,Target-200,0.09112103536274152,0.2735021447105964,0.305,200,,0.045
DV-P,1,svm,0.1,TargetPAC-400,0.07500911410864018,0.233270551270057,0.0,400,,0.0
DV-P,1,svm,0.1,Target-400,0.09110098432373313,0.2755321177031297,0.165,400,,0.0
DV-P,1,svm,0.1,TargetPAC-all,0.0798395916879329,0.24688001977017174,0.0,940,,0.0
DV-P,1,svm,0.1,Target-all,0.08895370032810793,0.274011050113855,0.0,940,,0.0
DV-P,1,svm,0.2,ID-all,0.38060517681370765,0.6973222008437627,1.0,2102,0.3003148226451693,
DV-P,1,svm,0.2,ID,0.3798304775792927,0.6945013327213994,1.0,300,,1.0
DV-P,1,svm,0.2,ID-PAC,0.33108093328472477,0.6480792925102823,1.0,300,,1.0
DV-P,1,svm,0.2,Weighted,0.30225422287033654,0.6045644972433555,0.9833333333333333,300,,0.9666666666666667
DV-P,1,svm,0.2,TargetPAC-25,0.10899197958439664,0.30067924661524065,0.095,25,,0.055
DV-P,1,svm,0.2,Target-25,0.17804593510754646,0.43136458314945897,0.335,25,,0.23
DV-P,1,svm,0.2,TargetPAC-50,0.10936748086037186,0.30883973804522424,0.03,50,,0.015
DV-P,1,svm,0.2,Target-50,0.18477032446226757,0.45326825651797853,0.33,50,,0.235
DV-P,1,svm,0.2,TargetPAC-100,0.1347174626321546,0.36680482250975266,0.03,100,,0.005
DV-P,1,svm,0.2,Target-100,0.17940211447320453,0.45066759633545744,0.27,100,,0.125
DV-P,1,svm,0.2,TargetPAC-200,0.1467025154939847,0.39156722740993105,0.005,200,,0.0
DV-P,1,svm,0.2,Target-200,0.18069084943492528,0.4564434873170818,0.225,200,,0.055
DV-P,1,svm,0.2,TargetPAC-400,0.15843055049216187,0.4162449030025948,0.005,400,,0.0
DV-P,1,svm,0.2,Target-400,0.17969012030623407,0.45683041782139766,0.07,400,,0.0
DV-P,1,svm,0.2,TargetPAC-all,0.16150200510390086,0.4261001571022577,0.0,940,,0.0
DV-P,1,svm,0.2,Target-all,0.17936565803864382,0.45713226597941775,0.0,940,,0.0
DV-P,1,lgbm,0.02,ID-all,0.037550127597520966,0.19623660659123404,1.0,2102,0.16243908462783738,
DV-P,1,lgbm,0.02,ID,0.03615749179730223,0.19112645849146528,0.965,300,,0.355
DV-P,1,lgbm,0.02,ID-PAC,0.01981407218374043,0.11960600872005787,0.515,300,,0.005
DV-P,1,lgbm,0.02,Weighted,0.007838133430550492,0.054975787423581814,0.0,300,,0.0
DV-P,1,lgbm,0.02,TargetPAC-25,0.0,0.0,0.0,25,,0.0
DV-P,1,lgbm,0.02,Target-25,0.0,0.0,0.0,25,,0.0
DV-P,1,lgbm,0.02,TargetPAC-50,0.0,0.0,0.0,50,,0.0
DV-P,1,lgbm,0.02,Target-50,0.014865111192125408,0.09164295422852199,0.245,50,,0.125
DV-P,1,lgbm,0.02,TargetPAC-100,0.0,0.0,0.0,100,,0.0
DV-P,1,lgbm,0.02,Target-100,0.013332118118847975,0.0867311256641542,0.205,100,,0.05
DV-P,1,lgbm,0.02,TargetPAC-200,0.005949690120306233,0.054498684930539616,0.02,200,,0.0
DV-P,1,lgbm,0.02,Target-200,0.014464090411957708,0.09298600201232105,0.235,200,,0.03
DV-P,1,lgbm,0.02,TargetPAC-400,0.005834852351440028,0.05485375368484227,0.0,400,,0.0
DV-P,1,lgbm,0.02,Target-400,0.012982136347065257,0.08400893188116713,0.115,400,,0.0
DV-P,1,lgbm,0.02,TargetPAC-all,0.005103900838497995,0.05272634198866744,0.0,940,,0.0
DV-P,1,lgbm,0.02,Target-all,0.01275975209624499,0.07318493936558934,0.0,940,,0.0
DV-P,1,lgbm,0.05,ID-all,0.07911046299671892,0.3173818643978041,1.0,2102,0.16243908462783738,
DV-P,1,lgbm,0.05,ID,0.07802223842508202,0.3170526557342324,0.965,300,,0.675
DV-P,1,lgbm,0.05,ID-PAC,0.053465184104994526,0.2509774761257524,0.495,300,,0.14
DV-P,1,lgbm,0.05,Weighted,0.03440879815287399,0.16322159655904864,0.03333333333333333,300,,0.0
DV-P,1,lgbm,0.05,TargetPAC-25,0.0,0.0,0.0,25,,0.0
DV-P,1,lgbm,0.05,Target-25,0.03748086037185563,0.17054323842474098,0.275,25,,0.195
DV-P,1,lgbm,0.05,TargetPAC-50,0.014660955158585488,0.08893903020246775,0.06,50,,0.045
DV-P,1,lgbm,0.05,Target-50,0.03415238789646373,0.168661541720358,0.205,50,,0.12
DV-P,1,lgbm,0.05,TargetPAC-100,0.013727670433831569,0.09072646555224091,0.0,100,,0.0
DV-P,1,lgbm,0.05,Target-100,0.04476667881881152,0.21632001200331857,0.315,100,,0.145
DV-P,1,lgbm,0.05,TargetPAC-200,0.025023696682464455,0.14265873506204657,0.01,200,,0.0
DV-P,1,lgbm,0.05,Target-200,0.0462030623405031,0.2262431378086883,0.25,200,,0.11
DV-P,1,lgbm,0.05,TargetPAC-400,0.03359460444768502,0.18179246615240685,0.0,400,,0.0
DV-P,1,lgbm,0.05,Target-400,0.046100984323733135,0.23009408483521912,0.19,400,,0.02
DV-P,1,lgbm,0.05,TargetPAC-all,0.041924899744804955,0.2128470812518755,0.0,940,,0.0
DV-P,1,lgbm,0.05,Target-all,0.045570543200874954,0.23173465605196733,0.0,940,,0.0
DV-P,1,lgbm,0.1,ID-all,0.14035727305869486,0.4406277029531694,1.0,2102,0.16243908462783738,
DV-P,1,lgbm,0.1,ID,0.14461720743711265,0.4454359146352227,0.99,300,,0.82
DV-P,1,lgbm,0.1,ID-PAC,0.11148013124316442,0.39147005348537534,0.66,300,,0.25
DV-P,1,lgbm,0.1,Weighted,0.09220439907643699,0.3099901149141233,0.3333333333333333,300,,0.18333333333333332
DV-P,1,lgbm,0.1,TargetPAC-25,0.03675720014582574,0.16505763358104888,0.065,25,,0.055
DV-P,1,lgbm,0.1,Target-25,0.07896099161502004,0.2880822050802281,0.265,25,,0.195
DV-P,1,lgbm,0.1,TargetPAC-50,0.03223842508202698,0.1598759951280648,0.025,50,,0.01
DV-P,1,lgbm,0.1,Target-50,0.09510025519504191,0.3450226827416992,0.4,50,,0.24
DV-P,1,lgbm,0.1,TargetPAC-100,0.05633248268319359,0.25284143263137454,0.05,100,,0.01
DV-P,1,lgbm,0.1,Target-100,0.09707254830477577,0.3576471730419587,0.39,100,,0.17
DV-P,1,lgbm,0.1,TargetPAC-200,0.06992526430915057,0.29547836754867524,0.025,200,,0.0
DV-P,1,lgbm,0.1,Target-200,0.09508020415603355,0.35644763552276215,0.37,200,,0.085
DV-P,1,lgbm,0.1,TargetPAC-400,0.07849252643091505,0.31749315987361215,0.02,400,,0.0
DV-P,1,lgbm,0.1,Target-400,0.09763215457528253,0.3659264620218531,0.345,400,,0.035
DV-P,1,lgbm,0.1,TargetPAC-all,0.08202697776157493,0.3280612875324356,0.0,940,,0.0
DV-P,1,lgbm,0.1,Target-all,0.0977032446226759,0.3680958853330037,0.0,940,,0.0
DV-P,1,lgbm,0.2,ID-all,0.2836310608822457,0.6265026213129512,1.0,2102,0.16243908462783738,
DV-P,1,lgbm,0.2,ID,0.2861903025884069,0.628874159326402,1.0,300,,0.99
DV-P,1,lgbm,0.2,ID-PAC,0.2477141815530441,0.5829859137526258,0.98,300,,0.865
DV-P,1,lgbm,0.2,Weighted,0.22411593146190303,0.5391631804087013,0.7333333333333333,300,,0.5833333333333334
DV-P,1,lgbm,0.2,TargetPAC-25,0.11923259205249727,0.3780758503821645,0.145,25,,0.12
DV-P,1,lgbm,0.2,Target-25,0.20473751367116297,0.5206055497696422,0.515,25,,0.41
DV-P,1,lgbm,0.2,TargetPAC-50,0.11817170980678089,0.39282995887098193,0.075,50,,0.045
DV-P,1,lgbm,0.2,Target-50,0.207865475756471,0.5285552770471836,0.54,50,,0.415
DV-P,1,lgbm,0.2,TargetPAC-100,0.14968647466277799,0.4510401405094349,0.145,100,,0.075
DV-P,1,lgbm,0.2,Target-100,0.2170689026613197,0.5429732926161939,0.65,100,,0.46
DV-P,1,lgbm,0.2,TargetPAC-200,0.16877870944221654,0.4807457944255177,0.18,200,,0.03
DV-P,1,lgbm,0.2,Target-200,0.21405395552314985,0.5403510088083175,0.665,200,,0.4
DV-P,1,lgbm,0.2,TargetPAC-400,0.1822748815165877,0.49939347937370926,0.235,400,,0.03
DV-P,1,lgbm,0.2,Target-400,0.21546299671892089,0.5425342888916347,0.795,400,,0.385
DV-P,1,lgbm,0.2,TargetPAC-all,0.18957345971563982,0.5084641047819103,0.0,940,,0.0
DV-P,1,lgbm,0.2,Target-all,0.21837404301859284,0.5461862985648974,1.0,940,,0.0
DV-P,1,ens,0.02,ID-all,0.04739336492890995,0.22557412931810558,1.0,2102,0.2515332688379347,
DV-P,1,ens,0.02,ID,0.04695406489245352,0.22464334257118146,1.0,300,,0.65
DV-P,1,ens,0.02,ID-PAC,0.026111921254101347,0.15148426329632309,0.735,300,,0.085
DV-P,1,ens,0.02,Weighted,0.017924413659010815,0.08404970786040848,0.43333333333333335,300,,0.0
DV-P,1,ens,0.02,TargetPAC-25,0.0,0.0,0.0,25,,0.0
DV-P,1,ens,0.02,Target-25,0.0,0.0,0.0,25,,0.0
DV-P,1,ens,0.02,TargetPAC-50,0.0,0.0,0.0,50,,0.0
DV-P,1,ens,0.02,Target-50,0.017994896099161505,0.11039460909780939,0.395,50,,0.12
DV-P,1,ens,0.02,TargetPAC-100,0.0,0.0,0.0,100,,0.0
DV-P,1,ens,0.02,Target-100,0.016538461538461537,0.1084214753490671,0.35,100,,0.05
DV-P,1,ens,0.02,TargetPAC-200,0.007728764126868391,0.06526901555135832,0.065,200,,0.0
DV-P,1,ens,0.02,Target-200,0.016872037914691943,0.11276808882455738,0.445,200,,0.015
DV-P,1,ens,0.02,TargetPAC-400,0.00963908129784907,0.07671876930680835,0.02,400,,0.0
DV-P,1,ens,0.02,Target-400,0.017624863288370398,0.1197692008967185,0.39,400,,0.0
DV-P,1,ens,0.02,TargetPAC-all,0.01166605905942399,0.0921254699828776,0.0,940,,0.0
DV-P,1,ens,0.02,Target-all,0.01932191031717098,0.12333409825069282,0.0,940,,0.0
DV-P,1,ens,0.05,ID-all,0.11884797666788188,0.39902208257577093,1.0,2102,0.2515332688379347,
DV-P,1,ens,0.05,ID,0.11461173897192854,0.38597906480026833,0.995,300,,0.95
DV-P,1,ens,0.05,ID-PAC,0.07454247174626322,0.29809667967026177,0.835,300,,0.5
DV-P,1,ens,0.05,Weighted,0.05408919674322518,0.2155148776426424,0.43333333333333335,300,,0.18333333333333332
DV-P,1,ens,0.05,TargetPAC-25,0.0,0.0,0.0,25,,0.0
DV-P,1,ens,0.05,Target-25,0.038011301494713816,0.17496875606785406,0.29,25,,0.125
DV-P,1,ens,0.05,TargetPAC-50,0.018853445133065985,0.11344927715309527,0.11,50,,0.01
DV-P,1,ens,0.05,Target-50,0.03628691213999271,0.18220296199537522,0.27,50,,0.07
DV-P,1,ens,0.05,TargetPAC-100,0.01676631425446591,0.10963654657464122,0.025,100,,0.0
DV-P,1,ens,0.05,Target-100,0.04631972293109734,0.22072346472259974,0.425,100,,0.09
DV-P,1,ens,0.05,TargetPAC-200,0.025856726212176447,0.15300197701717533,0.015,200,,0.0
DV-P,1,ens,0.05,Target-200,0.04511848341232228,0.2204834866110042,0.405,200,,0.0
DV-P,1,ens,0.05,TargetPAC-400,0.03401749908858914,0.1848045047748495,0.045,400,,0.0
DV-P,1,ens,0.05,Target-400,0.04633248268319358,0.22406118162080102,0.38,400,,0.0
DV-P,1,ens,0.05,TargetPAC-all,0.03718556325191396,0.19828423152283278,0.0,940,,0.0
DV-P,1,ens,0.05,Target-all,0.04629967189208895,0.22345589663024484,0.0,940,,0.0
DV-P,1,ens,0.1,ID-all,0.22311337951148377,0.5664860284902297,1.0,2102,0.2515332688379347,
DV-P,1,ens,0.1,ID,0.21843966460080202,0.5575668567192106,1.0,300,,1.0
DV-P,1,ens,0.1,ID-PAC,0.17864928909952604,0.49897954140262313,0.995,300,,0.965
DV-P,1,ens,0.1,Weighted,0.140521327014218,0.3929833542214613,0.8333333333333334,300,,0.6166666666666667
DV-P,1,ens,0.1,TargetPAC-25,0.03557418884433103,0.17003856948685814,0.075,25,,0.02
DV-P,1,ens,0.1,Target-25,0.07481407218374043,0.2834060299023848,0.26,25,,0.165
DV-P,1,ens,0.1,TargetPAC-50,0.037746992344148744,0.18641462639670967,0.05,50,,0.015
DV-P,1,ens,0.1,Target-50,0.0943437841779074,0.33982409842721223,0.415,50,,0.22
DV-P,1,ens,0.1,TargetPAC-100,0.05257564710171345,0.24051773137279128,0.04,100,,0.005
DV-P,1,ens,0.1,Target-100,0.09172803499817718,0.338210446417539,0.41,100,,0.14
DV-P,1,ens,0.1,TargetPAC-200,0.0681826467371491,0.28780877654410336,0.075,200,,0.0
DV-P,1,ens,0.1,Target-200,0.09314619030258842,0.34325651797849993,0.415,200,,0.065
DV-P,1,ens,0.1,TargetPAC-400,0.07121946773605542,0.2979998587844875,0.01,400,,0.0
DV-P,1,ens,0.1,Target-400,0.09552314983594604,0.3475104587738963,0.46,400,,0.015
DV-P,1,ens,0.1,TargetPAC-all,0.08056872037914693,0.3159697092725636,0.0,940,,0.0
DV-P,1,ens,0.1,Target-all,0.09478672985781991,0.3458014862932694,0.0,940,,0.0
DV-P,1,ens,0.2,ID-all,0.3765949690120306,0.7289015198319535,1.0,2102,0.2515332688379347,
DV-P,1,ens,0.2,ID,0.3772767043383158,0.7267879649079453,1.0,300,,1.0
DV-P,1,ens,0.2,ID-PAC,0.3325774699234415,0.6855084641047818,1.0,300,,1.0
DV-P,1,ens,0.2,Weighted,0.299580751002552,0.637773384406277,0.9833333333333333,300,,0.9666666666666667
DV-P,1,ens,0.2,TargetPAC-25,0.11695953335763763,0.3770046424599742,0.08,25,,0.07
DV-P,1,ens,0.2,Target-25,0.19049033904484142,0.5028815025330533,0.36,25,,0.305
DV-P,1,ens,0.2,TargetPAC-50,0.11283631060882246,0.3781967661647632,0.035,50,,0.02
DV-P,1,ens,0.2,Target-50,0.1859168793292016,0.5031604031702882,0.365,50,,0.265
DV-P,1,ens,0.2,TargetPAC-100,0.14323368574553408,0.43887389454731607,0.055,100,,0.02
DV-P,1,ens,0.2,Target-100,0.1900929639081298,0.5139149353056434,0.36,100,,0.275
DV-P,1,ens,0.2,TargetPAC-200,0.15600072912869123,0.46312977705600955,0.015,200,,0.005
DV-P,1,ens,0.2,Target-200,0.18720925993437842,0.5127008349367178,0.3,200,,0.12
DV-P,1,ens,0.2,TargetPAC-400,0.1634578928180824,0.47635558066053557,0.015,400,,0.0
DV-P,1,ens,0.2,Target-400,0.1886347065257018,0.516784699299218,0.265,400,,0.045
DV-P,1,ens,0.2,TargetPAC-all,0.16952242070725482,0.49031791142256964,0.0,940,,0.0
DV-P,1,ens,0.2,Target-all,0.18738607364199786,0.5170605991068119,0.0,940,,0.0
DV-P,2,lr,0.02,ID-all,0.05132241813602015,0.1931364852524152,1.0,2111,0.33606352475398743,
DV-P,2,lr,0.02,ID,0.04973079345088162,0.18883469247160228,0.995,300,,0.58
DV-P,2,lr,0.02,ID-PAC,0.029596977329974815,0.13016998574106414,0.715,300,,0.155
DV-P,2,lr,0.02,Weighted,0.018083543240973967,0.06932139214209804,0.38333333333333336,300,,0.0
DV-P,2,lr,0.02,TargetPAC-25,0.0,0.0,0.0,25,,0.0
DV-P,2,lr,0.02,Target-25,0.0,0.0,0.0,25,,0.0
DV-P,2,lr,0.02,TargetPAC-50,0.0,0.0,0.0,50,,0.0
DV-P,2,lr,0.02,Target-50,0.01085170025188917,0.051278257525994526,0.13,50,,0.05
DV-P,2,lr,0.02,TargetPAC-100,0.0,0.0,0.0,100,,0.0
DV-P,2,lr,0.02,Target-100,0.010802896725440807,0.0541402182097826,0.095,100,,0.025
DV-P,2,lr,0.02,TargetPAC-200,0.004387594458438287,0.02497212297931653,0.0,200,,0.0
DV-P,2,lr,0.02,Target-200,0.010009445843828717,0.050871557428264734,0.055,200,,0.0
DV-P,2,lr,0.02,TargetPAC-400,0.005056675062972293,0.028245670250092125,0.0,400,,0.0
DV-P,2,lr,0.02,Target-400,0.0098882241813602,0.049950734575516284,0.01,400,,0.0
DV-P,2,lr,0.02,TargetPAC-all,0.006297229219143579,0.029254850441386156,0.0,1021,,0.0
DV-P,2,lr,0.02,Target-all,0.008186397984886651,0.040822211897399756,0.0,1021,,0.0
DV-P,2,lr,0.05,ID-all,0.11838790931989925,0.3672076517615393,1.0,2111,0.33606352475398743,
DV-P,2,lr,0.05,ID,0.11647984886649874,0.3565502987968021,1.0,300,,1.0
DV-P,2,lr,0.05,ID-PAC,0.08575881612090681,0.2846021116042104,0.935,300,,0.805
DV-P,2,lr,0.05,Weighted,0.059965365239294716,0.20537754137494596,0.7333333333333333,300,,0.23333333333333334
DV-P,2,lr,0.05,TargetPAC-25,0.0,0.0,0.0,25,,0.0
DV-P,2,lr,0.05,Target-25,0.027090680100755663,0.10577102391976545,0.16,25,,0.125
DV-P,2,lr,0.05,TargetPAC-50,0.0121426322418136,0.057152298252078765,0.04,50,,0.015
DV-P,2,lr,0.05,Target-50,0.02769049118387909,0.11557588477498118,0.145,50,,0.085
DV-P,2,lr,0.05,TargetPAC-100,0.010949307304785893,0.05482344553567137,0.0,100,,0.0
DV-P,2,lr,0.05,Target-100,0.033609886649874056,0.13973941394171457,0.145,100,,0.06
DV-P,2,lr,0.05,TargetPAC-200,0.017134760705289673,0.08489698319368122,0.0,200,,0.0
DV-P,2,lr,0.05,Target-200,0.0346426322418136,0.14623187593123668,0.095,200,,0.01
DV-P,2,lr,0.05,TargetPAC-400,0.021605793450881615,0.10633473252479293,0.0,400,,0.0
DV-P,2,lr,0.05,Target-400,0.03440491183879093,0.14657176730698368,0.015,400,,0.0
DV-P,2,lr,0.05,TargetPAC-all,0.02329974811083124,0.11344665716070942,0.0,1021,,0.0
DV-P,2,lr,0.05,Target-all,0.032745591939546605,0.14457599692391493,0.0,1021,,0.0
DV-P,2,lr,0.1,ID-all,0.23740554156171284,0.5513562010349744,1.0,2111,0.33606352475398743,
DV-P,2,lr,0.1,ID,0.24124842569269517,0.5491579217200443,1.0,300,,1.0
DV-P,2,lr,0.1,ID-PAC,0.1798551637279597,0.46433591809923586,1.0,300,,0.99
DV-P,2,lr,0.1,Weighted,0.15054051217464315,0.3935941597107625,0.9,300,,0.7666666666666667
DV-P,2,lr,0.1,TargetPAC-25,0.02857052896725441,0.10952304660589263,0.045,25,,0.025
DV-P,2,lr,0.1,Target-25,0.05948362720403022,0.20239950654469133,0.17,25,,0.095
DV-P,2,lr,0.1,TargetPAC-50,0.023405226700251885,0.10037001137510615,0.005,50,,0.0
DV-P,2,lr,0.1,Target-50,0.08120906801007557,0.2674054344169057,0.215,50,,0.14
DV-P,2,lr,0.1,TargetPAC-100,0.0443860201511335,0.17166429017735552,0.02,100,,0.01
DV-P,2,lr,0.1,Target-100,0.08136020151133501,0.2712066424211353,0.21,100,,0.105
DV-P,2,lr,0.1,TargetPAC-200,0.05749842569269521,0.20964592979476748,0.005,200,,0.0
DV-P,2,lr,0.1,Target-200,0.07964735516372795,0.26921519778265535,0.075,200,,0.005
DV-P,2,lr,0.1,TargetPAC-400,0.06419238035264484,0.2272654885688194,0.0,400,,0.0
DV-P,2,lr,0.1,Target-400,0.08071473551637279,0.2720260505951904,0.04,400,,0.0
DV-P,2,lr,0.1,TargetPAC-all,0.07304785894206547,0.24765688834772576,0.0,1021,,0.0
DV-P,2,lr,0.1,Target-all,0.08154911838790933,0.274508547350882,0.0,1021,,0.0
DV-P,2,lr,0.2,ID-all,0.4222292191435768,0.7274300270759568,1.0,2111,0.33606352475398743,
DV-P,2,lr,0.2,ID,0.4185044080604534,0.7226556066456254,1.0,300,,1.0
DV-P,2,lr,0.2,ID-PAC,0.370110201511335,0.6821854622939264,1.0,300,,1.0
DV-P,2,lr,0.2,Weighted,0.3460432409739714,0.6575663147326317,1.0,300,,1.0
DV-P,2,lr,0.2,TargetPAC-25,0.09514483627204032,0.2939218482144288,0.02,25,,0.01
DV-P,2,lr,0.2,Target-25,0.16610201511335013,0.4296821378791034,0.275,25,,0.185
DV-P,2,lr,0.2,TargetPAC-50,0.09014798488664987,0.29019369722992133,0.0,50,,0.0
DV-P,2,lr,0.2,Target-50,0.16918293450881614,0.44504485957351364,0.195,50,,0.12
DV-P,2,lr,0.2,TargetPAC-100,0.11995434508816122,0.3605137222231123,0.005,100,,0.0
DV-P,2,lr,0.2,Target-100,0.17591467254408064,0.4581872726981431,0.235,100,,0.065
DV-P,2,lr,0.2,TargetPAC-200,0.1416073677581864,0.4035918900299598,0.0,200,,0.0
DV-P,2,lr,0.2,Target-200,0.17525031486146098,0.45816356120928586,0.105,200,,0.005
DV-P,2,lr,0.2,TargetPAC-400,0.1549212846347607,0.4272403351650993,0.0,400,,0.0
DV-P,2,lr,0.2,Target-400,0.1750314861460957,0.45821779322940864,0.035,400,,0.0
DV-P,2,lr,0.2,TargetPAC-all,0.16687657430730482,0.44542352243779754,0.0,1021,,0.0
DV-P,2,lr,0.2,Target-all,0.17537783375314858,0.4580162455741225,0.0,1021,,0.0
DV-P,2,svm,0.02,ID-all,0.06234256926952141,0.20401493182946953,1.0,2111,0.30791914608259247,
DV-P,2,svm,0.02,ID,0.061689231738035255,0.20228615601518818,1.0,300,,0.82
DV-P,2,svm,0.02,ID-PAC,0.0328006926952141,0.12435778714132369,0.825,300,,0.2
DV-P,2,svm,0.02,Weighted,0.018440386230058774,0.06330486886585386,0.31666666666666665,300,,0.016666666666666666
DV-P,2,svm,0.02,TargetPAC-25,0.0,0.0,0.0,25,,0.0
DV-P,2,svm,0.02,Target-25,0.0,0.0,0.0,25,,0.0
DV-P,2,svm,0.02,TargetPAC-50,0.0,0.0,0.0,50,,0.0
DV-P,2,svm,0.02,Target-50,0.01060610831234257,0.04266610058157233,0.18,50,,0.03
DV-P,2,svm,0.02,TargetPAC-100,0.0,0.0,0.0,100,,0.0
DV-P,2,svm,0.02,Target-100,0.009667821158690176,0.04068883477257798,0.13,100,,0.0
DV-P,2,svm,0.02,TargetPAC-200,0.004404911838790932,0.018052693977602258,0.01,200,,0.0
DV-P,2,svm,0.02,Target-200,0.009485201511335013,0.040823733918643954,0.085,200,,0.0
DV-P,2,svm,0.02,TargetPAC-400,0.005017317380352644,0.02081492221670378,0.0,400,,0.0
DV-P,2,svm,0.02,Target-400,0.009894521410579345,0.04333258567377477,0.05,400,,0.0
DV-P,2,svm,0.02,TargetPAC-all,0.006297229219143579,0.02380761651473156,0.0,1021,,0.0
DV-P,2,svm,0.02,Target-all,0.007556675062972291,0.03543906307576462,0.0,1021,,0.0
DV-P,2,svm,0.05,ID-all,0.13255667506297228,0.3666308858163641,1.0,2111,0.30791914608259247,
DV-P,2,svm,0.05,ID,0.1309477329974811,0.36473516830350705,1.0,300,,1.0
DV-P,2,svm,0.05,ID-PAC,0.09559981108312343,0.2862411682714645,0.995,300,,0.9
DV-P,2,svm,0.05,Weighted,0.06253148614609573,0.1971610298476377,0.75,300,,0.31666666666666665
DV-P,2,svm,0.05,TargetPAC-25,0.0,0.0,0.0,25,,0.0
DV-P,2,svm,0.05,Target-25,0.022328400503778337,0.0810489129564061,0.15,25,,0.06
DV-P,2,svm,0.05,TargetPAC-50,0.010406171284634759,0.04190949581043626,0.025,50,,0.01
DV-P,2,svm,0.05,Target-50,0.024112090680100756,0.09125078103721743,0.125,50,,0.055
DV-P,2,svm,0.05,TargetPAC-100,0.010384130982367758,0.04347229120271721,0.01,100,,0.0
DV-P,2,svm,0.05,Target-100,0.03352329974811084,0.12474478106925999,0.2,100,,0.06
DV-P,2,svm,0.05,TargetPAC-200,0.017169395465994962,0.0724408414374289,0.01,200,,0.0
DV-P,2,svm,0.05,Target-200,0.03272670025188917,0.12437012352403994,0.13,200,,0.005
DV-P,2,svm,0.05,TargetPAC-400,0.022561397984886652,0.09492662255475272,0.0,400,,0.0
DV-P,2,svm,0.05,Target-400,0.03108154911838791,0.12176602528157394,0.07,400,,0.0
DV-P,2,svm,0.05,TargetPAC-all,0.02329974811083124,0.10141467869330471,0.0,1021,,0.0
DV-P,2,svm,0.05,Target-all,0.031171284634760706,0.12277103994104172,0.0,1021,,0.0
DV-P,2,svm,0.1,ID-all,0.21788413098236775,0.5211560952945512,1.0,2111,0.30791914608259247,
DV-P,2,svm,0.1,ID,0.21798488664987403,0.515714548920967,1.0,300,,1.0
DV-P,2,svm,0.1,ID-PAC,0.1803998740554156,0.455108624253008,1.0,300,,0.99
DV-P,2,svm,0.1,Weighted,0.1584592779177162,0.4021981191021677,0.9166666666666666,300,,0.8666666666666667
DV-P,2,svm,0.1,TargetPAC-25,0.023324937027707805,0.08501049393594695,0.015,25,,0.01
DV-P,2,svm,0.1,Target-25,0.058721662468513854,0.1848163961741192,0.14,25,,0.115
DV-P,2,svm,0.1,TargetPAC-50,0.02551637279596977,0.09516125414550522,0.005,50,,0.005
DV-P,2,svm,0.1,Target-50,0.0794757556675063,0.2435054552445648,0.24,50,,0.145
DV-P,2,svm,0.1,TargetPAC-100,0.04189861460957179,0.1487938382171524,0.005,100,,0.0
DV-P,2,svm,0.1,Target-100,0.08052267002518892,0.24928481022798277,0.195,100,,0.075
DV-P,2,svm,0.1,TargetPAC-200,0.058147040302267,0.1928859124917891,0.005,200,,0.005
DV-P,2,svm,0.1,Target-200,0.08107840050377833,0.25207123059422915,0.13,200,,0.03
DV-P,2,svm,0.1,TargetPAC-400,0.06481265743073047,0.21035206754570068,0.0,400,,0.0
DV-P,2,svm,0.1,Target-400,0.07999685138539042,0.2510307288078569,0.01,400,,0.0
DV-P,2,svm,0.1,TargetPAC-all,0.07304785894206547,0.23368633545348225,0.0,1021,,0.0
DV-P,2,svm,0.1,Target-all,0.08217884130982368,0.2585353349247801,0.0,1021,,0.0
DV-P,2,svm,0.2,ID-all,0.378463476070529,0.7012512616755051,1.0,2111,0.30791914608259247,
DV-P,2,svm,0.2,ID,0.37375314861460956,0.6954095038210744,1.0,300,,1.0
DV-P,2,svm,0.2,ID-PAC,0.333720088161209,0.6557096624317093,1.0,300,,1.0
DV-P,2,svm,0.2,Weighted,0.3177267002518892,0.6345546886264959,1.0,300,,1.0
DV-P,2,svm,0.2,TargetPAC-25,0.09521410579345087,0.27379239630228946,0.05,25,,0.025
DV-P,2,svm,0.2,Target-25,0.16164829974811085,0.40891111395933805,0.27,25,,0.18
DV-P,2,svm,0.2,TargetPAC-50,0.10472134760705291,0.30291410993799767,0.005,50,,0.0
DV-P,2,svm,0.2,Target-50,0.17016845088161212,0.43233702356729736,0.27,50,,0.15
DV-P,2,svm,0.2,TargetPAC-100,0.13095403022670024,0.36316980950702527,0.015,100,,0.0
DV-P,2,svm,0.2,Target-100,0.17167978589420657,0.4392690292708717,0.23,100,,0.07
DV-P,2,svm,0.2,TargetPAC-200,0.14022355163727962,0.3837149334315971,0.0,200,,0.0
DV-P,2,svm,0.2,Target-200,0.168948362720403,0.4371904288895653,0.105,200,,0.005
DV-P,2,svm,0.2,TargetPAC-400,0.15093828715365237,0.4069075732572857,0.0,400,,0.0
DV-P,2,svm,0.2,Target-400,0.1719741813602015,0.4426491981351235,0.03,400,,0.0
DV-P,2,svm,0.2,TargetPAC-all,0.15806045340050376,0.42264126760337734,0.0,1021,,0.0
DV-P,2,svm,0.2,Target-all,0.172544080604534,0.4440136501273691,0.0,1021,,0.0
DV-P,2,lgbm,0.02,ID-all,0.022984886649874057,0.1595558902222151,1.0,2111,0.1590382988472282,
DV-P,2,lgbm,0.02,ID,0.022396095717884132,0.15411979108255763,0.59,300,,0.08
DV-P,2,lgbm,0.02,ID-PAC,0.010938287153652393,0.09481231074867423,0.085,300,,0.02
DV-P,2,lgbm,0.02,Weighted,0.007247061293031066,0.04727905324938186,0.016666666666666666,300,,0.0
DV-P,2,lgbm,0.02,TargetPAC-25,0.0,0.0,0.0,25,,0.0
DV-P,2,lgbm,0.02,Target-25,0.0,0.0,0.0,25,,0.0
DV-P,2,lgbm,0.02,TargetPAC-50,0.0,0.0,0.0,50,,0.0
DV-P,2,lgbm,0.02,Target-50,0.015240869017632242,0.1031964048256084,0.315,50,,0.05
DV-P,2,lgbm,0.02,TargetPAC-100,0.0,0.0,0.0,100,,0.0
DV-P,2,lgbm,0.02,Target-100,0.01497638539042821,0.10860638928497045,0.31,100,,0.025
DV-P,2,lgbm,0.02,TargetPAC-200,0.005623425692695214,0.05021404425076501,0.025,200,,0.0
DV-P,2,lgbm,0.02,Target-200,0.01471190176322418,0.11430884214236507,0.23,200,,0.005
DV-P,2,lgbm,0.02,TargetPAC-400,0.007577141057934509,0.0677878622811093,0.02,400,,0.0
DV-P,2,lgbm,0.02,Target-400,0.014817380352644835,0.12192455581011583,0.205,400,,0.0
DV-P,2,lgbm,0.02,TargetPAC-all,0.009130982367758184,0.09583927455661119,0.0,1021,,0.0
DV-P,2,lgbm,0.02,Target-all,0.014483627204030229,0.12450133777656731,0.0,1021,,0.0
DV-P,2,lgbm,0.05,ID-all,0.06926952141057935,0.30675937645192813,1.0,2111,0.1590382988472282,
DV-P,2,lgbm,0.05,ID,0.07043765743073047,0.30786604610923307,0.88,300,,0.46
DV-P,2,lgbm,0.05,ID-PAC,0.040878463476070534,0.2172327250588782,0.215,300,,0.045
DV-P,2,lgbm,0.05,Weighted,0.029177162048698572,0.15982291149312952,0.1,300,,0.016666666666666666
DV-P,2,lgbm,0.05,TargetPAC-25,0.0,0.0,0.0,25,,0.0
DV-P,2,lgbm,0.05,Target-25,0.029085327455919394,0.1581754970600958,0.205,25,,0.105
DV-P,2,lgbm,0.05,TargetPAC-50,0.0158816120906801,0.10417714725155007,0.05,50,,0.02
DV-P,2,lgbm,0.05,Target-50,0.03139168765743073,0.17704840027556595,0.2,50,,0.06
DV-P,2,lgbm,0.05,TargetPAC-100,0.014108942065491183,0.10283993142893763,0.015,100,,0.0
DV-P,2,lgbm,0.05,Target-100,0.03863192695214106,0.20950125767018601,0.265,100,,0.04
DV-P,2,lgbm,0.05,TargetPAC-200,0.022536209068010075,0.1547930051107871,0.005,200,,0.0
DV-P,2,lgbm,0.05,Target-200,0.03969930730478589,0.21382259640802986,0.225,200,,0.025
DV-P,2,lgbm,0.05,TargetPAC-400,0.02956234256926952,0.18307384206225868,0.01,400,,0.0
DV-P,2,lgbm,0.05,Target-400,0.037781801007556674,0.2076483970713107,0.09,400,,0.0
DV-P,2,lgbm,0.05,TargetPAC-all,0.032745591939546605,0.1937933575788647,0.0,1021,,0.0
DV-P,2,lgbm,0.05,Target-all,0.037468513853904276,0.2001858468045565,0.0,1021,,0.0
DV-P,2,lgbm,0.1,ID-all,0.14011335012594459,0.46139673486389926,1.0,2111,0.1590382988472282,
DV-P,2,lgbm,0.1,ID,0.13918136020151134,0.45684621176922957,0.985,300,,0.79
DV-P,2,lgbm,0.1,ID-PAC,0.1077566120906801,0.398026338978163,0.685,300,,0.235
DV-P,2,lgbm,0.1,Weighted,0.0911471452560873,0.34010846404024536,0.36666666666666664,300,,0.11666666666666667
DV-P,2,lgbm,0.1,TargetPAC-25,0.029373425692695215,0.15840412067225274,0.035,25,,0.015
DV-P,2,lgbm,0.1,Target-25,0.06462374055415618,0.277535767499239,0.205,25,,0.125
DV-P,2,lgbm,0.1,TargetPAC-50,0.029724496221662466,0.17297635259624783,0.015,50,,0.005
DV-P,2,lgbm,0.1,Target-50,0.08262751889168765,0.3333408366310461,0.33,50,,0.115
DV-P,2,lgbm,0.1,TargetPAC-100,0.046512909319899244,0.23404192767995902,0.03,100,,0.005
DV-P,2,lgbm,0.1,Target-100,0.07945528967254407,0.3298997068106445,0.26,100,,0.055
DV-P,2,lgbm,0.1,TargetPAC-200,0.06036838790931989,0.27940737299133245,0.01,200,,0.0
DV-P,2,lgbm,0.1,Target-200,0.08393576826196475,0.3458198888123428,0.195,200,,0.03
DV-P,2,lgbm,0.1,TargetPAC-400,0.06729691435768262,0.3033148020571319,0.0,400,,0.0
DV-P,2,lgbm,0.1,Target-400,0.08275188916876573,0.34481831872726987,0.085,400,,0.0
DV-P,2,lgbm,0.1,TargetPAC-all,0.07556675062972294,0.32813175897591995,0.0,1021,,0.0
DV-P,2,lgbm,0.1,Target-all,0.08154911838790933,0.3485588862008747,0.0,1021,,0.0
DV-P,2,lgbm,0.2,ID-all,0.2607052896725441,0.6343944758639474,1.0,2111,0.1590382988472282,
DV-P,2,lgbm,0.2,ID,0.2638066750629723,0.633380248970633,1.0,300,,0.97
DV-P,2,lgbm,0.2,ID-PAC,0.22876731738035264,0.588891247576782,0.93,300,,0.625
DV-P,2,lgbm,0.2,Weighted,0.22526238455079764,0.5785421706693155,0.7833333333333333,300,,0.45
DV-P,2,lgbm,0.2,TargetPAC-25,0.09858784634760705,0.36169489081500233,0.055,25,,0.035
DV-P,2,lgbm,0.2,Target-25,0.16140270780856422,0.47896462502202924,0.245,25,,0.215
DV-P,2,lgbm,0.2,TargetPAC-50,0.09893419395465994,0.3700726564878158,0.03,50,,0.01
DV-P,2,lgbm,0.2,Target-50,0.16725913098236775,0.4950189852123621,0.285,50,,0.205
DV-P,2,lgbm,0.2,TargetPAC-100,0.1190412468513854,0.4195892144768253,0.01,100,,0.005
DV-P,2,lgbm,0.2,Target-100,0.16892317380352645,0.5019591617668263,0.22,100,,0.155
DV-P,2,lgbm,0.2,TargetPAC-200,0.1303778337531486,0.4422086130381146,0.0,200,,0.0
DV-P,2,lgbm,0.2,Target-200,0.16164829974811085,0.49243427271416434,0.1,200,,0.04
DV-P,2,lgbm,0.2,TargetPAC-400,0.13928054156171285,0.45833090343976807,0.0,400,,0.0
DV-P,2,lgbm,0.2,Target-400,0.165022040302267,0.49815691237964016,0.035,400,,0.01
DV-P,2,lgbm,0.2,TargetPAC-all,0.14829974811083124,0.47142605379944585,0.0,1021,,0.0
DV-P,2,lgbm,0.2,Target-all,0.16530226700251888,0.5005527340307928,0.0,1021,,0.0
DV-P,2,ens,0.02,ID-all,0.05258186397984887,0.2587756540686031,1.0,2111,0.23524297580026418,
DV-P,2,ens,0.02,ID,0.05302581863979849,0.2497544739413942,0.98,300,,0.745
DV-P,2,ens,0.02,ID-PAC,0.02629093198992443,0.15217793229408655,0.61,300,,0.135
DV-P,2,ens,0.02,Weighted,0.018571578505457598,0.08483292479078884,0.35,300,,0.03333333333333333
DV-P,2,ens,0.02,TargetPAC-25,0.0,0.0,0.0,25,,0.0
DV-P,2,ens,0.02,Target-25,0.0,0.0,0.0,25,,0.0
DV-P,2,ens,0.02,TargetPAC-50,0.0,0.0,0.0,50,,0.0
DV-P,2,ens,0.02,Target-50,0.013853904282115869,0.083421423650608,0.24,50,,0.055
DV-P,2,ens,0.02,TargetPAC-100,0.0,0.0,0.0,100,,0.0
DV-P,2,ens,0.02,Target-100,0.011350755667506296,0.0756859509428521,0.205,100,,0.025
DV-P,2,ens,0.02,TargetPAC-200,0.00470875314861461,0.035376740311133185,0.005,200,,0.0
DV-P,2,ens,0.02,Target-200,0.009408060453400502,0.07076197189868144,0.075,200,,0.0
DV-P,2,ens,0.02,TargetPAC-400,0.005439231738035264,0.04076621753688899,0.0,400,,0.0
DV-P,2,ens,0.02,Target-400,0.010051952141057934,0.07668423666629282,0.06,400,,0.0
DV-P,2,ens,0.02,TargetPAC-all,0.006612090680100755,0.05073938189916209,0.0,1021,,0.0
DV-P,2,ens,0.02,Target-all,0.00850125944584383,0.07730265792973068,0.0,1021,,0.0
DV-P,2,ens,0.05,ID-all,0.12216624685138538,0.4207827995578128,1.0,2111,0.23524297580026418,
DV-P,2,ens,0.05,ID,0.11856423173803528,0.41161310219972125,0.995,300,,0.99
DV-P,2,ens,0.05,ID-PAC,0.08670182619647356,0.3442006985276447,0.98,300,,0.825
DV-P,2,ens,0.05,Weighted,0.055116498740554146,0.23408553225349932,0.5666666666666667,300,,0.21666666666666667
DV-P,2,ens,0.05,TargetPAC-25,0.0,0.0,0.0,25,,0.0
DV-P,2,ens,0.05,Target-25,0.025799748110831234,0.12997917234086867,0.19,25,,0.08
DV-P,2,ens,0.05,TargetPAC-50,0.013244647355163728,0.07997773042600573,0.035,50,,0.015
DV-P,2,ens,0.05,Target-50,0.02880510075566751,0.1537762949196533,0.155,50,,0.04
DV-P,2,ens,0.05,TargetPAC-100,0.011476700251889169,0.07607903295576525,0.01,100,,0.0
DV-P,2,ens,0.05,Target-100,0.03605636020151134,0.18887963215149717,0.18,100,,0.025
DV-P,2,ens,0.05,TargetPAC-200,0.02013853904282116,0.12614768412451738,0.0,200,,0.0
DV-P,2,ens,0.05,Target-200,0.038657115869017634,0.20120247688930898,0.17,200,,0.01
DV-P,2,ens,0.05,TargetPAC-400,0.026423173803526448,0.15420438342118334,0.005,400,,0.0
DV-P,2,ens,0.05,Target-400,0.03887909319899245,0.20176538443052372,0.05,400,,0.0
DV-P,2,ens,0.05,TargetPAC-all,0.029596977329974808,0.16843167726741107,0.0,1021,,0.0
DV-P,2,ens,0.05,Target-all,0.038727959697732996,0.1989041447041671,0.0,1021,,0.0
DV-P,2,ens,0.1,ID-all,0.20717884130982367,0.5605203710527581,1.0,2111,0.23524297580026418,
DV-P,2,ens,0.1,ID,0.2013932619647355,0.5513179902911066,1.0,300,,1.0
DV-P,2,ens,0.1,ID-PAC,0.16321788413098237,0.4938582437476969,1.0,300,,0.97
DV-P,2,ens,0.1,Weighted,0.137505247691016,0.42524979839894045,0.8,300,,0.7
DV-P,2,ens,0.1,TargetPAC-25,0.0271095717884131,0.13810988993383214,0.04,25,,0.015
DV-P,2,ens,0.1,Target-25,0.06529754408060454,0.2650327635099412,0.215,25,,0.14
DV-P,2,ens,0.1,TargetPAC-50,0.026440491183879093,0.1427433231331208,0.015,50,,0.005
DV-P,2,ens,0.1,Target-50,0.07665931989924432,0.3096106829870067,0.255,50,,0.14
DV-P,2,ens,0.1,TargetPAC-100,0.04637751889168766,0.22668439687905537,0.01,100,,0.0
DV-P,2,ens,0.1,Target-100,0.07890900503778338,0.3223261290994441,0.22,100,,0.1
DV-P,2,ens,0.1,TargetPAC-200,0.056742758186397985,0.2664548920967044,0.015,200,,0.0
DV-P,2,ens,0.1,Target-200,0.08172544080604535,0.33316436227309865,0.195,200,,0.035
DV-P,2,ens,0.1,TargetPAC-400,0.060812342569269526,0.2822024448467565,0.0,400,,0.0
DV-P,2,ens,0.1,Target-400,0.08089735516372794,0.3323207619718987,0.065,400,,0.0
DV-P,2,ens,0.1,TargetPAC-all,0.06360201511335015,0.2932213980165659,0.0,1021,,0.0
DV-P,2,ens,0.1,Target-all,0.07934508816120908,0.33244148228847914,0.0,1021,,0.0
DV-P,2,ens,0.2,ID-all,0.3586272040302267,0.7240495377861801,1.0,2111,0.23524297580026418,
DV-P,2,ens,0.2,ID,0.35426479848866493,0.7192902574619093,1.0,300,,1.0
DV-P,2,ens,0.2,ID-PAC,0.31043765743073043,0.6795270519249563,1.0,300,,1.0
DV-P,2,ens,0.2,Weighted,0.304806884970613,0.6664757464579628,1.0,300,,0.9666666666666667
DV-P,2,ens,0.2,TargetPAC-25,0.10077455919395467,0.35941249979973405,0.04,25,,0.03
DV-P,2,ens,0.2,Target-25,0.15393576826196476,0.4630191294038483,0.2,25,,0.185
DV-P,2,ens,0.2,TargetPAC-50,0.09701353904282115,0.3595905762853069,0.01,50,,0.005
DV-P,2,ens,0.2,Target-50,0.17373740554156172,0.5044813111812486,0.24,50,,0.19
DV-P,2,ens,0.2,TargetPAC-100,0.12369962216624686,0.4202717208452825,0.005,100,,0.005
DV-P,2,ens,0.2,Target-100,0.16967411838790933,0.5018925132576061,0.145,100,,0.105
DV-P,2,ens,0.2,TargetPAC-200,0.14096505037783374,0.4541383757630132,0.0,200,,0.0
DV-P,2,ens,0.2,Target-200,0.1690711586901763,0.5030500504670202,0.095,200,,0.045
DV-P,2,ens,0.2,TargetPAC-400,0.15253935768261964,0.47503965265873077,0.0,400,,0.0
DV-P,2,ens,0.2,Target-400,0.16789042821158687,0.5033982729064197,0.01,400,,0.0
DV-P,2,ens,0.2,TargetPAC-all,0.15806045340050376,0.48598939391511925,0.0,1021,,0.0
DV-P,2,ens,0.2,Target-all,0.16656171284634763,0.5022509893138087,0.0,1021,,0.0
DV-R,0,lr,0.02,ID-all,0.027682973075464544,0.2548143266121558,1.0,2577,0.037037184192182264,
DV-R,0,lr,0.02,ID,0.02632157755024649,0.24760498836323194,0.655,300,,0.095
DV-R,0,lr,0.02,ID-PAC,0.013083048919226395,0.1474214775606039,0.085,300,,0.01
DV-R,0,lr,0.05,ID-all,0.055745164960182024,0.41037628982761104,1.0,2577,0.037037184192182264,
DV-R,0,lr,0.05,ID,0.05769245354569586,0.41211645006487757,0.825,300,,0.12
DV-R,0,lr,0.05,ID-PAC,0.04017823284034888,0.3329196960023067,0.165,300,,0.005
DV-R,0,lr,0.1,ID-all,0.10845657944634055,0.551335653821597,1.0,2577,0.037037184192182264,
DV-R,0,lr,0.1,ID,0.10798445202882063,0.5503220192367104,0.715,300,,0.195
DV-R,0,lr,0.1,ID-PAC,0.08647516116799393,0.4989810104421973,0.205,300,,0.005
DV-R,0,lr,0.2,ID-all,0.20477815699658702,0.6984944287685622,1.0,2577,0.037037184192182264,
DV-R,0,lr,0.2,ID,0.20649412210845658,0.7005077956048029,0.61,300,,0.26
DV-R,0,lr,0.2,ID-PAC,0.17106939704209323,0.6586110024097377,0.11,300,,0.015
DV-R,0,svm,0.02,ID-all,0.021994690936670457,0.19312915782752868,1.0,2577,0.02442451669467765,
DV-R,0,svm,0.02,ID,0.024137277208949565,0.20918243980804482,0.54,300,,0.1
DV-R,0,svm,0.02,ID-PAC,0.013084945013272658,0.12493563734475728,0.075,300,,0.005
DV-R,0,svm,0.05,ID-all,0.0565036025786879,0.3974831627293885,1.0,2577,0.02442451669467765,
DV-R,0,svm,0.05,ID,0.058191126279863475,0.39626995242312524,0.755,300,,0.245
DV-R,0,svm,0.05,ID-PAC,0.04312286689419795,0.32244948818816555,0.26,300,,0.03
DV-R,0,svm,0.1,ID-all,0.10352673492605233,0.5359710007620538,1.0,2577,0.02442451669467765,
DV-R,0,svm,0.1,ID,0.10428517254455821,0.5359737812287604,0.595,300,,0.16
DV-R,0,svm,0.1,ID-PAC,0.08942358740993551,0.4972727740819311,0.115,300,,0.035
DV-R,0,svm,0.2,ID-all,0.19226393629124006,0.6883199802277923,0.0,2577,0.02442451669467765,
DV-R,0,svm,0.2,ID,0.19462267728479332,0.6856696805552696,0.32,300,,0.07
DV-R,0,svm,0.2,ID-PAC,0.16912590064467195,0.649545754124359,0.045,300,,0.01
DV-R,0,lgbm,0.02,ID-all,0.022753128555176336,0.16534508681234938,1.0,2577,0.027220758764302928,
DV-R,0,lgbm,0.02,ID,0.02406332954114524,0.16841678166127738,0.73,300,,0.055
DV-R,0,lgbm,0.02,ID-PAC,0.012368221463784603,0.10356702984367598,0.13,300,,0.0
DV-R,0,lgbm,0.05,ID-all,0.05688282138794084,0.30506868782567503,1.0,2577,0.027220758764302928,
DV-R,0,lgbm,0.05,ID,0.05949563898369359,0.30848927975614276,0.745,300,,0.235
DV-R,0,lgbm,0.05,ID-PAC,0.03747250663632916,0.23038524910922084,0.12,300,,0.01
DV-R,0,lgbm,0.1,ID-all,0.12248767538869929,0.4703519864889914,1.0,2577,0.027220758764302928,
DV-R,0,lgbm,0.1,ID,0.12080583996966249,0.4664544930282372,0.865,300,,0.54
DV-R,0,lgbm,0.1,ID-PAC,0.0909878649981039,0.39690997466685884,0.34,300,,0.085
DV-R,0,lgbm,0.2,ID-all,0.21387940841865757,0.6368298560336128,1.0,2577,0.027220758764302928,
DV-R,0,lgbm,0.2,ID,0.21557451649601822,0.6386444709904641,0.815,300,,0.415
DV-R,0,lgbm,0.2,ID-PAC,0.19368221463784605,0.6034936049265751,0.31,300,,0.06
DV-R,0,ens,0.02,ID-all,0.02464922260144103,0.2629909583341915,1.0,2577,0.0288961200927254,
DV-R,0,ens,0.02,ID,0.026596511186954875,0.265146643873705,0.86,300,,0.065
DV-R,0,ens,0.02,ID-PAC,0.014907091391733029,0.18028093011760343,0.26,300,,0.0
DV-R,0,ens,0.05,ID-all,0.05764125900644672,0.4192737832883653,1.0,2577,0.0288961200927254,
DV-R,0,ens,0.05,ID,0.05915434205536594,0.4188737050233765,0.73,300,,0.24
DV-R,0,ens,0.05,ID-PAC,0.04144103147516117,0.3462609931415155,0.225,300,,0.01
DV-R,0,ens,0.1,ID-all,0.10390595373530527,0.5589150001029802,1.0,2577,0.0288961200927254,
DV-R,0,ens,0.1,ID,0.10398748577929466,0.5576965378040493,0.585,300,,0.135
DV-R,0,ens,0.1,ID-PAC,0.08407849829351538,0.5015820855559904,0.09,300,,0.0
DV-R,0,ens,0.2,ID-all,0.21046643913538113,0.707103577533829,1.0,2577,0.0288961200927254,
DV-R,0,ens,0.2,ID,0.2087334091770952,0.7041001585895824,0.615,300,,0.31
DV-R,0,ens,0.2,ID-PAC,0.17470041714069018,0.6664407966552014,0.105,300,,0.035
DV-R,1,lr,0.02,ID-all,0.023520485584218515,0.238963334429464,1.0,2673,0.030348445961327433,
DV-R,1,lr,0.02,ID,0.024332321699544766,0.23685547517264058,0.545,300,,0.09
DV-R,1,lr,0.02,ID-PAC,0.012725720789074356,0.15004285185794144,0.055,300,,0.0
DV-R,1,lr,0.05,ID-all,0.05538694992412747,0.39189411377836236,1.0,2673,0.030348445961327433,
DV-R,1,lr,0.05,ID,0.05377465857359637,0.3840615751397567,0.645,300,,0.045
DV-R,1,lr,0.05,ID-PAC,0.03909711684370258,0.31697180203880304,0.12,300,,0.005
DV-R,1,lr,0.1,ID-all,0.09370257966616084,0.5154965471884249,0.0,2673,0.030348445961327433,
DV-R,1,lr,0.1,ID,0.09644916540212442,0.5200682341335088,0.335,300,,0.085
DV-R,1,lr,0.1,ID-PAC,0.07415591805766314,0.4555216211772444,0.03,300,,0.005
DV-R,1,lr,0.2,ID-all,0.18247344461305007,0.6815397895429135,0.0,2673,0.030348445961327433,
DV-R,1,lr,0.2,ID,0.1841976479514416,0.6816979406445247,0.175,300,,0.03
DV-R,1,lr,0.2,ID-PAC,0.16091047040971168,0.6482892140743176,0.01,300,,0.005
DV-R,1,svm,0.02,ID-all,0.02314112291350531,0.21060095363367312,1.0,2673,0.037281997743977176,
DV-R,1,svm,0.02,ID,0.024038315629742034,0.21283366902334755,0.52,300,,0.05
DV-R,1,svm,0.02,ID-PAC,0.011839908952959029,0.12237329414666227,0.055,300,,0.005
DV-R,1,svm,0.05,ID-all,0.05197268588770865,0.3724309437684972,1.0,2673,0.037281997743977176,
DV-R,1,svm,0.05,ID,0.05234446130500759,0.374458751233147,0.54,300,,0.035
DV-R,1,svm,0.05,ID-PAC,0.03777693474962064,0.2995396251233147,0.07,300,,0.0
DV-R,1,svm,0.1,ID-all,0.09711684370257967,0.5158664912857612,0.0,2673,0.037281997743977176,
DV-R,1,svm,0.1,ID,0.09591616084977238,0.5132949687602761,0.41,300,,0.075
DV-R,1,svm,0.1,ID-PAC,0.07249051593323216,0.4493917502466294,0.03,300,,0.0
DV-R,1,svm,0.2,ID-all,0.18323216995447647,0.6760111805327195,0.0,2673,0.037281997743977176,
DV-R,1,svm,0.2,ID,0.18245827010622154,0.6742362709634989,0.175,300,,0.035
DV-R,1,svm,0.2,ID-PAC,0.15866274658573598,0.6393162199934233,0.0,300,,0.0
DV-R,1,lgbm,0.02,ID-all,0.019726858877086494,0.16585827030582045,0.0,2673,0.02850286714727787,
DV-R,1,lgbm,0.02,ID,0.017801593323217,0.15981646662282142,0.355,300,,0.0
DV-R,1,lgbm,0.02,ID-PAC,0.00823216995447648,0.08831490463663268,0.025,300,,0.0
DV-R,1,lgbm,0.05,ID-all,0.04324734446130501,0.2879398224268333,0.0,2673,0.02850286714727787,
DV-R,1,lgbm,0.05,ID,0.043945371775417304,0.2865337265702072,0.21,300,,0.03
DV-R,1,lgbm,0.05,ID-PAC,0.03003414264036419,0.22799233393620522,0.005,300,,0.0
DV-R,1,lgbm,0.1,ID-all,0.10166919575113809,0.4265455442288721,1.0,2673,0.02850286714727787,
DV-R,1,lgbm,0.1,ID,0.09617602427921092,0.41744995478461033,0.48,300,,0.09
DV-R,1,lgbm,0.1,ID-PAC,0.06880880121396055,0.3585840389674449,0.055,300,,0.005
DV-R,1,lgbm,0.2,ID-all,0.18968133535660092,0.6096678724103913,0.0,2673,0.02850286714727787,
DV-R,1,lgbm,0.2,ID,0.19195751138088013,0.609759433574482,0.305,300,,0.125
DV-R,1,lgbm,0.2,ID-PAC,0.16519347496206374,0.5630896497862545,0.015,300,,0.0
DV-R,1,ens,0.02,ID-all,0.0208649468892261,0.24730762906938508,1.0,2673,0.0381443275558939,
DV-R,1,ens,0.02,ID,0.021360015174506825,0.24774077195001645,0.6,300,,0.005
DV-R,1,ens,0.02,ID-PAC,0.009455614567526556,0.15828530910884578,0.05,300,,0.0
DV-R,1,ens,0.05,ID-all,0.04931714719271624,0.3967650443932917,0.0,2673,0.0381443275558939,
DV-R,1,ens,0.05,ID,0.04911608497723824,0.39254028280171,0.43,300,,0.05
DV-R,1,ens,0.05,ID-PAC,0.035373672230652506,0.3273134865175929,0.06,300,,0.0
DV-R,1,ens,0.1,ID-all,0.09408194233687406,0.5419064452482736,0.0,2673,0.0381443275558939,
DV-R,1,ens,0.1,ID,0.09730273141122915,0.541275279513318,0.355,300,,0.09
DV-R,1,ens,0.1,ID-PAC,0.07545523520485585,0.4814232571522526,0.02,300,,0.0
DV-R,1,ens,0.2,ID-all,0.17905918057663125,0.6842321604735284,0.0,2673,0.0381443275558939,
DV-R,1,ens,0.2,ID,0.1851119119878604,0.6891984544557711,0.225,300,,0.06
DV-R,1,ens,0.2,ID-PAC,0.15615326251896813,0.6486494985202236,0.015,300,,0.0
DV-R,2,lr,0.02,ID-all,0.021140052850132124,0.2327042737841821,1.0,2643,0.021988465867872956,
DV-R,2,lr,0.02,ID,0.02158550396375991,0.22875112575732764,0.62,300,,0.01
DV-R,2,lr,0.02,ID-PAC,0.010113250283125708,0.13748434173898805,0.075,300,,0.0
DV-R,2,lr,0.05,ID-all,0.04983012457531144,0.3836171606353365,0.0,2643,0.021988465867872956,
DV-R,2,lr,0.05,ID,0.0524160060400151,0.382219481742263,0.48,300,,0.08
DV-R,2,lr,0.05,ID-PAC,0.03619101547753869,0.3089232642868839,0.085,300,,0.005
DV-R,2,lr,0.1,ID-all,0.10192525481313704,0.543925004093663,1.0,2643,0.021988465867872956,
DV-R,2,lr,0.1,ID,0.10127784069460173,0.5380107868020305,0.545,300,,0.115
DV-R,2,lr,0.1,ID-PAC,0.08008305020762553,0.4766974373669559,0.125,300,,0.0
DV-R,2,lr,0.2,ID-all,0.20649301623254057,0.6988701490093335,1.0,2643,0.021988465867872956,
DV-R,2,lr,0.2,ID,0.2062061155152888,0.6979276854429344,0.59,300,,0.305
DV-R,2,lr,0.2,ID-PAC,0.16843148357870896,0.6544079539872277,0.1,300,,0.025
DV-R,2,svm,0.02,ID-all,0.023027557568893922,0.21761912559358113,1.0,2643,0.02503761083466273,
DV-R,2,svm,0.02,ID,0.021855417138542846,0.20843540199770758,0.685,300,,0.03
DV-R,2,svm,0.02,ID-PAC,0.012349943374858436,0.13303217619125593,0.14,300,,0.0
DV-R,2,svm,0.05,ID-all,0.05096262740656852,0.3636810217782872,1.0,2643,0.02503761083466273,
DV-R,2,svm,0.05,ID,0.054741411853529626,0.3740395243163583,0.595,300,,0.135
DV-R,2,svm,0.05,ID-PAC,0.03608154020385051,0.29221610447028,0.095,300,,0.005
DV-R,2,svm,0.1,ID-all,0.10343525858814646,0.5346937940068773,1.0,2643,0.02503761083466273,
DV-R,2,svm,0.1,ID,0.10161192902982258,0.5260763263468151,0.475,300,,0.155
DV-R,2,svm,0.1,ID-PAC,0.0793620234050585,0.4666072744391681,0.07,300,,0.0
DV-R,2,svm,0.2,ID-all,0.2136655341638354,0.6967823808744065,1.0,2643,0.02503761083466273,
DV-R,2,svm,0.2,ID,0.21365420913552285,0.6969354838709677,0.645,300,,0.405
DV-R,2,svm,0.2,ID-PAC,0.18053227633069086,0.6596264532503685,0.115,300,,0.05
DV-R,2,lgbm,0.02,ID-all,0.021517553793884484,0.167717373505813,1.0,2643,0.021326018127758146,
DV-R,2,lgbm,0.02,ID,0.021319365798414494,0.16653819387588015,0.535,300,,0.045
DV-R,2,lgbm,0.02,ID-PAC,0.010594563986409965,0.1032513918454233,0.075,300,,0.005
DV-R,2,lgbm,0.05,ID-all,0.053227633069082674,0.30108891436056984,1.0,2643,0.021326018127758146,
DV-R,2,lgbm,0.05,ID,0.05209324273310683,0.29530999263140656,0.575,300,,0.06
DV-R,2,lgbm,0.05,ID-PAC,0.03608909022272556,0.23132634681513017,0.095,300,,0.0
DV-R,2,lgbm,0.1,ID-all,0.10834277085692715,0.4495865400360242,1.0,2643,0.021326018127758146,
DV-R,2,lgbm,0.1,ID,0.10585881464703661,0.4444921811036515,0.645,300,,0.205
DV-R,2,lgbm,0.1,ID-PAC,0.07784446961117403,0.380530538726052,0.095,300,,0.01
DV-R,2,lgbm,0.2,ID-all,0.2046055115137788,0.6253479613558212,1.0,2643,0.021326018127758146,
DV-R,2,lgbm,0.2,ID,0.20295205738014346,0.6205586826592435,0.475,300,,0.25
DV-R,2,lgbm,0.2,ID-PAC,0.17381653454133633,0.5748743245456034,0.07,300,,0.015
DV-R,2,ens,0.02,ID-all,0.025292563231408077,0.2575323399377763,1.0,2643,0.01968746692581828,
DV-R,2,ens,0.02,ID,0.023708946772366932,0.24624099394137874,0.685,300,,0.02
DV-R,2,ens,0.02,ID-PAC,0.010928652321630802,0.1465390126084821,0.115,300,,0.0
DV-R,2,ens,0.05,ID-all,0.056625141562853906,0.421340265269363,1.0,2643,0.01968746692581828,
DV-R,2,ens,0.05,ID,0.054333710834277085,0.40633443179957424,0.61,300,,0.155
DV-R,2,ens,0.05,ID-PAC,0.03651566628916572,0.32944766251842156,0.095,300,,0.01
DV-R,2,ens,0.1,ID-all,0.10570026425066063,0.550761421319797,1.0,2643,0.01968746692581828,
DV-R,2,ens,0.1,ID,0.1082163080407701,0.5533587481578516,0.76,300,,0.215
DV-R,2,ens,0.1,ID-PAC,0.08500943752359381,0.4995209390862944,0.195,300,,0.015
DV-R,2,ens,0.2,ID-all,0.2053605134012835,0.7023497625675454,1.0,2643,0.01968746692581828,
DV-R,2,ens,0.2,ID,0.20541147602869012,0.7015877271982971,0.54,300,,0.245
DV-R,2,ens,0.2,ID-PAC,0.17944318610796525,0.6708616137219585,0.18,300,,0.025
DV2BV,0,lr,0.02,ID-all,0.08018867924528301,0.20169294391315584,1.0,2637,0.42127310193830897,
DV2BV,0,lr,0.02,ID,0.07680424528301887,0.19075329542517447,0.965,300,,0.88
DV2BV,0,lr,0.02,ID-PAC,0.031321933962264153,0.08909556733005947,0.475,300,,0.32
DV2BV,0,lr,0.02,Weighted,0.013726415094339622,0.045452959421039024,0.23333333333333334,300,,0.016666666666666666
DV2BV,0,lr,0.02,TargetPAC-25,0.0,0.0,0.0,25,,0.0
DV2BV,0,lr,0.02,Target-25,0.0,0.0,0.0,25,,0.0
DV2BV,0,lr,0.02,TargetPAC-50,0.0,0.0,0.0,50,,0.0
DV2BV,0,lr,0.02,Target-50,0.01780424528301887,0.05324974153528043,0.29,50,,0.09
DV2BV,0,lr,0.02,TargetPAC-100,0.0,0.0,0.0,100,,0.0
DV2BV,0,lr,0.02,Target-100,0.015962264150943397,0.050734879813905405,0.265,100,,0.03
DV2BV,0,lr,0.02,TargetPAC-200,0.008886792452830188,0.028519191005427755,0.045,200,,0.0
DV2BV,0,lr,0.02,Target-200,0.016023584905660377,0.05162819850090463,0.23,200,,0.005
DV2BV,0,lr,0.02,TargetPAC-400,0.01072759433962264,0.035365533729645904,0.04,400,,0.0
DV2BV,0,lr,0.02,Target-400,0.016212264150943394,0.05268829154820368,0.23,400,,0.0
DV2BV,0,lr,0.02,TargetPAC-all,0.012264150943396225,0.040837425691393134,0.0,1352,,0.0
DV2BV,0,lr,0.02,Target-all,0.015566037735849055,0.05062031532695787,0.0,1352,,0.0
DV2BV,0,lr,0.05,ID-all,0.19245283018867926,0.38506073920909795,1.0,2637,0.42127310193830897,
DV2BV,0,lr,0.05,ID,0.18800589622641511,0.375838071853192,1.0,300,,1.0
DV2BV,0,lr,0.05,ID-PAC,0.13128537735849058,0.2873096407340398,1.0,300,,0.97
DV2BV,0,lr,0.05,Weighted,0.05191037735849057,0.12337684156112691,0.45,300,,0.2
DV2BV,0,lr,0.05,TargetPAC-25,0.0,0.0,0.0,25,,0.0
DV2BV,0,lr,0.05,Target-25,0.03355778301886793,0.09222525200310158,0.215,25,,0.105
DV2BV,0,lr,0.05,TargetPAC-50,0.016923349056603774,0.052239209097958136,0.05,50,,0.005
DV2BV,0,lr,0.05,Target-50,0.03601179245283019,0.10179251744636858,0.2,50,,0.11
DV2BV,0,lr,0.05,TargetPAC-100,0.01690801886792453,0.05309505040062032,0.03,100,,0.005
DV2BV,0,lr,0.05,Target-100,0.0467688679245283,0.1310512406306539,0.34,100,,0.155
DV2BV,0,lr,0.05,TargetPAC-200,0.025981132075471702,0.08085144740242957,0.02,200,,0.0
DV2BV,0,lr,0.05,Target-200,0.04529834905660378,0.12987871543034377,0.28,200,,0.075
DV2BV,0,lr,0.05,TargetPAC-400,0.03232193396226415,0.09972021194107004,0.0,400,,0.0
DV2BV,0,lr,0.05,Target-400,0.04489858490566037,0.13033070560868443,0.21,400,,0.005
DV2BV,0,lr,0.05,TargetPAC-all,0.038443396226415086,0.11353062806926852,0.0,1352,,0.0
DV2BV,0,lr,0.05,Target-all,0.046226415094339626,0.1315973119669165,0.0,1352,,0.0
DV2BV,0,lr,0.1,ID-all,0.372877358490566,0.6139054019126389,1.0,2637,0.42127310193830897,
DV2BV,0,lr,0.1,ID,0.36454363207547175,0.602680925303696,1.0,300,,1.0
DV2BV,0,lr,0.1,ID-PAC,0.2878561320754717,0.5125097570431636,1.0,300,,1.0
DV2BV,0,lr,0.1,Weighted,0.14528694968553457,0.2745823640906349,0.9166666666666666,300,,0.7166666666666667
DV2BV,0,lr,0.1,TargetPAC-25,0.03902594339622642,0.10415559576117861,0.09,25,,0.04
DV2BV,0,lr,0.1,Target-25,0.07215566037735849,0.1756819591625743,0.245,25,,0.17
DV2BV,0,lr,0.1,TargetPAC-50,0.03702358490566038,0.10351544326699404,0.04,50,,0.015
DV2BV,0,lr,0.1,Target-50,0.09348820754716983,0.22133322563970018,0.37,50,,0.19
DV2BV,0,lr,0.1,TargetPAC-100,0.055961084905660374,0.15146084259498577,0.03,100,,0.01
DV2BV,0,lr,0.1,Target-100,0.09185849056603775,0.2199901137244766,0.355,100,,0.165
DV2BV,0,lr,0.1,TargetPAC-200,0.07091391509433961,0.18306313000775398,0.045,200,,0.015
DV2BV,0,lr,0.1,Target-200,0.0966816037735849,0.2295255233910571,0.405,200,,0.095
DV2BV,0,lr,0.1,TargetPAC-400,0.0772688679245283,0.1959079219436547,0.025,400,,0.0
DV2BV,0,lr,0.1,Target-400,0.09940566037735848,0.23445412251227707,0.43,400,,0.035
DV2BV,0,lr,0.1,TargetPAC-all,0.08797169811320753,0.21394417162057386,0.0,1352,,0.0
DV2BV,0,lr,0.1,Target-all,0.09858490566037738,0.23283794262083235,0.0,1352,,0.0
DV2BV,0,lr,0.2,ID-all,0.5797169811320755,0.802016024812613,1.0,2637,0.42127310193830897,
DV2BV,0,lr,0.2,ID,0.5783183962264151,0.8004676272938746,1.0,300,,1.0
DV2BV,0,lr,0.2,ID-PAC,0.5275471698113208,0.7603739338330316,1.0,300,,1.0
DV2BV,0,lr,0.2,Weighted,0.38788522012578613,0.6037662617386061,1.0,300,,1.0
DV2BV,0,lr,0.2,TargetPAC-25,0.11481957547169812,0.2539698888601706,0.1,25,,0.05
DV2BV,0,lr,0.2,Target-25,0.18887264150943395,0.3720967950374774,0.38,25,,0.305
DV2BV,0,lr,0.2,TargetPAC-50,0.11727240566037736,0.26256442233135174,0.05,50,,0.03
DV2BV,0,lr,0.2,Target-50,0.18870518867924527,0.3760792840527267,0.39,50,,0.275
DV2BV,0,lr,0.2,TargetPAC-100,0.14755188679245282,0.3140787025071078,0.06,100,,0.02
DV2BV,0,lr,0.2,Target-100,0.1915801886792453,0.3818016929439132,0.35,100,,0.225
DV2BV,0,lr,0.2,TargetPAC-200,0.16612146226415092,0.34407482553631424,0.065,200,,0.005
DV2BV,0,lr,0.2,Target-200,0.1972382075471698,0.3910078185577669,0.425,200,,0.19
DV2BV,0,lr,0.2,TargetPAC-400,0.1745896226415094,0.3576197337813389,0.045,400,,0.0
DV2BV,0,lr,0.2,Target-400,0.1981438679245283,0.39292065133109333,0.41,400,,0.105
DV2BV,0,lr,0.2,TargetPAC-all,0.18372641509433962,0.37268027914189716,0.0,1352,,0.0
DV2BV,0,lr,0.2,Target-all,0.19245283018867923,0.385060739209098,0.0,1352,,0.0
DV2BV,0,svm,0.02,ID-all,0.04905660377358491,0.13843370379943137,1.0,2637,0.3871751597369796,
DV2BV,0,svm,0.02,ID,0.055687499999999994,0.14549205220987335,0.98,300,,0.625
DV2BV,0,svm,0.02,ID-PAC,0.020175707547169814,0.06099056603773584,0.455,300,,0.07
DV2BV,0,svm,0.02,Weighted,0.013789308176100629,0.04365404497286121,0.16666666666666666,300,,0.0
DV2BV,0,svm,0.02,TargetPAC-25,0.0,0.0,0.0,25,,0.0
DV2BV,0,svm,0.02,Target-25,0.0,0.0,0.0,25,,0.0
DV2BV,0,svm,0.02,TargetPAC-50,0.0,0.0,0.0,50,,0.0
DV2BV,0,svm,0.02,Target-50,0.017808962264150945,0.05328043422072887,0.31,50,,0.085
DV2BV,0,svm,0.02,TargetPAC-100,0.0,0.0,0.0,100,,0.0
DV2BV,0,svm,0.02,Target-100,0.018359669811320756,0.05633897647971052,0.395,100,,0.04
DV2BV,0,svm,0.02,TargetPAC-200,0.010285377358490565,0.032906177306797624,0.065,200,,0.0
DV2BV,0,svm,0.02,Target-200,0.01762735849056604,0.05574450762470923,0.37,200,,0.02
DV2BV,0,svm,0.02,TargetPAC-400,0.012629716981132076,0.04157560093047299,0.075,400,,0.0
DV2BV,0,svm,0.02,Target-400,0.017912735849056605,0.05662115533729646,0.37,400,,0.0
DV2BV,0,svm,0.02,TargetPAC-all,0.013443396226415097,0.04623933833031791,0.0,1352,,0.0
DV2BV,0,svm,0.02,Target-all,0.015566037735849055,0.05253295425174464,0.0,1352,,0.0
DV2BV,0,svm,0.05,ID-all,0.16910377358490566,0.3447402429568364,1.0,2637,0.3871751597369796,
DV2BV,0,svm,0.05,ID,0.1709304245283019,0.3477312613078315,1.0,300,,0.995
DV2BV,0,svm,0.05,ID-PAC,0.1097936320754717,0.24623746446110104,0.905,300,,0.83
DV2BV,0,svm,0.05,Weighted,0.04855738993710692,0.11533320410097354,0.43333333333333335,300,,0.15
DV2BV,0,svm,0.05,TargetPAC-25,0.0,0.0,0.0,25,,0.0
DV2BV,0,svm,0.05,Target-25,0.0359056603773585,0.09569850090462652,0.23,25,,0.125
DV2BV,0,svm,0.05,TargetPAC-50,0.01874292452830189,0.05578334194882398,0.05,50,,0.025
DV2BV,0,svm,0.05,Target-50,0.0329752358490566,0.09182282243473766,0.19,50,,0.095
DV2BV,0,svm,0.05,TargetPAC-100,0.017347877358490568,0.05363239855259758,0.02,100,,0.0
DV2BV,0,svm,0.05,Target-100,0.048705188679245275,0.13037212457999484,0.37,100,,0.195
DV2BV,0,svm,0.05,TargetPAC-200,0.025639150943396225,0.07711811837684156,0.02,200,,0.0
DV2BV,0,svm,0.05,Target-200,0.04539858490566038,0.12608917032825018,0.34,200,,0.075
DV2BV,0,svm,0.05,TargetPAC-400,0.03171462264150944,0.09406106228999742,0.005,400,,0.0
DV2BV,0,svm,0.05,Target-400,0.04492570754716981,0.1271535280434221,0.25,400,,0.03
DV2BV,0,svm,0.05,TargetPAC-all,0.03702830188679245,0.10780563453088654,0.0,1352,,0.0
DV2BV,0,svm,0.05,Target-all,0.04127358490566037,0.12412768157146552,0.0,1352,,0.0
DV2BV,0,svm,0.1,ID-all,0.33443396226415095,0.5762470922719048,1.0,2637,0.3871751597369796,
DV2BV,0,svm,0.1,ID,0.33413561320754714,0.5757324243990695,1.0,300,,1.0
DV2BV,0,svm,0.1,ID-PAC,0.2615978773584906,0.48259401654174205,1.0,300,,1.0
DV2BV,0,svm,0.1,Weighted,0.13657625786163524,0.2622324890152494,0.7666666666666667,300,,0.5833333333333334
DV2BV,0,svm,0.1,TargetPAC-25,0.03929245283018868,0.10045115016800206,0.115,25,,0.075
DV2BV,0,svm,0.1,Target-25,0.07778419811320755,0.1815679762212458,0.28,25,,0.215
DV2BV,0,svm,0.1,TargetPAC-50,0.03811202830188679,0.10351040320496253,0.03,50,,0.025
DV2BV,0,svm,0.1,Target-50,0.10071108490566039,0.228812483845955,0.47,50,,0.34
DV2BV,0,svm,0.1,TargetPAC-100,0.05640566037735848,0.14824269837167225,0.03,100,,0.01
DV2BV,0,svm,0.1,Target-100,0.10286084905660378,0.2348383949340915,0.52,100,,0.31
DV2BV,0,svm,0.1,TargetPAC-200,0.07415683962264151,0.18460965365727577,0.075,200,,0.02
DV2BV,0,svm,0.1,Target-200,0.10560377358490566,0.2407772680279142,0.56,200,,0.305
DV2BV,0,svm,0.1,TargetPAC-400,0.08078419811320754,0.19758742569139312,0.08,400,,0.015
DV2BV,0,svm,0.1,Target-400,0.10300943396226415,0.23765979581287153,0.46,400,,0.14
DV2BV,0,svm,0.1,TargetPAC-all,0.09363207547169812,0.2226932023778754,0.0,1352,,0.0
DV2BV,0,svm,0.1,Target-all,0.10235849056603774,0.23953217885758601,1.0,1352,,0.0
DV2BV,0,svm,0.2,ID-all,0.5349056603773585,0.7805376066166968,1.0,2637,0.3871751597369796,
DV2BV,0,svm,0.2,ID,0.5357087264150943,0.7791229645903335,1.0,300,,1.0
DV2BV,0,svm,0.2,ID-PAC,0.4857995283018867,0.7375463298009822,1.0,300,,1.0
DV2BV,0,svm,0.2,Weighted,0.37023191823899365,0.5921975962781081,1.0,300,,1.0
DV2BV,0,svm,0.2,TargetPAC-25,0.10867924528301888,0.24029419746704572,0.075,25,,0.06
DV2BV,0,svm,0.2,Target-25,0.18924174528301888,0.37309582579477896,0.42,25,,0.33
DV2BV,0,svm,0.2,TargetPAC-50,0.11337617924528302,0.2518024683380718,0.03,50,,0.015
DV2BV,0,svm,0.2,Target-50,0.20080424528301888,0.3939699534763505,0.49,50,,0.365
DV2BV,0,svm,0.2,TargetPAC-100,0.15156721698113207,0.3168269578702507,0.075,100,,0.045
DV2BV,0,svm,0.2,Target-100,0.1997771226415094,0.39339881106229,0.485,100,,0.35
DV2BV,0,svm,0.2,TargetPAC-200,0.16556839622641512,0.33985784440423883,0.075,200,,0.04
DV2BV,0,svm,0.2,Target-200,0.20187853773584905,0.39874521840268806,0.465,200,,0.295
DV2BV,0,svm,0.2,TargetPAC-400,0.1762334905660377,0.3576543034375807,0.09,400,,0.005
DV2BV,0,svm,0.2,Target-400,0.20033608490566038,0.3971738821400879,0.47,400,,0.2
DV2BV,0,svm,0.2,TargetPAC-all,0.18655660377358488,0.3761178599121219,0.0,1352,,0.0
DV2BV,0,svm,0.2,Target-all,0.20023584905660383,0.39828120961488755,1.0,1352,,0.0
DV2BV,0,lgbm,0.02,ID-all,0.07924528301886792,0.21420263634013956,1.0,2637,0.321258881232962,
DV2BV,0,lgbm,0.02,ID,0.0742936320754717,0.206652364952184,1.0,300,,0.94
DV2BV,0,lgbm,0.02,ID-PAC,0.03652712264150943,0.11718699922460583,0.71,300,,0.38
DV2BV,0,lgbm,0.02,Weighted,0.00501179245283019,0.019402731110536742,0.03333333333333333,300,,0.0
DV2BV,0,lgbm,0.02,TargetPAC-25,0.0,0.0,0.0,25,,0.0
DV2BV,0,lgbm,0.02,Target-25,0.0,0.0,0.0,25,,0.0
DV2BV,0,lgbm,0.02,TargetPAC-50,0.0,0.0,0.0,50,,0.0
DV2BV,0,lgbm,0.02,Target-50,0.017666273584905662,0.06337806926854485,0.27,50,,0.125
DV2BV,0,lgbm,0.02,TargetPAC-100,0.0,0.0,0.0,100,,0.0
DV2BV,0,lgbm,0.02,Target-100,0.01616745283018868,0.06154374515378651,0.225,100,,0.075
DV2BV,0,lgbm,0.02,TargetPAC-200,0.007742924528301887,0.03452145257172396,0.02,200,,0.0
DV2BV,0,lgbm,0.02,Target-200,0.01648820754716981,0.06349819074696304,0.175,200,,0.03
DV2BV,0,lgbm,0.02,TargetPAC-400,0.010043632075471699,0.04564642026363401,0.01,400,,0.0
DV2BV,0,lgbm,0.02,Target-400,0.01612617924528302,0.061963879555440686,0.115,400,,0.005
DV2BV,0,lgbm,0.02,TargetPAC-all,0.01320754716981132,0.05381235461359525,0.0,1352,,0.0
DV2BV,0,lgbm,0.02,Target-all,0.016981132075471698,0.06318170069785475,0.0,1352,,0.0
DV2BV,0,lgbm,0.05,ID-all,0.1570754716981132,0.3745024554148359,1.0,2637,0.321258881232962,
DV2BV,0,lgbm,0.05,ID,0.16192688679245287,0.38128586197983977,1.0,300,,1.0
DV2BV,0,lgbm,0.05,ID-PAC,0.11614033018867925,0.29309705350219695,0.995,300,,0.965
DV2BV,0,lgbm,0.05,Weighted,0.029795597484276733,0.07955565606961316,0.13333333333333333,300,,0.016666666666666666
DV2BV,0,lgbm,0.05,TargetPAC-25,0.0,0.0,0.0,25,,0.0
DV2BV,0,lgbm,0.05,Target-25,0.039699292452830194,0.11685590591884207,0.305,25,,0.22
DV2BV,0,lgbm,0.05,TargetPAC-50,0.014683962264150944,0.053608232101318175,0.045,50,,0.005
DV2BV,0,lgbm,0.05,Target-50,0.03891155660377359,0.12040010338588783,0.29,50,,0.145
DV2BV,0,lgbm,0.05,TargetPAC-100,0.01800235849056604,0.06627830188679246,0.04,100,,0.01
DV2BV,0,lgbm,0.05,Target-100,0.05008962264150943,0.1500506590850349,0.39,100,,0.195
DV2BV,0,lgbm,0.05,TargetPAC-200,0.02653066037735849,0.09216050659085034,0.06,200,,0.005
DV2BV,0,lgbm,0.05,Target-200,0.04849056603773585,0.14931513310933056,0.405,200,,0.12
DV2BV,0,lgbm,0.05,TargetPAC-400,0.03441391509433962,0.11532850865856811,0.075,400,,0.005
DV2BV,0,lgbm,0.05,Target-400,0.04934787735849056,0.1527167872835358,0.395,400,,0.06
DV2BV,0,lgbm,0.05,TargetPAC-all,0.04245283018867925,0.1356681313000776,0.0,1352,,0.0
DV2BV,0,lgbm,0.05,Target-all,0.04693396226415094,0.15007753941586974,0.0,1352,,0.0
DV2BV,0,lgbm,0.1,ID-all,0.2806603773584906,0.5651201860945981,1.0,2637,0.321258881232962,
DV2BV,0,lgbm,0.1,ID,0.27696933962264153,0.5589521194107004,1.0,300,,1.0
DV2BV,0,lgbm,0.1,ID-PAC,0.23094103773584906,0.493727384337038,1.0,300,,1.0
DV2BV,0,lgbm,0.1,Weighted,0.10160770440251574,0.2227028948048591,0.6,300,,0.38333333333333336
DV2BV,0,lgbm,0.1,TargetPAC-25,0.03763325471698113,0.1148723184285345,0.085,25,,0.035
DV2BV,0,lgbm,0.1,Target-25,0.08546580188679247,0.221584517963298,0.415,25,,0.29
DV2BV,0,lgbm,0.1,TargetPAC-50,0.0379375,0.11751757560093047,0.07,50,,0.025
DV2BV,0,lgbm,0.1,Target-50,0.11189740566037737,0.2820737270612561,0.625,50,,0.425
DV2BV,0,lgbm,0.1,TargetPAC-100,0.06436084905660376,0.18276027397260272,0.19,100,,0.07
DV2BV,0,lgbm,0.1,Target-100,0.10743514150943398,0.27501848022744896,0.66,100,,0.335
DV2BV,0,lgbm,0.1,TargetPAC-200,0.083125,0.2253842724218144,0.3,200,,0.04
DV2BV,0,lgbm,0.1,Target-200,0.1099504716981132,0.2807613724476609,0.755,200,,0.295
DV2BV,0,lgbm,0.1,TargetPAC-400,0.0923007075471698,0.24513556474541226,0.38,400,,0.03
DV2BV,0,lgbm,0.1,Target-400,0.11287853773584906,0.2867991082967175,0.895,400,,0.325
DV2BV,0,lgbm,0.1,TargetPAC-all,0.10235849056603774,0.2668002067717756,1.0,1352,,0.0
DV2BV,0,lgbm,0.1,Target-all,0.11391509433962263,0.2867149134143189,1.0,1352,,0.0
DV2BV,0,lgbm,0.2,ID-all,0.4511792452830189,0.7424140604807444,1.0,2637,0.321258881232962,
DV2BV,0,lgbm,0.2,ID,0.45625589622641505,0.7444512794003617,1.0,300,,1.0
DV2BV,0,lgbm,0.2,ID-PAC,0.3944858490566038,0.6884147066425433,1.0,300,,1.0
DV2BV,0,lgbm,0.2,Weighted,0.2509040880503145,0.49333634875506155,0.8,300,,0.7833333333333333
DV2BV,0,lgbm,0.2,TargetPAC-25,0.1253632075471698,0.3043221116567588,0.13,25,,0.08
DV2BV,0,lgbm,0.2,Target-25,0.18537382075471698,0.411758917032825,0.365,25,,0.3
DV2BV,0,lgbm,0.2,TargetPAC-50,0.12500471698113208,0.30869766089428796,0.04,50,,0.02
DV2BV,0,lgbm,0.2,Target-50,0.19665448113207545,0.4371311708451796,0.435,50,,0.315
DV2BV,0,lgbm,0.2,TargetPAC-100,0.15758018867924528,0.3724331222538123,0.115,100,,0.055
DV2BV,0,lgbm,0.2,Target-100,0.2084115566037736,0.4585843241147583,0.525,100,,0.36
DV2BV,0,lgbm,0.2,TargetPAC-200,0.17345990566037733,0.4032332644094081,0.145,200,,0.035
DV2BV,0,lgbm,0.2,Target-200,0.20057783018867922,0.44752623416903586,0.475,200,,0.26
DV2BV,0,lgbm,0.2,TargetPAC-400,0.17845754716981133,0.4127087748772293,0.085,400,,0.015
DV2BV,0,lgbm,0.2,Target-400,0.20504599056603773,0.45518564228482816,0.59,400,,0.185
DV2BV,0,lgbm,0.2,TargetPAC-all,0.18962264150943398,0.43042129749289215,0.0,1352,,0.0
DV2BV,0,lgbm,0.2,Target-all,0.20448113207547178,0.4555311449987077,1.0,1352,,0.0
DV2BV,0,ens,0.02,ID-all,0.11202830188679246,0.28991987593693463,1.0,2637,0.3922499839010883,
DV2BV,0,ens,0.02,ID,0.10254716981132074,0.26701040320496255,1.0,300,,0.97
DV2BV,0,ens,0.02,ID-PAC,0.053830188679245286,0.1596428017575601,0.865,300,,0.605
DV2BV,0,ens,0.02,Weighted,0.01397012578616352,0.04867321443956234,0.25,300,,0.016666666666666666
DV2BV,0,ens,0.02,TargetPAC-25,0.0,0.0,0.0,25,,0.0
DV2BV,0,ens,0.02,Target-25,0.0,0.0,0.0,25,,0.0
DV2BV,0,ens,0.02,TargetPAC-50,0.0,0.0,0.0,50,,0.0
DV2BV,0,ens,0.02,Target-50,0.023287735849056607,0.07824289222021194,0.445,50,,0.215
DV2BV,0,ens,0.02,TargetPAC-100,0.0,0.0,0.0,100,,0.0
DV2BV,0,ens,0.02,Target-100,0.02162735849056603,0.07603741276815715,0.46,100,,0.18
DV2BV,0,ens,0.02,TargetPAC-200,0.009640330188679247,0.040314616179891447,0.165,200,,0.005
DV2BV,0,ens,0.02,Target-200,0.024753537735849054,0.08675568622383047,0.635,200,,0.105
DV2BV,0,ens,0.02,TargetPAC-400,0.012916273584905663,0.05208548720599638,0.225,400,,0.0
DV2BV,0,ens,0.02,Target-400,0.025924528301886792,0.09093014990953734,0.745,400,,0.075
DV2BV,0,ens,0.02,TargetPAC-all,0.017688679245283022,0.06797622124579995,0.0,1352,,0.0
DV2BV,0,ens,0.02,Target-all,0.026886792452830193,0.09547686740759886,1.0,1352,,0.0
DV2BV,0,ens,0.05,ID-all,0.22122641509433963,0.4844404238821401,1.0,2637,0.3922499839010883,
DV2BV,0,ens,0.05,ID,0.2192429245283019,0.4775323727061256,1.0,300,,1.0
DV2BV,0,ens,0.05,ID-PAC,0.1572617924528302,0.3714121219953476,1.0,300,,0.995
DV2BV,0,ens,0.05,Weighted,0.05669811320754716,0.1418648229516671,0.6166666666666667,300,,0.2
DV2BV,0,ens,0.05,TargetPAC-25,0.0,0.0,0.0,25,,0.0
DV2BV,0,ens,0.05,Target-25,0.04311320754716982,0.12740753424657533,0.32,25,,0.22
DV2BV,0,ens,0.05,TargetPAC-50,0.02138797169811321,0.07330602222796588,0.08,50,,0.035
DV2BV,0,ens,0.05,Target-50,0.04695283018867924,0.14221420263634013,0.405,50,,0.19
DV2BV,0,ens,0.05,TargetPAC-100,0.025825471698113212,0.08772182734556733,0.09,100,,0.03
DV2BV,0,ens,0.05,Target-100,0.05499056603773585,0.1655838718014991,0.555,100,,0.21
DV2BV,0,ens,0.05,TargetPAC-200,0.036724056603773585,0.1197953605582838,0.085,200,,0.005
DV2BV,0,ens,0.05,Target-200,0.05585966981132076,0.16889932799172913,0.62,200,,0.17
DV2BV,0,ens,0.05,TargetPAC-400,0.045108490566037725,0.14179975445851642,0.15,400,,0.0
DV2BV,0,ens,0.05,Target-400,0.056417452830188675,0.17150025846471956,0.73,400,,0.075
DV2BV,0,ens,0.05,TargetPAC-all,0.0490566037735849,0.15103385887826312,0.0,1352,,0.0
DV2BV,0,ens,0.05,Target-all,0.054716981132075466,0.16817006978547425,1.0,1352,,0.0
DV2BV,0,ens,0.1,ID-all,0.36698113207547167,0.6605582837942621,1.0,2637,0.3922499839010883,
DV2BV,0,ens,0.1,ID,0.3634563679245283,0.6560237787542,1.0,300,,1.0
DV2BV,0,ens,0.1,ID-PAC,0.29807900943396226,0.5861192168518997,1.0,300,,1.0
DV2BV,0,ens,0.1,Weighted,0.15251179245283017,0.312962867235289,0.9,300,,0.7833333333333333
DV2BV,0,ens,0.1,TargetPAC-25,0.04095047169811321,0.12329025588007238,0.09,25,,0.035
DV2BV,0,ens,0.1,Target-25,0.08034669811320753,0.21551848022744896,0.33,25,,0.215
DV2BV,0,ens,0.1,TargetPAC-50,0.04147287735849057,0.12932993021452574,0.035,50,,0.005
DV2BV,0,ens,0.1,Target-50,0.10230778301886792,0.2660036831222538,0.485,50,,0.345
DV2BV,0,ens,0.1,TargetPAC-100,0.0664563679245283,0.19228650814163864,0.095,100,,0.04
DV2BV,0,ens,0.1,Target-100,0.10624056603773585,0.27555466528818817,0.56,100,,0.32
DV2BV,0,ens,0.1,TargetPAC-200,0.0794823113207547,0.22254865598345827,0.19,200,,0.02
DV2BV,0,ens,0.1,Target-200,0.10924999999999999,0.2818478935125356,0.69,200,,0.34
DV2BV,0,ens,0.1,TargetPAC-400,0.0876120283018868,0.23979497286120444,0.22,400,,0.015
DV2BV,0,ens,0.1,Target-400,0.11069103773584907,0.2846701990178341,0.815,400,,0.23
DV2BV,0,ens,0.1,TargetPAC-all,0.1014150943396226,0.26400878780046527,1.0,1352,,0.0
DV2BV,0,ens,0.1,Target-all,0.10919811320754719,0.2810803825277849,1.0,1352,,0.0
DV2BV,0,ens,0.2,ID-all,0.5719339622641509,0.8252778495735332,1.0,2637,0.3922499839010883,
DV2BV,0,ens,0.2,ID,0.5678985849056604,0.8217059963814939,1.0,300,,1.0
DV2BV,0,ens,0.2,ID-PAC,0.5195908018867924,0.7876879038511242,1.0,300,,1.0
DV2BV,0,ens,0.2,Weighted,0.3598349056603774,0.6336206599465839,1.0,300,,0.9833333333333333
DV2BV,0,ens,0.2,TargetPAC-25,0.12037853773584907,0.2982556862238305,0.085,25,,0.075
DV2BV,0,ens,0.2,Target-25,0.18942806603773582,0.4222370767640217,0.4,25,,0.3
DV2BV,0,ens,0.2,TargetPAC-50,0.12430660377358492,0.308715494959938,0.065,50,,0.025
DV2BV,0,ens,0.2,Target-50,0.1955188679245283,0.436201214784182,0.425,50,,0.28
DV2BV,0,ens,0.2,TargetPAC-100,0.1572004716981132,0.37150749547686746,0.09,100,,0.03
DV2BV,0,ens,0.2,Target-100,0.19674056603773585,0.44072137503230807,0.405,100,,0.22
DV2BV,0,ens,0.2,TargetPAC-200,0.1679127358490566,0.39172324890152493,0.06,200,,0.01
DV2BV,0,ens,0.2,Target-200,0.19463443396226418,0.43903980356681316,0.355,200,,0.16
DV2BV,0,ens,0.2,TargetPAC-400,0.1737570754716981,0.40263220470405797,0.025,400,,0.0
DV2BV,0,ens,0.2,Target-400,0.1951403301886792,0.4409813905401913,0.365,400,,0.05
DV2BV,0,ens,0.2,TargetPAC-all,0.1860849056603774,0.42597570431636095,0.0,1352,,0.0
DV2BV,0,ens,0.2,Target-all,0.19481132075471705,0.4427629878521583,0.0,1352,,0.0
DV2BV,1,lr,0.02,ID-all,0.08082751984604282,0.19033263765427327,1.0,2636,0.43289688526546993,
DV2BV,1,lr,0.02,ID,0.07280611017560741,0.17417742392620647,0.995,300,,0.83
DV2BV,1,lr,0.02,ID-PAC,0.03675126292999759,0.09908878926077659,0.705,300,,0.37
DV2BV,1,lr,0.02,Weighted,0.01040012829765055,0.035178600568567336,0.1,300,,0.0
DV2BV,1,lr,0.02,TargetPAC-25,0.0,0.0,0.0,25,,0.0
DV2BV,1,lr,0.02,Target-25,0.0,0.0,0.0,25,,0.0
DV2BV,1,lr,0.02,TargetPAC-50,0.0,0.0,0.0,50,,0.0
DV2BV,1,lr,0.02,Target-50,0.023912677411594904,0.0664048852129551,0.44,50,,0.215
DV2BV,1,lr,0.02,TargetPAC-100,0.0,0.0,0.0,100,,0.0
DV2BV,1,lr,0.02,Target-100,0.02356988212653356,0.06796674911751822,0.495,100,,0.185
DV2BV,1,lr,0.02,TargetPAC-200,0.010568919894154441,0.031625956558707584,0.095,200,,0.01
DV2BV,1,lr,0.02,Target-200,0.022159008900649507,0.06714288474916906,0.57,200,,0.07
DV2BV,1,lr,0.02,TargetPAC-400,0.013905460668751504,0.04228929942542063,0.15,400,,0.0
DV2BV,1,lr,0.02,Target-400,0.02287827760404138,0.06985976913761563,0.7,400,,0.025
DV2BV,1,lr,0.02,TargetPAC-all,0.01876353139283137,0.05783154260390097,0.0,1457,,0.0
DV2BV,1,lr,0.02,Target-all,0.023093577098869385,0.0717451238051068,1.0,1457,,0.0
DV2BV,1,lr,0.05,ID-all,0.19605484724560981,0.3848007008322383,1.0,2636,0.43289688526546993,
DV2BV,1,lr,0.05,ID,0.19384892951647825,0.3809887660714746,1.0,300,,1.0
DV2BV,1,lr,0.05,ID-PAC,0.1333160933365408,0.2821387622065909,0.995,300,,0.96
DV2BV,1,lr,0.05,Weighted,0.05066554406222437,0.11096252780569085,0.45,300,,0.23333333333333334
DV2BV,1,lr,0.05,TargetPAC-25,0.0,0.0,0.0,25,,0.0
DV2BV,1,lr,0.05,Target-25,0.04406543180178013,0.11140224420911597,0.35,25,,0.215
DV2BV,1,lr,0.05,TargetPAC-50,0.022251623767139767,0.06298684651258664,0.11,50,,0.035
DV2BV,1,lr,0.05,Target-50,0.04326196776521529,0.1149656025353637,0.36,50,,0.15
DV2BV,1,lr,0.05,TargetPAC-100,0.02371181140245369,0.07026719229084538,0.055,100,,0.0
DV2BV,1,lr,0.05,Target-100,0.05655280250180418,0.14528020406585762,0.59,100,,0.235
DV2BV,1,lr,0.05,TargetPAC-200,0.03509742602838586,0.10166782613176677,0.13,200,,0.02
DV2BV,1,lr,0.05,Target-200,0.05684147221554005,0.14722655948055963,0.665,200,,0.2
DV2BV,1,lr,0.05,TargetPAC-400,0.043626413278806835,0.122967715338435,0.255,400,,0.005
DV2BV,1,lr,0.05,Target-400,0.05798773153716622,0.149014325835459,0.855,400,,0.07
DV2BV,1,lr,0.05,TargetPAC-all,0.05123887418811645,0.13666228646517742,1.0,1457,,0.0
DV2BV,1,lr,0.05,Target-all,0.05797450084195333,0.14891396768957255,1.0,1457,,0.0
DV2BV,1,lr,0.1,ID-all,0.38465239355304304,0.6261755687820463,1.0,2636,0.43289688526546993,
DV2BV,1,lr,0.1,ID,0.37870940582150586,0.6187350879905181,1.0,300,,1.0
DV2BV,1,lr,0.1,ID-PAC,0.29482439259081067,0.520957396099044,1.0,300,,1.0
DV2BV,1,lr,0.1,Weighted,0.15145136717183869,0.2659233207080467,0.9,300,,0.8166666666666667
DV2BV,1,lr,0.1,TargetPAC-25,0.044656001924464755,0.11242379737703229,0.085,25,,0.045
DV2BV,1,lr,0.1,Target-25,0.08771710368053885,0.19892601324366802,0.335,25,,0.225
DV2BV,1,lr,0.1,TargetPAC-50,0.0415347606446957,0.10910714745819483,0.03,50,,0.01
DV2BV,1,lr,0.1,Target-50,0.10270387298532598,0.2285981422792507,0.465,50,,0.295
DV2BV,1,lr,0.1,TargetPAC-100,0.06372744767861438,0.15891106902682228,0.035,100,,0.005
DV2BV,1,lr,0.1,Target-100,0.10125811883569881,0.22687466182267915,0.495,100,,0.22
DV2BV,1,lr,0.1,TargetPAC-200,0.07967404378157325,0.18813049135554352,0.12,200,,0.02
DV2BV,1,lr,0.1,Target-200,0.1032391147462112,0.23063925175852204,0.565,200,,0.19
DV2BV,1,lr,0.1,TargetPAC-400,0.08432282896319462,0.19693926979464585,0.09,400,,0.005
DV2BV,1,lr,0.1,Target-400,0.10305147943228288,0.23068588802143722,0.555,400,,0.1
DV2BV,1,lr,0.1,TargetPAC-all,0.09381765696415685,0.2144495117363634,0.0,1457,,0.0
DV2BV,1,lr,0.1,Target-all,0.10319942266057257,0.22836309293756918,1.0,1457,,0.0
DV2BV,1,lr,0.2,ID-all,0.576136636997835,0.8051969802375615,1.0,2636,0.43289688526546993,
DV2BV,1,lr,0.2,ID,0.5747522251623767,0.8020811110252248,1.0,300,,1.0
DV2BV,1,lr,0.2,ID-PAC,0.5280887659369737,0.7647224369379815,1.0,300,,1.0
DV2BV,1,lr,0.2,Weighted,0.3635113463234705,0.5702899951044806,0.8833333333333333,300,,0.8833333333333333
DV2BV,1,lr,0.2,TargetPAC-25,0.11878397883088766,0.254526358506609,0.105,25,,0.055
DV2BV,1,lr,0.2,Target-25,0.1906567235987491,0.37234347221148645,0.41,25,,0.31
DV2BV,1,lr,0.2,TargetPAC-50,0.12207481356747656,0.26257581613460096,0.03,50,,0.01
DV2BV,1,lr,0.2,Target-50,0.1932210728891027,0.37886630079101286,0.445,50,,0.335
DV2BV,1,lr,0.2,TargetPAC-100,0.15363603560259803,0.31676090541341373,0.075,100,,0.035
DV2BV,1,lr,0.2,Target-100,0.1993492903536204,0.3898403803045528,0.51,100,,0.295
DV2BV,1,lr,0.2,TargetPAC-200,0.1622287707481357,0.33135947282986783,0.07,200,,0.015
DV2BV,1,lr,0.2,Target-200,0.19944431080105843,0.3909789106181238,0.465,200,,0.205
DV2BV,1,lr,0.2,TargetPAC-400,0.17537647341833054,0.3528073870809822,0.05,400,,0.0
DV2BV,1,lr,0.2,Target-400,0.19918089968727448,0.3906994795289995,0.45,400,,0.13
DV2BV,1,lr,0.2,TargetPAC-all,0.18835698821265331,0.3732189327767901,0.0,1457,,0.0
DV2BV,1,lr,0.2,Target-all,0.19942266057252828,0.3908170364072042,0.0,1457,,0.0
DV2BV,1,svm,0.02,ID-all,0.07024296367572769,0.1677617170389838,1.0,2636,0.40365557045304135,
DV2BV,1,svm,0.02,ID,0.07033437575174405,0.1673005720027827,0.995,300,,0.845
DV2BV,1,svm,0.02,ID-PAC,0.027837382727928794,0.07624320424621885,0.62,300,,0.185
DV2BV,1,svm,0.02,Weighted,0.010287867853419933,0.032584834196490685,0.1,300,,0.0
DV2BV,1,svm,0.02,TargetPAC-25,0.0,0.0,0.0,25,,0.0
DV2BV,1,svm,0.02,Target-25,0.0,0.0,0.0,25,,0.0
DV2BV,1,svm,0.02,TargetPAC-50,0.0,0.0,0.0,50,,0.0
DV2BV,1,svm,0.02,Target-50,0.02073009381765696,0.05771488753188528,0.395,50,,0.12
DV2BV,1,svm,0.02,TargetPAC-100,0.0,0.0,0.0,100,,0.0
DV2BV,1,svm,0.02,Target-100,0.020341592494587443,0.05799425420628172,0.395,100,,0.085
DV2BV,1,svm,0.02,TargetPAC-200,0.011799374548953571,0.03322086521862359,0.095,200,,0.005
DV2BV,1,svm,0.02,Target-200,0.02085277844599471,0.060725503079023996,0.445,200,,0.045
DV2BV,1,svm,0.02,TargetPAC-400,0.013771950926148665,0.03969564041122362,0.11,400,,0.0
DV2BV,1,svm,0.02,Target-400,0.02136997834977147,0.062822911030378,0.525,400,,0.01
DV2BV,1,svm,0.02,TargetPAC-all,0.0158768342554727,0.04862023653088043,0.0,1457,,0.0
DV2BV,1,svm,0.02,Target-all,0.022853019004089488,0.06589626652237768,1.0,1457,,0.0
DV2BV,1,svm,0.05,ID-all,0.1784941063266779,0.3494498982247301,1.0,2636,0.40365557045304135,
DV2BV,1,svm,0.05,ID,0.1771854702910753,0.348965563886527,1.0,300,,1.0
DV2BV,1,svm,0.05,ID-PAC,0.12181741640606206,0.2584174589678184,0.99,300,,0.975
DV2BV,1,svm,0.05,Weighted,0.05446235265816694,0.1139509417433202,0.6833333333333333,300,,0.25
DV2BV,1,svm,0.05,TargetPAC-25,0.0,0.0,0.0,25,,0.0
DV2BV,1,svm,0.05,Target-25,0.03778445994707722,0.09481158692123365,0.23,25,,0.15
DV2BV,1,svm,0.05,TargetPAC-50,0.02003848929516478,0.0554033650253794,0.075,50,,0.02
DV2BV,1,svm,0.05,Target-50,0.040868414722155404,0.10524851201978822,0.29,50,,0.185
DV2BV,1,svm,0.05,TargetPAC-100,0.020232138561462595,0.05775495349256654,0.03,100,,0.005
DV2BV,1,svm,0.05,Target-100,0.05100553283617994,0.13099359717605832,0.425,100,,0.225
DV2BV,1,svm,0.05,TargetPAC-200,0.03082751984604282,0.0875778774058901,0.06,200,,0.005
DV2BV,1,svm,0.05,Target-200,0.05243685350012028,0.1365643116642189,0.45,200,,0.165
DV2BV,1,svm,0.05,TargetPAC-400,0.0371566033197017,0.10553399809332406,0.07,400,,0.005
DV2BV,1,svm,0.05,Target-400,0.05180057733942747,0.13670963129009817,0.47,400,,0.07
DV2BV,1,svm,0.05,TargetPAC-all,0.0428193408708203,0.12017211615263715,0.0,1457,,0.0
DV2BV,1,svm,0.05,Target-all,0.04835217705075776,0.13429182448274976,0.0,1457,,0.0
DV2BV,1,svm,0.1,ID-all,0.3516959345681982,0.6038494241323337,1.0,2636,0.40365557045304135,
DV2BV,1,svm,0.1,ID,0.3526726004330045,0.6021318698307181,1.0,300,,1.0
DV2BV,1,svm,0.1,ID-PAC,0.2697810921337503,0.4924214784468321,1.0,300,,1.0
DV2BV,1,svm,0.1,Weighted,0.13579504450324753,0.24600714574046878,0.8333333333333334,300,,0.7666666666666667
DV2BV,1,svm,0.1,TargetPAC-25,0.039420254991580465,0.09826060910566593,0.07,25,,0.025
DV2BV,1,svm,0.1,Target-25,0.08096944912196294,0.1830298755507459,0.305,25,,0.19
DV2BV,1,svm,0.1,TargetPAC-50,0.04232860235746934,0.10941034758187111,0.04,50,,0.015
DV2BV,1,svm,0.1,Target-50,0.09952128939138802,0.21895841385174308,0.465,50,,0.28
DV2BV,1,svm,0.1,TargetPAC-100,0.06247414000481116,0.15352490273376104,0.065,100,,0.015
DV2BV,1,svm,0.1,Target-100,0.10040774597065191,0.2213317100821932,0.525,100,,0.23
DV2BV,1,svm,0.1,TargetPAC-200,0.07876232860235746,0.18374049882765195,0.13,200,,0.015
DV2BV,1,svm,0.1,Target-200,0.10301780129901371,0.22539853392079565,0.62,200,,0.13
DV2BV,1,svm,0.1,TargetPAC-400,0.08510945393312486,0.19445724150369742,0.11,400,,0.005
DV2BV,1,svm,0.1,Target-400,0.10357830165985085,0.22617157506892377,0.65,400,,0.065
DV2BV,1,svm,0.1,TargetPAC-all,0.09670435410151552,0.21313545128958286,0.0,1457,,0.0
DV2BV,1,svm,0.1,Target-all,0.10319942266057257,0.22475586818170107,1.0,1457,,0.0
DV2BV,1,svm,0.2,ID-all,0.5371662256434929,0.7867614851459638,1.0,2636,0.40365557045304135,
DV2BV,1,svm,0.2,ID,0.5387791676689921,0.7871551879621757,1.0,300,,1.0
DV2BV,1,svm,0.2,ID-PAC,0.49134111137839787,0.7462958310788178,1.0,300,,1.0
DV2BV,1,svm,0.2,Weighted,0.344940261406463,0.5668515369354048,0.9166666666666666,300,,0.9166666666666666
DV2BV,1,svm,0.2,TargetPAC-25,0.11000481116189559,0.23457904975393576,0.085,25,,0.05
DV2BV,1,svm,0.2,Target-25,0.19480033678133268,0.3748295586302852,0.45,25,,0.34
DV2BV,1,svm,0.2,TargetPAC-50,0.1154823189800337,0.2468476720517379,0.03,50,,0.01
DV2BV,1,svm,0.2,Target-50,0.1961510704835218,0.37857637010126,0.495,50,,0.36
DV2BV,1,svm,0.2,TargetPAC-100,0.1501683906663459,0.30562933189044345,0.08,100,,0.04
DV2BV,1,svm,0.2,Target-100,0.19579023334135193,0.3783211589497823,0.435,100,,0.265
DV2BV,1,svm,0.2,TargetPAC-200,0.1621854702910753,0.3259279585684471,0.065,200,,0.005
DV2BV,1,svm,0.2,Target-200,0.20143372624488812,0.38699923990621216,0.535,200,,0.23
DV2BV,1,svm,0.2,TargetPAC-400,0.1766959345681982,0.3482307206719744,0.095,400,,0.01
DV2BV,1,svm,0.2,Target-400,0.2022035121481838,0.38784384581690756,0.53,400,,0.14
DV2BV,1,svm,0.2,TargetPAC-all,0.18787587202309358,0.36570817551725027,0.0,1457,,0.0
DV2BV,1,svm,0.2,Target-all,0.2030310319942266,0.3885625209347866,1.0,1457,,0.0
DV2BV,1,lgbm,0.02,ID-all,0.08948761125811884,0.25276339182190616,1.0,2636,0.3015455948848369,
DV2BV,1,lgbm,0.02,ID,0.08419413038248738,0.23982086264203445,1.0,300,,0.93
DV2BV,1,lgbm,0.02,ID-PAC,0.046010343998075534,0.14715602535363687,0.8,300,,0.455
DV2BV,1,lgbm,0.02,Weighted,0.007513431160291878,0.026512028376834747,0.016666666666666666,300,,0.0
DV2BV,1,lgbm,0.02,TargetPAC-25,0.0,0.0,0.0,25,,0.0
DV2BV,1,lgbm,0.02,Target-25,0.0,0.0,0.0,25,,0.0
DV2BV,1,lgbm,0.02,TargetPAC-50,0.0,0.0,0.0,50,,0.0
DV2BV,1,lgbm,0.02,Target-50,0.017854221794563387,0.06794330215660509,0.305,50,,0.08
DV2BV,1,lgbm,0.02,TargetPAC-100,0.0,0.0,0.0,100,,0.0
DV2BV,1,lgbm,0.02,Target-100,0.018098388260764976,0.07103578882275643,0.275,100,,0.055
DV2BV,1,lgbm,0.02,TargetPAC-200,0.010536444551359153,0.044107018628739274,0.04,200,,0.0
DV2BV,1,lgbm,0.02,Target-200,0.017125330767380324,0.06992888614052717,0.29,200,,0.0
DV2BV,1,lgbm,0.02,TargetPAC-400,0.012026701948520567,0.05094676766895983,0.03,400,,0.0
DV2BV,1,lgbm,0.02,Target-400,0.017032715900890064,0.0718484450284713,0.205,400,,0.0
DV2BV,1,lgbm,0.02,TargetPAC-all,0.012509020928554247,0.05995722862075183,0.0,1457,,0.0
DV2BV,1,lgbm,0.02,Target-all,0.0158768342554727,0.07128133776506662,0.0,1457,,0.0
DV2BV,1,lgbm,0.05,ID-all,0.16815010825114265,0.39478498363865916,1.0,2636,0.3015455948848369,
DV2BV,1,lgbm,0.05,ID,0.1636685109453933,0.38818086367267013,1.0,300,,1.0
DV2BV,1,lgbm,0.05,ID-PAC,0.12024416646620159,0.3123274329442684,1.0,300,,0.995
DV2BV,1,lgbm,0.05,Weighted,0.0360155560901291,0.09287143679197478,0.18333333333333332,300,,0.05
DV2BV,1,lgbm,0.05,TargetPAC-25,0.0,0.0,0.0,25,,0.0
DV2BV,1,lgbm,0.05,Target-25,0.03490497955256194,0.11479425935945996,0.215,25,,0.125
DV2BV,1,lgbm,0.05,TargetPAC-50,0.01808275198460428,0.06834003246502279,0.03,50,,0.015
DV2BV,1,lgbm,0.05,Target-50,0.033062304546547995,0.11412086779521269,0.15,50,,0.09
DV2BV,1,lgbm,0.05,TargetPAC-100,0.016664662015876838,0.0670006570302234,0.01,100,,0.0
DV2BV,1,lgbm,0.05,Target-100,0.042942025499158036,0.14514409574605136,0.215,100,,0.12
DV2BV,1,lgbm,0.05,TargetPAC-200,0.023253548231898007,0.08974794517018371,0.0,200,,0.0
DV2BV,1,lgbm,0.05,Target-200,0.03990257397161414,0.1398564195717709,0.125,200,,0.04
DV2BV,1,lgbm,0.05,TargetPAC-400,0.030460668751503484,0.11117105975110149,0.0,400,,0.0
DV2BV,1,lgbm,0.05,Target-400,0.039126774115948997,0.14009108242508567,0.045,400,,0.0
DV2BV,1,lgbm,0.05,TargetPAC-all,0.035121481837863844,0.12443637113189564,0.0,1457,,0.0
DV2BV,1,lgbm,0.05,Target-all,0.038729853259562186,0.14383808714024376,0.0,1457,,0.0
DV2BV,1,lgbm,0.1,ID-all,0.27471734423863364,0.5611295766664091,1.0,2636,0.3015455948848369,
DV2BV,1,lgbm,0.1,ID,0.2732451286985807,0.55792281827317,1.0,300,,1.0
DV2BV,1,lgbm,0.1,ID-PAC,0.22217464517681018,0.4846013372497488,1.0,300,,1.0
DV2BV,1,lgbm,0.1,Weighted,0.09719348889423461,0.21886299416832003,0.5833333333333334,300,,0.3333333333333333
DV2BV,1,lgbm,0.1,TargetPAC-25,0.03649025739716141,0.11848045657159054,0.06,25,,0.04
DV2BV,1,lgbm,0.1,Target-25,0.07580346403656484,0.21191672463992167,0.27,25,,0.2
DV2BV,1,lgbm,0.1,TargetPAC-50,0.03605364445513592,0.1229056839555796,0.035,50,,0.015
DV2BV,1,lgbm,0.1,Target-50,0.09032715900890065,0.249027724098838,0.38,50,,0.24
DV2BV,1,lgbm,0.1,TargetPAC-100,0.050985085398123645,0.16574096261369198,0.04,100,,0.0
DV2BV,1,lgbm,0.1,Target-100,0.09079865287466923,0.2533922083945273,0.36,100,,0.21
DV2BV,1,lgbm,0.1,TargetPAC-200,0.06639403415924945,0.20317268300224164,0.055,200,,0.0
DV2BV,1,lgbm,0.1,Target-200,0.09659249458744287,0.2666360696709696,0.445,200,,0.13
DV2BV,1,lgbm,0.1,TargetPAC-400,0.07078782776040414,0.21291444435855816,0.02,400,,0.0
DV2BV,1,lgbm,0.1,Target-400,0.09382968486889584,0.26176915049857,0.345,400,,0.04
DV2BV,1,lgbm,0.1,TargetPAC-all,0.08323310079384172,0.23832160985287668,0.0,1457,,0.0
DV2BV,1,lgbm,0.1,Target-all,0.09429877315371663,0.26379119321841754,0.0,1457,,0.0
DV2BV,1,lgbm,0.2,ID-all,0.4527303343757517,0.7479322872381541,1.0,2636,0.3015455948848369,
DV2BV,1,lgbm,0.2,ID,0.4523177772432042,0.7456688181185746,1.0,300,,1.0
DV2BV,1,lgbm,0.2,ID-PAC,0.40402333413519365,0.7032785163999897,1.0,300,,1.0
DV2BV,1,lgbm,0.2,Weighted,0.22875070162777647,0.47032241718413165,0.75,300,,0.6333333333333333
DV2BV,1,lgbm,0.2,TargetPAC-25,0.1060837142169834,0.2771399860864188,0.065,25,,0.025
DV2BV,1,lgbm,0.2,Target-25,0.18532836179937454,0.4180890082708511,0.39,25,,0.285
DV2BV,1,lgbm,0.2,TargetPAC-50,0.11687635313928314,0.3021595681636649,0.06,50,,0.025
DV2BV,1,lgbm,0.2,Target-50,0.19025980274236226,0.4316018654505166,0.39,50,,0.225
DV2BV,1,lgbm,0.2,TargetPAC-100,0.14523935530430598,0.3560996882327175,0.055,100,,0.015
DV2BV,1,lgbm,0.2,Target-100,0.1908191003127255,0.4329901316637036,0.355,100,,0.2
DV2BV,1,lgbm,0.2,TargetPAC-200,0.15998195814289154,0.3820114142897632,0.04,200,,0.02
DV2BV,1,lgbm,0.2,Target-200,0.19343276401250903,0.43901535647110357,0.37,200,,0.13
DV2BV,1,lgbm,0.2,TargetPAC-400,0.17103199422660573,0.400919971142202,0.015,400,,0.0
DV2BV,1,lgbm,0.2,Target-400,0.19430959826798172,0.441008283733993,0.385,400,,0.065
DV2BV,1,lgbm,0.2,TargetPAC-all,0.18089968727447675,0.4192239313596662,0.0,1457,,0.0
DV2BV,1,lgbm,0.2,Target-all,0.19316815010825114,0.440957460513772,0.0,1457,,0.0
DV2BV,1,ens,0.02,ID-all,0.10921337503006977,0.28819149210275435,1.0,2636,0.3846088631239042,
DV2BV,1,ens,0.02,ID,0.11019004089487609,0.28553238772512946,1.0,300,,1.0
DV2BV,1,ens,0.02,ID-PAC,0.06293240317536686,0.18471438509700858,0.895,300,,0.82
DV2BV,1,ens,0.02,Weighted,0.0121722395958624,0.04178862521793649,0.16666666666666666,300,,0.0
DV2BV,1,ens,0.02,TargetPAC-25,0.0,0.0,0.0,25,,0.0
DV2BV,1,ens,0.02,Target-25,0.0,0.0,0.0,25,,0.0
DV2BV,1,ens,0.02,TargetPAC-50,0.0,0.0,0.0,50,,0.0
DV2BV,1,ens,0.02,Target-50,0.021182343035843158,0.07654092911803353,0.425,50,,0.095
DV2BV,1,ens,0.02,TargetPAC-100,0.0,0.0,0.0,100,,0.0
DV2BV,1,ens,0.02,Target-100,0.02197017079624729,0.08228324444100898,0.485,100,,0.09
DV2BV,1,ens,0.02,TargetPAC-200,0.01495790233341352,0.059078289660147894,0.12,200,,0.005
DV2BV,1,ens,0.02,Target-200,0.022335819100312727,0.0855180232408338,0.575,200,,0.03
DV2BV,1,ens,0.02,TargetPAC-400,0.01704354101515516,0.06699846692947876,0.125,400,,0.0
DV2BV,1,ens,0.02,Target-400,0.02151070483521771,0.08333552343407798,0.61,400,,0.0
DV2BV,1,ens,0.02,TargetPAC-all,0.01780129901371181,0.07023781917497617,0.0,1457,,0.0
DV2BV,1,ens,0.02,Target-all,0.021890786624969925,0.0835587848805751,1.0,1457,,0.0
DV2BV,1,ens,0.05,ID-all,0.22468126052441664,0.4845791141686635,1.0,2636,0.3846088631239042,
DV2BV,1,ens,0.05,ID,0.22489054606687517,0.48199215428615605,1.0,300,,1.0
DV2BV,1,ens,0.05,ID-PAC,0.16643613182583594,0.38870152791734297,1.0,300,,1.0
DV2BV,1,ens,0.05,Weighted,0.05973057493384652,0.13803968806094494,0.6833333333333333,300,,0.43333333333333335
DV2BV,1,ens,0.05,TargetPAC-25,0.0,0.0,0.0,25,,0.0
DV2BV,1,ens,0.05,Target-25,0.03875631464998797,0.12272596686506404,0.245,25,,0.16
DV2BV,1,ens,0.05,TargetPAC-50,0.022109694491219627,0.0794034552059983,0.06,50,,0.035
DV2BV,1,ens,0.05,Target-50,0.041551599711330295,0.1355973177707351,0.24,50,,0.115
DV2BV,1,ens,0.05,TargetPAC-100,0.023088765936973777,0.08611682255030789,0.03,100,,0.0
DV2BV,1,ens,0.05,Target-100,0.04636997834977147,0.14997262374069206,0.37,100,,0.075
DV2BV,1,ens,0.05,TargetPAC-200,0.0313062304546548,0.1122603772126459,0.04,200,,0.0
DV2BV,1,ens,0.05,Target-200,0.04797570363242723,0.15425613872355776,0.355,200,,0.035
DV2BV,1,ens,0.05,TargetPAC-400,0.03765455857589608,0.13035196207260827,0.015,400,,0.0
DV2BV,1,ens,0.05,Target-400,0.047958864565792625,0.1542915668238386,0.28,400,,0.0
DV2BV,1,ens,0.05,TargetPAC-all,0.04233822468126053,0.1410940197366726,0.0,1457,,0.0
DV2BV,1,ens,0.05,Target-all,0.04714938657685831,0.15150343974646363,0.0,1457,,0.0
DV2BV,1,ens,0.1,ID-all,0.3721433726244888,0.6664090077555332,1.0,2636,0.3846088631239042,
DV2BV,1,ens,0.1,ID,0.366782535482319,0.6607274355208574,1.0,300,,1.0
DV2BV,1,ens,0.1,ID-PAC,0.3114758239114746,0.5982722037566669,1.0,300,,1.0
DV2BV,1,ens,0.1,Weighted,0.1544783898644856,0.30730806558278156,0.9,300,,0.8333333333333334
DV2BV,1,ens,0.1,TargetPAC-25,0.03795044503247534,0.12237748318775604,0.05,25,,0.02
DV2BV,1,ens,0.1,Target-25,0.07598267981717584,0.21132662131869828,0.275,25,,0.155
DV2BV,1,ens,0.1,TargetPAC-50,0.038789992783257156,0.1280461724768751,0.03,50,,0.0
DV2BV,1,ens,0.1,Target-50,0.09079023334135193,0.24644031331323596,0.385,50,,0.185
DV2BV,1,ens,0.1,TargetPAC-100,0.056521529949482806,0.1738552214578341,0.04,100,,0.0
DV2BV,1,ens,0.1,Target-100,0.08878999278325717,0.24471580222101985,0.305,100,,0.105
DV2BV,1,ens,0.1,TargetPAC-200,0.06952610055328362,0.20466311097369302,0.02,200,,0.0
DV2BV,1,ens,0.1,Target-200,0.09105244166466202,0.2514325835459019,0.315,200,,0.055
DV2BV,1,ens,0.1,TargetPAC-400,0.07205556891989416,0.21130826312128004,0.0,400,,0.0
DV2BV,1,ens,0.1,Target-400,0.08950926148664902,0.24903841694365,0.235,400,,0.01
DV2BV,1,ens,0.1,TargetPAC-all,0.0767380322347847,0.22573497204400808,0.0,1457,,0.0
DV2BV,1,ens,0.1,Target-all,0.08828482078421938,0.2469145345391771,0.0,1457,,0.0
DV2BV,1,ens,0.2,ID-all,0.5463074332451286,0.8170364072041432,1.0,2636,0.3846088631239042,
DV2BV,1,ens,0.2,ID,0.5470700024055809,0.8159275076653526,1.0,300,,1.0
DV2BV,1,ens,0.2,ID-PAC,0.4986564830406543,0.7791910154337687,1.0,300,,1.0
DV2BV,1,ens,0.2,Weighted,0.3171437735546468,0.568545429560348,0.85,300,,0.85
DV2BV,1,ens,0.2,TargetPAC-25,0.10507337021890786,0.26946838525160394,0.075,25,,0.065
DV2BV,1,ens,0.2,Target-25,0.18687515034880925,0.4119107340702378,0.415,25,,0.35
DV2BV,1,ens,0.2,TargetPAC-50,0.11083112821746452,0.2852735693488959,0.035,50,,0.01
DV2BV,1,ens,0.2,Target-50,0.19160813086360357,0.42606477545025895,0.44,50,,0.33
DV2BV,1,ens,0.2,TargetPAC-100,0.13628578301659852,0.3338621782484347,0.06,100,,0.035
DV2BV,1,ens,0.2,Target-100,0.18744767861438535,0.42287244595604334,0.36,100,,0.22
DV2BV,1,ens,0.2,TargetPAC-200,0.15031873947558336,0.3600581664991884,0.035,200,,0.01
DV2BV,1,ens,0.2,Target-200,0.18990137118114025,0.4284124990337791,0.37,200,,0.18
DV2BV,1,ens,0.2,TargetPAC-400,0.16231657445273032,0.38207930741284685,0.025,400,,0.0
DV2BV,1,ens,0.2,Target-400,0.19503969208563865,0.43838988946432705,0.36,400,,0.14
DV2BV,1,ens,0.2,TargetPAC-all,0.1746451768101997,0.40806730050758794,0.0,1457,,0.0
DV2BV,1,ens,0.2,Target-all,0.18980033678133265,0.4344902218443227,0.0,1457,,0.0
DV2BV,2,lr,0.02,ID-all,0.07035892560019016,0.1829463777858214,1.0,2649,0.4085785945389513,
DV2BV,2,lr,0.02,ID,0.07593772284288092,0.18605434613992447,0.99,300,,0.87
DV2BV,2,lr,0.02,ID-PAC,0.03521392916567625,0.10108847406794559,0.73,300,,0.34
DV2BV,2,lr,0.02,Weighted,0.014872038665715872,0.05021739317786166,0.21666666666666667,300,,0.03333333333333333
DV2BV,2,lr,0.02,TargetPAC-25,0.0,0.0,0.0,25,,0.0
DV2BV,2,lr,0.02,Target-25,0.0,0.0,0.0,25,,0.0
DV2BV,2,lr,0.02,TargetPAC-50,0.0,0.0,0.0,50,,0.0
DV2BV,2,lr,0.02,Target-50,0.02237342524364155,0.06651843425202958,0.41,50,,0.165
DV2BV,2,lr,0.02,TargetPAC-100,0.0,0.0,0.0,100,,0.0
DV2BV,2,lr,0.02,Target-100,0.02000475398145947,0.06210765810021201,0.365,100,,0.125
DV2BV,2,lr,0.02,TargetPAC-200,0.009138340860470644,0.03239018304979575,0.035,200,,0.0
DV2BV,2,lr,0.02,Target-200,0.020464701687663414,0.06425784683799576,0.42,200,,0.025
DV2BV,2,lr,0.02,TargetPAC-400,0.010663180413596388,0.037401559025802784,0.04,400,,0.0
DV2BV,2,lr,0.02,Target-400,0.020696458283812693,0.06558631521795336,0.38,400,,0.0
DV2BV,2,lr,0.02,TargetPAC-all,0.015450439743285003,0.052251926159573935,0.0,1391,,0.0
DV2BV,2,lr,0.02,Target-all,0.01830282861896839,0.0628134857024665,0.0,1391,,0.0
DV2BV,2,lr,0.05,ID-all,0.20085571666270502,0.3943197683437613,1.0,2649,0.4085785945389513,
DV2BV,2,lr,0.05,ID,0.20428333729498455,0.3945668726407777,1.0,300,,0.995
DV2BV,2,lr,0.05,ID-PAC,0.13149156168290943,0.28168416153885933,0.995,300,,0.91
DV2BV,2,lr,0.05,Weighted,0.053597179304334046,0.12592925349466536,0.6,300,,0.25
DV2BV,2,lr,0.05,TargetPAC-25,0.0,0.0,0.0,25,,0.0
DV2BV,2,lr,0.05,Target-25,0.0369657713334918,0.09975548115207612,0.29,25,,0.145
DV2BV,2,lr,0.05,TargetPAC-50,0.020903256477299736,0.06295200113759761,0.105,50,,0.035
DV2BV,2,lr,0.05,Target-50,0.040684573330164016,0.11251182842959821,0.33,50,,0.145
DV2BV,2,lr,0.05,TargetPAC-100,0.01961730449251248,0.06120882672320182,0.055,100,,0.005
DV2BV,2,lr,0.05,Target-100,0.05125980508676016,0.13914576761983558,0.49,100,,0.17
DV2BV,2,lr,0.05,TargetPAC-200,0.03007249821725695,0.0901967526759398,0.035,200,,0.005
DV2BV,2,lr,0.05,Target-200,0.05247801283574994,0.144076606856611,0.585,200,,0.11
DV2BV,2,lr,0.05,TargetPAC-400,0.04053482291419064,0.11735566730441077,0.17,400,,0.005
DV2BV,2,lr,0.05,Target-400,0.05223674827668171,0.14443675991519728,0.635,400,,0.03
DV2BV,2,lr,0.05,TargetPAC-all,0.04635131922985502,0.13287915610941625,0.0,1391,,0.0
DV2BV,2,lr,0.05,Target-all,0.05229379605419538,0.14451367702569937,1.0,1391,,0.0
DV2BV,2,lr,0.1,ID-all,0.36962205847397195,0.6110062567868039,1.0,2649,0.4085785945389513,
DV2BV,2,lr,0.1,ID,0.3656263370572854,0.6061067014840478,1.0,300,,1.0
DV2BV,2,lr,0.1,ID-PAC,0.30092821487996196,0.5280161849113191,1.0,300,,1.0
DV2BV,2,lr,0.1,Weighted,0.14132794548767924,0.2644558922384818,0.8333333333333334,300,,0.7166666666666667
DV2BV,2,lr,0.1,TargetPAC-25,0.044202519610173525,0.11464947773928331,0.1,25,,0.075
DV2BV,2,lr,0.1,Target-25,0.07809365343475161,0.18543286881431306,0.225,25,,0.185
DV2BV,2,lr,0.1,TargetPAC-50,0.043508438317090566,0.1182690418325663,0.04,50,,0.04
DV2BV,2,lr,0.1,Target-50,0.1020739244116948,0.23277043797507627,0.425,50,,0.32
DV2BV,2,lr,0.1,TargetPAC-100,0.0613251723318279,0.16040074460933865,0.055,100,,0.03
DV2BV,2,lr,0.1,Target-100,0.10171143332541004,0.23370520709447234,0.425,100,,0.3
DV2BV,2,lr,0.1,TargetPAC-200,0.07862609935821249,0.19602577692745232,0.08,200,,0.03
DV2BV,2,lr,0.1,Target-200,0.10591989541240789,0.24104704224623816,0.485,200,,0.335
DV2BV,2,lr,0.1,TargetPAC-400,0.08586047064416448,0.21010025078856195,0.07,400,,0.02
DV2BV,2,lr,0.1,Target-400,0.10761706679343952,0.2447334401985625,0.475,400,,0.29
DV2BV,2,lr,0.1,TargetPAC-all,0.09650582362728785,0.22810124618646255,0.0,1391,,0.0
DV2BV,2,lr,0.1,Target-all,0.10791537913002137,0.2453074098970992,1.0,1391,,0.0
DV2BV,2,lr,0.2,ID-all,0.5692892797718089,0.7958141579192306,1.0,2649,0.4085785945389513,
DV2BV,2,lr,0.2,ID,0.5726004278583313,0.7970171027457469,1.0,300,,1.0
DV2BV,2,lr,0.2,ID-PAC,0.5187045400522937,0.7549964450074979,1.0,300,,1.0
DV2BV,2,lr,0.2,Weighted,0.36541082323112273,0.576574107589155,0.9,300,,0.9
DV2BV,2,lr,0.2,TargetPAC-25,0.11714642262895175,0.2545419876932623,0.13,25,,0.095
DV2BV,2,lr,0.2,Target-25,0.2035488471594961,0.38895644811003677,0.5,25,,0.385
DV2BV,2,lr,0.2,TargetPAC-50,0.12339790824815783,0.2685776798179844,0.055,50,,0.035
DV2BV,2,lr,0.2,Target-50,0.20670667934395057,0.39715768654015204,0.55,50,,0.38
DV2BV,2,lr,0.2,TargetPAC-100,0.15211195626337057,0.3156413852836238,0.05,100,,0.02
DV2BV,2,lr,0.2,Target-100,0.2032041835036843,0.39373881793267484,0.51,100,,0.295
DV2BV,2,lr,0.2,TargetPAC-200,0.16804849061088661,0.34176831790682044,0.085,200,,0.03
DV2BV,2,lr,0.2,Target-200,0.20531613976705493,0.397899581157247,0.61,200,,0.285
DV2BV,2,lr,0.2,TargetPAC-400,0.1773413358687901,0.3570642225554579,0.12,400,,0.0
DV2BV,2,lr,0.2,Target-400,0.20301283574994058,0.39537159367082064,0.57,400,,0.135
DV2BV,2,lr,0.2,TargetPAC-all,0.1913477537437604,0.375988934277884,0.0,1391,,0.0
DV2BV,2,lr,0.2,Target-all,0.2058473971951509,0.4015073168209318,1.0,1391,,0.0
DV2BV,2,svm,0.02,ID-all,0.07178512003803185,0.1805677646207146,1.0,2649,0.3826606916172627,
DV2BV,2,svm,0.02,ID,0.06915260280484907,0.1711215678163297,0.99,300,,0.83
DV2BV,2,svm,0.02,ID-PAC,0.03250891371523651,0.09258803454159988,0.785,300,,0.275
DV2BV,2,svm,0.02,Weighted,0.015367245067744235,0.05098376337969906,0.23333333333333334,300,,0.016666666666666666
DV2BV,2,svm,0.02,TargetPAC-25,0.0,0.0,0.0,25,,0.0
DV2BV,2,svm,0.02,Target-25,0.0,0.0,0.0,25,,0.0
DV2BV,2,svm,0.02,TargetPAC-50,0.0,0.0,0.0,50,,0.0
DV2BV,2,svm,0.02,Target-50,0.01864154979795579,0.056350121516107354,0.33,50,,0.135
DV2BV,2,svm,0.02,TargetPAC-100,0.0,0.0,0.0,100,,0.0
DV2BV,2,svm,0.02,Target-100,0.019932255764202517,0.06108427271317028,0.365,100,,0.095
DV2BV,2,svm,0.02,TargetPAC-200,0.009109816971713812,0.03179863229743007,0.045,200,,0.0
DV2BV,2,svm,0.02,Target-200,0.017106013786546234,0.05417866745953773,0.26,200,,0.045
DV2BV,2,svm,0.02,TargetPAC-400,0.010574043261231281,0.03579709395522002,0.02,400,,0.0
DV2BV,2,svm,0.02,Target-400,0.016673401473734254,0.053059168002482025,0.235,400,,0.0
DV2BV,2,svm,0.02,TargetPAC-all,0.011409555502733539,0.03946688039712498,0.0,1391,,0.0
DV2BV,2,svm,0.02,Target-all,0.015688138816258614,0.0499638037127049,0.0,1391,,0.0
DV2BV,2,svm,0.05,ID-all,0.18564297599239363,0.37085681782925695,1.0,2649,0.3826606916172627,
DV2BV,2,svm,0.05,ID,0.18014380793914903,0.36281781632969645,1.0,300,,1.0
DV2BV,2,svm,0.05,ID-PAC,0.12737104825291182,0.27573381508868094,0.98,300,,0.965
DV2BV,2,svm,0.05,Weighted,0.04939386736391728,0.11632387920781838,0.45,300,,0.13333333333333333
DV2BV,2,svm,0.05,TargetPAC-25,0.0,0.0,0.0,25,,0.0
DV2BV,2,svm,0.05,Target-25,0.038469217970049915,0.10031219297792028,0.3,25,,0.2
DV2BV,2,svm,0.05,TargetPAC-50,0.017171381031613978,0.05264743523450023,0.065,50,,0.02
DV2BV,2,svm,0.05,Target-50,0.036117185642975995,0.09954651222917421,0.235,50,,0.1
DV2BV,2,svm,0.05,TargetPAC-100,0.01742334204896601,0.0544639071306686,0.045,100,,0.005
DV2BV,2,svm,0.05,Target-100,0.051859995246018545,0.1374846165778996,0.42,100,,0.185
DV2BV,2,svm,0.05,TargetPAC-200,0.027731162348466842,0.08352306220590516,0.045,200,,0.0
DV2BV,2,svm,0.05,Target-200,0.04828975516995484,0.13288439164382854,0.435,200,,0.06
DV2BV,2,svm,0.05,TargetPAC-400,0.03555146184929879,0.10470603443818191,0.045,400,,0.01
DV2BV,2,svm,0.05,Target-400,0.05050867601616353,0.13933107968354105,0.445,400,,0.045
DV2BV,2,svm,0.05,TargetPAC-all,0.04231043498930354,0.12421790164951656,0.0,1391,,0.0
DV2BV,2,svm,0.05,Target-all,0.04967910625148563,0.13970474171363567,0.0,1391,,0.0
DV2BV,2,svm,0.1,ID-all,0.3242215355360114,0.5683075650240447,1.0,2649,0.3826606916172627,
DV2BV,2,svm,0.1,ID,0.32363323033040176,0.5665161073478463,1.0,300,,1.0
DV2BV,2,svm,0.1,ID-PAC,0.2644295222248633,0.48897713170277674,1.0,300,,1.0
DV2BV,2,svm,0.1,Weighted,0.1304254813406228,0.24940728579554267,0.8333333333333334,300,,0.75
DV2BV,2,svm,0.1,TargetPAC-25,0.037308057998573806,0.09882820983504834,0.06,25,,0.045
DV2BV,2,svm,0.1,Target-25,0.07927145234133587,0.18646885826568074,0.325,25,,0.18
DV2BV,2,svm,0.1,TargetPAC-50,0.040685761825528875,0.10901106572211594,0.065,50,,0.02
DV2BV,2,svm,0.1,Target-50,0.10782505348229142,0.24103631263250427,0.545,50,,0.34
DV2BV,2,svm,0.1,TargetPAC-100,0.0612205847397195,0.15698375045245355,0.065,100,,0.02
DV2BV,2,svm,0.1,Target-100,0.10417874970287616,0.23556802316562386,0.595,100,,0.3
DV2BV,2,svm,0.1,TargetPAC-200,0.07784169241739956,0.1885244195666787,0.105,200,,0.025
DV2BV,2,svm,0.1,Target-200,0.10184929878773474,0.2314883784063292,0.54,200,,0.155
DV2BV,2,svm,0.1,TargetPAC-400,0.08428333729498455,0.1992455659548064,0.1,400,,0.005
DV2BV,2,svm,0.1,Target-400,0.10465652483955314,0.237179598221211,0.65,400,,0.11
DV2BV,2,svm,0.1,TargetPAC-all,0.09603042548134065,0.2198536635813641,0.0,1391,,0.0
DV2BV,2,svm,0.1,Target-all,0.10601378654623249,0.2385593877656548,1.0,1391,,0.0
DV2BV,2,svm,0.2,ID-all,0.5212740670311385,0.7694037954392678,1.0,2649,0.3826606916172627,
DV2BV,2,svm,0.2,ID,0.5197860708343237,0.7668507290966441,1.0,300,,1.0
DV2BV,2,svm,0.2,ID-PAC,0.4621119562633706,0.7160275221055897,1.0,300,,1.0
DV2BV,2,svm,0.2,Weighted,0.29826083511607643,0.5044749814709482,0.75,300,,0.75
DV2BV,2,svm,0.2,TargetPAC-25,0.12248395531257428,0.26238391333574645,0.14,25,,0.125
DV2BV,2,svm,0.2,Target-25,0.19237461373900644,0.37650705827602254,0.43,25,,0.34
DV2BV,2,svm,0.2,TargetPAC-50,0.12792013311148087,0.27494997156005996,0.075,50,,0.045
DV2BV,2,svm,0.2,Target-50,0.20638340860470644,0.40173852060602927,0.54,50,,0.41
DV2BV,2,svm,0.2,TargetPAC-100,0.15348347991442834,0.320321242049744,0.095,100,,0.03
DV2BV,2,svm,0.2,Target-100,0.21102091751842167,0.4103599591499043,0.59,100,,0.4
DV2BV,2,svm,0.2,TargetPAC-200,0.17131209888281432,0.34997343451057444,0.135,200,,0.035
DV2BV,2,svm,0.2,Target-200,0.2136997860708343,0.4156503050829929,0.66,200,,0.395
DV2BV,2,svm,0.2,TargetPAC-400,0.18143807939149034,0.3657965768654015,0.18,400,,0.02
DV2BV,2,svm,0.2,Target-400,0.2138340860470644,0.4164302058017478,0.765,400,,0.39
DV2BV,2,svm,0.2,TargetPAC-all,0.19681483242215358,0.3862402399296758,0.0,1391,,0.0
DV2BV,2,svm,0.2,Target-all,0.2117898740194913,0.41324525570091536,1.0,1391,,0.0
DV2BV,2,lgbm,0.02,ID-all,0.0893748514380794,0.2539169553751487,1.0,2649,0.29809832665774916,
DV2BV,2,lgbm,0.02,ID,0.08553719990492038,0.23861536273850767,0.995,300,,0.96
DV2BV,2,lgbm,0.02,ID-PAC,0.0430377941526028,0.13252482031128807,0.69,300,,0.51
DV2BV,2,lgbm,0.02,Weighted,0.008814673956104906,0.03571690194253409,0.016666666666666666,300,,0.0
DV2BV,2,lgbm,0.02,TargetPAC-25,0.0,0.0,0.0,25,,0.0
DV2BV,2,lgbm,0.02,Target-25,0.0,0.0,0.0,25,,0.0
DV2BV,2,lgbm,0.02,TargetPAC-50,0.0,0.0,0.0,50,,0.0
DV2BV,2,lgbm,0.02,Target-50,0.02171143332541003,0.07221036506541186,0.405,50,,0.215
DV2BV,2,lgbm,0.02,TargetPAC-100,0.0,0.0,0.0,100,,0.0
DV2BV,2,lgbm,0.02,Target-100,0.02217613501307345,0.07548897305962045,0.455,100,,0.145
DV2BV,2,lgbm,0.02,TargetPAC-200,0.012485143807939147,0.04681336935725735,0.18,200,,0.02
DV2BV,2,lgbm,0.02,Target-200,0.022795341098169716,0.07763127617767206,0.5,200,,0.09
DV2BV,2,lgbm,0.02,TargetPAC-400,0.0135963869740908,0.050864703448989086,0.095,400,,0.005
DV2BV,2,lgbm,0.02,Target-400,0.023229141906346566,0.07883809917782719,0.505,400,,0.055
DV2BV,2,lgbm,0.02,TargetPAC-all,0.017589731400047545,0.06012461864625886,0.0,1391,,0.0
DV2BV,2,lgbm,0.02,Target-all,0.022343712859519856,0.07921816019442578,1.0,1391,,0.0
DV2BV,2,lgbm,0.05,ID-all,0.17494651770858094,0.4100780805625937,1.0,2649,0.29809832665774916,
DV2BV,2,lgbm,0.05,ID,0.17381269313049677,0.40404125084027087,1.0,300,,1.0
DV2BV,2,lgbm,0.05,ID-PAC,0.12504991680532446,0.31993846631159834,1.0,300,,1.0
DV2BV,2,lgbm,0.05,Weighted,0.03887964503605102,0.10322685592154023,0.2,300,,0.05
DV2BV,2,lgbm,0.05,TargetPAC-25,0.0,0.0,0.0,25,,0.0
DV2BV,2,lgbm,0.05,Target-25,0.03896244354647017,0.11735967475050416,0.285,25,,0.15
DV2BV,2,lgbm,0.05,TargetPAC-50,0.02567981934870454,0.08422792026474997,0.115,50,,0.025
DV2BV,2,lgbm,0.05,Target-50,0.039822914190634655,0.12345150990227002,0.28,50,,0.1
DV2BV,2,lgbm,0.05,TargetPAC-100,0.02221178987401949,0.07532447386110967,0.06,100,,0.01
DV2BV,2,lgbm,0.05,Target-100,0.054683860232945095,0.1642443378664874,0.55,100,,0.15
DV2BV,2,lgbm,0.05,TargetPAC-200,0.03560375564535298,0.11459841511970631,0.085,200,,0.0
DV2BV,2,lgbm,0.05,Target-200,0.05471951509389114,0.16543500180981435,0.605,200,,0.08
DV2BV,2,lgbm,0.05,TargetPAC-400,0.0443296886142144,0.13921176120792184,0.18,400,,0.0
DV2BV,2,lgbm,0.05,Target-400,0.05521749465177086,0.16607477118775532,0.68,400,,0.025
DV2BV,2,lgbm,0.05,TargetPAC-all,0.048015212740670325,0.14805574228243445,0.0,1391,,0.0
DV2BV,2,lgbm,0.05,Target-all,0.05467078678393155,0.1671105020942138,1.0,1391,,0.0
DV2BV,2,lgbm,0.1,ID-all,0.27145234133586876,0.5460339210920937,1.0,2649,0.29809832665774916,
DV2BV,2,lgbm,0.1,ID,0.2721250297123841,0.5467837659651481,1.0,300,,1.0
DV2BV,2,lgbm,0.1,ID-PAC,0.23159496077965294,0.4903156833341951,1.0,300,,1.0
DV2BV,2,lgbm,0.1,Weighted,0.10400126772838919,0.22666718375648515,0.6833333333333333,300,,0.45
DV2BV,2,lgbm,0.1,TargetPAC-25,0.04097100071309722,0.12158940482961893,0.09,25,,0.055
DV2BV,2,lgbm,0.1,Target-25,0.08133824578084145,0.22011880138580067,0.245,25,,0.155
DV2BV,2,lgbm,0.1,TargetPAC-50,0.04458046113620157,0.136166489994312,0.035,50,,0.015
DV2BV,2,lgbm,0.1,Target-50,0.09245424292845257,0.25120772790733753,0.315,50,,0.16
DV2BV,2,lgbm,0.1,TargetPAC-100,0.06147492274780128,0.1817421402347588,0.04,100,,0.015
DV2BV,2,lgbm,0.1,Target-100,0.09494295222248635,0.25841996742334145,0.365,100,,0.19
DV2BV,2,lgbm,0.1,TargetPAC-200,0.07295459947706204,0.2115440948342727,0.02,200,,0.005
DV2BV,2,lgbm,0.1,Target-200,0.09753506061326361,0.266018279125084,0.36,200,,0.12
DV2BV,2,lgbm,0.1,TargetPAC-400,0.0778333729498455,0.2252248047985935,0.015,400,,0.0
DV2BV,2,lgbm,0.1,Target-400,0.09726289517470882,0.26701425875174517,0.32,400,,0.035
DV2BV,2,lgbm,0.1,TargetPAC-all,0.08580936534347516,0.2440922488236206,0.0,1391,,0.0
DV2BV,2,lgbm,0.1,Target-all,0.09484193011647254,0.2619447748073841,0.0,1391,,0.0
DV2BV,2,lgbm,0.2,ID-all,0.44021868314713575,0.729122498578003,1.0,2649,0.29809832665774916,
DV2BV,2,lgbm,0.2,ID,0.44068932731162347,0.7281523088060396,1.0,300,,1.0
DV2BV,2,lgbm,0.2,ID-PAC,0.3977394818160209,0.689018304979575,1.0,300,,1.0
DV2BV,2,lgbm,0.2,Weighted,0.2627129387528722,0.5059405001982177,0.8333333333333334,300,,0.7833333333333333
DV2BV,2,lgbm,0.2,TargetPAC-25,0.11473021155217494,0.2878874941827395,0.085,25,,0.075
DV2BV,2,lgbm,0.2,Target-25,0.19194081293082957,0.42164447489528933,0.37,25,,0.305
DV2BV,2,lgbm,0.2,TargetPAC-50,0.11214642262895173,0.29133570763741656,0.02,50,,0.015
DV2BV,2,lgbm,0.2,Target-50,0.20190753506061324,0.4429603392109209,0.45,50,,0.33
DV2BV,2,lgbm,0.2,TargetPAC-100,0.1488055621583076,0.36079024251512487,0.085,100,,0.02
DV2BV,2,lgbm,0.2,Target-100,0.20152008557166629,0.4458160323698226,0.485,100,,0.285
DV2BV,2,lgbm,0.2,TargetPAC-200,0.1651271690040409,0.39020767619835567,0.08,200,,0.03
DV2BV,2,lgbm,0.2,Target-200,0.203585690515807,0.4501901597807539,0.495,200,,0.285
DV2BV,2,lgbm,0.2,TargetPAC-400,0.17572617066793442,0.4092332204353896,0.095,400,,0.01
DV2BV,2,lgbm,0.2,Target-400,0.20336463037794153,0.4506415791923057,0.545,400,,0.145
DV2BV,2,lgbm,0.2,TargetPAC-all,0.18635607321131448,0.42852525983763373,0.0,1391,,0.0
DV2BV,2,lgbm,0.2,Target-all,0.2041835036843356,0.4535911887894927,1.0,1391,,0.0
DV2BV,2,ens,0.02,ID-all,0.09983361064891846,0.27092921040384715,1.0,2649,0.3737780683885986,
DV2BV,2,ens,0.02,ID,0.10823983836463036,0.2820673250943689,1.0,300,,0.995
DV2BV,2,ens,0.02,ID-PAC,0.05215474209650583,0.15855699622524433,0.915,300,,0.625
DV2BV,2,ens,0.02,Weighted,0.013485460740036447,0.051218392884844095,0.13333333333333333,300,,0.016666666666666666
DV2BV,2,ens,0.02,TargetPAC-25,0.0,0.0,0.0,25,,0.0
DV2BV,2,ens,0.02,Target-25,0.0,0.0,0.0,25,,0.0
DV2BV,2,ens,0.02,TargetPAC-50,0.0,0.0,0.0,50,,0.0
DV2BV,2,ens,0.02,Target-50,0.020367245067744236,0.07254253063757175,0.37,50,,0.13
DV2BV,2,ens,0.02,TargetPAC-100,0.0,0.0,0.0,100,,0.0
DV2BV,2,ens,0.02,Target-100,0.01922034704064654,0.07346708723305237,0.4,100,,0.09
DV2BV,2,ens,0.02,TargetPAC-200,0.009466365581174235,0.04078675215884999,0.06,200,,0.005
DV2BV,2,ens,0.02,Target-200,0.019236985975754694,0.07693359274005894,0.45,200,,0.025
DV2BV,2,ens,0.02,TargetPAC-400,0.011320418350368433,0.04897835979109571,0.08,400,,0.0
DV2BV,2,ens,0.02,Target-400,0.020090325647729976,0.08181078390816485,0.45,400,,0.01
DV2BV,2,ens,0.02,TargetPAC-all,0.014737342524364152,0.06428719168519571,0.0,1391,,0.0
DV2BV,2,ens,0.02,Target-all,0.019966722129783697,0.08378147784270126,0.0,1391,,0.0
DV2BV,2,ens,0.05,ID-all,0.22628951747088186,0.4885981695020425,1.0,2649,0.3737780683885986,
DV2BV,2,ens,0.05,ID,0.22330045162823864,0.48083923677542784,1.0,300,,1.0
DV2BV,2,ens,0.05,ID-PAC,0.16944853815070118,0.3954576891256011,1.0,300,,1.0
DV2BV,2,ens,0.05,Weighted,0.05387845654068616,0.1364548322043539,0.6,300,,0.25
DV2BV,2,ens,0.05,TargetPAC-25,0.0,0.0,0.0,25,,0.0
DV2BV,2,ens,0.05,Target-25,0.03885904444972665,0.12173334970784425,0.295,25,,0.165
DV2BV,2,ens,0.05,TargetPAC-50,0.018869740908010458,0.06899497130151508,0.075,50,,0.03
DV2BV,2,ens,0.05,Target-50,0.03975398145947231,0.12803693314028647,0.305,50,,0.135
DV2BV,2,ens,0.05,TargetPAC-100,0.019896600903256477,0.07610159522209008,0.025,100,,0.0
DV2BV,2,ens,0.05,Target-100,0.05243285001188495,0.1608042039402244,0.545,100,,0.205
DV2BV,2,ens,0.05,TargetPAC-200,0.029731400047539814,0.10806711825844151,0.08,200,,0.0
DV2BV,2,ens,0.05,Target-200,0.05094247682434038,0.15798632297430065,0.545,200,,0.115
DV2BV,2,ens,0.05,TargetPAC-400,0.03595317328262419,0.1252120714618129,0.08,400,,0.0
DV2BV,2,ens,0.05,Target-400,0.05218088899453292,0.16012558818966854,0.62,400,,0.045
DV2BV,2,ens,0.05,TargetPAC-all,0.04302353220822439,0.14282020787010705,0.0,1391,,0.0
DV2BV,2,ens,0.05,Target-all,0.052769194200142595,0.15859144733440197,1.0,1391,,0.0
DV2BV,2,ens,0.1,ID-all,0.37104825291181365,0.6558379440508816,1.0,2649,0.3737780683885986,
DV2BV,2,ens,0.1,ID,0.3661219396244354,0.6520980919385698,1.0,300,,1.0
DV2BV,2,ens,0.1,ID-PAC,0.3020596624673164,0.5847300144785149,1.0,300,,1.0
DV2BV,2,ens,0.1,Weighted,0.139141114016322,0.28541074167916297,0.8,300,,0.7
DV2BV,2,ens,0.1,TargetPAC-25,0.036982410268599955,0.11534645017839598,0.085,25,,0.06
DV2BV,2,ens,0.1,Target-25,0.07758141193249346,0.21244816174569522,0.325,25,,0.245
DV2BV,2,ens,0.1,TargetPAC-50,0.043855478963632046,0.13775770463829567,0.065,50,,0.045
DV2BV,2,ens,0.1,Target-50,0.10461017352032329,0.2727043151145354,0.51,50,,0.375
DV2BV,2,ens,0.1,TargetPAC-100,0.060640599001663895,0.17958606960028958,0.07,100,,0.03
DV2BV,2,ens,0.1,Target-100,0.1079486570002377,0.2819648766740783,0.55,100,,0.38
DV2BV,2,ens,0.1,TargetPAC-200,0.07984193011647255,0.22289660789079066,0.215,200,,0.055
DV2BV,2,ens,0.1,Target-200,0.10804017114333254,0.2832982574073117,0.61,200,,0.34
DV2BV,2,ens,0.1,TargetPAC-400,0.08353696220584741,0.23312083096333833,0.155,400,,0.025
DV2BV,2,ens,0.1,Target-400,0.10693724744473496,0.2822817880965924,0.69,400,,0.22
DV2BV,2,ens,0.1,TargetPAC-all,0.09436653197052534,0.25987641553337815,0.0,1391,,0.0
DV2BV,2,ens,0.1,Target-all,0.11266936058949371,0.2920006205077823,1.0,1391,,0.0
DV2BV,2,ens,0.2,ID-all,0.5419538863798431,0.8009204198769326,1.0,2649,0.3737780683885986,
DV2BV,2,ens,0.2,ID,0.5390076063703352,0.7981955504421117,1.0,300,,1.0
DV2BV,2,ens,0.2,ID-PAC,0.4922640836700737,0.7642340607063447,1.0,300,,1.0
DV2BV,2,ens,0.2,Weighted,0.35822042627367084,0.6140077477291139,0.9166666666666666,300,,0.9166666666666666
DV2BV,2,ens,0.2,TargetPAC-25,0.11997860708343237,0.3000001292724546,0.11,25,,0.05
DV2BV,2,ens,0.2,Target-25,0.1864975041597338,0.414997931640726,0.395,25,,0.265
DV2BV,2,ens,0.2,TargetPAC-50,0.12309484193011647,0.3091928227933192,0.05,50,,0.03
DV2BV,2,ens,0.2,Target-50,0.19450083194675544,0.4340689151455608,0.45,50,,0.295
DV2BV,2,ens,0.2,TargetPAC-100,0.15428571428571428,0.36994408966337455,0.085,100,,0.03
DV2BV,2,ens,0.2,Target-100,0.1974173995721417,0.4409012229174208,0.485,100,,0.28
DV2BV,2,ens,0.2,TargetPAC-200,0.1677406703113858,0.39434898391850665,0.115,200,,0.015
DV2BV,2,ens,0.2,Target-200,0.20231400047539816,0.45005093334712243,0.59,200,,0.27
DV2BV,2,ens,0.2,TargetPAC-400,0.17692179700499167,0.4105710610683076,0.1,400,,0.005
DV2BV,2,ens,0.2,Target-400,0.20247444734965533,0.45087174879776626,0.62,400,,0.17
DV2BV,2,ens,0.2,TargetPAC-all,0.18683147135726175,0.4279306065463571,0.0,1391,,0.0
DV2BV,2,ens,0.2,Target-all,0.2025196101735203,0.45048864987848375,1.0,1391,,0.0
